2026-10-09 06:23:18,911  genstudy.io               INFO     Logging to evaluations/generalization_v8/results/v8b_c001/leave_one_family_out/run.log
2026-10-09 06:23:18,911  run_experiment            INFO     Command line: evaluations/generalization_v3/scripts/run_experiment.py lofo --model sinkhorn --balance-alpha 0 --lr 3e-4 --grad-clip 1.0 --seed 5 --families qaoa --groups qaoa --loss mixed --val-mode random --layout-lambda 0.1 --layout-loss region_dist --layouts-path evaluations/compile_check/results/compiler_layouts_v6pilot.pt --count-lambda 0.01 --counts-path evaluations/compile_check/results/compiler_counts_v8.pt --calib-aug evaluations/compile_check/results/v8b --results-dir evaluations/generalization_v8/results/v8b_c001
2026-10-09 06:23:19,059  gsv2.gpu                  INFO     GPU: NVIDIA A100 80GB PCIe
2026-10-09 06:23:19,060  gsv3.model                INFO     Hyper-parameters (/home/atudisco/pred-distr-tool/src/model/best_params.json + v3 defaults): {'device_hidden': 64, 'device_layers': 3, 'fusion_dim': 128, 'qubit_layers': 2, 'attn_heads': 4, 'lap_pe': 8, 'cost_bias_init': -6.0, 'hidden_dim': 142, 'num_conv_wo_resnet': 3, 'num_resnet_layers': 1, 'dropout': 0.0, 'bidirectional': True, 'mlp': [512, 256, 128], 'lr': 0.001, 'readout': 'meanmaxsum'}
2026-10-09 06:23:19,085  gsv3.devices              INFO     Device graphs: node features 13 (Laplacian PE 8), physical errors True
2026-10-09 06:23:19,087  genstudy.data             INFO     Loading graph dataset: /home/atudisco/pred-distr-tool/evaluations/generalization_v3/data/graph_dataset_expected_fidelity.pt
2026-10-09 06:23:22,099  genstudy.data             INFO     Loaded 17056 graphs
2026-10-09 06:23:22,580  run_experiment            INFO     Compiler layouts (evaluations/compile_check/results/compiler_layouts_v6pilot.pt): 16994/17056 circuits
2026-10-09 06:23:24,812  run_experiment            INFO     Calibration variants (evaluations/compile_check/results/v8b): 8 variant sets, 16994/17056 circuits
2026-10-09 06:23:25,251  run_experiment            INFO     Compiler counts (evaluations/compile_check/results/compiler_counts_v8.pt): 16994/17056 circuits
2026-10-09 06:23:25,256  genstudy.io               INFO     Wrote evaluations/generalization_v8/results/v8b_c001/leave_one_family_out/dataset_summary.json
2026-10-09 06:23:25,257  genstudy.data             INFO     Holding out 1 families: qaoa
2026-10-09 06:23:25,258  run_experiment            INFO     [1/1] qaoa
2026-10-09 06:23:25,261  gsv3.experiment           INFO     === family_holdout / qaoa ===
2026-10-09 06:23:25,261  gsv3.experiment           INFO     Leave-one-family-out: test = all 2706 'qaoa' circuits, train = 14350 circuits from 34 other families.
2026-10-09 06:23:25,262  gsv3.experiment           INFO     train=11480  val=2870 ({'mode': 'random'})  test=2706
2026-10-09 06:23:25,378  gsv3.training             INFO     [family_holdout:qaoa] calibration augmentation: 8 variant sets, p(orig) = 0.25
2026-10-09 06:23:25,379  gsv3.training             INFO     [family_holdout:qaoa] model=sinkhorn (979423 params) train=11480 val=2870 lr=0.0003 clip=1.0 alpha=0.00
2026-10-09 06:23:35,493  gsv3.training             INFO     [family_holdout:qaoa] epoch 0001  count_mse=0.8303  count_rel_err_2q=0.490
2026-10-09 06:23:35,493  gsv3.training             INFO     [family_holdout:qaoa] epoch 0001  region_bce=0.6634  dist_mse=0.2793  region_overlap=0.638
2026-10-09 06:23:35,496  gsv3.training             INFO     [family_holdout:qaoa] epoch 0001  train_log_mse=0.26079  val_log_mse=0.32378  val_mse=0.002175  max_grad=681.70  patience=0/30
2026-10-09 06:23:45,227  gsv3.training             INFO     [family_holdout:qaoa] epoch 0002  count_mse=0.5243  count_rel_err_2q=0.350
2026-10-09 06:23:45,228  gsv3.training             INFO     [family_holdout:qaoa] epoch 0002  region_bce=0.4331  dist_mse=0.2200  region_overlap=0.699
2026-10-09 06:23:45,230  gsv3.training             INFO     [family_holdout:qaoa] epoch 0002  train_log_mse=0.03859  val_log_mse=0.31500  val_mse=0.001683  max_grad=18.64  patience=0/30
2026-10-09 06:23:55,009  gsv3.training             INFO     [family_holdout:qaoa] epoch 0003  count_mse=0.3468  count_rel_err_2q=0.325
2026-10-09 06:23:55,010  gsv3.training             INFO     [family_holdout:qaoa] epoch 0003  region_bce=0.3962  dist_mse=0.1993  region_overlap=0.720
2026-10-09 06:23:55,012  gsv3.training             INFO     [family_holdout:qaoa] epoch 0003  train_log_mse=0.02473  val_log_mse=0.23731  val_mse=0.001419  max_grad=4.68  patience=0/30
2026-10-09 06:24:04,689  gsv3.training             INFO     [family_holdout:qaoa] epoch 0004  count_mse=0.2882  count_rel_err_2q=0.299
2026-10-09 06:24:04,689  gsv3.training             INFO     [family_holdout:qaoa] epoch 0004  region_bce=0.3691  dist_mse=0.1866  region_overlap=0.740
2026-10-09 06:24:04,689  gsv3.training             INFO     [family_holdout:qaoa] epoch 0004  train_log_mse=0.02119  val_log_mse=0.10263  val_mse=0.001420  max_grad=11.13  patience=1/30
2026-10-09 06:24:14,518  gsv3.training             INFO     [family_holdout:qaoa] epoch 0005  count_mse=0.2543  count_rel_err_2q=0.291
2026-10-09 06:24:14,518  gsv3.training             INFO     [family_holdout:qaoa] epoch 0005  region_bce=0.3509  dist_mse=0.1795  region_overlap=0.751
2026-10-09 06:24:14,521  gsv3.training             INFO     [family_holdout:qaoa] epoch 0005  train_log_mse=0.01781  val_log_mse=0.28349  val_mse=0.001247  max_grad=3.76  patience=0/30
2026-10-09 06:24:24,221  gsv3.training             INFO     [family_holdout:qaoa] epoch 0006  count_mse=0.2393  count_rel_err_2q=0.289
2026-10-09 06:24:24,221  gsv3.training             INFO     [family_holdout:qaoa] epoch 0006  region_bce=0.3464  dist_mse=0.1751  region_overlap=0.755
2026-10-09 06:24:24,227  gsv3.training             INFO     [family_holdout:qaoa] epoch 0006  train_log_mse=0.01820  val_log_mse=0.09899  val_mse=0.001025  max_grad=5.83  patience=0/30
2026-10-09 06:24:34,034  gsv3.training             INFO     [family_holdout:qaoa] epoch 0007  count_mse=0.2202  count_rel_err_2q=0.283
2026-10-09 06:24:34,034  gsv3.training             INFO     [family_holdout:qaoa] epoch 0007  region_bce=0.3315  dist_mse=0.1677  region_overlap=0.762
2026-10-09 06:24:34,041  gsv3.training             INFO     [family_holdout:qaoa] epoch 0007  train_log_mse=0.01564  val_log_mse=0.09224  val_mse=0.000929  max_grad=2.85  patience=0/30
2026-10-09 06:24:43,728  gsv3.training             INFO     [family_holdout:qaoa] epoch 0008  count_mse=0.2041  count_rel_err_2q=0.279
2026-10-09 06:24:43,728  gsv3.training             INFO     [family_holdout:qaoa] epoch 0008  region_bce=0.3234  dist_mse=0.1608  region_overlap=0.769
2026-10-09 06:24:43,731  gsv3.training             INFO     [family_holdout:qaoa] epoch 0008  train_log_mse=0.01418  val_log_mse=0.08022  val_mse=0.000884  max_grad=2.74  patience=0/30
2026-10-09 06:24:53,479  gsv3.training             INFO     [family_holdout:qaoa] epoch 0009  count_mse=0.1920  count_rel_err_2q=0.281
2026-10-09 06:24:53,479  gsv3.training             INFO     [family_holdout:qaoa] epoch 0009  region_bce=0.3122  dist_mse=0.1542  region_overlap=0.776
2026-10-09 06:24:53,479  gsv3.training             INFO     [family_holdout:qaoa] epoch 0009  train_log_mse=0.01286  val_log_mse=0.12072  val_mse=0.001020  max_grad=5.30  patience=1/30
2026-10-09 06:25:03,119  gsv3.training             INFO     [family_holdout:qaoa] epoch 0010  count_mse=0.1780  count_rel_err_2q=0.277
2026-10-09 06:25:03,119  gsv3.training             INFO     [family_holdout:qaoa] epoch 0010  region_bce=0.3073  dist_mse=0.1498  region_overlap=0.780
2026-10-09 06:25:03,119  gsv3.training             INFO     [family_holdout:qaoa] epoch 0010  train_log_mse=0.01342  val_log_mse=0.09492  val_mse=0.001082  max_grad=4.39  patience=2/30
2026-10-09 06:25:12,871  gsv3.training             INFO     [family_holdout:qaoa] epoch 0011  count_mse=0.1621  count_rel_err_2q=0.268
2026-10-09 06:25:12,871  gsv3.training             INFO     [family_holdout:qaoa] epoch 0011  region_bce=0.3013  dist_mse=0.1468  region_overlap=0.784
2026-10-09 06:25:12,874  gsv3.training             INFO     [family_holdout:qaoa] epoch 0011  train_log_mse=0.01232  val_log_mse=0.08576  val_mse=0.000858  max_grad=3.12  patience=0/30
2026-10-09 06:25:22,620  gsv3.training             INFO     [family_holdout:qaoa] epoch 0012  count_mse=0.1517  count_rel_err_2q=0.265
2026-10-09 06:25:22,620  gsv3.training             INFO     [family_holdout:qaoa] epoch 0012  region_bce=0.2889  dist_mse=0.1405  region_overlap=0.791
2026-10-09 06:25:22,620  gsv3.training             INFO     [family_holdout:qaoa] epoch 0012  train_log_mse=0.01112  val_log_mse=0.10985  val_mse=0.000925  max_grad=5.48  patience=1/30
2026-10-09 06:25:32,338  gsv3.training             INFO     [family_holdout:qaoa] epoch 0013  count_mse=0.1477  count_rel_err_2q=0.261
2026-10-09 06:25:32,338  gsv3.training             INFO     [family_holdout:qaoa] epoch 0013  region_bce=0.2823  dist_mse=0.1381  region_overlap=0.796
2026-10-09 06:25:32,344  gsv3.training             INFO     [family_holdout:qaoa] epoch 0013  train_log_mse=0.01065  val_log_mse=0.06402  val_mse=0.000773  max_grad=3.31  patience=0/30
2026-10-09 06:25:42,052  gsv3.training             INFO     [family_holdout:qaoa] epoch 0014  count_mse=0.1392  count_rel_err_2q=0.258
2026-10-09 06:25:42,052  gsv3.training             INFO     [family_holdout:qaoa] epoch 0014  region_bce=0.2796  dist_mse=0.1351  region_overlap=0.798
2026-10-09 06:25:42,052  gsv3.training             INFO     [family_holdout:qaoa] epoch 0014  train_log_mse=0.01002  val_log_mse=0.10506  val_mse=0.000781  max_grad=1.92  patience=1/30
2026-10-09 06:25:51,766  gsv3.training             INFO     [family_holdout:qaoa] epoch 0015  count_mse=0.1345  count_rel_err_2q=0.257
2026-10-09 06:25:51,766  gsv3.training             INFO     [family_holdout:qaoa] epoch 0015  region_bce=0.2818  dist_mse=0.1334  region_overlap=0.797
2026-10-09 06:25:51,769  gsv3.training             INFO     [family_holdout:qaoa] epoch 0015  train_log_mse=0.01062  val_log_mse=0.08218  val_mse=0.000726  max_grad=2.67  patience=0/30
2026-10-09 06:26:01,390  gsv3.training             INFO     [family_holdout:qaoa] epoch 0016  count_mse=0.1290  count_rel_err_2q=0.253
2026-10-09 06:26:01,390  gsv3.training             INFO     [family_holdout:qaoa] epoch 0016  region_bce=0.2742  dist_mse=0.1282  region_overlap=0.803
2026-10-09 06:26:01,392  gsv3.training             INFO     [family_holdout:qaoa] epoch 0016  train_log_mse=0.00954  val_log_mse=0.07823  val_mse=0.000724  max_grad=1.83  patience=0/30
2026-10-09 06:26:11,014  gsv3.training             INFO     [family_holdout:qaoa] epoch 0017  count_mse=0.1255  count_rel_err_2q=0.248
2026-10-09 06:26:11,015  gsv3.training             INFO     [family_holdout:qaoa] epoch 0017  region_bce=0.2700  dist_mse=0.1255  region_overlap=0.804
2026-10-09 06:26:11,017  gsv3.training             INFO     [family_holdout:qaoa] epoch 0017  train_log_mse=0.00914  val_log_mse=0.07084  val_mse=0.000709  max_grad=2.39  patience=0/30
2026-10-09 06:26:20,619  gsv3.training             INFO     [family_holdout:qaoa] epoch 0018  count_mse=0.1282  count_rel_err_2q=0.252
2026-10-09 06:26:20,619  gsv3.training             INFO     [family_holdout:qaoa] epoch 0018  region_bce=0.2683  dist_mse=0.1226  region_overlap=0.806
2026-10-09 06:26:20,619  gsv3.training             INFO     [family_holdout:qaoa] epoch 0018  train_log_mse=0.00937  val_log_mse=0.08144  val_mse=0.000838  max_grad=2.35  patience=1/30
2026-10-09 06:26:30,318  gsv3.training             INFO     [family_holdout:qaoa] epoch 0019  count_mse=0.1208  count_rel_err_2q=0.241
2026-10-09 06:26:30,319  gsv3.training             INFO     [family_holdout:qaoa] epoch 0019  region_bce=0.2671  dist_mse=0.1176  region_overlap=0.807
2026-10-09 06:26:30,321  gsv3.training             INFO     [family_holdout:qaoa] epoch 0019  train_log_mse=0.00899  val_log_mse=0.16759  val_mse=0.000700  max_grad=1.62  patience=0/30
2026-10-09 06:26:40,046  gsv3.training             INFO     [family_holdout:qaoa] epoch 0020  count_mse=0.1244  count_rel_err_2q=0.241
2026-10-09 06:26:40,046  gsv3.training             INFO     [family_holdout:qaoa] epoch 0020  region_bce=0.2645  dist_mse=0.1163  region_overlap=0.809
2026-10-09 06:26:40,046  gsv3.training             INFO     [family_holdout:qaoa] epoch 0020  train_log_mse=0.01019  val_log_mse=0.07494  val_mse=0.000903  max_grad=4.49  patience=1/30
2026-10-09 06:26:49,762  gsv3.training             INFO     [family_holdout:qaoa] epoch 0021  count_mse=0.1216  count_rel_err_2q=0.243
2026-10-09 06:26:49,763  gsv3.training             INFO     [family_holdout:qaoa] epoch 0021  region_bce=0.2592  dist_mse=0.1124  region_overlap=0.812
2026-10-09 06:26:49,763  gsv3.training             INFO     [family_holdout:qaoa] epoch 0021  train_log_mse=0.00884  val_log_mse=0.06940  val_mse=0.000778  max_grad=2.25  patience=2/30
2026-10-09 06:26:59,401  gsv3.training             INFO     [family_holdout:qaoa] epoch 0022  count_mse=0.1163  count_rel_err_2q=0.238
2026-10-09 06:26:59,401  gsv3.training             INFO     [family_holdout:qaoa] epoch 0022  region_bce=0.2584  dist_mse=0.1104  region_overlap=0.812
2026-10-09 06:26:59,404  gsv3.training             INFO     [family_holdout:qaoa] epoch 0022  train_log_mse=0.00799  val_log_mse=0.06206  val_mse=0.000635  max_grad=2.46  patience=0/30
2026-10-09 06:27:09,004  gsv3.training             INFO     [family_holdout:qaoa] epoch 0023  count_mse=0.1174  count_rel_err_2q=0.237
2026-10-09 06:27:09,004  gsv3.training             INFO     [family_holdout:qaoa] epoch 0023  region_bce=0.2543  dist_mse=0.1084  region_overlap=0.815
2026-10-09 06:27:09,004  gsv3.training             INFO     [family_holdout:qaoa] epoch 0023  train_log_mse=0.00839  val_log_mse=0.06458  val_mse=0.000729  max_grad=2.18  patience=1/30
2026-10-09 06:27:18,592  gsv3.training             INFO     [family_holdout:qaoa] epoch 0024  count_mse=0.1129  count_rel_err_2q=0.231
2026-10-09 06:27:18,592  gsv3.training             INFO     [family_holdout:qaoa] epoch 0024  region_bce=0.2509  dist_mse=0.1069  region_overlap=0.816
2026-10-09 06:27:18,592  gsv3.training             INFO     [family_holdout:qaoa] epoch 0024  train_log_mse=0.00685  val_log_mse=0.10607  val_mse=0.000675  max_grad=1.82  patience=2/30
2026-10-09 06:27:28,256  gsv3.training             INFO     [family_holdout:qaoa] epoch 0025  count_mse=0.1100  count_rel_err_2q=0.227
2026-10-09 06:27:28,257  gsv3.training             INFO     [family_holdout:qaoa] epoch 0025  region_bce=0.2481  dist_mse=0.1053  region_overlap=0.818
2026-10-09 06:27:28,257  gsv3.training             INFO     [family_holdout:qaoa] epoch 0025  train_log_mse=0.00795  val_log_mse=0.07467  val_mse=0.000915  max_grad=2.54  patience=3/30
2026-10-09 06:27:37,984  gsv3.training             INFO     [family_holdout:qaoa] epoch 0026  count_mse=0.1083  count_rel_err_2q=0.227
2026-10-09 06:27:37,984  gsv3.training             INFO     [family_holdout:qaoa] epoch 0026  region_bce=0.2487  dist_mse=0.1044  region_overlap=0.819
2026-10-09 06:27:37,984  gsv3.training             INFO     [family_holdout:qaoa] epoch 0026  train_log_mse=0.00818  val_log_mse=0.09703  val_mse=0.000753  max_grad=1.54  patience=4/30
2026-10-09 06:27:47,626  gsv3.training             INFO     [family_holdout:qaoa] epoch 0027  count_mse=0.1102  count_rel_err_2q=0.228
2026-10-09 06:27:47,626  gsv3.training             INFO     [family_holdout:qaoa] epoch 0027  region_bce=0.2476  dist_mse=0.1035  region_overlap=0.819
2026-10-09 06:27:47,632  gsv3.training             INFO     [family_holdout:qaoa] epoch 0027  train_log_mse=0.00789  val_log_mse=0.07047  val_mse=0.000597  max_grad=3.54  patience=0/30
2026-10-09 06:27:57,296  gsv3.training             INFO     [family_holdout:qaoa] epoch 0028  count_mse=0.1087  count_rel_err_2q=0.227
2026-10-09 06:27:57,296  gsv3.training             INFO     [family_holdout:qaoa] epoch 0028  region_bce=0.2449  dist_mse=0.1022  region_overlap=0.820
2026-10-09 06:27:57,296  gsv3.training             INFO     [family_holdout:qaoa] epoch 0028  train_log_mse=0.00754  val_log_mse=0.08013  val_mse=0.000658  max_grad=2.26  patience=1/30
2026-10-09 06:28:06,876  gsv3.training             INFO     [family_holdout:qaoa] epoch 0029  count_mse=0.1080  count_rel_err_2q=0.226
2026-10-09 06:28:06,876  gsv3.training             INFO     [family_holdout:qaoa] epoch 0029  region_bce=0.2432  dist_mse=0.1017  region_overlap=0.822
2026-10-09 06:28:06,879  gsv3.training             INFO     [family_holdout:qaoa] epoch 0029  train_log_mse=0.00669  val_log_mse=0.05360  val_mse=0.000569  max_grad=1.83  patience=0/30
2026-10-09 06:28:16,419  gsv3.training             INFO     [family_holdout:qaoa] epoch 0030  count_mse=0.1047  count_rel_err_2q=0.223
2026-10-09 06:28:16,419  gsv3.training             INFO     [family_holdout:qaoa] epoch 0030  region_bce=0.2385  dist_mse=0.0994  region_overlap=0.824
2026-10-09 06:28:16,419  gsv3.training             INFO     [family_holdout:qaoa] epoch 0030  train_log_mse=0.00667  val_log_mse=0.08863  val_mse=0.000655  max_grad=1.58  patience=1/30
2026-10-09 06:28:26,026  gsv3.training             INFO     [family_holdout:qaoa] epoch 0031  count_mse=0.1073  count_rel_err_2q=0.224
2026-10-09 06:28:26,026  gsv3.training             INFO     [family_holdout:qaoa] epoch 0031  region_bce=0.2376  dist_mse=0.0994  region_overlap=0.826
2026-10-09 06:28:26,026  gsv3.training             INFO     [family_holdout:qaoa] epoch 0031  train_log_mse=0.00739  val_log_mse=0.06225  val_mse=0.000627  max_grad=1.39  patience=2/30
2026-10-09 06:28:35,553  gsv3.training             INFO     [family_holdout:qaoa] epoch 0032  count_mse=0.1061  count_rel_err_2q=0.223
2026-10-09 06:28:35,553  gsv3.training             INFO     [family_holdout:qaoa] epoch 0032  region_bce=0.2360  dist_mse=0.0984  region_overlap=0.826
2026-10-09 06:28:35,553  gsv3.training             INFO     [family_holdout:qaoa] epoch 0032  train_log_mse=0.00650  val_log_mse=0.05317  val_mse=0.000571  max_grad=1.30  patience=3/30
2026-10-09 06:28:45,077  gsv3.training             INFO     [family_holdout:qaoa] epoch 0033  count_mse=0.1012  count_rel_err_2q=0.218
2026-10-09 06:28:45,077  gsv3.training             INFO     [family_holdout:qaoa] epoch 0033  region_bce=0.2310  dist_mse=0.0965  region_overlap=0.828
2026-10-09 06:28:45,077  gsv3.training             INFO     [family_holdout:qaoa] epoch 0033  train_log_mse=0.00599  val_log_mse=0.05186  val_mse=0.000572  max_grad=1.89  patience=4/30
2026-10-09 06:28:54,589  gsv3.training             INFO     [family_holdout:qaoa] epoch 0034  count_mse=0.1008  count_rel_err_2q=0.215
2026-10-09 06:28:54,589  gsv3.training             INFO     [family_holdout:qaoa] epoch 0034  region_bce=0.2312  dist_mse=0.0959  region_overlap=0.829
2026-10-09 06:28:54,592  gsv3.training             INFO     [family_holdout:qaoa] epoch 0034  train_log_mse=0.00690  val_log_mse=0.06416  val_mse=0.000509  max_grad=1.67  patience=0/30
2026-10-09 06:29:04,215  gsv3.training             INFO     [family_holdout:qaoa] epoch 0035  count_mse=0.0970  count_rel_err_2q=0.212
2026-10-09 06:29:04,215  gsv3.training             INFO     [family_holdout:qaoa] epoch 0035  region_bce=0.2284  dist_mse=0.0946  region_overlap=0.830
2026-10-09 06:29:04,217  gsv3.training             INFO     [family_holdout:qaoa] epoch 0035  train_log_mse=0.00588  val_log_mse=0.11529  val_mse=0.000506  max_grad=1.97  patience=0/30
2026-10-09 06:29:13,716  gsv3.training             INFO     [family_holdout:qaoa] epoch 0036  count_mse=0.1000  count_rel_err_2q=0.219
2026-10-09 06:29:13,716  gsv3.training             INFO     [family_holdout:qaoa] epoch 0036  region_bce=0.2307  dist_mse=0.0961  region_overlap=0.829
2026-10-09 06:29:13,717  gsv3.training             INFO     [family_holdout:qaoa] epoch 0036  train_log_mse=0.00650  val_log_mse=0.09191  val_mse=0.000599  max_grad=1.96  patience=1/30
2026-10-09 06:29:23,331  gsv3.training             INFO     [family_holdout:qaoa] epoch 0037  count_mse=0.0982  count_rel_err_2q=0.214
2026-10-09 06:29:23,331  gsv3.training             INFO     [family_holdout:qaoa] epoch 0037  region_bce=0.2257  dist_mse=0.0941  region_overlap=0.832
2026-10-09 06:29:23,331  gsv3.training             INFO     [family_holdout:qaoa] epoch 0037  train_log_mse=0.00569  val_log_mse=0.05912  val_mse=0.000566  max_grad=1.50  patience=2/30
2026-10-09 06:29:32,859  gsv3.training             INFO     [family_holdout:qaoa] epoch 0038  count_mse=0.0973  count_rel_err_2q=0.213
2026-10-09 06:29:32,859  gsv3.training             INFO     [family_holdout:qaoa] epoch 0038  region_bce=0.2267  dist_mse=0.0939  region_overlap=0.831
2026-10-09 06:29:32,860  gsv3.training             INFO     [family_holdout:qaoa] epoch 0038  train_log_mse=0.00610  val_log_mse=0.05805  val_mse=0.000532  max_grad=1.44  patience=3/30
2026-10-09 06:29:42,386  gsv3.training             INFO     [family_holdout:qaoa] epoch 0039  count_mse=0.0964  count_rel_err_2q=0.213
2026-10-09 06:29:42,386  gsv3.training             INFO     [family_holdout:qaoa] epoch 0039  region_bce=0.2263  dist_mse=0.0945  region_overlap=0.831
2026-10-09 06:29:42,386  gsv3.training             INFO     [family_holdout:qaoa] epoch 0039  train_log_mse=0.00643  val_log_mse=0.07153  val_mse=0.000515  max_grad=2.28  patience=4/30
2026-10-09 06:29:51,987  gsv3.training             INFO     [family_holdout:qaoa] epoch 0040  count_mse=0.0935  count_rel_err_2q=0.209
2026-10-09 06:29:51,987  gsv3.training             INFO     [family_holdout:qaoa] epoch 0040  region_bce=0.2215  dist_mse=0.0921  region_overlap=0.834
2026-10-09 06:29:51,987  gsv3.training             INFO     [family_holdout:qaoa] epoch 0040  train_log_mse=0.00569  val_log_mse=0.05200  val_mse=0.000588  max_grad=1.39  patience=5/30
2026-10-09 06:30:01,502  gsv3.training             INFO     [family_holdout:qaoa] epoch 0041  count_mse=0.0969  count_rel_err_2q=0.210
2026-10-09 06:30:01,502  gsv3.training             INFO     [family_holdout:qaoa] epoch 0041  region_bce=0.2186  dist_mse=0.0919  region_overlap=0.836
2026-10-09 06:30:01,502  gsv3.training             INFO     [family_holdout:qaoa] epoch 0041  train_log_mse=0.00581  val_log_mse=0.09550  val_mse=0.000547  max_grad=1.29  patience=6/30
2026-10-09 06:30:11,026  gsv3.training             INFO     [family_holdout:qaoa] epoch 0042  count_mse=0.0922  count_rel_err_2q=0.207
2026-10-09 06:30:11,026  gsv3.training             INFO     [family_holdout:qaoa] epoch 0042  region_bce=0.2180  dist_mse=0.0913  region_overlap=0.836
2026-10-09 06:30:11,029  gsv3.training             INFO     [family_holdout:qaoa] epoch 0042  train_log_mse=0.00539  val_log_mse=0.06081  val_mse=0.000498  max_grad=1.07  patience=0/30
2026-10-09 06:30:20,535  gsv3.training             INFO     [family_holdout:qaoa] epoch 0043  count_mse=0.0912  count_rel_err_2q=0.206
2026-10-09 06:30:20,535  gsv3.training             INFO     [family_holdout:qaoa] epoch 0043  region_bce=0.2139  dist_mse=0.0902  region_overlap=0.839
2026-10-09 06:30:20,535  gsv3.training             INFO     [family_holdout:qaoa] epoch 0043  train_log_mse=0.00528  val_log_mse=0.07561  val_mse=0.000576  max_grad=1.26  patience=1/30
2026-10-09 06:30:30,066  gsv3.training             INFO     [family_holdout:qaoa] epoch 0044  count_mse=0.0909  count_rel_err_2q=0.206
2026-10-09 06:30:30,066  gsv3.training             INFO     [family_holdout:qaoa] epoch 0044  region_bce=0.2107  dist_mse=0.0899  region_overlap=0.841
2026-10-09 06:30:30,066  gsv3.training             INFO     [family_holdout:qaoa] epoch 0044  train_log_mse=0.00455  val_log_mse=0.05424  val_mse=0.000528  max_grad=0.97  patience=2/30
2026-10-09 06:30:39,596  gsv3.training             INFO     [family_holdout:qaoa] epoch 0045  count_mse=0.0931  count_rel_err_2q=0.208
2026-10-09 06:30:39,596  gsv3.training             INFO     [family_holdout:qaoa] epoch 0045  region_bce=0.2191  dist_mse=0.0918  region_overlap=0.837
2026-10-09 06:30:39,596  gsv3.training             INFO     [family_holdout:qaoa] epoch 0045  train_log_mse=0.00690  val_log_mse=0.08866  val_mse=0.000589  max_grad=1.43  patience=3/30
2026-10-09 06:30:49,127  gsv3.training             INFO     [family_holdout:qaoa] epoch 0046  count_mse=0.0927  count_rel_err_2q=0.208
2026-10-09 06:30:49,127  gsv3.training             INFO     [family_holdout:qaoa] epoch 0046  region_bce=0.2102  dist_mse=0.0895  region_overlap=0.841
2026-10-09 06:30:49,127  gsv3.training             INFO     [family_holdout:qaoa] epoch 0046  train_log_mse=0.00568  val_log_mse=0.07776  val_mse=0.000670  max_grad=1.77  patience=4/30
2026-10-09 06:30:58,769  gsv3.training             INFO     [family_holdout:qaoa] epoch 0047  count_mse=0.0909  count_rel_err_2q=0.208
2026-10-09 06:30:58,769  gsv3.training             INFO     [family_holdout:qaoa] epoch 0047  region_bce=0.2119  dist_mse=0.0898  region_overlap=0.840
2026-10-09 06:30:58,769  gsv3.training             INFO     [family_holdout:qaoa] epoch 0047  train_log_mse=0.00567  val_log_mse=0.05477  val_mse=0.000501  max_grad=1.99  patience=5/30
2026-10-09 06:31:08,348  gsv3.training             INFO     [family_holdout:qaoa] epoch 0048  count_mse=0.0899  count_rel_err_2q=0.204
2026-10-09 06:31:08,348  gsv3.training             INFO     [family_holdout:qaoa] epoch 0048  region_bce=0.2101  dist_mse=0.0895  region_overlap=0.842
2026-10-09 06:31:08,348  gsv3.training             INFO     [family_holdout:qaoa] epoch 0048  train_log_mse=0.00498  val_log_mse=0.05180  val_mse=0.000510  max_grad=0.90  patience=6/30
2026-10-09 06:31:17,856  gsv3.training             INFO     [family_holdout:qaoa] epoch 0049  count_mse=0.0883  count_rel_err_2q=0.203
2026-10-09 06:31:17,857  gsv3.training             INFO     [family_holdout:qaoa] epoch 0049  region_bce=0.2034  dist_mse=0.0881  region_overlap=0.845
2026-10-09 06:31:17,857  gsv3.training             INFO     [family_holdout:qaoa] epoch 0049  train_log_mse=0.00478  val_log_mse=0.04881  val_mse=0.000502  max_grad=1.35  patience=7/30
2026-10-09 06:31:27,419  gsv3.training             INFO     [family_holdout:qaoa] epoch 0050  count_mse=0.0871  count_rel_err_2q=0.203
2026-10-09 06:31:27,419  gsv3.training             INFO     [family_holdout:qaoa] epoch 0050  region_bce=0.2064  dist_mse=0.0886  region_overlap=0.844
2026-10-09 06:31:27,419  gsv3.training             INFO     [family_holdout:qaoa] epoch 0050  train_log_mse=0.00561  val_log_mse=0.05405  val_mse=0.000519  max_grad=1.37  patience=8/30
2026-10-09 06:31:36,953  gsv3.training             INFO     [family_holdout:qaoa] epoch 0051  count_mse=0.0860  count_rel_err_2q=0.200
2026-10-09 06:31:36,954  gsv3.training             INFO     [family_holdout:qaoa] epoch 0051  region_bce=0.2040  dist_mse=0.0885  region_overlap=0.845
2026-10-09 06:31:36,954  gsv3.training             INFO     [family_holdout:qaoa] epoch 0051  train_log_mse=0.00474  val_log_mse=0.06096  val_mse=0.000531  max_grad=1.04  patience=9/30
2026-10-09 06:31:46,473  gsv3.training             INFO     [family_holdout:qaoa] epoch 0052  count_mse=0.0872  count_rel_err_2q=0.202
2026-10-09 06:31:46,473  gsv3.training             INFO     [family_holdout:qaoa] epoch 0052  region_bce=0.1992  dist_mse=0.0877  region_overlap=0.848
2026-10-09 06:31:46,473  gsv3.training             INFO     [family_holdout:qaoa] epoch 0052  train_log_mse=0.00496  val_log_mse=0.07704  val_mse=0.000627  max_grad=1.47  patience=10/30
2026-10-09 06:31:55,997  gsv3.training             INFO     [family_holdout:qaoa] epoch 0053  count_mse=0.0853  count_rel_err_2q=0.200
2026-10-09 06:31:55,997  gsv3.training             INFO     [family_holdout:qaoa] epoch 0053  region_bce=0.2006  dist_mse=0.0875  region_overlap=0.847
2026-10-09 06:31:56,000  gsv3.training             INFO     [family_holdout:qaoa] epoch 0053  train_log_mse=0.00452  val_log_mse=0.04376  val_mse=0.000457  max_grad=1.02  patience=0/30
2026-10-09 06:32:05,610  gsv3.training             INFO     [family_holdout:qaoa] epoch 0054  count_mse=0.0829  count_rel_err_2q=0.198
2026-10-09 06:32:05,610  gsv3.training             INFO     [family_holdout:qaoa] epoch 0054  region_bce=0.1950  dist_mse=0.0864  region_overlap=0.850
2026-10-09 06:32:05,610  gsv3.training             INFO     [family_holdout:qaoa] epoch 0054  train_log_mse=0.00416  val_log_mse=0.04410  val_mse=0.000490  max_grad=0.92  patience=1/30
2026-10-09 06:32:15,142  gsv3.training             INFO     [family_holdout:qaoa] epoch 0055  count_mse=0.0829  count_rel_err_2q=0.199
2026-10-09 06:32:15,142  gsv3.training             INFO     [family_holdout:qaoa] epoch 0055  region_bce=0.2005  dist_mse=0.0872  region_overlap=0.847
2026-10-09 06:32:15,142  gsv3.training             INFO     [family_holdout:qaoa] epoch 0055  train_log_mse=0.00480  val_log_mse=0.07628  val_mse=0.000479  max_grad=1.19  patience=2/30
2026-10-09 06:32:24,640  gsv3.training             INFO     [family_holdout:qaoa] epoch 0056  count_mse=0.0832  count_rel_err_2q=0.200
2026-10-09 06:32:24,641  gsv3.training             INFO     [family_holdout:qaoa] epoch 0056  region_bce=0.1952  dist_mse=0.0868  region_overlap=0.850
2026-10-09 06:32:24,641  gsv3.training             INFO     [family_holdout:qaoa] epoch 0056  train_log_mse=0.00423  val_log_mse=0.05315  val_mse=0.000474  max_grad=0.93  patience=3/30
2026-10-09 06:32:34,163  gsv3.training             INFO     [family_holdout:qaoa] epoch 0057  count_mse=0.0804  count_rel_err_2q=0.197
2026-10-09 06:32:34,163  gsv3.training             INFO     [family_holdout:qaoa] epoch 0057  region_bce=0.1909  dist_mse=0.0852  region_overlap=0.853
2026-10-09 06:32:34,163  gsv3.training             INFO     [family_holdout:qaoa] epoch 0057  train_log_mse=0.00411  val_log_mse=0.05332  val_mse=0.000504  max_grad=1.16  patience=4/30
2026-10-09 06:32:43,693  gsv3.training             INFO     [family_holdout:qaoa] epoch 0058  count_mse=0.0822  count_rel_err_2q=0.198
2026-10-09 06:32:43,693  gsv3.training             INFO     [family_holdout:qaoa] epoch 0058  region_bce=0.1985  dist_mse=0.0875  region_overlap=0.849
2026-10-09 06:32:43,696  gsv3.training             INFO     [family_holdout:qaoa] epoch 0058  train_log_mse=0.00621  val_log_mse=0.04701  val_mse=0.000454  max_grad=4.71  patience=0/30
2026-10-09 06:32:53,305  gsv3.training             INFO     [family_holdout:qaoa] epoch 0059  count_mse=0.0799  count_rel_err_2q=0.196
2026-10-09 06:32:53,305  gsv3.training             INFO     [family_holdout:qaoa] epoch 0059  region_bce=0.1922  dist_mse=0.0861  region_overlap=0.853
2026-10-09 06:32:53,307  gsv3.training             INFO     [family_holdout:qaoa] epoch 0059  train_log_mse=0.00421  val_log_mse=0.04952  val_mse=0.000452  max_grad=0.91  patience=0/30
2026-10-09 06:33:02,845  gsv3.training             INFO     [family_holdout:qaoa] epoch 0060  count_mse=0.0798  count_rel_err_2q=0.197
2026-10-09 06:33:02,845  gsv3.training             INFO     [family_holdout:qaoa] epoch 0060  region_bce=0.1898  dist_mse=0.0852  region_overlap=0.854
2026-10-09 06:33:02,845  gsv3.training             INFO     [family_holdout:qaoa] epoch 0060  train_log_mse=0.00390  val_log_mse=0.04221  val_mse=0.000491  max_grad=0.94  patience=1/30
2026-10-09 06:33:12,478  gsv3.training             INFO     [family_holdout:qaoa] epoch 0061  count_mse=0.0797  count_rel_err_2q=0.196
2026-10-09 06:33:12,478  gsv3.training             INFO     [family_holdout:qaoa] epoch 0061  region_bce=0.1861  dist_mse=0.0846  region_overlap=0.856
2026-10-09 06:33:12,478  gsv3.training             INFO     [family_holdout:qaoa] epoch 0061  train_log_mse=0.00415  val_log_mse=0.06260  val_mse=0.000458  max_grad=0.85  patience=2/30
2026-10-09 06:33:22,058  gsv3.training             INFO     [family_holdout:qaoa] epoch 0062  count_mse=0.0810  count_rel_err_2q=0.199
2026-10-09 06:33:22,058  gsv3.training             INFO     [family_holdout:qaoa] epoch 0062  region_bce=0.1885  dist_mse=0.0847  region_overlap=0.855
2026-10-09 06:33:22,060  gsv3.training             INFO     [family_holdout:qaoa] epoch 0062  train_log_mse=0.00422  val_log_mse=0.04439  val_mse=0.000448  max_grad=1.11  patience=0/30
2026-10-09 06:33:31,633  gsv3.training             INFO     [family_holdout:qaoa] epoch 0063  count_mse=0.0767  count_rel_err_2q=0.196
2026-10-09 06:33:31,633  gsv3.training             INFO     [family_holdout:qaoa] epoch 0063  region_bce=0.1858  dist_mse=0.0840  region_overlap=0.856
2026-10-09 06:33:31,633  gsv3.training             INFO     [family_holdout:qaoa] epoch 0063  train_log_mse=0.00415  val_log_mse=0.05360  val_mse=0.000455  max_grad=1.17  patience=1/30
2026-10-09 06:33:41,214  gsv3.training             INFO     [family_holdout:qaoa] epoch 0064  count_mse=0.0787  count_rel_err_2q=0.196
2026-10-09 06:33:41,215  gsv3.training             INFO     [family_holdout:qaoa] epoch 0064  region_bce=0.1860  dist_mse=0.0842  region_overlap=0.856
2026-10-09 06:33:41,215  gsv3.training             INFO     [family_holdout:qaoa] epoch 0064  train_log_mse=0.00412  val_log_mse=0.05510  val_mse=0.000476  max_grad=0.64  patience=2/30
2026-10-09 06:33:50,810  gsv3.training             INFO     [family_holdout:qaoa] epoch 0065  count_mse=0.0770  count_rel_err_2q=0.196
2026-10-09 06:33:50,810  gsv3.training             INFO     [family_holdout:qaoa] epoch 0065  region_bce=0.1839  dist_mse=0.0841  region_overlap=0.857
2026-10-09 06:33:50,813  gsv3.training             INFO     [family_holdout:qaoa] epoch 0065  train_log_mse=0.00401  val_log_mse=0.04713  val_mse=0.000435  max_grad=0.80  patience=0/30
2026-10-09 06:34:00,493  gsv3.training             INFO     [family_holdout:qaoa] epoch 0066  count_mse=0.0793  count_rel_err_2q=0.196
2026-10-09 06:34:00,494  gsv3.training             INFO     [family_holdout:qaoa] epoch 0066  region_bce=0.1873  dist_mse=0.0847  region_overlap=0.855
2026-10-09 06:34:00,494  gsv3.training             INFO     [family_holdout:qaoa] epoch 0066  train_log_mse=0.00401  val_log_mse=0.04735  val_mse=0.000454  max_grad=0.91  patience=1/30
2026-10-09 06:34:10,073  gsv3.training             INFO     [family_holdout:qaoa] epoch 0067  count_mse=0.0775  count_rel_err_2q=0.197
2026-10-09 06:34:10,074  gsv3.training             INFO     [family_holdout:qaoa] epoch 0067  region_bce=0.1816  dist_mse=0.0834  region_overlap=0.859
2026-10-09 06:34:10,080  gsv3.training             INFO     [family_holdout:qaoa] epoch 0067  train_log_mse=0.00375  val_log_mse=0.05539  val_mse=0.000413  max_grad=0.60  patience=0/30
2026-10-09 06:34:19,658  gsv3.training             INFO     [family_holdout:qaoa] epoch 0068  count_mse=0.0768  count_rel_err_2q=0.197
2026-10-09 06:34:19,658  gsv3.training             INFO     [family_holdout:qaoa] epoch 0068  region_bce=0.1822  dist_mse=0.0838  region_overlap=0.858
2026-10-09 06:34:19,658  gsv3.training             INFO     [family_holdout:qaoa] epoch 0068  train_log_mse=0.00432  val_log_mse=0.04961  val_mse=0.000447  max_grad=0.98  patience=1/30
2026-10-09 06:34:29,253  gsv3.training             INFO     [family_holdout:qaoa] epoch 0069  count_mse=0.0763  count_rel_err_2q=0.195
2026-10-09 06:34:29,253  gsv3.training             INFO     [family_holdout:qaoa] epoch 0069  region_bce=0.1835  dist_mse=0.0838  region_overlap=0.858
2026-10-09 06:34:29,253  gsv3.training             INFO     [family_holdout:qaoa] epoch 0069  train_log_mse=0.00416  val_log_mse=0.05419  val_mse=0.000514  max_grad=0.97  patience=2/30
2026-10-09 06:34:38,930  gsv3.training             INFO     [family_holdout:qaoa] epoch 0070  count_mse=0.0754  count_rel_err_2q=0.196
2026-10-09 06:34:38,930  gsv3.training             INFO     [family_holdout:qaoa] epoch 0070  region_bce=0.1812  dist_mse=0.0831  region_overlap=0.859
2026-10-09 06:34:38,930  gsv3.training             INFO     [family_holdout:qaoa] epoch 0070  train_log_mse=0.00451  val_log_mse=0.05088  val_mse=0.000475  max_grad=1.09  patience=3/30
2026-10-09 06:34:48,498  gsv3.training             INFO     [family_holdout:qaoa] epoch 0071  count_mse=0.0756  count_rel_err_2q=0.194
2026-10-09 06:34:48,498  gsv3.training             INFO     [family_holdout:qaoa] epoch 0071  region_bce=0.1822  dist_mse=0.0838  region_overlap=0.859
2026-10-09 06:34:48,498  gsv3.training             INFO     [family_holdout:qaoa] epoch 0071  train_log_mse=0.00448  val_log_mse=0.07207  val_mse=0.000481  max_grad=1.13  patience=4/30
2026-10-09 06:34:58,058  gsv3.training             INFO     [family_holdout:qaoa] epoch 0072  count_mse=0.0749  count_rel_err_2q=0.194
2026-10-09 06:34:58,058  gsv3.training             INFO     [family_holdout:qaoa] epoch 0072  region_bce=0.1792  dist_mse=0.0830  region_overlap=0.861
2026-10-09 06:34:58,058  gsv3.training             INFO     [family_holdout:qaoa] epoch 0072  train_log_mse=0.00368  val_log_mse=0.06030  val_mse=0.000506  max_grad=0.91  patience=5/30
2026-10-09 06:35:07,676  gsv3.training             INFO     [family_holdout:qaoa] epoch 0073  count_mse=0.0760  count_rel_err_2q=0.197
2026-10-09 06:35:07,676  gsv3.training             INFO     [family_holdout:qaoa] epoch 0073  region_bce=0.1791  dist_mse=0.0828  region_overlap=0.860
2026-10-09 06:35:07,676  gsv3.training             INFO     [family_holdout:qaoa] epoch 0073  train_log_mse=0.00434  val_log_mse=0.06132  val_mse=0.000439  max_grad=1.40  patience=6/30
2026-10-09 06:35:17,237  gsv3.training             INFO     [family_holdout:qaoa] epoch 0074  count_mse=0.0708  count_rel_err_2q=0.193
2026-10-09 06:35:17,237  gsv3.training             INFO     [family_holdout:qaoa] epoch 0074  region_bce=0.1768  dist_mse=0.0820  region_overlap=0.862
2026-10-09 06:35:17,237  gsv3.training             INFO     [family_holdout:qaoa] epoch 0074  train_log_mse=0.00334  val_log_mse=0.05912  val_mse=0.000452  max_grad=0.69  patience=7/30
2026-10-09 06:35:26,891  gsv3.training             INFO     [family_holdout:qaoa] epoch 0075  count_mse=0.0748  count_rel_err_2q=0.193
2026-10-09 06:35:26,891  gsv3.training             INFO     [family_holdout:qaoa] epoch 0075  region_bce=0.1786  dist_mse=0.0831  region_overlap=0.861
2026-10-09 06:35:26,891  gsv3.training             INFO     [family_holdout:qaoa] epoch 0075  train_log_mse=0.00519  val_log_mse=0.06291  val_mse=0.000445  max_grad=4.98  patience=8/30
2026-10-09 06:35:36,468  gsv3.training             INFO     [family_holdout:qaoa] epoch 0076  count_mse=0.0729  count_rel_err_2q=0.196
2026-10-09 06:35:36,468  gsv3.training             INFO     [family_holdout:qaoa] epoch 0076  region_bce=0.1757  dist_mse=0.0824  region_overlap=0.863
2026-10-09 06:35:36,468  gsv3.training             INFO     [family_holdout:qaoa] epoch 0076  train_log_mse=0.00363  val_log_mse=0.04512  val_mse=0.000414  max_grad=1.09  patience=9/30
2026-10-09 06:35:46,023  gsv3.training             INFO     [family_holdout:qaoa] epoch 0077  count_mse=0.0726  count_rel_err_2q=0.194
2026-10-09 06:35:46,023  gsv3.training             INFO     [family_holdout:qaoa] epoch 0077  region_bce=0.1730  dist_mse=0.0816  region_overlap=0.864
2026-10-09 06:35:46,029  gsv3.training             INFO     [family_holdout:qaoa] epoch 0077  train_log_mse=0.00362  val_log_mse=0.04410  val_mse=0.000399  max_grad=0.77  patience=0/30
2026-10-09 06:35:55,581  gsv3.training             INFO     [family_holdout:qaoa] epoch 0078  count_mse=0.0746  count_rel_err_2q=0.194
2026-10-09 06:35:55,581  gsv3.training             INFO     [family_holdout:qaoa] epoch 0078  region_bce=0.1727  dist_mse=0.0818  region_overlap=0.865
2026-10-09 06:35:55,581  gsv3.training             INFO     [family_holdout:qaoa] epoch 0078  train_log_mse=0.00426  val_log_mse=0.05306  val_mse=0.000427  max_grad=0.76  patience=1/30
2026-10-09 06:36:05,247  gsv3.training             INFO     [family_holdout:qaoa] epoch 0079  count_mse=0.0735  count_rel_err_2q=0.196
2026-10-09 06:36:05,248  gsv3.training             INFO     [family_holdout:qaoa] epoch 0079  region_bce=0.1688  dist_mse=0.0811  region_overlap=0.867
2026-10-09 06:36:05,248  gsv3.training             INFO     [family_holdout:qaoa] epoch 0079  train_log_mse=0.00348  val_log_mse=0.05975  val_mse=0.000453  max_grad=0.50  patience=2/30
2026-10-09 06:36:14,799  gsv3.training             INFO     [family_holdout:qaoa] epoch 0080  count_mse=0.0741  count_rel_err_2q=0.196
2026-10-09 06:36:14,799  gsv3.training             INFO     [family_holdout:qaoa] epoch 0080  region_bce=0.1702  dist_mse=0.0811  region_overlap=0.866
2026-10-09 06:36:14,799  gsv3.training             INFO     [family_holdout:qaoa] epoch 0080  train_log_mse=0.00340  val_log_mse=0.04980  val_mse=0.000416  max_grad=0.77  patience=3/30
2026-10-09 06:36:24,459  gsv3.training             INFO     [family_holdout:qaoa] epoch 0081  count_mse=0.0722  count_rel_err_2q=0.194
2026-10-09 06:36:24,459  gsv3.training             INFO     [family_holdout:qaoa] epoch 0081  region_bce=0.1737  dist_mse=0.0816  region_overlap=0.864
2026-10-09 06:36:24,459  gsv3.training             INFO     [family_holdout:qaoa] epoch 0081  train_log_mse=0.00379  val_log_mse=0.05626  val_mse=0.000477  max_grad=2.03  patience=4/30
2026-10-09 06:36:34,014  gsv3.training             INFO     [family_holdout:qaoa] epoch 0082  count_mse=0.0722  count_rel_err_2q=0.195
2026-10-09 06:36:34,014  gsv3.training             INFO     [family_holdout:qaoa] epoch 0082  region_bce=0.1702  dist_mse=0.0808  region_overlap=0.865
2026-10-09 06:36:34,014  gsv3.training             INFO     [family_holdout:qaoa] epoch 0082  train_log_mse=0.00370  val_log_mse=0.06198  val_mse=0.000409  max_grad=0.65  patience=5/30
2026-10-09 06:36:43,589  gsv3.training             INFO     [family_holdout:qaoa] epoch 0083  count_mse=0.0726  count_rel_err_2q=0.195
2026-10-09 06:36:43,589  gsv3.training             INFO     [family_holdout:qaoa] epoch 0083  region_bce=0.1699  dist_mse=0.0813  region_overlap=0.866
2026-10-09 06:36:43,589  gsv3.training             INFO     [family_holdout:qaoa] epoch 0083  train_log_mse=0.00464  val_log_mse=0.04662  val_mse=0.000400  max_grad=0.96  patience=6/30
2026-10-09 06:36:53,147  gsv3.training             INFO     [family_holdout:qaoa] epoch 0084  count_mse=0.0714  count_rel_err_2q=0.190
2026-10-09 06:36:53,147  gsv3.training             INFO     [family_holdout:qaoa] epoch 0084  region_bce=0.1667  dist_mse=0.0804  region_overlap=0.868
2026-10-09 06:36:53,147  gsv3.training             INFO     [family_holdout:qaoa] epoch 0084  train_log_mse=0.00305  val_log_mse=0.07347  val_mse=0.000465  max_grad=4.42  patience=7/30
2026-10-09 06:37:02,802  gsv3.training             INFO     [family_holdout:qaoa] epoch 0085  count_mse=0.0711  count_rel_err_2q=0.196
2026-10-09 06:37:02,802  gsv3.training             INFO     [family_holdout:qaoa] epoch 0085  region_bce=0.1698  dist_mse=0.0811  region_overlap=0.866
2026-10-09 06:37:02,802  gsv3.training             INFO     [family_holdout:qaoa] epoch 0085  train_log_mse=0.00413  val_log_mse=0.07960  val_mse=0.000613  max_grad=1.58  patience=8/30
2026-10-09 06:37:12,362  gsv3.training             INFO     [family_holdout:qaoa] epoch 0086  count_mse=0.0736  count_rel_err_2q=0.195
2026-10-09 06:37:12,362  gsv3.training             INFO     [family_holdout:qaoa] epoch 0086  region_bce=0.1743  dist_mse=0.0824  region_overlap=0.864
2026-10-09 06:37:12,362  gsv3.training             INFO     [family_holdout:qaoa] epoch 0086  train_log_mse=0.00423  val_log_mse=0.04897  val_mse=0.000410  max_grad=2.16  patience=9/30
2026-10-09 06:37:22,016  gsv3.training             INFO     [family_holdout:qaoa] epoch 0087  count_mse=0.0713  count_rel_err_2q=0.193
2026-10-09 06:37:22,017  gsv3.training             INFO     [family_holdout:qaoa] epoch 0087  region_bce=0.1636  dist_mse=0.0803  region_overlap=0.870
2026-10-09 06:37:22,017  gsv3.training             INFO     [family_holdout:qaoa] epoch 0087  train_log_mse=0.00348  val_log_mse=0.05924  val_mse=0.000425  max_grad=0.70  patience=10/30
2026-10-09 06:37:31,564  gsv3.training             INFO     [family_holdout:qaoa] epoch 0088  count_mse=0.0673  count_rel_err_2q=0.190
2026-10-09 06:37:31,564  gsv3.training             INFO     [family_holdout:qaoa] epoch 0088  region_bce=0.1628  dist_mse=0.0793  region_overlap=0.871
2026-10-09 06:37:31,564  gsv3.training             INFO     [family_holdout:qaoa] epoch 0088  train_log_mse=0.00332  val_log_mse=0.05696  val_mse=0.000406  max_grad=0.57  patience=11/30
2026-10-09 06:37:41,118  gsv3.training             INFO     [family_holdout:qaoa] epoch 0089  count_mse=0.0707  count_rel_err_2q=0.195
2026-10-09 06:37:41,118  gsv3.training             INFO     [family_holdout:qaoa] epoch 0089  region_bce=0.1652  dist_mse=0.0806  region_overlap=0.869
2026-10-09 06:37:41,120  gsv3.training             INFO     [family_holdout:qaoa] epoch 0089  train_log_mse=0.00366  val_log_mse=0.05190  val_mse=0.000392  max_grad=2.35  patience=0/30
2026-10-09 06:37:50,780  gsv3.training             INFO     [family_holdout:qaoa] epoch 0090  count_mse=0.0714  count_rel_err_2q=0.195
2026-10-09 06:37:50,780  gsv3.training             INFO     [family_holdout:qaoa] epoch 0090  region_bce=0.1640  dist_mse=0.0803  region_overlap=0.870
2026-10-09 06:37:50,780  gsv3.training             INFO     [family_holdout:qaoa] epoch 0090  train_log_mse=0.00371  val_log_mse=0.04878  val_mse=0.000421  max_grad=6.98  patience=1/30
2026-10-09 06:38:00,337  gsv3.training             INFO     [family_holdout:qaoa] epoch 0091  count_mse=0.0706  count_rel_err_2q=0.195
2026-10-09 06:38:00,337  gsv3.training             INFO     [family_holdout:qaoa] epoch 0091  region_bce=0.1621  dist_mse=0.0798  region_overlap=0.871
2026-10-09 06:38:00,339  gsv3.training             INFO     [family_holdout:qaoa] epoch 0091  train_log_mse=0.00317  val_log_mse=0.06183  val_mse=0.000391  max_grad=4.68  patience=0/30
2026-10-09 06:38:09,875  gsv3.training             INFO     [family_holdout:qaoa] epoch 0092  count_mse=0.0692  count_rel_err_2q=0.193
2026-10-09 06:38:09,875  gsv3.training             INFO     [family_holdout:qaoa] epoch 0092  region_bce=0.1598  dist_mse=0.0791  region_overlap=0.872
2026-10-09 06:38:09,875  gsv3.training             INFO     [family_holdout:qaoa] epoch 0092  train_log_mse=0.00326  val_log_mse=0.04638  val_mse=0.000411  max_grad=0.65  patience=1/30
2026-10-09 06:38:19,427  gsv3.training             INFO     [family_holdout:qaoa] epoch 0093  count_mse=0.0675  count_rel_err_2q=0.193
2026-10-09 06:38:19,427  gsv3.training             INFO     [family_holdout:qaoa] epoch 0093  region_bce=0.1580  dist_mse=0.0786  region_overlap=0.873
2026-10-09 06:38:19,427  gsv3.training             INFO     [family_holdout:qaoa] epoch 0093  train_log_mse=0.00299  val_log_mse=0.04739  val_mse=0.000459  max_grad=1.02  patience=2/30
2026-10-09 06:38:29,074  gsv3.training             INFO     [family_holdout:qaoa] epoch 0094  count_mse=0.0676  count_rel_err_2q=0.192
2026-10-09 06:38:29,074  gsv3.training             INFO     [family_holdout:qaoa] epoch 0094  region_bce=0.1593  dist_mse=0.0786  region_overlap=0.873
2026-10-09 06:38:29,077  gsv3.training             INFO     [family_holdout:qaoa] epoch 0094  train_log_mse=0.00345  val_log_mse=0.05119  val_mse=0.000379  max_grad=0.68  patience=0/30
2026-10-09 06:38:38,647  gsv3.training             INFO     [family_holdout:qaoa] epoch 0095  count_mse=0.0673  count_rel_err_2q=0.194
2026-10-09 06:38:38,647  gsv3.training             INFO     [family_holdout:qaoa] epoch 0095  region_bce=0.1605  dist_mse=0.0787  region_overlap=0.872
2026-10-09 06:38:38,647  gsv3.training             INFO     [family_holdout:qaoa] epoch 0095  train_log_mse=0.00352  val_log_mse=0.04317  val_mse=0.000408  max_grad=0.64  patience=1/30
2026-10-09 06:38:48,197  gsv3.training             INFO     [family_holdout:qaoa] epoch 0096  count_mse=0.0681  count_rel_err_2q=0.194
2026-10-09 06:38:48,197  gsv3.training             INFO     [family_holdout:qaoa] epoch 0096  region_bce=0.1548  dist_mse=0.0784  region_overlap=0.875
2026-10-09 06:38:48,197  gsv3.training             INFO     [family_holdout:qaoa] epoch 0096  train_log_mse=0.00334  val_log_mse=0.05536  val_mse=0.000394  max_grad=0.86  patience=2/30
2026-10-09 06:38:57,840  gsv3.training             INFO     [family_holdout:qaoa] epoch 0097  count_mse=0.0687  count_rel_err_2q=0.195
2026-10-09 06:38:57,840  gsv3.training             INFO     [family_holdout:qaoa] epoch 0097  region_bce=0.1550  dist_mse=0.0784  region_overlap=0.875
2026-10-09 06:38:57,840  gsv3.training             INFO     [family_holdout:qaoa] epoch 0097  train_log_mse=0.00325  val_log_mse=0.04304  val_mse=0.000418  max_grad=0.55  patience=3/30
2026-10-09 06:39:07,402  gsv3.training             INFO     [family_holdout:qaoa] epoch 0098  count_mse=0.0690  count_rel_err_2q=0.195
2026-10-09 06:39:07,402  gsv3.training             INFO     [family_holdout:qaoa] epoch 0098  region_bce=0.1569  dist_mse=0.0786  region_overlap=0.875
2026-10-09 06:39:07,402  gsv3.training             INFO     [family_holdout:qaoa] epoch 0098  train_log_mse=0.00336  val_log_mse=0.04669  val_mse=0.000397  max_grad=0.84  patience=4/30
2026-10-09 06:39:16,955  gsv3.training             INFO     [family_holdout:qaoa] epoch 0099  count_mse=0.0664  count_rel_err_2q=0.191
2026-10-09 06:39:16,955  gsv3.training             INFO     [family_holdout:qaoa] epoch 0099  region_bce=0.1558  dist_mse=0.0780  region_overlap=0.875
2026-10-09 06:39:16,955  gsv3.training             INFO     [family_holdout:qaoa] epoch 0099  train_log_mse=0.00329  val_log_mse=0.05231  val_mse=0.000401  max_grad=2.68  patience=5/30
2026-10-09 06:39:26,593  gsv3.training             INFO     [family_holdout:qaoa] epoch 0100  count_mse=0.0661  count_rel_err_2q=0.192
2026-10-09 06:39:26,594  gsv3.training             INFO     [family_holdout:qaoa] epoch 0100  region_bce=0.1534  dist_mse=0.0778  region_overlap=0.876
2026-10-09 06:39:26,596  gsv3.training             INFO     [family_holdout:qaoa] epoch 0100  train_log_mse=0.00312  val_log_mse=0.05066  val_mse=0.000368  max_grad=0.41  patience=0/30
2026-10-09 06:39:36,158  gsv3.training             INFO     [family_holdout:qaoa] epoch 0101  count_mse=0.0659  count_rel_err_2q=0.194
2026-10-09 06:39:36,159  gsv3.training             INFO     [family_holdout:qaoa] epoch 0101  region_bce=0.1568  dist_mse=0.0783  region_overlap=0.875
2026-10-09 06:39:36,159  gsv3.training             INFO     [family_holdout:qaoa] epoch 0101  train_log_mse=0.00359  val_log_mse=0.04859  val_mse=0.000408  max_grad=1.00  patience=1/30
2026-10-09 06:39:45,707  gsv3.training             INFO     [family_holdout:qaoa] epoch 0102  count_mse=0.0661  count_rel_err_2q=0.193
2026-10-09 06:39:45,707  gsv3.training             INFO     [family_holdout:qaoa] epoch 0102  region_bce=0.1539  dist_mse=0.0776  region_overlap=0.876
2026-10-09 06:39:45,707  gsv3.training             INFO     [family_holdout:qaoa] epoch 0102  train_log_mse=0.00317  val_log_mse=0.04628  val_mse=0.000394  max_grad=0.77  patience=2/30
2026-10-09 06:39:55,245  gsv3.training             INFO     [family_holdout:qaoa] epoch 0103  count_mse=0.0658  count_rel_err_2q=0.191
2026-10-09 06:39:55,246  gsv3.training             INFO     [family_holdout:qaoa] epoch 0103  region_bce=0.1535  dist_mse=0.0773  region_overlap=0.876
2026-10-09 06:39:55,246  gsv3.training             INFO     [family_holdout:qaoa] epoch 0103  train_log_mse=0.00272  val_log_mse=0.06329  val_mse=0.000427  max_grad=0.57  patience=3/30
2026-10-09 06:40:04,804  gsv3.training             INFO     [family_holdout:qaoa] epoch 0104  count_mse=0.0645  count_rel_err_2q=0.189
2026-10-09 06:40:04,804  gsv3.training             INFO     [family_holdout:qaoa] epoch 0104  region_bce=0.1500  dist_mse=0.0774  region_overlap=0.879
2026-10-09 06:40:04,804  gsv3.training             INFO     [family_holdout:qaoa] epoch 0104  train_log_mse=0.00330  val_log_mse=0.04804  val_mse=0.000400  max_grad=0.59  patience=4/30
2026-10-09 06:40:14,460  gsv3.training             INFO     [family_holdout:qaoa] epoch 0105  count_mse=0.0640  count_rel_err_2q=0.189
2026-10-09 06:40:14,460  gsv3.training             INFO     [family_holdout:qaoa] epoch 0105  region_bce=0.1513  dist_mse=0.0774  region_overlap=0.878
2026-10-09 06:40:14,460  gsv3.training             INFO     [family_holdout:qaoa] epoch 0105  train_log_mse=0.00316  val_log_mse=0.04609  val_mse=0.000404  max_grad=0.85  patience=5/30
2026-10-09 06:40:24,002  gsv3.training             INFO     [family_holdout:qaoa] epoch 0106  count_mse=0.0665  count_rel_err_2q=0.191
2026-10-09 06:40:24,002  gsv3.training             INFO     [family_holdout:qaoa] epoch 0106  region_bce=0.1485  dist_mse=0.0772  region_overlap=0.879
2026-10-09 06:40:24,002  gsv3.training             INFO     [family_holdout:qaoa] epoch 0106  train_log_mse=0.00302  val_log_mse=0.05152  val_mse=0.000397  max_grad=0.75  patience=6/30
2026-10-09 06:40:33,644  gsv3.training             INFO     [family_holdout:qaoa] epoch 0107  count_mse=0.0669  count_rel_err_2q=0.193
2026-10-09 06:40:33,644  gsv3.training             INFO     [family_holdout:qaoa] epoch 0107  region_bce=0.1504  dist_mse=0.0778  region_overlap=0.878
2026-10-09 06:40:33,644  gsv3.training             INFO     [family_holdout:qaoa] epoch 0107  train_log_mse=0.00323  val_log_mse=0.04487  val_mse=0.000384  max_grad=0.60  patience=7/30
2026-10-09 06:40:43,241  gsv3.training             INFO     [family_holdout:qaoa] epoch 0108  count_mse=0.0658  count_rel_err_2q=0.191
2026-10-09 06:40:43,241  gsv3.training             INFO     [family_holdout:qaoa] epoch 0108  region_bce=0.1472  dist_mse=0.0765  region_overlap=0.880
2026-10-09 06:40:43,241  gsv3.training             INFO     [family_holdout:qaoa] epoch 0108  train_log_mse=0.00275  val_log_mse=0.05505  val_mse=0.000403  max_grad=0.52  patience=8/30
2026-10-09 06:40:52,813  gsv3.training             INFO     [family_holdout:qaoa] epoch 0109  count_mse=0.0637  count_rel_err_2q=0.193
2026-10-09 06:40:52,813  gsv3.training             INFO     [family_holdout:qaoa] epoch 0109  region_bce=0.1451  dist_mse=0.0765  region_overlap=0.881
2026-10-09 06:40:52,813  gsv3.training             INFO     [family_holdout:qaoa] epoch 0109  train_log_mse=0.00291  val_log_mse=0.05121  val_mse=0.000442  max_grad=0.47  patience=9/30
2026-10-09 06:41:02,451  gsv3.training             INFO     [family_holdout:qaoa] epoch 0110  count_mse=0.0641  count_rel_err_2q=0.189
2026-10-09 06:41:02,452  gsv3.training             INFO     [family_holdout:qaoa] epoch 0110  region_bce=0.1490  dist_mse=0.0767  region_overlap=0.880
2026-10-09 06:41:02,452  gsv3.training             INFO     [family_holdout:qaoa] epoch 0110  train_log_mse=0.00286  val_log_mse=0.04467  val_mse=0.000377  max_grad=0.48  patience=10/30
2026-10-09 06:41:11,999  gsv3.training             INFO     [family_holdout:qaoa] epoch 0111  count_mse=0.0650  count_rel_err_2q=0.192
2026-10-09 06:41:12,000  gsv3.training             INFO     [family_holdout:qaoa] epoch 0111  region_bce=0.1483  dist_mse=0.0766  region_overlap=0.880
2026-10-09 06:41:12,000  gsv3.training             INFO     [family_holdout:qaoa] epoch 0111  train_log_mse=0.00321  val_log_mse=0.05658  val_mse=0.000374  max_grad=0.81  patience=11/30
2026-10-09 06:41:21,554  gsv3.training             INFO     [family_holdout:qaoa] epoch 0112  count_mse=0.0649  count_rel_err_2q=0.191
2026-10-09 06:41:21,554  gsv3.training             INFO     [family_holdout:qaoa] epoch 0112  region_bce=0.1491  dist_mse=0.0769  region_overlap=0.879
2026-10-09 06:41:21,554  gsv3.training             INFO     [family_holdout:qaoa] epoch 0112  train_log_mse=0.00344  val_log_mse=0.08056  val_mse=0.000472  max_grad=0.89  patience=12/30
2026-10-09 06:41:31,103  gsv3.training             INFO     [family_holdout:qaoa] epoch 0113  count_mse=0.0649  count_rel_err_2q=0.194
2026-10-09 06:41:31,103  gsv3.training             INFO     [family_holdout:qaoa] epoch 0113  region_bce=0.1467  dist_mse=0.0765  region_overlap=0.881
2026-10-09 06:41:31,103  gsv3.training             INFO     [family_holdout:qaoa] epoch 0113  train_log_mse=0.00338  val_log_mse=0.04744  val_mse=0.000377  max_grad=0.92  patience=13/30
2026-10-09 06:41:40,649  gsv3.training             INFO     [family_holdout:qaoa] epoch 0114  count_mse=0.0640  count_rel_err_2q=0.189
2026-10-09 06:41:40,649  gsv3.training             INFO     [family_holdout:qaoa] epoch 0114  region_bce=0.1465  dist_mse=0.0767  region_overlap=0.881
2026-10-09 06:41:40,649  gsv3.training             INFO     [family_holdout:qaoa] epoch 0114  train_log_mse=0.00297  val_log_mse=0.05199  val_mse=0.000415  max_grad=0.65  patience=14/30
2026-10-09 06:41:50,191  gsv3.training             INFO     [family_holdout:qaoa] epoch 0115  count_mse=0.0642  count_rel_err_2q=0.192
2026-10-09 06:41:50,192  gsv3.training             INFO     [family_holdout:qaoa] epoch 0115  region_bce=0.1431  dist_mse=0.0759  region_overlap=0.883
2026-10-09 06:41:50,194  gsv3.training             INFO     [family_holdout:qaoa] epoch 0115  train_log_mse=0.00294  val_log_mse=0.04580  val_mse=0.000367  max_grad=0.77  patience=0/30
2026-10-09 06:41:59,830  gsv3.training             INFO     [family_holdout:qaoa] epoch 0116  count_mse=0.0619  count_rel_err_2q=0.190
2026-10-09 06:41:59,830  gsv3.training             INFO     [family_holdout:qaoa] epoch 0116  region_bce=0.1423  dist_mse=0.0757  region_overlap=0.883
2026-10-09 06:41:59,830  gsv3.training             INFO     [family_holdout:qaoa] epoch 0116  train_log_mse=0.00279  val_log_mse=0.05244  val_mse=0.000407  max_grad=0.70  patience=1/30
2026-10-09 06:42:09,376  gsv3.training             INFO     [family_holdout:qaoa] epoch 0117  count_mse=0.0624  count_rel_err_2q=0.189
2026-10-09 06:42:09,376  gsv3.training             INFO     [family_holdout:qaoa] epoch 0117  region_bce=0.1427  dist_mse=0.0756  region_overlap=0.883
2026-10-09 06:42:09,376  gsv3.training             INFO     [family_holdout:qaoa] epoch 0117  train_log_mse=0.00344  val_log_mse=0.05388  val_mse=0.000404  max_grad=0.66  patience=2/30
2026-10-09 06:42:18,916  gsv3.training             INFO     [family_holdout:qaoa] epoch 0118  count_mse=0.0637  count_rel_err_2q=0.192
2026-10-09 06:42:18,916  gsv3.training             INFO     [family_holdout:qaoa] epoch 0118  region_bce=0.1405  dist_mse=0.0758  region_overlap=0.885
2026-10-09 06:42:18,918  gsv3.training             INFO     [family_holdout:qaoa] epoch 0118  train_log_mse=0.00305  val_log_mse=0.04484  val_mse=0.000363  max_grad=0.83  patience=0/30
2026-10-09 06:42:28,548  gsv3.training             INFO     [family_holdout:qaoa] epoch 0119  count_mse=0.0610  count_rel_err_2q=0.190
2026-10-09 06:42:28,548  gsv3.training             INFO     [family_holdout:qaoa] epoch 0119  region_bce=0.1383  dist_mse=0.0749  region_overlap=0.886
2026-10-09 06:42:28,548  gsv3.training             INFO     [family_holdout:qaoa] epoch 0119  train_log_mse=0.00266  val_log_mse=0.04512  val_mse=0.000371  max_grad=0.45  patience=1/30
2026-10-09 06:42:38,047  gsv3.training             INFO     [family_holdout:qaoa] epoch 0120  count_mse=0.0640  count_rel_err_2q=0.192
2026-10-09 06:42:38,047  gsv3.training             INFO     [family_holdout:qaoa] epoch 0120  region_bce=0.1399  dist_mse=0.0754  region_overlap=0.886
2026-10-09 06:42:38,047  gsv3.training             INFO     [family_holdout:qaoa] epoch 0120  train_log_mse=0.00321  val_log_mse=0.05838  val_mse=0.000390  max_grad=0.57  patience=2/30
2026-10-09 06:42:47,545  gsv3.training             INFO     [family_holdout:qaoa] epoch 0121  count_mse=0.0619  count_rel_err_2q=0.191
2026-10-09 06:42:47,545  gsv3.training             INFO     [family_holdout:qaoa] epoch 0121  region_bce=0.1444  dist_mse=0.0763  region_overlap=0.883
2026-10-09 06:42:47,545  gsv3.training             INFO     [family_holdout:qaoa] epoch 0121  train_log_mse=0.00313  val_log_mse=0.04969  val_mse=0.000368  max_grad=0.62  patience=3/30
2026-10-09 06:42:57,139  gsv3.training             INFO     [family_holdout:qaoa] epoch 0122  count_mse=0.0595  count_rel_err_2q=0.189
2026-10-09 06:42:57,139  gsv3.training             INFO     [family_holdout:qaoa] epoch 0122  region_bce=0.1350  dist_mse=0.0745  region_overlap=0.888
2026-10-09 06:42:57,139  gsv3.training             INFO     [family_holdout:qaoa] epoch 0122  train_log_mse=0.00245  val_log_mse=0.04940  val_mse=0.000380  max_grad=0.41  patience=4/30
2026-10-09 06:43:06,634  gsv3.training             INFO     [family_holdout:qaoa] epoch 0123  count_mse=0.0622  count_rel_err_2q=0.188
2026-10-09 06:43:06,634  gsv3.training             INFO     [family_holdout:qaoa] epoch 0123  region_bce=0.1416  dist_mse=0.0759  region_overlap=0.885
2026-10-09 06:43:06,634  gsv3.training             INFO     [family_holdout:qaoa] epoch 0123  train_log_mse=0.00355  val_log_mse=0.05262  val_mse=0.000414  max_grad=2.94  patience=5/30
2026-10-09 06:43:16,110  gsv3.training             INFO     [family_holdout:qaoa] epoch 0124  count_mse=0.0607  count_rel_err_2q=0.189
2026-10-09 06:43:16,110  gsv3.training             INFO     [family_holdout:qaoa] epoch 0124  region_bce=0.1361  dist_mse=0.0742  region_overlap=0.887
2026-10-09 06:43:16,110  gsv3.training             INFO     [family_holdout:qaoa] epoch 0124  train_log_mse=0.00268  val_log_mse=0.05373  val_mse=0.000384  max_grad=0.81  patience=6/30
2026-10-09 06:43:25,601  gsv3.training             INFO     [family_holdout:qaoa] epoch 0125  count_mse=0.0606  count_rel_err_2q=0.191
2026-10-09 06:43:25,602  gsv3.training             INFO     [family_holdout:qaoa] epoch 0125  region_bce=0.1335  dist_mse=0.0743  region_overlap=0.889
2026-10-09 06:43:25,602  gsv3.training             INFO     [family_holdout:qaoa] epoch 0125  train_log_mse=0.00274  val_log_mse=0.05446  val_mse=0.000373  max_grad=0.41  patience=7/30
2026-10-09 06:43:35,093  gsv3.training             INFO     [family_holdout:qaoa] epoch 0126  count_mse=0.0613  count_rel_err_2q=0.189
2026-10-09 06:43:35,093  gsv3.training             INFO     [family_holdout:qaoa] epoch 0126  region_bce=0.1378  dist_mse=0.0747  region_overlap=0.887
2026-10-09 06:43:35,093  gsv3.training             INFO     [family_holdout:qaoa] epoch 0126  train_log_mse=0.00241  val_log_mse=0.04695  val_mse=0.000378  max_grad=0.52  patience=8/30
2026-10-09 06:43:44,585  gsv3.training             INFO     [family_holdout:qaoa] epoch 0127  count_mse=0.0608  count_rel_err_2q=0.189
2026-10-09 06:43:44,585  gsv3.training             INFO     [family_holdout:qaoa] epoch 0127  region_bce=0.1361  dist_mse=0.0746  region_overlap=0.887
2026-10-09 06:43:44,585  gsv3.training             INFO     [family_holdout:qaoa] epoch 0127  train_log_mse=0.00284  val_log_mse=0.06254  val_mse=0.000400  max_grad=0.53  patience=9/30
2026-10-09 06:43:54,169  gsv3.training             INFO     [family_holdout:qaoa] epoch 0128  count_mse=0.0607  count_rel_err_2q=0.187
2026-10-09 06:43:54,169  gsv3.training             INFO     [family_holdout:qaoa] epoch 0128  region_bce=0.1390  dist_mse=0.0746  region_overlap=0.886
2026-10-09 06:43:54,169  gsv3.training             INFO     [family_holdout:qaoa] epoch 0128  train_log_mse=0.00255  val_log_mse=0.04689  val_mse=0.000379  max_grad=0.56  patience=10/30
2026-10-09 06:44:03,666  gsv3.training             INFO     [family_holdout:qaoa] epoch 0129  count_mse=0.0614  count_rel_err_2q=0.189
2026-10-09 06:44:03,666  gsv3.training             INFO     [family_holdout:qaoa] epoch 0129  region_bce=0.1336  dist_mse=0.0742  region_overlap=0.889
2026-10-09 06:44:03,666  gsv3.training             INFO     [family_holdout:qaoa] epoch 0129  train_log_mse=0.00259  val_log_mse=0.04667  val_mse=0.000392  max_grad=0.50  patience=11/30
2026-10-09 06:44:13,153  gsv3.training             INFO     [family_holdout:qaoa] epoch 0130  count_mse=0.0591  count_rel_err_2q=0.189
2026-10-09 06:44:13,153  gsv3.training             INFO     [family_holdout:qaoa] epoch 0130  region_bce=0.1335  dist_mse=0.0739  region_overlap=0.889
2026-10-09 06:44:13,153  gsv3.training             INFO     [family_holdout:qaoa] epoch 0130  train_log_mse=0.00258  val_log_mse=0.04538  val_mse=0.000372  max_grad=0.57  patience=12/30
2026-10-09 06:44:22,723  gsv3.training             INFO     [family_holdout:qaoa] epoch 0131  count_mse=0.0627  count_rel_err_2q=0.192
2026-10-09 06:44:22,723  gsv3.training             INFO     [family_holdout:qaoa] epoch 0131  region_bce=0.1359  dist_mse=0.0754  region_overlap=0.888
2026-10-09 06:44:22,725  gsv3.training             INFO     [family_holdout:qaoa] epoch 0131  train_log_mse=0.00434  val_log_mse=0.04799  val_mse=0.000359  max_grad=1.01  patience=0/30
2026-10-09 06:44:32,231  gsv3.training             INFO     [family_holdout:qaoa] epoch 0132  count_mse=0.0603  count_rel_err_2q=0.190
2026-10-09 06:44:32,231  gsv3.training             INFO     [family_holdout:qaoa] epoch 0132  region_bce=0.1333  dist_mse=0.0743  region_overlap=0.890
2026-10-09 06:44:32,233  gsv3.training             INFO     [family_holdout:qaoa] epoch 0132  train_log_mse=0.00264  val_log_mse=0.05067  val_mse=0.000356  max_grad=0.37  patience=0/30
2026-10-09 06:44:41,728  gsv3.training             INFO     [family_holdout:qaoa] epoch 0133  count_mse=0.0599  count_rel_err_2q=0.189
2026-10-09 06:44:41,728  gsv3.training             INFO     [family_holdout:qaoa] epoch 0133  region_bce=0.1329  dist_mse=0.0740  region_overlap=0.890
2026-10-09 06:44:41,728  gsv3.training             INFO     [family_holdout:qaoa] epoch 0133  train_log_mse=0.00262  val_log_mse=0.04446  val_mse=0.000359  max_grad=0.50  patience=1/30
2026-10-09 06:44:51,238  gsv3.training             INFO     [family_holdout:qaoa] epoch 0134  count_mse=0.0600  count_rel_err_2q=0.189
2026-10-09 06:44:51,238  gsv3.training             INFO     [family_holdout:qaoa] epoch 0134  region_bce=0.1322  dist_mse=0.0739  region_overlap=0.890
2026-10-09 06:44:51,238  gsv3.training             INFO     [family_holdout:qaoa] epoch 0134  train_log_mse=0.00256  val_log_mse=0.04613  val_mse=0.000375  max_grad=0.49  patience=2/30
2026-10-09 06:45:00,808  gsv3.training             INFO     [family_holdout:qaoa] epoch 0135  count_mse=0.0593  count_rel_err_2q=0.189
2026-10-09 06:45:00,808  gsv3.training             INFO     [family_holdout:qaoa] epoch 0135  region_bce=0.1293  dist_mse=0.0733  region_overlap=0.892
2026-10-09 06:45:00,808  gsv3.training             INFO     [family_holdout:qaoa] epoch 0135  train_log_mse=0.00241  val_log_mse=0.05271  val_mse=0.000379  max_grad=0.57  patience=3/30
2026-10-09 06:45:10,327  gsv3.training             INFO     [family_holdout:qaoa] epoch 0136  count_mse=0.0594  count_rel_err_2q=0.189
2026-10-09 06:45:10,327  gsv3.training             INFO     [family_holdout:qaoa] epoch 0136  region_bce=0.1314  dist_mse=0.0741  region_overlap=0.891
2026-10-09 06:45:10,327  gsv3.training             INFO     [family_holdout:qaoa] epoch 0136  train_log_mse=0.00279  val_log_mse=0.05076  val_mse=0.000401  max_grad=0.75  patience=4/30
2026-10-09 06:45:19,818  gsv3.training             INFO     [family_holdout:qaoa] epoch 0137  count_mse=0.0594  count_rel_err_2q=0.188
2026-10-09 06:45:19,818  gsv3.training             INFO     [family_holdout:qaoa] epoch 0137  region_bce=0.1318  dist_mse=0.0737  region_overlap=0.891
2026-10-09 06:45:19,818  gsv3.training             INFO     [family_holdout:qaoa] epoch 0137  train_log_mse=0.00253  val_log_mse=0.05024  val_mse=0.000407  max_grad=0.33  patience=5/30
2026-10-09 06:45:29,315  gsv3.training             INFO     [family_holdout:qaoa] epoch 0138  count_mse=0.0588  count_rel_err_2q=0.188
2026-10-09 06:45:29,315  gsv3.training             INFO     [family_holdout:qaoa] epoch 0138  region_bce=0.1320  dist_mse=0.0737  region_overlap=0.890
2026-10-09 06:45:29,315  gsv3.training             INFO     [family_holdout:qaoa] epoch 0138  train_log_mse=0.00298  val_log_mse=0.04491  val_mse=0.000366  max_grad=0.62  patience=6/30
2026-10-09 06:45:38,797  gsv3.training             INFO     [family_holdout:qaoa] epoch 0139  count_mse=0.0597  count_rel_err_2q=0.189
2026-10-09 06:45:38,797  gsv3.training             INFO     [family_holdout:qaoa] epoch 0139  region_bce=0.1279  dist_mse=0.0734  region_overlap=0.893
2026-10-09 06:45:38,797  gsv3.training             INFO     [family_holdout:qaoa] epoch 0139  train_log_mse=0.00252  val_log_mse=0.04862  val_mse=0.000357  max_grad=0.54  patience=7/30
2026-10-09 06:45:48,295  gsv3.training             INFO     [family_holdout:qaoa] epoch 0140  count_mse=0.0593  count_rel_err_2q=0.189
2026-10-09 06:45:48,295  gsv3.training             INFO     [family_holdout:qaoa] epoch 0140  region_bce=0.1277  dist_mse=0.0734  region_overlap=0.893
2026-10-09 06:45:48,295  gsv3.training             INFO     [family_holdout:qaoa] epoch 0140  train_log_mse=0.00265  val_log_mse=0.04773  val_mse=0.000380  max_grad=0.45  patience=8/30
2026-10-09 06:45:57,878  gsv3.training             INFO     [family_holdout:qaoa] epoch 0141  count_mse=0.0579  count_rel_err_2q=0.187
2026-10-09 06:45:57,878  gsv3.training             INFO     [family_holdout:qaoa] epoch 0141  region_bce=0.1303  dist_mse=0.0732  region_overlap=0.892
2026-10-09 06:45:57,880  gsv3.training             INFO     [family_holdout:qaoa] epoch 0141  train_log_mse=0.00295  val_log_mse=0.04984  val_mse=0.000339  max_grad=0.87  patience=0/30
2026-10-09 06:46:07,380  gsv3.training             INFO     [family_holdout:qaoa] epoch 0142  count_mse=0.0595  count_rel_err_2q=0.188
2026-10-09 06:46:07,380  gsv3.training             INFO     [family_holdout:qaoa] epoch 0142  region_bce=0.1265  dist_mse=0.0730  region_overlap=0.894
2026-10-09 06:46:07,380  gsv3.training             INFO     [family_holdout:qaoa] epoch 0142  train_log_mse=0.00280  val_log_mse=0.05063  val_mse=0.000379  max_grad=0.50  patience=1/30
2026-10-09 06:46:16,862  gsv3.training             INFO     [family_holdout:qaoa] epoch 0143  count_mse=0.0576  count_rel_err_2q=0.187
2026-10-09 06:46:16,862  gsv3.training             INFO     [family_holdout:qaoa] epoch 0143  region_bce=0.1242  dist_mse=0.0724  region_overlap=0.896
2026-10-09 06:46:16,862  gsv3.training             INFO     [family_holdout:qaoa] epoch 0143  train_log_mse=0.00234  val_log_mse=0.04624  val_mse=0.000380  max_grad=0.52  patience=2/30
2026-10-09 06:46:26,437  gsv3.training             INFO     [family_holdout:qaoa] epoch 0144  count_mse=0.0593  count_rel_err_2q=0.189
2026-10-09 06:46:26,437  gsv3.training             INFO     [family_holdout:qaoa] epoch 0144  region_bce=0.1303  dist_mse=0.0738  region_overlap=0.892
2026-10-09 06:46:26,437  gsv3.training             INFO     [family_holdout:qaoa] epoch 0144  train_log_mse=0.00315  val_log_mse=0.05099  val_mse=0.000396  max_grad=0.56  patience=3/30
2026-10-09 06:46:35,928  gsv3.training             INFO     [family_holdout:qaoa] epoch 0145  count_mse=0.0578  count_rel_err_2q=0.188
2026-10-09 06:46:35,929  gsv3.training             INFO     [family_holdout:qaoa] epoch 0145  region_bce=0.1240  dist_mse=0.0727  region_overlap=0.896
2026-10-09 06:46:35,929  gsv3.training             INFO     [family_holdout:qaoa] epoch 0145  train_log_mse=0.00252  val_log_mse=0.04940  val_mse=0.000373  max_grad=0.44  patience=4/30
2026-10-09 06:46:45,427  gsv3.training             INFO     [family_holdout:qaoa] epoch 0146  count_mse=0.0577  count_rel_err_2q=0.189
2026-10-09 06:46:45,427  gsv3.training             INFO     [family_holdout:qaoa] epoch 0146  region_bce=0.1224  dist_mse=0.0727  region_overlap=0.896
2026-10-09 06:46:45,429  gsv3.training             INFO     [family_holdout:qaoa] epoch 0146  train_log_mse=0.00243  val_log_mse=0.04521  val_mse=0.000329  max_grad=0.42  patience=0/30
2026-10-09 06:46:55,019  gsv3.training             INFO     [family_holdout:qaoa] epoch 0147  count_mse=0.0573  count_rel_err_2q=0.187
2026-10-09 06:46:55,019  gsv3.training             INFO     [family_holdout:qaoa] epoch 0147  region_bce=0.1244  dist_mse=0.0723  region_overlap=0.895
2026-10-09 06:46:55,019  gsv3.training             INFO     [family_holdout:qaoa] epoch 0147  train_log_mse=0.00272  val_log_mse=0.04646  val_mse=0.000370  max_grad=0.53  patience=1/30
2026-10-09 06:47:04,513  gsv3.training             INFO     [family_holdout:qaoa] epoch 0148  count_mse=0.0572  count_rel_err_2q=0.187
2026-10-09 06:47:04,513  gsv3.training             INFO     [family_holdout:qaoa] epoch 0148  region_bce=0.1235  dist_mse=0.0718  region_overlap=0.896
2026-10-09 06:47:04,513  gsv3.training             INFO     [family_holdout:qaoa] epoch 0148  train_log_mse=0.00237  val_log_mse=0.04920  val_mse=0.000352  max_grad=0.35  patience=2/30
2026-10-09 06:47:14,069  gsv3.training             INFO     [family_holdout:qaoa] epoch 0149  count_mse=0.0570  count_rel_err_2q=0.187
2026-10-09 06:47:14,069  gsv3.training             INFO     [family_holdout:qaoa] epoch 0149  region_bce=0.1233  dist_mse=0.0722  region_overlap=0.896
2026-10-09 06:47:14,069  gsv3.training             INFO     [family_holdout:qaoa] epoch 0149  train_log_mse=0.00257  val_log_mse=0.04758  val_mse=0.000378  max_grad=0.57  patience=3/30
2026-10-09 06:47:23,528  gsv3.training             INFO     [family_holdout:qaoa] epoch 0150  count_mse=0.0571  count_rel_err_2q=0.187
2026-10-09 06:47:23,528  gsv3.training             INFO     [family_holdout:qaoa] epoch 0150  region_bce=0.1241  dist_mse=0.0723  region_overlap=0.895
2026-10-09 06:47:23,528  gsv3.training             INFO     [family_holdout:qaoa] epoch 0150  train_log_mse=0.00309  val_log_mse=0.04819  val_mse=0.000409  max_grad=0.99  patience=4/30
2026-10-09 06:47:33,003  gsv3.training             INFO     [family_holdout:qaoa] epoch 0151  count_mse=0.0572  count_rel_err_2q=0.187
2026-10-09 06:47:33,003  gsv3.training             INFO     [family_holdout:qaoa] epoch 0151  region_bce=0.1196  dist_mse=0.0716  region_overlap=0.898
2026-10-09 06:47:33,003  gsv3.training             INFO     [family_holdout:qaoa] epoch 0151  train_log_mse=0.00267  val_log_mse=0.04674  val_mse=0.000400  max_grad=0.50  patience=5/30
2026-10-09 06:47:42,469  gsv3.training             INFO     [family_holdout:qaoa] epoch 0152  count_mse=0.0575  count_rel_err_2q=0.189
2026-10-09 06:47:42,469  gsv3.training             INFO     [family_holdout:qaoa] epoch 0152  region_bce=0.1202  dist_mse=0.0718  region_overlap=0.898
2026-10-09 06:47:42,469  gsv3.training             INFO     [family_holdout:qaoa] epoch 0152  train_log_mse=0.00243  val_log_mse=0.04461  val_mse=0.000383  max_grad=0.50  patience=6/30
2026-10-09 06:47:51,928  gsv3.training             INFO     [family_holdout:qaoa] epoch 0153  count_mse=0.0571  count_rel_err_2q=0.188
2026-10-09 06:47:51,929  gsv3.training             INFO     [family_holdout:qaoa] epoch 0153  region_bce=0.1216  dist_mse=0.0716  region_overlap=0.897
2026-10-09 06:47:51,929  gsv3.training             INFO     [family_holdout:qaoa] epoch 0153  train_log_mse=0.00243  val_log_mse=0.05123  val_mse=0.000384  max_grad=0.78  patience=7/30
2026-10-09 06:48:01,482  gsv3.training             INFO     [family_holdout:qaoa] epoch 0154  count_mse=0.0559  count_rel_err_2q=0.188
2026-10-09 06:48:01,482  gsv3.training             INFO     [family_holdout:qaoa] epoch 0154  region_bce=0.1201  dist_mse=0.0717  region_overlap=0.898
2026-10-09 06:48:01,482  gsv3.training             INFO     [family_holdout:qaoa] epoch 0154  train_log_mse=0.00232  val_log_mse=0.04839  val_mse=0.000357  max_grad=0.46  patience=8/30
2026-10-09 06:48:10,950  gsv3.training             INFO     [family_holdout:qaoa] epoch 0155  count_mse=0.0591  count_rel_err_2q=0.188
2026-10-09 06:48:10,951  gsv3.training             INFO     [family_holdout:qaoa] epoch 0155  region_bce=0.1244  dist_mse=0.0724  region_overlap=0.896
2026-10-09 06:48:10,951  gsv3.training             INFO     [family_holdout:qaoa] epoch 0155  train_log_mse=0.00292  val_log_mse=0.04931  val_mse=0.000368  max_grad=0.76  patience=9/30
2026-10-09 06:48:20,403  gsv3.training             INFO     [family_holdout:qaoa] epoch 0156  count_mse=0.0576  count_rel_err_2q=0.188
2026-10-09 06:48:20,403  gsv3.training             INFO     [family_holdout:qaoa] epoch 0156  region_bce=0.1207  dist_mse=0.0713  region_overlap=0.898
2026-10-09 06:48:20,403  gsv3.training             INFO     [family_holdout:qaoa] epoch 0156  train_log_mse=0.00252  val_log_mse=0.04581  val_mse=0.000362  max_grad=0.45  patience=10/30
2026-10-09 06:48:29,952  gsv3.training             INFO     [family_holdout:qaoa] epoch 0157  count_mse=0.0560  count_rel_err_2q=0.187
2026-10-09 06:48:29,952  gsv3.training             INFO     [family_holdout:qaoa] epoch 0157  region_bce=0.1196  dist_mse=0.0710  region_overlap=0.898
2026-10-09 06:48:29,952  gsv3.training             INFO     [family_holdout:qaoa] epoch 0157  train_log_mse=0.00235  val_log_mse=0.04520  val_mse=0.000368  max_grad=0.45  patience=11/30
2026-10-09 06:48:39,409  gsv3.training             INFO     [family_holdout:qaoa] epoch 0158  count_mse=0.0546  count_rel_err_2q=0.187
2026-10-09 06:48:39,409  gsv3.training             INFO     [family_holdout:qaoa] epoch 0158  region_bce=0.1169  dist_mse=0.0709  region_overlap=0.900
2026-10-09 06:48:39,409  gsv3.training             INFO     [family_holdout:qaoa] epoch 0158  train_log_mse=0.00234  val_log_mse=0.04698  val_mse=0.000351  max_grad=0.71  patience=12/30
2026-10-09 06:48:48,859  gsv3.training             INFO     [family_holdout:qaoa] epoch 0159  count_mse=0.0579  count_rel_err_2q=0.187
2026-10-09 06:48:48,859  gsv3.training             INFO     [family_holdout:qaoa] epoch 0159  region_bce=0.1270  dist_mse=0.0730  region_overlap=0.894
2026-10-09 06:48:48,859  gsv3.training             INFO     [family_holdout:qaoa] epoch 0159  train_log_mse=0.00274  val_log_mse=0.04847  val_mse=0.000342  max_grad=1.94  patience=13/30
2026-10-09 06:48:58,349  gsv3.training             INFO     [family_holdout:qaoa] epoch 0160  count_mse=0.0556  count_rel_err_2q=0.186
2026-10-09 06:48:58,349  gsv3.training             INFO     [family_holdout:qaoa] epoch 0160  region_bce=0.1177  dist_mse=0.0714  region_overlap=0.900
2026-10-09 06:48:58,349  gsv3.training             INFO     [family_holdout:qaoa] epoch 0160  train_log_mse=0.00233  val_log_mse=0.04872  val_mse=0.000382  max_grad=0.49  patience=14/30
2026-10-09 06:49:07,896  gsv3.training             INFO     [family_holdout:qaoa] epoch 0161  count_mse=0.0563  count_rel_err_2q=0.188
2026-10-09 06:49:07,896  gsv3.training             INFO     [family_holdout:qaoa] epoch 0161  region_bce=0.1190  dist_mse=0.0715  region_overlap=0.899
2026-10-09 06:49:07,896  gsv3.training             INFO     [family_holdout:qaoa] epoch 0161  train_log_mse=0.00240  val_log_mse=0.04643  val_mse=0.000343  max_grad=0.48  patience=15/30
2026-10-09 06:49:17,342  gsv3.training             INFO     [family_holdout:qaoa] epoch 0162  count_mse=0.0564  count_rel_err_2q=0.187
2026-10-09 06:49:17,342  gsv3.training             INFO     [family_holdout:qaoa] epoch 0162  region_bce=0.1156  dist_mse=0.0708  region_overlap=0.901
2026-10-09 06:49:17,342  gsv3.training             INFO     [family_holdout:qaoa] epoch 0162  train_log_mse=0.00271  val_log_mse=0.06912  val_mse=0.000384  max_grad=1.10  patience=16/30
2026-10-09 06:49:26,882  gsv3.training             INFO     [family_holdout:qaoa] epoch 0163  count_mse=0.0565  count_rel_err_2q=0.189
2026-10-09 06:49:26,882  gsv3.training             INFO     [family_holdout:qaoa] epoch 0163  region_bce=0.1138  dist_mse=0.0703  region_overlap=0.902
2026-10-09 06:49:26,882  gsv3.training             INFO     [family_holdout:qaoa] epoch 0163  train_log_mse=0.00246  val_log_mse=0.04914  val_mse=0.000354  max_grad=0.47  patience=17/30
2026-10-09 06:49:36,344  gsv3.training             INFO     [family_holdout:qaoa] epoch 0164  count_mse=0.0542  count_rel_err_2q=0.188
2026-10-09 06:49:36,344  gsv3.training             INFO     [family_holdout:qaoa] epoch 0164  region_bce=0.1153  dist_mse=0.0705  region_overlap=0.901
2026-10-09 06:49:36,344  gsv3.training             INFO     [family_holdout:qaoa] epoch 0164  train_log_mse=0.00223  val_log_mse=0.04429  val_mse=0.000361  max_grad=0.43  patience=18/30
2026-10-09 06:49:45,887  gsv3.training             INFO     [family_holdout:qaoa] epoch 0165  count_mse=0.0565  count_rel_err_2q=0.187
2026-10-09 06:49:45,887  gsv3.training             INFO     [family_holdout:qaoa] epoch 0165  region_bce=0.1144  dist_mse=0.0707  region_overlap=0.901
2026-10-09 06:49:45,887  gsv3.training             INFO     [family_holdout:qaoa] epoch 0165  train_log_mse=0.00231  val_log_mse=0.05656  val_mse=0.000345  max_grad=0.35  patience=19/30
2026-10-09 06:49:55,425  gsv3.training             INFO     [family_holdout:qaoa] epoch 0166  count_mse=0.0546  count_rel_err_2q=0.187
2026-10-09 06:49:55,425  gsv3.training             INFO     [family_holdout:qaoa] epoch 0166  region_bce=0.1171  dist_mse=0.0709  region_overlap=0.900
2026-10-09 06:49:55,425  gsv3.training             INFO     [family_holdout:qaoa] epoch 0166  train_log_mse=0.00241  val_log_mse=0.04606  val_mse=0.000354  max_grad=0.53  patience=20/30
2026-10-09 06:50:04,872  gsv3.training             INFO     [family_holdout:qaoa] epoch 0167  count_mse=0.0555  count_rel_err_2q=0.186
2026-10-09 06:50:04,872  gsv3.training             INFO     [family_holdout:qaoa] epoch 0167  region_bce=0.1178  dist_mse=0.0712  region_overlap=0.900
2026-10-09 06:50:04,872  gsv3.training             INFO     [family_holdout:qaoa] epoch 0167  train_log_mse=0.00235  val_log_mse=0.05027  val_mse=0.000365  max_grad=0.48  patience=21/30
2026-10-09 06:50:14,451  gsv3.training             INFO     [family_holdout:qaoa] epoch 0168  count_mse=0.0546  count_rel_err_2q=0.188
2026-10-09 06:50:14,451  gsv3.training             INFO     [family_holdout:qaoa] epoch 0168  region_bce=0.1132  dist_mse=0.0702  region_overlap=0.902
2026-10-09 06:50:14,451  gsv3.training             INFO     [family_holdout:qaoa] epoch 0168  train_log_mse=0.00240  val_log_mse=0.04897  val_mse=0.000369  max_grad=0.42  patience=22/30
2026-10-09 06:50:23,904  gsv3.training             INFO     [family_holdout:qaoa] epoch 0169  count_mse=0.0548  count_rel_err_2q=0.186
2026-10-09 06:50:23,904  gsv3.training             INFO     [family_holdout:qaoa] epoch 0169  region_bce=0.1159  dist_mse=0.0710  region_overlap=0.901
2026-10-09 06:50:23,904  gsv3.training             INFO     [family_holdout:qaoa] epoch 0169  train_log_mse=0.00260  val_log_mse=0.04752  val_mse=0.000403  max_grad=0.42  patience=23/30
2026-10-09 06:50:33,341  gsv3.training             INFO     [family_holdout:qaoa] epoch 0170  count_mse=0.0566  count_rel_err_2q=0.186
2026-10-09 06:50:33,341  gsv3.training             INFO     [family_holdout:qaoa] epoch 0170  region_bce=0.1160  dist_mse=0.0711  region_overlap=0.901
2026-10-09 06:50:33,341  gsv3.training             INFO     [family_holdout:qaoa] epoch 0170  train_log_mse=0.00256  val_log_mse=0.04794  val_mse=0.000359  max_grad=0.66  patience=24/30
2026-10-09 06:50:42,865  gsv3.training             INFO     [family_holdout:qaoa] epoch 0171  count_mse=0.0545  count_rel_err_2q=0.187
2026-10-09 06:50:42,865  gsv3.training             INFO     [family_holdout:qaoa] epoch 0171  region_bce=0.1125  dist_mse=0.0703  region_overlap=0.903
2026-10-09 06:50:42,865  gsv3.training             INFO     [family_holdout:qaoa] epoch 0171  train_log_mse=0.00221  val_log_mse=0.04492  val_mse=0.000365  max_grad=0.35  patience=25/30
2026-10-09 06:50:52,306  gsv3.training             INFO     [family_holdout:qaoa] epoch 0172  count_mse=0.0548  count_rel_err_2q=0.185
2026-10-09 06:50:52,306  gsv3.training             INFO     [family_holdout:qaoa] epoch 0172  region_bce=0.1155  dist_mse=0.0706  region_overlap=0.901
2026-10-09 06:50:52,306  gsv3.training             INFO     [family_holdout:qaoa] epoch 0172  train_log_mse=0.00252  val_log_mse=0.04351  val_mse=0.000364  max_grad=0.64  patience=26/30
2026-10-09 06:51:01,736  gsv3.training             INFO     [family_holdout:qaoa] epoch 0173  count_mse=0.0541  count_rel_err_2q=0.187
2026-10-09 06:51:01,736  gsv3.training             INFO     [family_holdout:qaoa] epoch 0173  region_bce=0.1117  dist_mse=0.0699  region_overlap=0.903
2026-10-09 06:51:01,736  gsv3.training             INFO     [family_holdout:qaoa] epoch 0173  train_log_mse=0.00224  val_log_mse=0.04673  val_mse=0.000359  max_grad=0.39  patience=27/30
2026-10-09 06:51:11,179  gsv3.training             INFO     [family_holdout:qaoa] epoch 0174  count_mse=0.0539  count_rel_err_2q=0.186
2026-10-09 06:51:11,179  gsv3.training             INFO     [family_holdout:qaoa] epoch 0174  region_bce=0.1117  dist_mse=0.0699  region_overlap=0.903
2026-10-09 06:51:11,179  gsv3.training             INFO     [family_holdout:qaoa] epoch 0174  train_log_mse=0.00251  val_log_mse=0.04942  val_mse=0.000421  max_grad=0.43  patience=28/30
2026-10-09 06:51:20,619  gsv3.training             INFO     [family_holdout:qaoa] epoch 0175  count_mse=0.0531  count_rel_err_2q=0.187
2026-10-09 06:51:20,620  gsv3.training             INFO     [family_holdout:qaoa] epoch 0175  region_bce=0.1109  dist_mse=0.0692  region_overlap=0.904
2026-10-09 06:51:20,620  gsv3.training             INFO     [family_holdout:qaoa] epoch 0175  train_log_mse=0.00228  val_log_mse=0.04510  val_mse=0.000357  max_grad=0.40  patience=29/30
2026-10-09 06:51:30,154  gsv3.training             INFO     [family_holdout:qaoa] epoch 0176  count_mse=0.0539  count_rel_err_2q=0.188
2026-10-09 06:51:30,154  gsv3.training             INFO     [family_holdout:qaoa] epoch 0176  region_bce=0.1106  dist_mse=0.0694  region_overlap=0.904
2026-10-09 06:51:30,154  gsv3.training             INFO     [family_holdout:qaoa] epoch 0176  train_log_mse=0.00207  val_log_mse=0.05051  val_mse=0.000369  max_grad=0.43  patience=30/30
2026-10-09 06:51:31,243  gsv3.experiment           INFO     [qaoa] TEST  n=2706  MAE=0.0881  R2=0.8442  device-acc=0.565  regret=0.0135
2026-10-09 06:51:31,247  genstudy.io               INFO     Wrote evaluations/generalization_v8/results/v8b_c001/leave_one_family_out/qaoa/metrics.json
2026-10-09 06:51:31,260  genstudy.io               INFO     Wrote evaluations/generalization_v8/results/v8b_c001/leave_one_family_out/qaoa/predictions.json
2026-10-09 06:51:31,271  genstudy.io               INFO     Wrote evaluations/generalization_v8/results/v8b_c001/leave_one_family_out/qaoa/history.json
2026-10-09 06:51:31,293  genstudy.io               INFO     Wrote evaluations/generalization_v8/results/v8b_c001/leave_one_family_out/folds.json
2026-10-09 06:51:31,299  genstudy.experiment       INFO     Merged held-out predictions for 2706 circuits
2026-10-09 06:51:31,309  genstudy.io               INFO     Wrote evaluations/generalization_v8/results/v8b_c001/leave_one_family_out/heldout_predictions.json
2026-10-09 06:51:31,309  run_experiment            INFO     leave_one_family_out finished: 1 complete, 0 skipped
2026-10-09 07:08:21,173  genstudy.io               INFO     Logging to evaluations/generalization_v8/results/v8b_c001/leave_one_family_out/run.log
2026-10-09 07:08:21,173  run_experiment            INFO     Command line: evaluations/generalization_v3/scripts/run_experiment.py lofo --model sinkhorn --balance-alpha 0 --lr 3e-4 --grad-clip 1.0 --seed 5 --families qaoa --groups qaoa --loss mixed --val-mode random --layout-lambda 0.1 --layout-loss region_dist --layouts-path evaluations/compile_check/results/compiler_layouts_v6pilot.pt --count-lambda 0.01 --counts-path evaluations/compile_check/results/compiler_counts_v8.pt --calib-aug evaluations/compile_check/results/v8b --results-dir evaluations/generalization_v8/results/v8b_c001
2026-10-09 07:08:21,173  gsv2.gpu                  WARNING  No CUDA device available — running on the CPU.
2026-10-09 07:08:21,175  gsv3.model                INFO     Hyper-parameters (/home/atudisco/pred-distr-tool/src/model/best_params.json + v3 defaults): {'device_hidden': 64, 'device_layers': 3, 'fusion_dim': 128, 'qubit_layers': 2, 'attn_heads': 4, 'lap_pe': 8, 'cost_bias_init': -6.0, 'hidden_dim': 142, 'num_conv_wo_resnet': 3, 'num_resnet_layers': 1, 'dropout': 0.0, 'bidirectional': True, 'mlp': [512, 256, 128], 'lr': 0.001, 'readout': 'meanmaxsum'}
2026-10-09 07:08:21,191  gsv3.devices              INFO     Device graphs: node features 13 (Laplacian PE 8), physical errors True
2026-10-09 07:08:21,193  genstudy.data             INFO     Loading graph dataset: /home/atudisco/pred-distr-tool/evaluations/generalization_v3/data/graph_dataset_expected_fidelity.pt
2026-10-09 07:08:25,043  genstudy.data             INFO     Loaded 17056 graphs
2026-10-09 07:08:25,682  run_experiment            INFO     Compiler layouts (evaluations/compile_check/results/compiler_layouts_v6pilot.pt): 16994/17056 circuits
2026-10-09 07:08:28,542  run_experiment            INFO     Calibration variants (evaluations/compile_check/results/v8b): 8 variant sets, 16994/17056 circuits
2026-10-09 07:08:29,108  run_experiment            INFO     Compiler counts (evaluations/compile_check/results/compiler_counts_v8.pt): 16994/17056 circuits
2026-10-09 07:08:29,115  genstudy.io               INFO     Wrote evaluations/generalization_v8/results/v8b_c001/leave_one_family_out/dataset_summary.json
2026-10-09 07:08:29,116  genstudy.data             INFO     Holding out 1 families: qaoa
2026-10-09 07:08:29,119  run_experiment            INFO     [1/1] qaoa already done — skipping
2026-10-09 07:08:29,121  genstudy.io               INFO     Wrote evaluations/generalization_v8/results/v8b_c001/leave_one_family_out/folds.json
2026-10-09 07:08:29,161  genstudy.experiment       INFO     Merged held-out predictions for 2706 circuits
2026-10-09 07:08:29,174  genstudy.io               INFO     Wrote evaluations/generalization_v8/results/v8b_c001/leave_one_family_out/heldout_predictions.json
2026-10-09 07:08:29,174  run_experiment            INFO     leave_one_family_out finished: 1 complete, 0 skipped
2026-10-09 07:12:29,675  genstudy.io               INFO     Logging to evaluations/generalization_v8/results/v8b_c001/leave_one_family_out/run.log
2026-10-09 07:12:29,676  run_experiment            INFO     Command line: evaluations/generalization_v3/scripts/run_experiment.py lofo --model sinkhorn --balance-alpha 0 --lr 3e-4 --grad-clip 1.0 --seed 5 --families qnn --groups qnn --loss mixed --val-mode random --layout-lambda 0.1 --layout-loss region_dist --layouts-path evaluations/compile_check/results/compiler_layouts_v6pilot.pt --count-lambda 0.01 --counts-path evaluations/compile_check/results/compiler_counts_v8.pt --calib-aug evaluations/compile_check/results/v8b --results-dir evaluations/generalization_v8/results/v8b_c001
2026-10-09 07:12:29,676  gsv2.gpu                  WARNING  No CUDA device available — running on the CPU.
2026-10-09 07:12:29,679  gsv3.model                INFO     Hyper-parameters (/home/atudisco/pred-distr-tool/src/model/best_params.json + v3 defaults): {'device_hidden': 64, 'device_layers': 3, 'fusion_dim': 128, 'qubit_layers': 2, 'attn_heads': 4, 'lap_pe': 8, 'cost_bias_init': -6.0, 'hidden_dim': 142, 'num_conv_wo_resnet': 3, 'num_resnet_layers': 1, 'dropout': 0.0, 'bidirectional': True, 'mlp': [512, 256, 128], 'lr': 0.001, 'readout': 'meanmaxsum'}
2026-10-09 07:12:29,845  gsv3.devices              INFO     Device graphs: node features 13 (Laplacian PE 8), physical errors True
2026-10-09 07:12:29,847  genstudy.data             INFO     Loading graph dataset: /home/atudisco/pred-distr-tool/evaluations/generalization_v3/data/graph_dataset_expected_fidelity.pt
2026-10-09 07:12:35,072  genstudy.data             INFO     Loaded 17056 graphs
2026-10-09 07:12:35,803  run_experiment            INFO     Compiler layouts (evaluations/compile_check/results/compiler_layouts_v6pilot.pt): 16994/17056 circuits
2026-10-09 07:12:38,355  run_experiment            INFO     Calibration variants (evaluations/compile_check/results/v8b): 8 variant sets, 16994/17056 circuits
2026-10-09 07:12:38,889  run_experiment            INFO     Compiler counts (evaluations/compile_check/results/compiler_counts_v8.pt): 16994/17056 circuits
2026-10-09 07:12:38,895  genstudy.io               INFO     Wrote evaluations/generalization_v8/results/v8b_c001/leave_one_family_out/dataset_summary.json
2026-10-09 07:12:38,895  genstudy.data             INFO     Holding out 1 families: qnn
2026-10-09 07:12:38,898  run_experiment            INFO     [1/1] qnn
2026-10-09 07:12:38,900  gsv3.experiment           INFO     === family_holdout / qnn ===
2026-10-09 07:12:38,900  gsv3.experiment           INFO     Leave-one-family-out: test = all 760 'qnn' circuits, train = 16296 circuits from 34 other families.
2026-10-09 07:12:38,901  gsv3.experiment           INFO     train=13037  val=3259 ({'mode': 'random'})  test=760
2026-10-09 07:12:39,255  gsv3.training             INFO     [family_holdout:qnn] calibration augmentation: 8 variant sets, p(orig) = 0.25
2026-10-09 07:12:39,256  gsv3.training             INFO     [family_holdout:qnn] model=sinkhorn (979423 params) train=13037 val=3259 lr=0.0003 clip=1.0 alpha=0.00
2026-10-09 07:14:26,400  gsv3.training             INFO     [family_holdout:qnn] epoch 0001  count_mse=1.1171  count_rel_err_2q=0.518
2026-10-09 07:14:26,401  gsv3.training             INFO     [family_holdout:qnn] epoch 0001  region_bce=0.6738  dist_mse=0.2526  region_overlap=0.634
2026-10-09 07:14:26,403  gsv3.training             INFO     [family_holdout:qnn] epoch 0001  train_log_mse=0.27206  val_log_mse=0.29294  val_mse=0.003165  max_grad=437.47  patience=0/30
2026-10-09 07:16:12,329  gsv3.training             INFO     [family_holdout:qnn] epoch 0002  count_mse=0.5439  count_rel_err_2q=0.362
2026-10-09 07:16:12,329  gsv3.training             INFO     [family_holdout:qnn] epoch 0002  region_bce=0.4449  dist_mse=0.2046  region_overlap=0.692
2026-10-09 07:16:12,331  gsv3.training             INFO     [family_holdout:qnn] epoch 0002  train_log_mse=0.04628  val_log_mse=0.39173  val_mse=0.001643  max_grad=11.66  patience=0/30
2026-10-09 07:17:58,314  gsv3.training             INFO     [family_holdout:qnn] epoch 0003  count_mse=0.3728  count_rel_err_2q=0.350
2026-10-09 07:17:58,315  gsv3.training             INFO     [family_holdout:qnn] epoch 0003  region_bce=0.4058  dist_mse=0.1967  region_overlap=0.712
2026-10-09 07:17:58,316  gsv3.training             INFO     [family_holdout:qnn] epoch 0003  train_log_mse=0.03118  val_log_mse=0.18422  val_mse=0.001498  max_grad=12.74  patience=0/30
2026-10-09 07:19:45,181  gsv3.training             INFO     [family_holdout:qnn] epoch 0004  count_mse=0.2917  count_rel_err_2q=0.327
2026-10-09 07:19:45,182  gsv3.training             INFO     [family_holdout:qnn] epoch 0004  region_bce=0.3757  dist_mse=0.1842  region_overlap=0.732
2026-10-09 07:19:45,183  gsv3.training             INFO     [family_holdout:qnn] epoch 0004  train_log_mse=0.02304  val_log_mse=0.14060  val_mse=0.001161  max_grad=12.27  patience=0/30
2026-10-09 07:21:31,306  gsv3.training             INFO     [family_holdout:qnn] epoch 0005  count_mse=0.2552  count_rel_err_2q=0.317
2026-10-09 07:21:31,307  gsv3.training             INFO     [family_holdout:qnn] epoch 0005  region_bce=0.3613  dist_mse=0.1730  region_overlap=0.742
2026-10-09 07:21:31,309  gsv3.training             INFO     [family_holdout:qnn] epoch 0005  train_log_mse=0.01987  val_log_mse=0.16165  val_mse=0.001092  max_grad=5.00  patience=0/30
2026-10-09 07:23:17,168  gsv3.training             INFO     [family_holdout:qnn] epoch 0006  count_mse=0.2274  count_rel_err_2q=0.302
2026-10-09 07:23:17,168  gsv3.training             INFO     [family_holdout:qnn] epoch 0006  region_bce=0.3473  dist_mse=0.1665  region_overlap=0.751
2026-10-09 07:23:17,168  gsv3.training             INFO     [family_holdout:qnn] epoch 0006  train_log_mse=0.01761  val_log_mse=0.15104  val_mse=0.001756  max_grad=5.44  patience=1/30
2026-10-09 07:25:03,528  gsv3.training             INFO     [family_holdout:qnn] epoch 0007  count_mse=0.2164  count_rel_err_2q=0.302
2026-10-09 07:25:03,528  gsv3.training             INFO     [family_holdout:qnn] epoch 0007  region_bce=0.3351  dist_mse=0.1606  region_overlap=0.759
2026-10-09 07:25:03,528  gsv3.training             INFO     [family_holdout:qnn] epoch 0007  train_log_mse=0.01718  val_log_mse=0.14104  val_mse=0.001164  max_grad=5.16  patience=2/30
2026-10-09 07:26:49,643  gsv3.training             INFO     [family_holdout:qnn] epoch 0008  count_mse=0.2078  count_rel_err_2q=0.302
2026-10-09 07:26:49,644  gsv3.training             INFO     [family_holdout:qnn] epoch 0008  region_bce=0.3267  dist_mse=0.1561  region_overlap=0.765
2026-10-09 07:26:49,646  gsv3.training             INFO     [family_holdout:qnn] epoch 0008  train_log_mse=0.01651  val_log_mse=0.19624  val_mse=0.001025  max_grad=4.10  patience=0/30
2026-10-09 07:28:35,498  gsv3.training             INFO     [family_holdout:qnn] epoch 0009  count_mse=0.1902  count_rel_err_2q=0.294
2026-10-09 07:28:35,499  gsv3.training             INFO     [family_holdout:qnn] epoch 0009  region_bce=0.3171  dist_mse=0.1522  region_overlap=0.770
2026-10-09 07:28:35,501  gsv3.training             INFO     [family_holdout:qnn] epoch 0009  train_log_mse=0.01448  val_log_mse=0.13211  val_mse=0.000908  max_grad=3.50  patience=0/30
2026-10-09 07:30:21,691  gsv3.training             INFO     [family_holdout:qnn] epoch 0010  count_mse=0.1764  count_rel_err_2q=0.289
2026-10-09 07:30:21,692  gsv3.training             INFO     [family_holdout:qnn] epoch 0010  region_bce=0.3089  dist_mse=0.1478  region_overlap=0.775
2026-10-09 07:30:21,692  gsv3.training             INFO     [family_holdout:qnn] epoch 0010  train_log_mse=0.01308  val_log_mse=0.08804  val_mse=0.001028  max_grad=2.81  patience=1/30
2026-10-09 07:32:08,181  gsv3.training             INFO     [family_holdout:qnn] epoch 0011  count_mse=0.1699  count_rel_err_2q=0.289
2026-10-09 07:32:08,182  gsv3.training             INFO     [family_holdout:qnn] epoch 0011  region_bce=0.3025  dist_mse=0.1439  region_overlap=0.780
2026-10-09 07:32:08,182  gsv3.training             INFO     [family_holdout:qnn] epoch 0011  train_log_mse=0.01301  val_log_mse=0.09633  val_mse=0.000913  max_grad=6.08  patience=2/30
2026-10-09 07:33:54,758  gsv3.training             INFO     [family_holdout:qnn] epoch 0012  count_mse=0.1598  count_rel_err_2q=0.281
2026-10-09 07:33:54,759  gsv3.training             INFO     [family_holdout:qnn] epoch 0012  region_bce=0.2956  dist_mse=0.1401  region_overlap=0.784
2026-10-09 07:33:54,759  gsv3.training             INFO     [family_holdout:qnn] epoch 0012  train_log_mse=0.01105  val_log_mse=0.11984  val_mse=0.000926  max_grad=2.30  patience=3/30
2026-10-09 07:35:40,768  gsv3.training             INFO     [family_holdout:qnn] epoch 0013  count_mse=0.1541  count_rel_err_2q=0.281
2026-10-09 07:35:40,769  gsv3.training             INFO     [family_holdout:qnn] epoch 0013  region_bce=0.2982  dist_mse=0.1393  region_overlap=0.784
2026-10-09 07:35:40,769  gsv3.training             INFO     [family_holdout:qnn] epoch 0013  train_log_mse=0.01204  val_log_mse=0.09555  val_mse=0.000976  max_grad=3.08  patience=4/30
2026-10-09 07:37:26,909  gsv3.training             INFO     [family_holdout:qnn] epoch 0014  count_mse=0.1499  count_rel_err_2q=0.276
2026-10-09 07:37:26,909  gsv3.training             INFO     [family_holdout:qnn] epoch 0014  region_bce=0.2887  dist_mse=0.1357  region_overlap=0.790
2026-10-09 07:37:26,909  gsv3.training             INFO     [family_holdout:qnn] epoch 0014  train_log_mse=0.01073  val_log_mse=0.08726  val_mse=0.000997  max_grad=2.45  patience=5/30
2026-10-09 07:39:13,092  gsv3.training             INFO     [family_holdout:qnn] epoch 0015  count_mse=0.1463  count_rel_err_2q=0.270
2026-10-09 07:39:13,092  gsv3.training             INFO     [family_holdout:qnn] epoch 0015  region_bce=0.2842  dist_mse=0.1334  region_overlap=0.793
2026-10-09 07:39:13,092  gsv3.training             INFO     [family_holdout:qnn] epoch 0015  train_log_mse=0.01165  val_log_mse=0.15298  val_mse=0.001026  max_grad=3.03  patience=6/30
2026-10-09 07:40:59,345  gsv3.training             INFO     [family_holdout:qnn] epoch 0016  count_mse=0.1441  count_rel_err_2q=0.271
2026-10-09 07:40:59,345  gsv3.training             INFO     [family_holdout:qnn] epoch 0016  region_bce=0.2807  dist_mse=0.1317  region_overlap=0.796
2026-10-09 07:40:59,346  gsv3.training             INFO     [family_holdout:qnn] epoch 0016  train_log_mse=0.01030  val_log_mse=0.11526  val_mse=0.000956  max_grad=3.50  patience=7/30
2026-10-09 07:42:45,665  gsv3.training             INFO     [family_holdout:qnn] epoch 0017  count_mse=0.1380  count_rel_err_2q=0.266
2026-10-09 07:42:45,666  gsv3.training             INFO     [family_holdout:qnn] epoch 0017  region_bce=0.2761  dist_mse=0.1298  region_overlap=0.798
2026-10-09 07:42:45,668  gsv3.training             INFO     [family_holdout:qnn] epoch 0017  train_log_mse=0.00912  val_log_mse=0.09875  val_mse=0.000720  max_grad=2.10  patience=0/30
2026-10-09 07:44:32,366  gsv3.training             INFO     [family_holdout:qnn] epoch 0018  count_mse=0.1381  count_rel_err_2q=0.265
2026-10-09 07:44:32,367  gsv3.training             INFO     [family_holdout:qnn] epoch 0018  region_bce=0.2708  dist_mse=0.1277  region_overlap=0.802
2026-10-09 07:44:32,367  gsv3.training             INFO     [family_holdout:qnn] epoch 0018  train_log_mse=0.00933  val_log_mse=0.09136  val_mse=0.000867  max_grad=1.92  patience=1/30
2026-10-09 07:46:19,740  gsv3.training             INFO     [family_holdout:qnn] epoch 0019  count_mse=0.1311  count_rel_err_2q=0.258
2026-10-09 07:46:19,740  gsv3.training             INFO     [family_holdout:qnn] epoch 0019  region_bce=0.2703  dist_mse=0.1264  region_overlap=0.802
2026-10-09 07:46:19,740  gsv3.training             INFO     [family_holdout:qnn] epoch 0019  train_log_mse=0.00988  val_log_mse=0.08213  val_mse=0.000818  max_grad=2.17  patience=2/30
2026-10-09 07:48:06,819  gsv3.training             INFO     [family_holdout:qnn] epoch 0020  count_mse=0.1329  count_rel_err_2q=0.259
2026-10-09 07:48:06,820  gsv3.training             INFO     [family_holdout:qnn] epoch 0020  region_bce=0.2666  dist_mse=0.1254  region_overlap=0.805
2026-10-09 07:48:06,822  gsv3.training             INFO     [family_holdout:qnn] epoch 0020  train_log_mse=0.00912  val_log_mse=0.07335  val_mse=0.000647  max_grad=5.07  patience=0/30
2026-10-09 07:49:53,638  gsv3.training             INFO     [family_holdout:qnn] epoch 0021  count_mse=0.1277  count_rel_err_2q=0.253
2026-10-09 07:49:53,639  gsv3.training             INFO     [family_holdout:qnn] epoch 0021  region_bce=0.2599  dist_mse=0.1230  region_overlap=0.809
2026-10-09 07:49:53,640  gsv3.training             INFO     [family_holdout:qnn] epoch 0021  train_log_mse=0.00831  val_log_mse=0.17784  val_mse=0.000629  max_grad=2.17  patience=0/30
2026-10-09 07:51:39,881  gsv3.training             INFO     [family_holdout:qnn] epoch 0022  count_mse=0.1251  count_rel_err_2q=0.249
2026-10-09 07:51:39,882  gsv3.training             INFO     [family_holdout:qnn] epoch 0022  region_bce=0.2602  dist_mse=0.1223  region_overlap=0.809
2026-10-09 07:51:39,882  gsv3.training             INFO     [family_holdout:qnn] epoch 0022  train_log_mse=0.00864  val_log_mse=0.06599  val_mse=0.000791  max_grad=1.76  patience=1/30
2026-10-09 07:53:26,497  gsv3.training             INFO     [family_holdout:qnn] epoch 0023  count_mse=0.1245  count_rel_err_2q=0.246
2026-10-09 07:53:26,497  gsv3.training             INFO     [family_holdout:qnn] epoch 0023  region_bce=0.2583  dist_mse=0.1217  region_overlap=0.810
2026-10-09 07:53:26,497  gsv3.training             INFO     [family_holdout:qnn] epoch 0023  train_log_mse=0.00816  val_log_mse=0.08950  val_mse=0.000666  max_grad=1.62  patience=2/30
2026-10-09 07:55:12,961  gsv3.training             INFO     [family_holdout:qnn] epoch 0024  count_mse=0.1237  count_rel_err_2q=0.246
2026-10-09 07:55:12,962  gsv3.training             INFO     [family_holdout:qnn] epoch 0024  region_bce=0.2554  dist_mse=0.1200  region_overlap=0.813
2026-10-09 07:55:12,964  gsv3.training             INFO     [family_holdout:qnn] epoch 0024  train_log_mse=0.00806  val_log_mse=0.07709  val_mse=0.000610  max_grad=1.56  patience=0/30
2026-10-09 07:56:58,960  gsv3.training             INFO     [family_holdout:qnn] epoch 0025  count_mse=0.1241  count_rel_err_2q=0.247
2026-10-09 07:56:58,961  gsv3.training             INFO     [family_holdout:qnn] epoch 0025  region_bce=0.2569  dist_mse=0.1204  region_overlap=0.812
2026-10-09 07:56:58,961  gsv3.training             INFO     [family_holdout:qnn] epoch 0025  train_log_mse=0.00802  val_log_mse=0.09961  val_mse=0.000689  max_grad=3.85  patience=1/30
2026-10-09 07:58:45,366  gsv3.training             INFO     [family_holdout:qnn] epoch 0026  count_mse=0.1214  count_rel_err_2q=0.245
2026-10-09 07:58:45,367  gsv3.training             INFO     [family_holdout:qnn] epoch 0026  region_bce=0.2583  dist_mse=0.1201  region_overlap=0.812
2026-10-09 07:58:45,367  gsv3.training             INFO     [family_holdout:qnn] epoch 0026  train_log_mse=0.00902  val_log_mse=0.10573  val_mse=0.000629  max_grad=40.14  patience=2/30
2026-10-09 08:00:32,105  gsv3.training             INFO     [family_holdout:qnn] epoch 0027  count_mse=0.1200  count_rel_err_2q=0.243
2026-10-09 08:00:32,106  gsv3.training             INFO     [family_holdout:qnn] epoch 0027  region_bce=0.2493  dist_mse=0.1177  region_overlap=0.817
2026-10-09 08:00:32,109  gsv3.training             INFO     [family_holdout:qnn] epoch 0027  train_log_mse=0.00834  val_log_mse=0.13309  val_mse=0.000596  max_grad=7.15  patience=0/30
2026-10-09 08:02:18,725  gsv3.training             INFO     [family_holdout:qnn] epoch 0028  count_mse=0.1205  count_rel_err_2q=0.243
2026-10-09 08:02:18,726  gsv3.training             INFO     [family_holdout:qnn] epoch 0028  region_bce=0.2500  dist_mse=0.1168  region_overlap=0.817
2026-10-09 08:02:18,726  gsv3.training             INFO     [family_holdout:qnn] epoch 0028  train_log_mse=0.00786  val_log_mse=0.07334  val_mse=0.000610  max_grad=3.56  patience=1/30
2026-10-09 08:04:05,576  gsv3.training             INFO     [family_holdout:qnn] epoch 0029  count_mse=0.1184  count_rel_err_2q=0.241
2026-10-09 08:04:05,577  gsv3.training             INFO     [family_holdout:qnn] epoch 0029  region_bce=0.2472  dist_mse=0.1155  region_overlap=0.818
2026-10-09 08:04:05,579  gsv3.training             INFO     [family_holdout:qnn] epoch 0029  train_log_mse=0.00779  val_log_mse=0.05785  val_mse=0.000538  max_grad=2.46  patience=0/30
2026-10-09 08:05:51,699  gsv3.training             INFO     [family_holdout:qnn] epoch 0030  count_mse=0.1177  count_rel_err_2q=0.237
2026-10-09 08:05:51,700  gsv3.training             INFO     [family_holdout:qnn] epoch 0030  region_bce=0.2455  dist_mse=0.1140  region_overlap=0.820
2026-10-09 08:05:51,700  gsv3.training             INFO     [family_holdout:qnn] epoch 0030  train_log_mse=0.00828  val_log_mse=0.09044  val_mse=0.000569  max_grad=5.47  patience=1/30
2026-10-09 08:07:38,516  gsv3.training             INFO     [family_holdout:qnn] epoch 0031  count_mse=0.1139  count_rel_err_2q=0.236
2026-10-09 08:07:38,517  gsv3.training             INFO     [family_holdout:qnn] epoch 0031  region_bce=0.2464  dist_mse=0.1138  region_overlap=0.819
2026-10-09 08:07:38,517  gsv3.training             INFO     [family_holdout:qnn] epoch 0031  train_log_mse=0.00818  val_log_mse=0.11999  val_mse=0.000659  max_grad=2.32  patience=2/30
2026-10-09 08:09:24,823  gsv3.training             INFO     [family_holdout:qnn] epoch 0032  count_mse=0.1169  count_rel_err_2q=0.236
2026-10-09 08:09:24,823  gsv3.training             INFO     [family_holdout:qnn] epoch 0032  region_bce=0.2425  dist_mse=0.1124  region_overlap=0.822
2026-10-09 08:09:24,823  gsv3.training             INFO     [family_holdout:qnn] epoch 0032  train_log_mse=0.00691  val_log_mse=0.07382  val_mse=0.000579  max_grad=2.66  patience=3/30
2026-10-09 08:11:10,857  gsv3.training             INFO     [family_holdout:qnn] epoch 0033  count_mse=0.1106  count_rel_err_2q=0.233
2026-10-09 08:11:10,858  gsv3.training             INFO     [family_holdout:qnn] epoch 0033  region_bce=0.2360  dist_mse=0.1102  region_overlap=0.825
2026-10-09 08:11:10,858  gsv3.training             INFO     [family_holdout:qnn] epoch 0033  train_log_mse=0.00590  val_log_mse=0.06451  val_mse=0.000612  max_grad=1.12  patience=4/30
2026-10-09 08:12:57,094  gsv3.training             INFO     [family_holdout:qnn] epoch 0034  count_mse=0.1113  count_rel_err_2q=0.234
2026-10-09 08:12:57,095  gsv3.training             INFO     [family_holdout:qnn] epoch 0034  region_bce=0.2444  dist_mse=0.1115  region_overlap=0.820
2026-10-09 08:12:57,095  gsv3.training             INFO     [family_holdout:qnn] epoch 0034  train_log_mse=0.00765  val_log_mse=0.06353  val_mse=0.000676  max_grad=2.85  patience=5/30
2026-10-09 08:14:43,649  gsv3.training             INFO     [family_holdout:qnn] epoch 0035  count_mse=0.1101  count_rel_err_2q=0.233
2026-10-09 08:14:43,650  gsv3.training             INFO     [family_holdout:qnn] epoch 0035  region_bce=0.2393  dist_mse=0.1097  region_overlap=0.823
2026-10-09 08:14:43,650  gsv3.training             INFO     [family_holdout:qnn] epoch 0035  train_log_mse=0.00673  val_log_mse=0.10549  val_mse=0.000599  max_grad=1.50  patience=6/30
2026-10-09 08:16:30,808  gsv3.training             INFO     [family_holdout:qnn] epoch 0036  count_mse=0.1107  count_rel_err_2q=0.230
2026-10-09 08:16:30,808  gsv3.training             INFO     [family_holdout:qnn] epoch 0036  region_bce=0.2334  dist_mse=0.1079  region_overlap=0.827
2026-10-09 08:16:30,809  gsv3.training             INFO     [family_holdout:qnn] epoch 0036  train_log_mse=0.00745  val_log_mse=0.06433  val_mse=0.000546  max_grad=1.95  patience=7/30
2026-10-09 08:18:17,810  gsv3.training             INFO     [family_holdout:qnn] epoch 0037  count_mse=0.1067  count_rel_err_2q=0.226
2026-10-09 08:18:17,811  gsv3.training             INFO     [family_holdout:qnn] epoch 0037  region_bce=0.2333  dist_mse=0.1077  region_overlap=0.827
2026-10-09 08:18:17,812  gsv3.training             INFO     [family_holdout:qnn] epoch 0037  train_log_mse=0.00602  val_log_mse=0.07495  val_mse=0.000530  max_grad=1.23  patience=0/30
2026-10-09 08:20:05,144  gsv3.training             INFO     [family_holdout:qnn] epoch 0038  count_mse=0.1038  count_rel_err_2q=0.225
2026-10-09 08:20:05,145  gsv3.training             INFO     [family_holdout:qnn] epoch 0038  region_bce=0.2275  dist_mse=0.1056  region_overlap=0.831
2026-10-09 08:20:05,145  gsv3.training             INFO     [family_holdout:qnn] epoch 0038  train_log_mse=0.00595  val_log_mse=0.06101  val_mse=0.000544  max_grad=1.50  patience=1/30
2026-10-09 08:21:51,936  gsv3.training             INFO     [family_holdout:qnn] epoch 0039  count_mse=0.1043  count_rel_err_2q=0.224
2026-10-09 08:21:51,936  gsv3.training             INFO     [family_holdout:qnn] epoch 0039  region_bce=0.2302  dist_mse=0.1055  region_overlap=0.829
2026-10-09 08:21:51,938  gsv3.training             INFO     [family_holdout:qnn] epoch 0039  train_log_mse=0.00597  val_log_mse=0.08595  val_mse=0.000518  max_grad=1.20  patience=0/30
2026-10-09 08:23:39,770  gsv3.training             INFO     [family_holdout:qnn] epoch 0040  count_mse=0.1009  count_rel_err_2q=0.221
2026-10-09 08:23:39,771  gsv3.training             INFO     [family_holdout:qnn] epoch 0040  region_bce=0.2244  dist_mse=0.1045  region_overlap=0.832
2026-10-09 08:23:39,771  gsv3.training             INFO     [family_holdout:qnn] epoch 0040  train_log_mse=0.00538  val_log_mse=0.08028  val_mse=0.000538  max_grad=0.92  patience=1/30
2026-10-09 08:25:27,739  gsv3.training             INFO     [family_holdout:qnn] epoch 0041  count_mse=0.1015  count_rel_err_2q=0.225
2026-10-09 08:25:27,739  gsv3.training             INFO     [family_holdout:qnn] epoch 0041  region_bce=0.2249  dist_mse=0.1038  region_overlap=0.832
2026-10-09 08:25:27,741  gsv3.training             INFO     [family_holdout:qnn] epoch 0041  train_log_mse=0.00553  val_log_mse=0.06257  val_mse=0.000500  max_grad=0.92  patience=0/30
2026-10-09 08:27:14,975  gsv3.training             INFO     [family_holdout:qnn] epoch 0042  count_mse=0.1006  count_rel_err_2q=0.224
2026-10-09 08:27:14,976  gsv3.training             INFO     [family_holdout:qnn] epoch 0042  region_bce=0.2252  dist_mse=0.1033  region_overlap=0.833
2026-10-09 08:27:14,978  gsv3.training             INFO     [family_holdout:qnn] epoch 0042  train_log_mse=0.00528  val_log_mse=0.06148  val_mse=0.000481  max_grad=1.00  patience=0/30
2026-10-09 08:29:02,578  gsv3.training             INFO     [family_holdout:qnn] epoch 0043  count_mse=0.1005  count_rel_err_2q=0.225
2026-10-09 08:29:02,579  gsv3.training             INFO     [family_holdout:qnn] epoch 0043  region_bce=0.2233  dist_mse=0.1032  region_overlap=0.834
2026-10-09 08:29:02,579  gsv3.training             INFO     [family_holdout:qnn] epoch 0043  train_log_mse=0.00611  val_log_mse=0.08224  val_mse=0.000562  max_grad=1.26  patience=1/30
2026-10-09 08:30:50,502  gsv3.training             INFO     [family_holdout:qnn] epoch 0044  count_mse=0.0994  count_rel_err_2q=0.222
2026-10-09 08:30:50,503  gsv3.training             INFO     [family_holdout:qnn] epoch 0044  region_bce=0.2233  dist_mse=0.1032  region_overlap=0.833
2026-10-09 08:30:50,503  gsv3.training             INFO     [family_holdout:qnn] epoch 0044  train_log_mse=0.00650  val_log_mse=0.06131  val_mse=0.000547  max_grad=1.67  patience=2/30
2026-10-09 08:32:38,198  gsv3.training             INFO     [family_holdout:qnn] epoch 0045  count_mse=0.0996  count_rel_err_2q=0.221
2026-10-09 08:32:38,198  gsv3.training             INFO     [family_holdout:qnn] epoch 0045  region_bce=0.2203  dist_mse=0.1020  region_overlap=0.835
2026-10-09 08:32:38,198  gsv3.training             INFO     [family_holdout:qnn] epoch 0045  train_log_mse=0.00635  val_log_mse=0.11387  val_mse=0.000553  max_grad=1.97  patience=3/30
2026-10-09 08:34:25,789  gsv3.training             INFO     [family_holdout:qnn] epoch 0046  count_mse=0.0976  count_rel_err_2q=0.221
2026-10-09 08:34:25,790  gsv3.training             INFO     [family_holdout:qnn] epoch 0046  region_bce=0.2202  dist_mse=0.1026  region_overlap=0.836
2026-10-09 08:34:25,790  gsv3.training             INFO     [family_holdout:qnn] epoch 0046  train_log_mse=0.00657  val_log_mse=0.06614  val_mse=0.000484  max_grad=1.28  patience=4/30
2026-10-09 08:36:12,735  gsv3.training             INFO     [family_holdout:qnn] epoch 0047  count_mse=0.0935  count_rel_err_2q=0.218
2026-10-09 08:36:12,736  gsv3.training             INFO     [family_holdout:qnn] epoch 0047  region_bce=0.2157  dist_mse=0.1007  region_overlap=0.838
2026-10-09 08:36:12,738  gsv3.training             INFO     [family_holdout:qnn] epoch 0047  train_log_mse=0.00490  val_log_mse=0.05710  val_mse=0.000463  max_grad=1.22  patience=0/30
2026-10-09 08:37:59,787  gsv3.training             INFO     [family_holdout:qnn] epoch 0048  count_mse=0.0934  count_rel_err_2q=0.217
2026-10-09 08:37:59,788  gsv3.training             INFO     [family_holdout:qnn] epoch 0048  region_bce=0.2138  dist_mse=0.1001  region_overlap=0.839
2026-10-09 08:37:59,788  gsv3.training             INFO     [family_holdout:qnn] epoch 0048  train_log_mse=0.00544  val_log_mse=0.07939  val_mse=0.000483  max_grad=2.08  patience=1/30
2026-10-09 08:39:46,456  gsv3.training             INFO     [family_holdout:qnn] epoch 0049  count_mse=0.0936  count_rel_err_2q=0.216
2026-10-09 08:39:46,457  gsv3.training             INFO     [family_holdout:qnn] epoch 0049  region_bce=0.2124  dist_mse=0.0992  region_overlap=0.840
2026-10-09 08:39:46,457  gsv3.training             INFO     [family_holdout:qnn] epoch 0049  train_log_mse=0.00474  val_log_mse=0.05677  val_mse=0.000471  max_grad=0.99  patience=2/30
2026-10-09 08:41:33,644  gsv3.training             INFO     [family_holdout:qnn] epoch 0050  count_mse=0.0920  count_rel_err_2q=0.215
2026-10-09 08:41:33,645  gsv3.training             INFO     [family_holdout:qnn] epoch 0050  region_bce=0.2106  dist_mse=0.0981  region_overlap=0.842
2026-10-09 08:41:33,645  gsv3.training             INFO     [family_holdout:qnn] epoch 0050  train_log_mse=0.00550  val_log_mse=0.05612  val_mse=0.000507  max_grad=1.42  patience=3/30
2026-10-09 08:43:20,604  gsv3.training             INFO     [family_holdout:qnn] epoch 0051  count_mse=0.0923  count_rel_err_2q=0.215
2026-10-09 08:43:20,605  gsv3.training             INFO     [family_holdout:qnn] epoch 0051  region_bce=0.2083  dist_mse=0.0974  region_overlap=0.843
2026-10-09 08:43:20,605  gsv3.training             INFO     [family_holdout:qnn] epoch 0051  train_log_mse=0.00482  val_log_mse=0.06553  val_mse=0.000531  max_grad=0.97  patience=4/30
2026-10-09 08:45:07,521  gsv3.training             INFO     [family_holdout:qnn] epoch 0052  count_mse=0.0897  count_rel_err_2q=0.215
2026-10-09 08:45:07,521  gsv3.training             INFO     [family_holdout:qnn] epoch 0052  region_bce=0.2058  dist_mse=0.0962  region_overlap=0.844
2026-10-09 08:45:07,521  gsv3.training             INFO     [family_holdout:qnn] epoch 0052  train_log_mse=0.00465  val_log_mse=0.05563  val_mse=0.000473  max_grad=0.89  patience=5/30
2026-10-09 08:46:54,788  gsv3.training             INFO     [family_holdout:qnn] epoch 0053  count_mse=0.0910  count_rel_err_2q=0.215
2026-10-09 08:46:54,789  gsv3.training             INFO     [family_holdout:qnn] epoch 0053  region_bce=0.2069  dist_mse=0.0962  region_overlap=0.844
2026-10-09 08:46:54,789  gsv3.training             INFO     [family_holdout:qnn] epoch 0053  train_log_mse=0.00549  val_log_mse=0.06336  val_mse=0.000518  max_grad=1.86  patience=6/30
2026-10-09 08:48:42,382  gsv3.training             INFO     [family_holdout:qnn] epoch 0054  count_mse=0.0892  count_rel_err_2q=0.213
2026-10-09 08:48:42,382  gsv3.training             INFO     [family_holdout:qnn] epoch 0054  region_bce=0.2023  dist_mse=0.0949  region_overlap=0.847
2026-10-09 08:48:42,384  gsv3.training             INFO     [family_holdout:qnn] epoch 0054  train_log_mse=0.00447  val_log_mse=0.05117  val_mse=0.000439  max_grad=1.28  patience=0/30
2026-10-09 08:50:30,223  gsv3.training             INFO     [family_holdout:qnn] epoch 0055  count_mse=0.0878  count_rel_err_2q=0.212
2026-10-09 08:50:30,224  gsv3.training             INFO     [family_holdout:qnn] epoch 0055  region_bce=0.2001  dist_mse=0.0945  region_overlap=0.848
2026-10-09 08:50:30,224  gsv3.training             INFO     [family_holdout:qnn] epoch 0055  train_log_mse=0.00438  val_log_mse=0.05827  val_mse=0.000507  max_grad=1.15  patience=1/30
2026-10-09 08:52:17,745  gsv3.training             INFO     [family_holdout:qnn] epoch 0056  count_mse=0.0909  count_rel_err_2q=0.214
2026-10-09 08:52:17,745  gsv3.training             INFO     [family_holdout:qnn] epoch 0056  region_bce=0.2037  dist_mse=0.0952  region_overlap=0.846
2026-10-09 08:52:17,745  gsv3.training             INFO     [family_holdout:qnn] epoch 0056  train_log_mse=0.00482  val_log_mse=0.05689  val_mse=0.000451  max_grad=1.80  patience=2/30
2026-10-09 08:54:05,597  gsv3.training             INFO     [family_holdout:qnn] epoch 0057  count_mse=0.0899  count_rel_err_2q=0.214
2026-10-09 08:54:05,598  gsv3.training             INFO     [family_holdout:qnn] epoch 0057  region_bce=0.2050  dist_mse=0.0957  region_overlap=0.845
2026-10-09 08:54:05,598  gsv3.training             INFO     [family_holdout:qnn] epoch 0057  train_log_mse=0.00540  val_log_mse=0.08075  val_mse=0.000514  max_grad=3.54  patience=3/30
2026-10-09 08:55:53,258  gsv3.training             INFO     [family_holdout:qnn] epoch 0058  count_mse=0.0907  count_rel_err_2q=0.213
2026-10-09 08:55:53,258  gsv3.training             INFO     [family_holdout:qnn] epoch 0058  region_bce=0.2033  dist_mse=0.0953  region_overlap=0.846
2026-10-09 08:55:53,260  gsv3.training             INFO     [family_holdout:qnn] epoch 0058  train_log_mse=0.00499  val_log_mse=0.05265  val_mse=0.000414  max_grad=1.47  patience=0/30
2026-10-09 08:57:40,942  gsv3.training             INFO     [family_holdout:qnn] epoch 0059  count_mse=0.0863  count_rel_err_2q=0.213
2026-10-09 08:57:40,943  gsv3.training             INFO     [family_holdout:qnn] epoch 0059  region_bce=0.1967  dist_mse=0.0935  region_overlap=0.850
2026-10-09 08:57:40,943  gsv3.training             INFO     [family_holdout:qnn] epoch 0059  train_log_mse=0.00466  val_log_mse=0.06792  val_mse=0.000526  max_grad=1.01  patience=1/30
2026-10-09 08:59:28,416  gsv3.training             INFO     [family_holdout:qnn] epoch 0060  count_mse=0.0865  count_rel_err_2q=0.213
2026-10-09 08:59:28,417  gsv3.training             INFO     [family_holdout:qnn] epoch 0060  region_bce=0.1976  dist_mse=0.0932  region_overlap=0.850
2026-10-09 08:59:28,417  gsv3.training             INFO     [family_holdout:qnn] epoch 0060  train_log_mse=0.00466  val_log_mse=0.05822  val_mse=0.000430  max_grad=1.26  patience=2/30
2026-10-09 09:01:16,575  gsv3.training             INFO     [family_holdout:qnn] epoch 0061  count_mse=0.0865  count_rel_err_2q=0.212
2026-10-09 09:01:16,575  gsv3.training             INFO     [family_holdout:qnn] epoch 0061  region_bce=0.2001  dist_mse=0.0937  region_overlap=0.848
2026-10-09 09:01:16,575  gsv3.training             INFO     [family_holdout:qnn] epoch 0061  train_log_mse=0.00512  val_log_mse=0.06142  val_mse=0.000461  max_grad=1.16  patience=3/30
2026-10-09 09:02:59,171  gsv3.training             INFO     [family_holdout:qnn] epoch 0062  count_mse=0.0842  count_rel_err_2q=0.211
2026-10-09 09:02:59,172  gsv3.training             INFO     [family_holdout:qnn] epoch 0062  region_bce=0.1934  dist_mse=0.0923  region_overlap=0.852
2026-10-09 09:02:59,172  gsv3.training             INFO     [family_holdout:qnn] epoch 0062  train_log_mse=0.00406  val_log_mse=0.05715  val_mse=0.000441  max_grad=0.91  patience=4/30
2026-10-09 09:04:38,445  gsv3.training             INFO     [family_holdout:qnn] epoch 0063  count_mse=0.0848  count_rel_err_2q=0.212
2026-10-09 09:04:38,445  gsv3.training             INFO     [family_holdout:qnn] epoch 0063  region_bce=0.1944  dist_mse=0.0925  region_overlap=0.852
2026-10-09 09:04:38,445  gsv3.training             INFO     [family_holdout:qnn] epoch 0063  train_log_mse=0.00402  val_log_mse=0.05485  val_mse=0.000470  max_grad=0.69  patience=5/30
2026-10-09 09:06:17,789  gsv3.training             INFO     [family_holdout:qnn] epoch 0064  count_mse=0.0848  count_rel_err_2q=0.211
2026-10-09 09:06:17,790  gsv3.training             INFO     [family_holdout:qnn] epoch 0064  region_bce=0.1928  dist_mse=0.0916  region_overlap=0.852
2026-10-09 09:06:17,791  gsv3.training             INFO     [family_holdout:qnn] epoch 0064  train_log_mse=0.00430  val_log_mse=0.05367  val_mse=0.000413  max_grad=0.91  patience=0/30
2026-10-09 09:07:57,331  gsv3.training             INFO     [family_holdout:qnn] epoch 0065  count_mse=0.0819  count_rel_err_2q=0.208
2026-10-09 09:07:57,332  gsv3.training             INFO     [family_holdout:qnn] epoch 0065  region_bce=0.1914  dist_mse=0.0916  region_overlap=0.853
2026-10-09 09:07:57,332  gsv3.training             INFO     [family_holdout:qnn] epoch 0065  train_log_mse=0.00436  val_log_mse=0.04950  val_mse=0.000435  max_grad=0.88  patience=1/30
2026-10-09 09:09:36,631  gsv3.training             INFO     [family_holdout:qnn] epoch 0066  count_mse=0.0827  count_rel_err_2q=0.210
2026-10-09 09:09:36,631  gsv3.training             INFO     [family_holdout:qnn] epoch 0066  region_bce=0.1881  dist_mse=0.0911  region_overlap=0.856
2026-10-09 09:09:36,631  gsv3.training             INFO     [family_holdout:qnn] epoch 0066  train_log_mse=0.00421  val_log_mse=0.06372  val_mse=0.000426  max_grad=1.03  patience=2/30
2026-10-09 09:11:15,991  gsv3.training             INFO     [family_holdout:qnn] epoch 0067  count_mse=0.0830  count_rel_err_2q=0.210
2026-10-09 09:11:15,992  gsv3.training             INFO     [family_holdout:qnn] epoch 0067  region_bce=0.1891  dist_mse=0.0912  region_overlap=0.855
2026-10-09 09:11:15,992  gsv3.training             INFO     [family_holdout:qnn] epoch 0067  train_log_mse=0.00454  val_log_mse=0.06017  val_mse=0.000446  max_grad=0.83  patience=3/30
2026-10-09 09:12:55,365  gsv3.training             INFO     [family_holdout:qnn] epoch 0068  count_mse=0.0828  count_rel_err_2q=0.210
2026-10-09 09:12:55,366  gsv3.training             INFO     [family_holdout:qnn] epoch 0068  region_bce=0.1908  dist_mse=0.0914  region_overlap=0.854
2026-10-09 09:12:55,366  gsv3.training             INFO     [family_holdout:qnn] epoch 0068  train_log_mse=0.00438  val_log_mse=0.05254  val_mse=0.000434  max_grad=1.37  patience=4/30
2026-10-09 09:14:34,706  gsv3.training             INFO     [family_holdout:qnn] epoch 0069  count_mse=0.0832  count_rel_err_2q=0.211
2026-10-09 09:14:34,707  gsv3.training             INFO     [family_holdout:qnn] epoch 0069  region_bce=0.1872  dist_mse=0.0906  region_overlap=0.856
2026-10-09 09:14:34,709  gsv3.training             INFO     [family_holdout:qnn] epoch 0069  train_log_mse=0.00447  val_log_mse=0.06094  val_mse=0.000402  max_grad=1.34  patience=0/30
2026-10-09 09:16:13,751  gsv3.training             INFO     [family_holdout:qnn] epoch 0070  count_mse=0.0832  count_rel_err_2q=0.210
2026-10-09 09:16:13,751  gsv3.training             INFO     [family_holdout:qnn] epoch 0070  region_bce=0.1853  dist_mse=0.0901  region_overlap=0.857
2026-10-09 09:16:13,751  gsv3.training             INFO     [family_holdout:qnn] epoch 0070  train_log_mse=0.00458  val_log_mse=0.07031  val_mse=0.000420  max_grad=0.88  patience=1/30
2026-10-09 09:17:52,789  gsv3.training             INFO     [family_holdout:qnn] epoch 0071  count_mse=0.0831  count_rel_err_2q=0.212
2026-10-09 09:17:52,790  gsv3.training             INFO     [family_holdout:qnn] epoch 0071  region_bce=0.1867  dist_mse=0.0903  region_overlap=0.856
2026-10-09 09:17:52,790  gsv3.training             INFO     [family_holdout:qnn] epoch 0071  train_log_mse=0.00464  val_log_mse=0.05850  val_mse=0.000434  max_grad=1.04  patience=2/30
2026-10-09 09:19:32,577  gsv3.training             INFO     [family_holdout:qnn] epoch 0072  count_mse=0.0807  count_rel_err_2q=0.209
2026-10-09 09:19:32,578  gsv3.training             INFO     [family_holdout:qnn] epoch 0072  region_bce=0.1849  dist_mse=0.0897  region_overlap=0.857
2026-10-09 09:19:32,578  gsv3.training             INFO     [family_holdout:qnn] epoch 0072  train_log_mse=0.00414  val_log_mse=0.05214  val_mse=0.000415  max_grad=0.81  patience=3/30
2026-10-09 09:21:11,753  gsv3.training             INFO     [family_holdout:qnn] epoch 0073  count_mse=0.0805  count_rel_err_2q=0.208
2026-10-09 09:21:11,754  gsv3.training             INFO     [family_holdout:qnn] epoch 0073  region_bce=0.1827  dist_mse=0.0891  region_overlap=0.859
2026-10-09 09:21:11,754  gsv3.training             INFO     [family_holdout:qnn] epoch 0073  train_log_mse=0.00392  val_log_mse=0.06503  val_mse=0.000463  max_grad=1.12  patience=4/30
2026-10-09 09:22:50,533  gsv3.training             INFO     [family_holdout:qnn] epoch 0074  count_mse=0.0812  count_rel_err_2q=0.212
2026-10-09 09:22:50,533  gsv3.training             INFO     [family_holdout:qnn] epoch 0074  region_bce=0.1820  dist_mse=0.0891  region_overlap=0.859
2026-10-09 09:22:50,533  gsv3.training             INFO     [family_holdout:qnn] epoch 0074  train_log_mse=0.00385  val_log_mse=0.05215  val_mse=0.000414  max_grad=0.62  patience=5/30
2026-10-09 09:24:28,864  gsv3.training             INFO     [family_holdout:qnn] epoch 0075  count_mse=0.0802  count_rel_err_2q=0.211
2026-10-09 09:24:28,865  gsv3.training             INFO     [family_holdout:qnn] epoch 0075  region_bce=0.1818  dist_mse=0.0884  region_overlap=0.860
2026-10-09 09:24:28,865  gsv3.training             INFO     [family_holdout:qnn] epoch 0075  train_log_mse=0.00462  val_log_mse=0.17130  val_mse=0.000488  max_grad=1.69  patience=6/30
2026-10-09 09:26:07,820  gsv3.training             INFO     [family_holdout:qnn] epoch 0076  count_mse=0.0817  count_rel_err_2q=0.211
2026-10-09 09:26:07,821  gsv3.training             INFO     [family_holdout:qnn] epoch 0076  region_bce=0.1836  dist_mse=0.0897  region_overlap=0.858
2026-10-09 09:26:07,821  gsv3.training             INFO     [family_holdout:qnn] epoch 0076  train_log_mse=0.00482  val_log_mse=0.05307  val_mse=0.000439  max_grad=1.83  patience=7/30
2026-10-09 09:27:46,593  gsv3.training             INFO     [family_holdout:qnn] epoch 0077  count_mse=0.0781  count_rel_err_2q=0.209
2026-10-09 09:27:46,593  gsv3.training             INFO     [family_holdout:qnn] epoch 0077  region_bce=0.1800  dist_mse=0.0883  region_overlap=0.860
2026-10-09 09:27:46,593  gsv3.training             INFO     [family_holdout:qnn] epoch 0077  train_log_mse=0.00363  val_log_mse=0.05947  val_mse=0.000414  max_grad=1.21  patience=8/30
2026-10-09 09:29:25,625  gsv3.training             INFO     [family_holdout:qnn] epoch 0078  count_mse=0.0796  count_rel_err_2q=0.212
2026-10-09 09:29:25,625  gsv3.training             INFO     [family_holdout:qnn] epoch 0078  region_bce=0.1772  dist_mse=0.0882  region_overlap=0.862
2026-10-09 09:29:25,625  gsv3.training             INFO     [family_holdout:qnn] epoch 0078  train_log_mse=0.00441  val_log_mse=0.08185  val_mse=0.000465  max_grad=0.82  patience=9/30
2026-10-09 09:31:04,600  gsv3.training             INFO     [family_holdout:qnn] epoch 0079  count_mse=0.0804  count_rel_err_2q=0.214
2026-10-09 09:31:04,600  gsv3.training             INFO     [family_holdout:qnn] epoch 0079  region_bce=0.1764  dist_mse=0.0880  region_overlap=0.862
2026-10-09 09:31:04,602  gsv3.training             INFO     [family_holdout:qnn] epoch 0079  train_log_mse=0.00395  val_log_mse=0.07063  val_mse=0.000396  max_grad=0.99  patience=0/30
2026-10-09 09:32:45,757  gsv3.training             INFO     [family_holdout:qnn] epoch 0080  count_mse=0.0801  count_rel_err_2q=0.213
2026-10-09 09:32:45,758  gsv3.training             INFO     [family_holdout:qnn] epoch 0080  region_bce=0.1776  dist_mse=0.0880  region_overlap=0.862
2026-10-09 09:32:45,758  gsv3.training             INFO     [family_holdout:qnn] epoch 0080  train_log_mse=0.00392  val_log_mse=0.05724  val_mse=0.000487  max_grad=0.63  patience=1/30
2026-10-09 09:34:28,034  gsv3.training             INFO     [family_holdout:qnn] epoch 0081  count_mse=0.0786  count_rel_err_2q=0.211
2026-10-09 09:34:28,035  gsv3.training             INFO     [family_holdout:qnn] epoch 0081  region_bce=0.1753  dist_mse=0.0875  region_overlap=0.863
2026-10-09 09:34:28,037  gsv3.training             INFO     [family_holdout:qnn] epoch 0081  train_log_mse=0.00419  val_log_mse=0.05468  val_mse=0.000374  max_grad=1.37  patience=0/30
2026-10-09 09:36:09,498  gsv3.training             INFO     [family_holdout:qnn] epoch 0082  count_mse=0.0769  count_rel_err_2q=0.208
2026-10-09 09:36:09,499  gsv3.training             INFO     [family_holdout:qnn] epoch 0082  region_bce=0.1731  dist_mse=0.0869  region_overlap=0.865
2026-10-09 09:36:09,499  gsv3.training             INFO     [family_holdout:qnn] epoch 0082  train_log_mse=0.00353  val_log_mse=0.06392  val_mse=0.000443  max_grad=1.02  patience=1/30
2026-10-09 09:37:51,896  gsv3.training             INFO     [family_holdout:qnn] epoch 0083  count_mse=0.0762  count_rel_err_2q=0.209
2026-10-09 09:37:51,896  gsv3.training             INFO     [family_holdout:qnn] epoch 0083  region_bce=0.1728  dist_mse=0.0868  region_overlap=0.865
2026-10-09 09:37:51,896  gsv3.training             INFO     [family_holdout:qnn] epoch 0083  train_log_mse=0.00395  val_log_mse=0.05541  val_mse=0.000381  max_grad=0.85  patience=2/30
2026-10-09 09:39:34,243  gsv3.training             INFO     [family_holdout:qnn] epoch 0084  count_mse=0.0775  count_rel_err_2q=0.211
2026-10-09 09:39:34,244  gsv3.training             INFO     [family_holdout:qnn] epoch 0084  region_bce=0.1716  dist_mse=0.0866  region_overlap=0.865
2026-10-09 09:39:34,244  gsv3.training             INFO     [family_holdout:qnn] epoch 0084  train_log_mse=0.00439  val_log_mse=0.11136  val_mse=0.000459  max_grad=1.50  patience=3/30
2026-10-09 09:41:14,126  gsv3.training             INFO     [family_holdout:qnn] epoch 0085  count_mse=0.0780  count_rel_err_2q=0.210
2026-10-09 09:41:14,127  gsv3.training             INFO     [family_holdout:qnn] epoch 0085  region_bce=0.1749  dist_mse=0.0873  region_overlap=0.864
2026-10-09 09:41:14,127  gsv3.training             INFO     [family_holdout:qnn] epoch 0085  train_log_mse=0.00478  val_log_mse=0.06646  val_mse=0.000414  max_grad=2.08  patience=4/30
2026-10-09 09:42:53,720  gsv3.training             INFO     [family_holdout:qnn] epoch 0086  count_mse=0.0784  count_rel_err_2q=0.212
2026-10-09 09:42:53,721  gsv3.training             INFO     [family_holdout:qnn] epoch 0086  region_bce=0.1706  dist_mse=0.0863  region_overlap=0.866
2026-10-09 09:42:53,721  gsv3.training             INFO     [family_holdout:qnn] epoch 0086  train_log_mse=0.00389  val_log_mse=0.05247  val_mse=0.000396  max_grad=0.59  patience=5/30
2026-10-09 09:44:35,111  gsv3.training             INFO     [family_holdout:qnn] epoch 0087  count_mse=0.0766  count_rel_err_2q=0.211
2026-10-09 09:44:35,112  gsv3.training             INFO     [family_holdout:qnn] epoch 0087  region_bce=0.1702  dist_mse=0.0860  region_overlap=0.867
2026-10-09 09:44:35,114  gsv3.training             INFO     [family_holdout:qnn] epoch 0087  train_log_mse=0.00380  val_log_mse=0.05361  val_mse=0.000362  max_grad=1.36  patience=0/30
2026-10-09 09:46:17,183  gsv3.training             INFO     [family_holdout:qnn] epoch 0088  count_mse=0.0767  count_rel_err_2q=0.211
2026-10-09 09:46:17,183  gsv3.training             INFO     [family_holdout:qnn] epoch 0088  region_bce=0.1700  dist_mse=0.0857  region_overlap=0.867
2026-10-09 09:46:17,183  gsv3.training             INFO     [family_holdout:qnn] epoch 0088  train_log_mse=0.00417  val_log_mse=0.05766  val_mse=0.000394  max_grad=3.33  patience=1/30
2026-10-09 09:48:00,147  gsv3.training             INFO     [family_holdout:qnn] epoch 0089  count_mse=0.0747  count_rel_err_2q=0.210
2026-10-09 09:48:00,147  gsv3.training             INFO     [family_holdout:qnn] epoch 0089  region_bce=0.1685  dist_mse=0.0852  region_overlap=0.868
2026-10-09 09:48:00,147  gsv3.training             INFO     [family_holdout:qnn] epoch 0089  train_log_mse=0.00325  val_log_mse=0.05845  val_mse=0.000371  max_grad=0.52  patience=2/30
2026-10-09 09:49:44,335  gsv3.training             INFO     [family_holdout:qnn] epoch 0090  count_mse=0.0748  count_rel_err_2q=0.210
2026-10-09 09:49:44,336  gsv3.training             INFO     [family_holdout:qnn] epoch 0090  region_bce=0.1657  dist_mse=0.0850  region_overlap=0.869
2026-10-09 09:49:44,336  gsv3.training             INFO     [family_holdout:qnn] epoch 0090  train_log_mse=0.00352  val_log_mse=0.05191  val_mse=0.000389  max_grad=0.54  patience=3/30
2026-10-09 09:51:28,055  gsv3.training             INFO     [family_holdout:qnn] epoch 0091  count_mse=0.0741  count_rel_err_2q=0.209
2026-10-09 09:51:28,055  gsv3.training             INFO     [family_holdout:qnn] epoch 0091  region_bce=0.1656  dist_mse=0.0848  region_overlap=0.870
2026-10-09 09:51:28,055  gsv3.training             INFO     [family_holdout:qnn] epoch 0091  train_log_mse=0.00329  val_log_mse=0.05519  val_mse=0.000409  max_grad=1.32  patience=4/30
2026-10-09 09:53:11,672  gsv3.training             INFO     [family_holdout:qnn] epoch 0092  count_mse=0.0755  count_rel_err_2q=0.213
2026-10-09 09:53:11,672  gsv3.training             INFO     [family_holdout:qnn] epoch 0092  region_bce=0.1680  dist_mse=0.0855  region_overlap=0.868
2026-10-09 09:53:11,672  gsv3.training             INFO     [family_holdout:qnn] epoch 0092  train_log_mse=0.00401  val_log_mse=0.06507  val_mse=0.000408  max_grad=1.35  patience=5/30
2026-10-09 09:54:55,961  gsv3.training             INFO     [family_holdout:qnn] epoch 0093  count_mse=0.0752  count_rel_err_2q=0.209
2026-10-09 09:54:55,961  gsv3.training             INFO     [family_holdout:qnn] epoch 0093  region_bce=0.1642  dist_mse=0.0850  region_overlap=0.870
2026-10-09 09:54:55,961  gsv3.training             INFO     [family_holdout:qnn] epoch 0093  train_log_mse=0.00377  val_log_mse=0.05560  val_mse=0.000393  max_grad=1.09  patience=6/30
2026-10-09 09:56:41,907  gsv3.training             INFO     [family_holdout:qnn] epoch 0094  count_mse=0.0752  count_rel_err_2q=0.211
2026-10-09 09:56:41,907  gsv3.training             INFO     [family_holdout:qnn] epoch 0094  region_bce=0.1638  dist_mse=0.0847  region_overlap=0.870
2026-10-09 09:56:41,907  gsv3.training             INFO     [family_holdout:qnn] epoch 0094  train_log_mse=0.00345  val_log_mse=0.05502  val_mse=0.000379  max_grad=0.79  patience=7/30
2026-10-09 09:58:27,450  gsv3.training             INFO     [family_holdout:qnn] epoch 0095  count_mse=0.0744  count_rel_err_2q=0.209
2026-10-09 09:58:27,451  gsv3.training             INFO     [family_holdout:qnn] epoch 0095  region_bce=0.1627  dist_mse=0.0846  region_overlap=0.871
2026-10-09 09:58:27,451  gsv3.training             INFO     [family_holdout:qnn] epoch 0095  train_log_mse=0.00352  val_log_mse=0.05048  val_mse=0.000367  max_grad=0.78  patience=8/30
2026-10-09 10:00:08,006  gsv3.training             INFO     [family_holdout:qnn] epoch 0096  count_mse=0.0732  count_rel_err_2q=0.210
2026-10-09 10:00:08,006  gsv3.training             INFO     [family_holdout:qnn] epoch 0096  region_bce=0.1596  dist_mse=0.0832  region_overlap=0.873
2026-10-09 10:00:08,006  gsv3.training             INFO     [family_holdout:qnn] epoch 0096  train_log_mse=0.00343  val_log_mse=0.05783  val_mse=0.000378  max_grad=0.84  patience=9/30
2026-10-09 10:01:48,142  gsv3.training             INFO     [family_holdout:qnn] epoch 0097  count_mse=0.0732  count_rel_err_2q=0.209
2026-10-09 10:01:48,143  gsv3.training             INFO     [family_holdout:qnn] epoch 0097  region_bce=0.1620  dist_mse=0.0844  region_overlap=0.872
2026-10-09 10:01:48,143  gsv3.training             INFO     [family_holdout:qnn] epoch 0097  train_log_mse=0.00382  val_log_mse=0.05474  val_mse=0.000372  max_grad=0.94  patience=10/30
2026-10-09 10:03:27,886  gsv3.training             INFO     [family_holdout:qnn] epoch 0098  count_mse=0.0727  count_rel_err_2q=0.209
2026-10-09 10:03:27,887  gsv3.training             INFO     [family_holdout:qnn] epoch 0098  region_bce=0.1595  dist_mse=0.0834  region_overlap=0.873
2026-10-09 10:03:27,887  gsv3.training             INFO     [family_holdout:qnn] epoch 0098  train_log_mse=0.00346  val_log_mse=0.06228  val_mse=0.000366  max_grad=1.45  patience=11/30
2026-10-09 10:05:10,222  gsv3.training             INFO     [family_holdout:qnn] epoch 0099  count_mse=0.0745  count_rel_err_2q=0.211
2026-10-09 10:05:10,223  gsv3.training             INFO     [family_holdout:qnn] epoch 0099  region_bce=0.1605  dist_mse=0.0840  region_overlap=0.872
2026-10-09 10:05:10,223  gsv3.training             INFO     [family_holdout:qnn] epoch 0099  train_log_mse=0.00341  val_log_mse=0.05900  val_mse=0.000485  max_grad=0.72  patience=12/30
2026-10-09 10:06:54,212  gsv3.training             INFO     [family_holdout:qnn] epoch 0100  count_mse=0.0728  count_rel_err_2q=0.210
2026-10-09 10:06:54,213  gsv3.training             INFO     [family_holdout:qnn] epoch 0100  region_bce=0.1601  dist_mse=0.0836  region_overlap=0.873
2026-10-09 10:06:54,213  gsv3.training             INFO     [family_holdout:qnn] epoch 0100  train_log_mse=0.00350  val_log_mse=0.05514  val_mse=0.000380  max_grad=0.87  patience=13/30
2026-10-09 10:08:37,927  gsv3.training             INFO     [family_holdout:qnn] epoch 0101  count_mse=0.0730  count_rel_err_2q=0.212
2026-10-09 10:08:37,927  gsv3.training             INFO     [family_holdout:qnn] epoch 0101  region_bce=0.1569  dist_mse=0.0832  region_overlap=0.874
2026-10-09 10:08:37,927  gsv3.training             INFO     [family_holdout:qnn] epoch 0101  train_log_mse=0.00339  val_log_mse=0.05629  val_mse=0.000380  max_grad=0.69  patience=14/30
2026-10-09 10:10:21,340  gsv3.training             INFO     [family_holdout:qnn] epoch 0102  count_mse=0.0717  count_rel_err_2q=0.211
2026-10-09 10:10:21,341  gsv3.training             INFO     [family_holdout:qnn] epoch 0102  region_bce=0.1574  dist_mse=0.0826  region_overlap=0.875
2026-10-09 10:10:21,341  gsv3.training             INFO     [family_holdout:qnn] epoch 0102  train_log_mse=0.00313  val_log_mse=0.05468  val_mse=0.000378  max_grad=0.81  patience=15/30
2026-10-09 10:12:05,091  gsv3.training             INFO     [family_holdout:qnn] epoch 0103  count_mse=0.0721  count_rel_err_2q=0.212
2026-10-09 10:12:05,091  gsv3.training             INFO     [family_holdout:qnn] epoch 0103  region_bce=0.1543  dist_mse=0.0824  region_overlap=0.876
2026-10-09 10:12:05,091  gsv3.training             INFO     [family_holdout:qnn] epoch 0103  train_log_mse=0.00313  val_log_mse=0.04997  val_mse=0.000392  max_grad=0.64  patience=16/30
2026-10-09 10:13:50,380  gsv3.training             INFO     [family_holdout:qnn] epoch 0104  count_mse=0.0727  count_rel_err_2q=0.214
2026-10-09 10:13:50,382  gsv3.training             INFO     [family_holdout:qnn] epoch 0104  region_bce=0.1558  dist_mse=0.0827  region_overlap=0.875
2026-10-09 10:13:50,384  gsv3.training             INFO     [family_holdout:qnn] epoch 0104  train_log_mse=0.00342  val_log_mse=0.05335  val_mse=0.000361  max_grad=0.59  patience=0/30
2026-10-09 10:15:36,302  gsv3.training             INFO     [family_holdout:qnn] epoch 0105  count_mse=0.0710  count_rel_err_2q=0.213
2026-10-09 10:15:36,304  gsv3.training             INFO     [family_holdout:qnn] epoch 0105  region_bce=0.1528  dist_mse=0.0820  region_overlap=0.878
2026-10-09 10:15:36,304  gsv3.training             INFO     [family_holdout:qnn] epoch 0105  train_log_mse=0.00302  val_log_mse=0.05384  val_mse=0.000363  max_grad=0.54  patience=1/30
2026-10-09 10:17:16,204  gsv3.training             INFO     [family_holdout:qnn] epoch 0106  count_mse=0.0732  count_rel_err_2q=0.210
2026-10-09 10:17:16,205  gsv3.training             INFO     [family_holdout:qnn] epoch 0106  region_bce=0.1549  dist_mse=0.0827  region_overlap=0.876
2026-10-09 10:17:16,205  gsv3.training             INFO     [family_holdout:qnn] epoch 0106  train_log_mse=0.00352  val_log_mse=0.06558  val_mse=0.000455  max_grad=0.63  patience=2/30
2026-10-09 10:18:56,322  gsv3.training             INFO     [family_holdout:qnn] epoch 0107  count_mse=0.0696  count_rel_err_2q=0.211
2026-10-09 10:18:56,323  gsv3.training             INFO     [family_holdout:qnn] epoch 0107  region_bce=0.1544  dist_mse=0.0822  region_overlap=0.876
2026-10-09 10:18:56,323  gsv3.training             INFO     [family_holdout:qnn] epoch 0107  train_log_mse=0.00327  val_log_mse=0.06072  val_mse=0.000374  max_grad=1.00  patience=3/30
2026-10-09 10:20:37,790  gsv3.training             INFO     [family_holdout:qnn] epoch 0108  count_mse=0.0707  count_rel_err_2q=0.211
2026-10-09 10:20:37,791  gsv3.training             INFO     [family_holdout:qnn] epoch 0108  region_bce=0.1514  dist_mse=0.0819  region_overlap=0.878
2026-10-09 10:20:37,793  gsv3.training             INFO     [family_holdout:qnn] epoch 0108  train_log_mse=0.00366  val_log_mse=0.05278  val_mse=0.000360  max_grad=0.91  patience=0/30
2026-10-09 10:22:19,006  gsv3.training             INFO     [family_holdout:qnn] epoch 0109  count_mse=0.0701  count_rel_err_2q=0.211
2026-10-09 10:22:19,007  gsv3.training             INFO     [family_holdout:qnn] epoch 0109  region_bce=0.1520  dist_mse=0.0817  region_overlap=0.878
2026-10-09 10:22:19,007  gsv3.training             INFO     [family_holdout:qnn] epoch 0109  train_log_mse=0.00294  val_log_mse=0.05481  val_mse=0.000405  max_grad=0.56  patience=1/30
2026-10-09 10:24:01,800  gsv3.training             INFO     [family_holdout:qnn] epoch 0110  count_mse=0.0703  count_rel_err_2q=0.213
2026-10-09 10:24:01,801  gsv3.training             INFO     [family_holdout:qnn] epoch 0110  region_bce=0.1530  dist_mse=0.0822  region_overlap=0.878
2026-10-09 10:24:01,801  gsv3.training             INFO     [family_holdout:qnn] epoch 0110  train_log_mse=0.00351  val_log_mse=0.14069  val_mse=0.000361  max_grad=1.19  patience=2/30
2026-10-09 10:25:44,869  gsv3.training             INFO     [family_holdout:qnn] epoch 0111  count_mse=0.0712  count_rel_err_2q=0.211
2026-10-09 10:25:44,870  gsv3.training             INFO     [family_holdout:qnn] epoch 0111  region_bce=0.1526  dist_mse=0.0820  region_overlap=0.877
2026-10-09 10:25:44,870  gsv3.training             INFO     [family_holdout:qnn] epoch 0111  train_log_mse=0.00353  val_log_mse=0.06850  val_mse=0.000491  max_grad=4.55  patience=3/30
2026-10-09 10:27:25,443  gsv3.training             INFO     [family_holdout:qnn] epoch 0112  count_mse=0.0704  count_rel_err_2q=0.212
2026-10-09 10:27:25,444  gsv3.training             INFO     [family_holdout:qnn] epoch 0112  region_bce=0.1532  dist_mse=0.0819  region_overlap=0.877
2026-10-09 10:27:25,444  gsv3.training             INFO     [family_holdout:qnn] epoch 0112  train_log_mse=0.00347  val_log_mse=0.05640  val_mse=0.000429  max_grad=2.91  patience=4/30
2026-10-09 10:29:05,106  gsv3.training             INFO     [family_holdout:qnn] epoch 0113  count_mse=0.0703  count_rel_err_2q=0.213
2026-10-09 10:29:05,107  gsv3.training             INFO     [family_holdout:qnn] epoch 0113  region_bce=0.1508  dist_mse=0.0817  region_overlap=0.879
2026-10-09 10:29:05,108  gsv3.training             INFO     [family_holdout:qnn] epoch 0113  train_log_mse=0.00335  val_log_mse=0.20261  val_mse=0.000347  max_grad=1.69  patience=0/30
2026-10-09 10:30:44,933  gsv3.training             INFO     [family_holdout:qnn] epoch 0114  count_mse=0.0712  count_rel_err_2q=0.214
2026-10-09 10:30:44,934  gsv3.training             INFO     [family_holdout:qnn] epoch 0114  region_bce=0.1504  dist_mse=0.0819  region_overlap=0.879
2026-10-09 10:30:44,934  gsv3.training             INFO     [family_holdout:qnn] epoch 0114  train_log_mse=0.00409  val_log_mse=0.05139  val_mse=0.000367  max_grad=4.48  patience=1/30
2026-10-09 10:32:24,448  gsv3.training             INFO     [family_holdout:qnn] epoch 0115  count_mse=0.0695  count_rel_err_2q=0.214
2026-10-09 10:32:24,451  gsv3.training             INFO     [family_holdout:qnn] epoch 0115  region_bce=0.1453  dist_mse=0.0809  region_overlap=0.882
2026-10-09 10:32:24,451  gsv3.training             INFO     [family_holdout:qnn] epoch 0115  train_log_mse=0.00281  val_log_mse=0.05338  val_mse=0.000348  max_grad=0.65  patience=2/30
2026-10-09 10:34:03,289  gsv3.training             INFO     [family_holdout:qnn] epoch 0116  count_mse=0.0691  count_rel_err_2q=0.212
2026-10-09 10:34:03,290  gsv3.training             INFO     [family_holdout:qnn] epoch 0116  region_bce=0.1456  dist_mse=0.0805  region_overlap=0.882
2026-10-09 10:34:03,290  gsv3.training             INFO     [family_holdout:qnn] epoch 0116  train_log_mse=0.00297  val_log_mse=0.05492  val_mse=0.000367  max_grad=0.59  patience=3/30
2026-10-09 10:35:42,669  gsv3.training             INFO     [family_holdout:qnn] epoch 0117  count_mse=0.0691  count_rel_err_2q=0.214
2026-10-09 10:35:42,670  gsv3.training             INFO     [family_holdout:qnn] epoch 0117  region_bce=0.1478  dist_mse=0.0809  region_overlap=0.880
2026-10-09 10:35:42,670  gsv3.training             INFO     [family_holdout:qnn] epoch 0117  train_log_mse=0.00316  val_log_mse=0.05719  val_mse=0.000357  max_grad=0.86  patience=4/30
2026-10-09 10:37:21,996  gsv3.training             INFO     [family_holdout:qnn] epoch 0118  count_mse=0.0700  count_rel_err_2q=0.212
2026-10-09 10:37:21,996  gsv3.training             INFO     [family_holdout:qnn] epoch 0118  region_bce=0.1488  dist_mse=0.0811  region_overlap=0.880
2026-10-09 10:37:21,996  gsv3.training             INFO     [family_holdout:qnn] epoch 0118  train_log_mse=0.00331  val_log_mse=0.05452  val_mse=0.000391  max_grad=1.46  patience=5/30
2026-10-09 10:39:02,139  gsv3.training             INFO     [family_holdout:qnn] epoch 0119  count_mse=0.0695  count_rel_err_2q=0.212
2026-10-09 10:39:02,140  gsv3.training             INFO     [family_holdout:qnn] epoch 0119  region_bce=0.1452  dist_mse=0.0806  region_overlap=0.882
2026-10-09 10:39:02,140  gsv3.training             INFO     [family_holdout:qnn] epoch 0119  train_log_mse=0.00349  val_log_mse=0.05263  val_mse=0.000370  max_grad=1.50  patience=6/30
2026-10-09 10:40:41,653  gsv3.training             INFO     [family_holdout:qnn] epoch 0120  count_mse=0.0699  count_rel_err_2q=0.213
2026-10-09 10:40:41,654  gsv3.training             INFO     [family_holdout:qnn] epoch 0120  region_bce=0.1452  dist_mse=0.0807  region_overlap=0.882
2026-10-09 10:40:41,656  gsv3.training             INFO     [family_holdout:qnn] epoch 0120  train_log_mse=0.00324  val_log_mse=0.05447  val_mse=0.000340  max_grad=0.59  patience=0/30
2026-10-09 10:42:21,407  gsv3.training             INFO     [family_holdout:qnn] epoch 0121  count_mse=0.0682  count_rel_err_2q=0.214
2026-10-09 10:42:21,408  gsv3.training             INFO     [family_holdout:qnn] epoch 0121  region_bce=0.1428  dist_mse=0.0799  region_overlap=0.883
2026-10-09 10:42:21,408  gsv3.training             INFO     [family_holdout:qnn] epoch 0121  train_log_mse=0.00288  val_log_mse=0.05605  val_mse=0.000353  max_grad=0.49  patience=1/30
2026-10-09 10:44:01,817  gsv3.training             INFO     [family_holdout:qnn] epoch 0122  count_mse=0.0696  count_rel_err_2q=0.213
2026-10-09 10:44:01,817  gsv3.training             INFO     [family_holdout:qnn] epoch 0122  region_bce=0.1475  dist_mse=0.0809  region_overlap=0.881
2026-10-09 10:44:01,818  gsv3.training             INFO     [family_holdout:qnn] epoch 0122  train_log_mse=0.00387  val_log_mse=0.05738  val_mse=0.000395  max_grad=1.54  patience=2/30
2026-10-09 10:45:44,486  gsv3.training             INFO     [family_holdout:qnn] epoch 0123  count_mse=0.0707  count_rel_err_2q=0.215
2026-10-09 10:45:44,487  gsv3.training             INFO     [family_holdout:qnn] epoch 0123  region_bce=0.1472  dist_mse=0.0813  region_overlap=0.881
2026-10-09 10:45:44,487  gsv3.training             INFO     [family_holdout:qnn] epoch 0123  train_log_mse=0.00358  val_log_mse=0.07413  val_mse=0.000443  max_grad=1.29  patience=3/30
2026-10-09 10:47:27,978  gsv3.training             INFO     [family_holdout:qnn] epoch 0124  count_mse=0.0670  count_rel_err_2q=0.213
2026-10-09 10:47:27,978  gsv3.training             INFO     [family_holdout:qnn] epoch 0124  region_bce=0.1462  dist_mse=0.0807  region_overlap=0.882
2026-10-09 10:47:27,978  gsv3.training             INFO     [family_holdout:qnn] epoch 0124  train_log_mse=0.00316  val_log_mse=0.06368  val_mse=0.000350  max_grad=1.33  patience=4/30
2026-10-09 10:49:12,243  gsv3.training             INFO     [family_holdout:qnn] epoch 0125  count_mse=0.0691  count_rel_err_2q=0.214
2026-10-09 10:49:12,244  gsv3.training             INFO     [family_holdout:qnn] epoch 0125  region_bce=0.1441  dist_mse=0.0812  region_overlap=0.883
2026-10-09 10:49:12,244  gsv3.training             INFO     [family_holdout:qnn] epoch 0125  train_log_mse=0.00343  val_log_mse=0.06071  val_mse=0.000358  max_grad=40.22  patience=5/30
2026-10-09 10:50:56,599  gsv3.training             INFO     [family_holdout:qnn] epoch 0126  count_mse=0.0667  count_rel_err_2q=0.211
2026-10-09 10:50:56,599  gsv3.training             INFO     [family_holdout:qnn] epoch 0126  region_bce=0.1399  dist_mse=0.0792  region_overlap=0.885
2026-10-09 10:50:56,600  gsv3.training             INFO     [family_holdout:qnn] epoch 0126  train_log_mse=0.00264  val_log_mse=0.04937  val_mse=0.000345  max_grad=0.64  patience=6/30
2026-10-09 10:52:42,225  gsv3.training             INFO     [family_holdout:qnn] epoch 0127  count_mse=0.0687  count_rel_err_2q=0.214
2026-10-09 10:52:42,225  gsv3.training             INFO     [family_holdout:qnn] epoch 0127  region_bce=0.1440  dist_mse=0.0805  region_overlap=0.883
2026-10-09 10:52:42,225  gsv3.training             INFO     [family_holdout:qnn] epoch 0127  train_log_mse=0.00345  val_log_mse=0.06265  val_mse=0.000365  max_grad=2.44  patience=7/30
2026-10-09 10:54:27,194  gsv3.training             INFO     [family_holdout:qnn] epoch 0128  count_mse=0.0675  count_rel_err_2q=0.212
2026-10-09 10:54:27,195  gsv3.training             INFO     [family_holdout:qnn] epoch 0128  region_bce=0.1397  dist_mse=0.0796  region_overlap=0.886
2026-10-09 10:54:27,197  gsv3.training             INFO     [family_holdout:qnn] epoch 0128  train_log_mse=0.00297  val_log_mse=0.05333  val_mse=0.000337  max_grad=0.64  patience=0/30
2026-10-09 10:56:07,171  gsv3.training             INFO     [family_holdout:qnn] epoch 0129  count_mse=0.0668  count_rel_err_2q=0.213
2026-10-09 10:56:07,172  gsv3.training             INFO     [family_holdout:qnn] epoch 0129  region_bce=0.1421  dist_mse=0.0795  region_overlap=0.884
2026-10-09 10:56:07,174  gsv3.training             INFO     [family_holdout:qnn] epoch 0129  train_log_mse=0.00328  val_log_mse=0.05091  val_mse=0.000333  max_grad=1.50  patience=0/30
2026-10-09 10:57:46,504  gsv3.training             INFO     [family_holdout:qnn] epoch 0130  count_mse=0.0663  count_rel_err_2q=0.214
2026-10-09 10:57:46,504  gsv3.training             INFO     [family_holdout:qnn] epoch 0130  region_bce=0.1375  dist_mse=0.0788  region_overlap=0.887
2026-10-09 10:57:46,504  gsv3.training             INFO     [family_holdout:qnn] epoch 0130  train_log_mse=0.00291  val_log_mse=0.05462  val_mse=0.000403  max_grad=0.72  patience=1/30
2026-10-09 10:59:26,199  gsv3.training             INFO     [family_holdout:qnn] epoch 0131  count_mse=0.0657  count_rel_err_2q=0.212
2026-10-09 10:59:26,199  gsv3.training             INFO     [family_holdout:qnn] epoch 0131  region_bce=0.1397  dist_mse=0.0790  region_overlap=0.886
2026-10-09 10:59:26,199  gsv3.training             INFO     [family_holdout:qnn] epoch 0131  train_log_mse=0.00330  val_log_mse=0.06332  val_mse=0.000357  max_grad=1.29  patience=2/30
2026-10-09 11:01:05,924  gsv3.training             INFO     [family_holdout:qnn] epoch 0132  count_mse=0.0661  count_rel_err_2q=0.214
2026-10-09 11:01:05,925  gsv3.training             INFO     [family_holdout:qnn] epoch 0132  region_bce=0.1386  dist_mse=0.0793  region_overlap=0.887
2026-10-09 11:01:05,925  gsv3.training             INFO     [family_holdout:qnn] epoch 0132  train_log_mse=0.00332  val_log_mse=0.05267  val_mse=0.000367  max_grad=1.80  patience=3/30
2026-10-09 11:02:45,889  gsv3.training             INFO     [family_holdout:qnn] epoch 0133  count_mse=0.0672  count_rel_err_2q=0.215
2026-10-09 11:02:45,890  gsv3.training             INFO     [family_holdout:qnn] epoch 0133  region_bce=0.1340  dist_mse=0.0783  region_overlap=0.889
2026-10-09 11:02:45,890  gsv3.training             INFO     [family_holdout:qnn] epoch 0133  train_log_mse=0.00282  val_log_mse=0.05870  val_mse=0.000361  max_grad=0.72  patience=4/30
2026-10-09 11:04:25,767  gsv3.training             INFO     [family_holdout:qnn] epoch 0134  count_mse=0.0658  count_rel_err_2q=0.215
2026-10-09 11:04:25,768  gsv3.training             INFO     [family_holdout:qnn] epoch 0134  region_bce=0.1376  dist_mse=0.0790  region_overlap=0.887
2026-10-09 11:04:25,768  gsv3.training             INFO     [family_holdout:qnn] epoch 0134  train_log_mse=0.00296  val_log_mse=0.06639  val_mse=0.000358  max_grad=6.57  patience=5/30
2026-10-09 11:06:05,541  gsv3.training             INFO     [family_holdout:qnn] epoch 0135  count_mse=0.0665  count_rel_err_2q=0.216
2026-10-09 11:06:05,542  gsv3.training             INFO     [family_holdout:qnn] epoch 0135  region_bce=0.1360  dist_mse=0.0788  region_overlap=0.888
2026-10-09 11:06:05,542  gsv3.training             INFO     [family_holdout:qnn] epoch 0135  train_log_mse=0.00312  val_log_mse=0.07129  val_mse=0.000338  max_grad=6.24  patience=6/30
2026-10-09 11:07:43,598  gsv3.training             INFO     [family_holdout:qnn] epoch 0136  count_mse=0.0676  count_rel_err_2q=0.215
2026-10-09 11:07:43,599  gsv3.training             INFO     [family_holdout:qnn] epoch 0136  region_bce=0.1371  dist_mse=0.0787  region_overlap=0.887
2026-10-09 11:07:43,599  gsv3.training             INFO     [family_holdout:qnn] epoch 0136  train_log_mse=0.00294  val_log_mse=0.07145  val_mse=0.000333  max_grad=1.07  patience=7/30
2026-10-09 11:09:23,735  gsv3.training             INFO     [family_holdout:qnn] epoch 0137  count_mse=0.0664  count_rel_err_2q=0.215
2026-10-09 11:09:23,735  gsv3.training             INFO     [family_holdout:qnn] epoch 0137  region_bce=0.1364  dist_mse=0.0786  region_overlap=0.887
2026-10-09 11:09:23,735  gsv3.training             INFO     [family_holdout:qnn] epoch 0137  train_log_mse=0.00282  val_log_mse=0.05843  val_mse=0.000387  max_grad=0.59  patience=8/30
2026-10-09 11:11:03,448  gsv3.training             INFO     [family_holdout:qnn] epoch 0138  count_mse=0.0656  count_rel_err_2q=0.215
2026-10-09 11:11:03,449  gsv3.training             INFO     [family_holdout:qnn] epoch 0138  region_bce=0.1335  dist_mse=0.0776  region_overlap=0.889
2026-10-09 11:11:03,449  gsv3.training             INFO     [family_holdout:qnn] epoch 0138  train_log_mse=0.00279  val_log_mse=0.05181  val_mse=0.000349  max_grad=1.14  patience=9/30
2026-10-09 11:12:42,739  gsv3.training             INFO     [family_holdout:qnn] epoch 0139  count_mse=0.0652  count_rel_err_2q=0.216
2026-10-09 11:12:42,740  gsv3.training             INFO     [family_holdout:qnn] epoch 0139  region_bce=0.1317  dist_mse=0.0771  region_overlap=0.891
2026-10-09 11:12:42,740  gsv3.training             INFO     [family_holdout:qnn] epoch 0139  train_log_mse=0.00265  val_log_mse=0.05428  val_mse=0.000346  max_grad=0.68  patience=10/30
2026-10-09 11:14:20,333  gsv3.training             INFO     [family_holdout:qnn] epoch 0140  count_mse=0.0666  count_rel_err_2q=0.215
2026-10-09 11:14:20,333  gsv3.training             INFO     [family_holdout:qnn] epoch 0140  region_bce=0.1336  dist_mse=0.0780  region_overlap=0.890
2026-10-09 11:14:20,333  gsv3.training             INFO     [family_holdout:qnn] epoch 0140  train_log_mse=0.00301  val_log_mse=0.05205  val_mse=0.000364  max_grad=0.85  patience=11/30
2026-10-09 11:15:59,951  gsv3.training             INFO     [family_holdout:qnn] epoch 0141  count_mse=0.0654  count_rel_err_2q=0.214
2026-10-09 11:15:59,952  gsv3.training             INFO     [family_holdout:qnn] epoch 0141  region_bce=0.1343  dist_mse=0.0781  region_overlap=0.889
2026-10-09 11:15:59,952  gsv3.training             INFO     [family_holdout:qnn] epoch 0141  train_log_mse=0.00290  val_log_mse=0.05226  val_mse=0.000340  max_grad=0.74  patience=12/30
2026-10-09 11:17:39,593  gsv3.training             INFO     [family_holdout:qnn] epoch 0142  count_mse=0.0658  count_rel_err_2q=0.214
2026-10-09 11:17:39,593  gsv3.training             INFO     [family_holdout:qnn] epoch 0142  region_bce=0.1335  dist_mse=0.0780  region_overlap=0.890
2026-10-09 11:17:39,593  gsv3.training             INFO     [family_holdout:qnn] epoch 0142  train_log_mse=0.00282  val_log_mse=0.06082  val_mse=0.000369  max_grad=0.54  patience=13/30
2026-10-09 11:19:19,104  gsv3.training             INFO     [family_holdout:qnn] epoch 0143  count_mse=0.0651  count_rel_err_2q=0.214
2026-10-09 11:19:19,105  gsv3.training             INFO     [family_holdout:qnn] epoch 0143  region_bce=0.1290  dist_mse=0.0770  region_overlap=0.892
2026-10-09 11:19:19,105  gsv3.training             INFO     [family_holdout:qnn] epoch 0143  train_log_mse=0.00259  val_log_mse=0.06025  val_mse=0.000418  max_grad=0.50  patience=14/30
2026-10-09 11:20:59,662  gsv3.training             INFO     [family_holdout:qnn] epoch 0144  count_mse=0.0645  count_rel_err_2q=0.216
2026-10-09 11:20:59,663  gsv3.training             INFO     [family_holdout:qnn] epoch 0144  region_bce=0.1301  dist_mse=0.0769  region_overlap=0.892
2026-10-09 11:20:59,663  gsv3.training             INFO     [family_holdout:qnn] epoch 0144  train_log_mse=0.00285  val_log_mse=0.06166  val_mse=0.000363  max_grad=0.64  patience=15/30
2026-10-09 11:22:39,763  gsv3.training             INFO     [family_holdout:qnn] epoch 0145  count_mse=0.0651  count_rel_err_2q=0.215
2026-10-09 11:22:39,764  gsv3.training             INFO     [family_holdout:qnn] epoch 0145  region_bce=0.1313  dist_mse=0.0774  region_overlap=0.891
2026-10-09 11:22:39,764  gsv3.training             INFO     [family_holdout:qnn] epoch 0145  train_log_mse=0.00296  val_log_mse=0.05078  val_mse=0.000355  max_grad=0.74  patience=16/30
2026-10-09 11:24:19,733  gsv3.training             INFO     [family_holdout:qnn] epoch 0146  count_mse=0.0651  count_rel_err_2q=0.215
2026-10-09 11:24:19,733  gsv3.training             INFO     [family_holdout:qnn] epoch 0146  region_bce=0.1284  dist_mse=0.0771  region_overlap=0.893
2026-10-09 11:24:19,733  gsv3.training             INFO     [family_holdout:qnn] epoch 0146  train_log_mse=0.00288  val_log_mse=0.05204  val_mse=0.000354  max_grad=0.70  patience=17/30
2026-10-09 11:25:59,427  gsv3.training             INFO     [family_holdout:qnn] epoch 0147  count_mse=0.0639  count_rel_err_2q=0.213
2026-10-09 11:25:59,428  gsv3.training             INFO     [family_holdout:qnn] epoch 0147  region_bce=0.1292  dist_mse=0.0768  region_overlap=0.892
2026-10-09 11:25:59,428  gsv3.training             INFO     [family_holdout:qnn] epoch 0147  train_log_mse=0.00244  val_log_mse=0.05104  val_mse=0.000368  max_grad=0.56  patience=18/30
2026-10-09 11:27:39,449  gsv3.training             INFO     [family_holdout:qnn] epoch 0148  count_mse=0.0646  count_rel_err_2q=0.214
2026-10-09 11:27:39,450  gsv3.training             INFO     [family_holdout:qnn] epoch 0148  region_bce=0.1325  dist_mse=0.0774  region_overlap=0.890
2026-10-09 11:27:39,450  gsv3.training             INFO     [family_holdout:qnn] epoch 0148  train_log_mse=0.00339  val_log_mse=0.06407  val_mse=0.000358  max_grad=1.14  patience=19/30
2026-10-09 11:29:19,420  gsv3.training             INFO     [family_holdout:qnn] epoch 0149  count_mse=0.0647  count_rel_err_2q=0.214
2026-10-09 11:29:19,421  gsv3.training             INFO     [family_holdout:qnn] epoch 0149  region_bce=0.1304  dist_mse=0.0776  region_overlap=0.891
2026-10-09 11:29:19,421  gsv3.training             INFO     [family_holdout:qnn] epoch 0149  train_log_mse=0.00317  val_log_mse=0.05208  val_mse=0.000364  max_grad=0.86  patience=20/30
2026-10-09 11:30:59,317  gsv3.training             INFO     [family_holdout:qnn] epoch 0150  count_mse=0.0652  count_rel_err_2q=0.212
2026-10-09 11:30:59,318  gsv3.training             INFO     [family_holdout:qnn] epoch 0150  region_bce=0.1270  dist_mse=0.0763  region_overlap=0.893
2026-10-09 11:30:59,318  gsv3.training             INFO     [family_holdout:qnn] epoch 0150  train_log_mse=0.00252  val_log_mse=0.05747  val_mse=0.000354  max_grad=0.53  patience=21/30
2026-10-09 11:32:38,786  gsv3.training             INFO     [family_holdout:qnn] epoch 0151  count_mse=0.0629  count_rel_err_2q=0.213
2026-10-09 11:32:38,787  gsv3.training             INFO     [family_holdout:qnn] epoch 0151  region_bce=0.1275  dist_mse=0.0765  region_overlap=0.893
2026-10-09 11:32:38,787  gsv3.training             INFO     [family_holdout:qnn] epoch 0151  train_log_mse=0.00284  val_log_mse=0.05341  val_mse=0.000339  max_grad=0.68  patience=22/30
2026-10-09 11:34:18,993  gsv3.training             INFO     [family_holdout:qnn] epoch 0152  count_mse=0.0641  count_rel_err_2q=0.215
2026-10-09 11:34:18,994  gsv3.training             INFO     [family_holdout:qnn] epoch 0152  region_bce=0.1278  dist_mse=0.0766  region_overlap=0.893
2026-10-09 11:34:18,994  gsv3.training             INFO     [family_holdout:qnn] epoch 0152  train_log_mse=0.00277  val_log_mse=0.06067  val_mse=0.000365  max_grad=1.17  patience=23/30
2026-10-09 11:35:59,091  gsv3.training             INFO     [family_holdout:qnn] epoch 0153  count_mse=0.0637  count_rel_err_2q=0.215
2026-10-09 11:35:59,092  gsv3.training             INFO     [family_holdout:qnn] epoch 0153  region_bce=0.1294  dist_mse=0.0770  region_overlap=0.892
2026-10-09 11:35:59,092  gsv3.training             INFO     [family_holdout:qnn] epoch 0153  train_log_mse=0.00253  val_log_mse=0.05571  val_mse=0.000377  max_grad=1.72  patience=24/30
2026-10-09 11:37:39,124  gsv3.training             INFO     [family_holdout:qnn] epoch 0154  count_mse=0.0620  count_rel_err_2q=0.213
2026-10-09 11:37:39,125  gsv3.training             INFO     [family_holdout:qnn] epoch 0154  region_bce=0.1253  dist_mse=0.0758  region_overlap=0.895
2026-10-09 11:37:39,125  gsv3.training             INFO     [family_holdout:qnn] epoch 0154  train_log_mse=0.00279  val_log_mse=0.06418  val_mse=0.000403  max_grad=0.63  patience=25/30
2026-10-09 11:39:19,381  gsv3.training             INFO     [family_holdout:qnn] epoch 0155  count_mse=0.0632  count_rel_err_2q=0.213
2026-10-09 11:39:19,382  gsv3.training             INFO     [family_holdout:qnn] epoch 0155  region_bce=0.1261  dist_mse=0.0761  region_overlap=0.894
2026-10-09 11:39:19,384  gsv3.training             INFO     [family_holdout:qnn] epoch 0155  train_log_mse=0.00269  val_log_mse=0.05032  val_mse=0.000331  max_grad=0.49  patience=0/30
2026-10-09 11:40:59,926  gsv3.training             INFO     [family_holdout:qnn] epoch 0156  count_mse=0.0626  count_rel_err_2q=0.215
2026-10-09 11:40:59,927  gsv3.training             INFO     [family_holdout:qnn] epoch 0156  region_bce=0.1232  dist_mse=0.0758  region_overlap=0.896
2026-10-09 11:40:59,927  gsv3.training             INFO     [family_holdout:qnn] epoch 0156  train_log_mse=0.00265  val_log_mse=0.05430  val_mse=0.000347  max_grad=0.56  patience=1/30
2026-10-09 11:42:40,201  gsv3.training             INFO     [family_holdout:qnn] epoch 0157  count_mse=0.0636  count_rel_err_2q=0.214
2026-10-09 11:42:40,202  gsv3.training             INFO     [family_holdout:qnn] epoch 0157  region_bce=0.1234  dist_mse=0.0760  region_overlap=0.896
2026-10-09 11:42:40,202  gsv3.training             INFO     [family_holdout:qnn] epoch 0157  train_log_mse=0.00276  val_log_mse=0.05550  val_mse=0.000406  max_grad=0.64  patience=2/30
2026-10-09 11:44:21,396  gsv3.training             INFO     [family_holdout:qnn] epoch 0158  count_mse=0.0634  count_rel_err_2q=0.215
2026-10-09 11:44:21,396  gsv3.training             INFO     [family_holdout:qnn] epoch 0158  region_bce=0.1225  dist_mse=0.0757  region_overlap=0.896
2026-10-09 11:44:21,396  gsv3.training             INFO     [family_holdout:qnn] epoch 0158  train_log_mse=0.00271  val_log_mse=0.05256  val_mse=0.000333  max_grad=0.68  patience=3/30
2026-10-09 11:46:01,597  gsv3.training             INFO     [family_holdout:qnn] epoch 0159  count_mse=0.0628  count_rel_err_2q=0.214
2026-10-09 11:46:01,597  gsv3.training             INFO     [family_holdout:qnn] epoch 0159  region_bce=0.1251  dist_mse=0.0762  region_overlap=0.895
2026-10-09 11:46:01,597  gsv3.training             INFO     [family_holdout:qnn] epoch 0159  train_log_mse=0.00272  val_log_mse=0.05752  val_mse=0.000335  max_grad=0.73  patience=4/30
2026-10-09 11:47:41,577  gsv3.training             INFO     [family_holdout:qnn] epoch 0160  count_mse=0.0620  count_rel_err_2q=0.215
2026-10-09 11:47:41,578  gsv3.training             INFO     [family_holdout:qnn] epoch 0160  region_bce=0.1236  dist_mse=0.0756  region_overlap=0.896
2026-10-09 11:47:41,578  gsv3.training             INFO     [family_holdout:qnn] epoch 0160  train_log_mse=0.00309  val_log_mse=0.06696  val_mse=0.000386  max_grad=0.97  patience=5/30
2026-10-09 11:49:22,244  gsv3.training             INFO     [family_holdout:qnn] epoch 0161  count_mse=0.0622  count_rel_err_2q=0.215
2026-10-09 11:49:22,245  gsv3.training             INFO     [family_holdout:qnn] epoch 0161  region_bce=0.1229  dist_mse=0.0759  region_overlap=0.896
2026-10-09 11:49:22,245  gsv3.training             INFO     [family_holdout:qnn] epoch 0161  train_log_mse=0.00275  val_log_mse=0.04928  val_mse=0.000331  max_grad=0.47  patience=6/30
2026-10-09 11:51:02,284  gsv3.training             INFO     [family_holdout:qnn] epoch 0162  count_mse=0.0617  count_rel_err_2q=0.215
2026-10-09 11:51:02,285  gsv3.training             INFO     [family_holdout:qnn] epoch 0162  region_bce=0.1179  dist_mse=0.0745  region_overlap=0.899
2026-10-09 11:51:02,287  gsv3.training             INFO     [family_holdout:qnn] epoch 0162  train_log_mse=0.00219  val_log_mse=0.05180  val_mse=0.000327  max_grad=0.34  patience=0/30
2026-10-09 11:52:41,896  gsv3.training             INFO     [family_holdout:qnn] epoch 0163  count_mse=0.0637  count_rel_err_2q=0.214
2026-10-09 11:52:41,897  gsv3.training             INFO     [family_holdout:qnn] epoch 0163  region_bce=0.1207  dist_mse=0.0751  region_overlap=0.897
2026-10-09 11:52:41,897  gsv3.training             INFO     [family_holdout:qnn] epoch 0163  train_log_mse=0.00251  val_log_mse=0.05059  val_mse=0.000329  max_grad=0.60  patience=1/30
2026-10-09 11:54:21,881  gsv3.training             INFO     [family_holdout:qnn] epoch 0164  count_mse=0.0614  count_rel_err_2q=0.215
2026-10-09 11:54:21,882  gsv3.training             INFO     [family_holdout:qnn] epoch 0164  region_bce=0.1188  dist_mse=0.0741  region_overlap=0.899
2026-10-09 11:54:21,882  gsv3.training             INFO     [family_holdout:qnn] epoch 0164  train_log_mse=0.00245  val_log_mse=0.04834  val_mse=0.000332  max_grad=0.45  patience=2/30
2026-10-09 11:56:01,734  gsv3.training             INFO     [family_holdout:qnn] epoch 0165  count_mse=0.0626  count_rel_err_2q=0.216
2026-10-09 11:56:01,735  gsv3.training             INFO     [family_holdout:qnn] epoch 0165  region_bce=0.1225  dist_mse=0.0754  region_overlap=0.897
2026-10-09 11:56:01,735  gsv3.training             INFO     [family_holdout:qnn] epoch 0165  train_log_mse=0.00314  val_log_mse=0.05399  val_mse=0.000353  max_grad=0.60  patience=3/30
2026-10-09 11:57:41,680  gsv3.training             INFO     [family_holdout:qnn] epoch 0166  count_mse=0.0620  count_rel_err_2q=0.214
2026-10-09 11:57:41,680  gsv3.training             INFO     [family_holdout:qnn] epoch 0166  region_bce=0.1207  dist_mse=0.0749  region_overlap=0.898
2026-10-09 11:57:41,681  gsv3.training             INFO     [family_holdout:qnn] epoch 0166  train_log_mse=0.00268  val_log_mse=0.05206  val_mse=0.000345  max_grad=0.50  patience=4/30
2026-10-09 11:59:22,213  gsv3.training             INFO     [family_holdout:qnn] epoch 0167  count_mse=0.0626  count_rel_err_2q=0.214
2026-10-09 11:59:22,213  gsv3.training             INFO     [family_holdout:qnn] epoch 0167  region_bce=0.1206  dist_mse=0.0753  region_overlap=0.897
2026-10-09 11:59:22,213  gsv3.training             INFO     [family_holdout:qnn] epoch 0167  train_log_mse=0.00250  val_log_mse=0.05519  val_mse=0.000378  max_grad=0.70  patience=5/30
2026-10-09 12:01:01,478  gsv3.training             INFO     [family_holdout:qnn] epoch 0168  count_mse=0.0615  count_rel_err_2q=0.215
2026-10-09 12:01:01,478  gsv3.training             INFO     [family_holdout:qnn] epoch 0168  region_bce=0.1188  dist_mse=0.0744  region_overlap=0.899
2026-10-09 12:01:01,478  gsv3.training             INFO     [family_holdout:qnn] epoch 0168  train_log_mse=0.00249  val_log_mse=0.05225  val_mse=0.000349  max_grad=0.48  patience=6/30
2026-10-09 12:02:41,498  gsv3.training             INFO     [family_holdout:qnn] epoch 0169  count_mse=0.0627  count_rel_err_2q=0.217
2026-10-09 12:02:41,498  gsv3.training             INFO     [family_holdout:qnn] epoch 0169  region_bce=0.1183  dist_mse=0.0746  region_overlap=0.899
2026-10-09 12:02:41,499  gsv3.training             INFO     [family_holdout:qnn] epoch 0169  train_log_mse=0.00281  val_log_mse=0.05464  val_mse=0.000370  max_grad=0.50  patience=7/30
2026-10-09 12:04:21,759  gsv3.training             INFO     [family_holdout:qnn] epoch 0170  count_mse=0.0622  count_rel_err_2q=0.216
2026-10-09 12:04:21,759  gsv3.training             INFO     [family_holdout:qnn] epoch 0170  region_bce=0.1168  dist_mse=0.0745  region_overlap=0.900
2026-10-09 12:04:21,759  gsv3.training             INFO     [family_holdout:qnn] epoch 0170  train_log_mse=0.00243  val_log_mse=0.05216  val_mse=0.000400  max_grad=0.41  patience=8/30
2026-10-09 12:06:08,084  gsv3.training             INFO     [family_holdout:qnn] epoch 0171  count_mse=0.0616  count_rel_err_2q=0.216
2026-10-09 12:06:08,085  gsv3.training             INFO     [family_holdout:qnn] epoch 0171  region_bce=0.1170  dist_mse=0.0744  region_overlap=0.900
2026-10-09 12:06:08,085  gsv3.training             INFO     [family_holdout:qnn] epoch 0171  train_log_mse=0.00235  val_log_mse=0.05467  val_mse=0.000359  max_grad=0.57  patience=9/30
2026-10-09 12:07:58,012  gsv3.training             INFO     [family_holdout:qnn] epoch 0172  count_mse=0.0603  count_rel_err_2q=0.214
2026-10-09 12:07:58,013  gsv3.training             INFO     [family_holdout:qnn] epoch 0172  region_bce=0.1153  dist_mse=0.0738  region_overlap=0.901
2026-10-09 12:07:58,013  gsv3.training             INFO     [family_holdout:qnn] epoch 0172  train_log_mse=0.00257  val_log_mse=0.05741  val_mse=0.000349  max_grad=0.48  patience=10/30
2026-10-09 12:09:38,764  gsv3.training             INFO     [family_holdout:qnn] epoch 0173  count_mse=0.0609  count_rel_err_2q=0.216
2026-10-09 12:09:38,764  gsv3.training             INFO     [family_holdout:qnn] epoch 0173  region_bce=0.1184  dist_mse=0.0743  region_overlap=0.899
2026-10-09 12:09:38,764  gsv3.training             INFO     [family_holdout:qnn] epoch 0173  train_log_mse=0.00267  val_log_mse=0.06975  val_mse=0.000341  max_grad=1.00  patience=11/30
2026-10-09 12:11:19,332  gsv3.training             INFO     [family_holdout:qnn] epoch 0174  count_mse=0.0616  count_rel_err_2q=0.217
2026-10-09 12:11:19,332  gsv3.training             INFO     [family_holdout:qnn] epoch 0174  region_bce=0.1149  dist_mse=0.0734  region_overlap=0.901
2026-10-09 12:11:19,332  gsv3.training             INFO     [family_holdout:qnn] epoch 0174  train_log_mse=0.00233  val_log_mse=0.05068  val_mse=0.000340  max_grad=0.41  patience=12/30
2026-10-09 12:12:59,894  gsv3.training             INFO     [family_holdout:qnn] epoch 0175  count_mse=0.0607  count_rel_err_2q=0.215
2026-10-09 12:12:59,895  gsv3.training             INFO     [family_holdout:qnn] epoch 0175  region_bce=0.1162  dist_mse=0.0741  region_overlap=0.900
2026-10-09 12:12:59,895  gsv3.training             INFO     [family_holdout:qnn] epoch 0175  train_log_mse=0.00290  val_log_mse=0.05723  val_mse=0.000377  max_grad=0.56  patience=13/30
2026-10-09 12:14:39,662  gsv3.training             INFO     [family_holdout:qnn] epoch 0176  count_mse=0.0603  count_rel_err_2q=0.216
2026-10-09 12:14:39,663  gsv3.training             INFO     [family_holdout:qnn] epoch 0176  region_bce=0.1162  dist_mse=0.0741  region_overlap=0.900
2026-10-09 12:14:39,663  gsv3.training             INFO     [family_holdout:qnn] epoch 0176  train_log_mse=0.00257  val_log_mse=0.05196  val_mse=0.000355  max_grad=0.64  patience=14/30
2026-10-09 12:16:19,584  gsv3.training             INFO     [family_holdout:qnn] epoch 0177  count_mse=0.0610  count_rel_err_2q=0.215
2026-10-09 12:16:19,585  gsv3.training             INFO     [family_holdout:qnn] epoch 0177  region_bce=0.1149  dist_mse=0.0737  region_overlap=0.901
2026-10-09 12:16:19,585  gsv3.training             INFO     [family_holdout:qnn] epoch 0177  train_log_mse=0.00240  val_log_mse=0.05218  val_mse=0.000330  max_grad=0.45  patience=15/30
2026-10-09 12:17:59,434  gsv3.training             INFO     [family_holdout:qnn] epoch 0178  count_mse=0.0609  count_rel_err_2q=0.215
2026-10-09 12:17:59,435  gsv3.training             INFO     [family_holdout:qnn] epoch 0178  region_bce=0.1151  dist_mse=0.0736  region_overlap=0.901
2026-10-09 12:17:59,435  gsv3.training             INFO     [family_holdout:qnn] epoch 0178  train_log_mse=0.00257  val_log_mse=0.05688  val_mse=0.000355  max_grad=0.53  patience=16/30
2026-10-09 12:19:39,540  gsv3.training             INFO     [family_holdout:qnn] epoch 0179  count_mse=0.0611  count_rel_err_2q=0.215
2026-10-09 12:19:39,541  gsv3.training             INFO     [family_holdout:qnn] epoch 0179  region_bce=0.1157  dist_mse=0.0741  region_overlap=0.901
2026-10-09 12:19:39,541  gsv3.training             INFO     [family_holdout:qnn] epoch 0179  train_log_mse=0.00282  val_log_mse=0.05399  val_mse=0.000395  max_grad=0.65  patience=17/30
2026-10-09 12:21:19,788  gsv3.training             INFO     [family_holdout:qnn] epoch 0180  count_mse=0.0606  count_rel_err_2q=0.213
2026-10-09 12:21:19,788  gsv3.training             INFO     [family_holdout:qnn] epoch 0180  region_bce=0.1132  dist_mse=0.0735  region_overlap=0.902
2026-10-09 12:21:19,788  gsv3.training             INFO     [family_holdout:qnn] epoch 0180  train_log_mse=0.00230  val_log_mse=0.05111  val_mse=0.000342  max_grad=0.47  patience=18/30
2026-10-09 12:23:00,096  gsv3.training             INFO     [family_holdout:qnn] epoch 0181  count_mse=0.0618  count_rel_err_2q=0.215
2026-10-09 12:23:00,096  gsv3.training             INFO     [family_holdout:qnn] epoch 0181  region_bce=0.1110  dist_mse=0.0729  region_overlap=0.903
2026-10-09 12:23:00,096  gsv3.training             INFO     [family_holdout:qnn] epoch 0181  train_log_mse=0.00221  val_log_mse=0.05972  val_mse=0.000352  max_grad=0.33  patience=19/30
2026-10-09 12:24:41,280  gsv3.training             INFO     [family_holdout:qnn] epoch 0182  count_mse=0.0606  count_rel_err_2q=0.216
2026-10-09 12:24:41,281  gsv3.training             INFO     [family_holdout:qnn] epoch 0182  region_bce=0.1133  dist_mse=0.0736  region_overlap=0.902
2026-10-09 12:24:41,281  gsv3.training             INFO     [family_holdout:qnn] epoch 0182  train_log_mse=0.00253  val_log_mse=0.06348  val_mse=0.000353  max_grad=0.53  patience=20/30
2026-10-09 12:26:21,218  gsv3.training             INFO     [family_holdout:qnn] epoch 0183  count_mse=0.0620  count_rel_err_2q=0.216
2026-10-09 12:26:21,218  gsv3.training             INFO     [family_holdout:qnn] epoch 0183  region_bce=0.1123  dist_mse=0.0733  region_overlap=0.903
2026-10-09 12:26:21,218  gsv3.training             INFO     [family_holdout:qnn] epoch 0183  train_log_mse=0.00259  val_log_mse=0.05059  val_mse=0.000354  max_grad=0.60  patience=21/30
2026-10-09 12:28:01,170  gsv3.training             INFO     [family_holdout:qnn] epoch 0184  count_mse=0.0600  count_rel_err_2q=0.217
2026-10-09 12:28:01,171  gsv3.training             INFO     [family_holdout:qnn] epoch 0184  region_bce=0.1108  dist_mse=0.0731  region_overlap=0.903
2026-10-09 12:28:01,171  gsv3.training             INFO     [family_holdout:qnn] epoch 0184  train_log_mse=0.00262  val_log_mse=0.05392  val_mse=0.000347  max_grad=0.69  patience=22/30
2026-10-09 12:29:41,217  gsv3.training             INFO     [family_holdout:qnn] epoch 0185  count_mse=0.0612  count_rel_err_2q=0.216
2026-10-09 12:29:41,217  gsv3.training             INFO     [family_holdout:qnn] epoch 0185  region_bce=0.1119  dist_mse=0.0736  region_overlap=0.903
2026-10-09 12:29:41,217  gsv3.training             INFO     [family_holdout:qnn] epoch 0185  train_log_mse=0.00237  val_log_mse=0.05392  val_mse=0.000346  max_grad=0.53  patience=23/30
2026-10-09 12:31:21,162  gsv3.training             INFO     [family_holdout:qnn] epoch 0186  count_mse=0.0607  count_rel_err_2q=0.216
2026-10-09 12:31:21,163  gsv3.training             INFO     [family_holdout:qnn] epoch 0186  region_bce=0.1101  dist_mse=0.0728  region_overlap=0.904
2026-10-09 12:31:21,163  gsv3.training             INFO     [family_holdout:qnn] epoch 0186  train_log_mse=0.00249  val_log_mse=0.04965  val_mse=0.000327  max_grad=0.71  patience=24/30
2026-10-09 12:33:00,914  gsv3.training             INFO     [family_holdout:qnn] epoch 0187  count_mse=0.0593  count_rel_err_2q=0.216
2026-10-09 12:33:00,914  gsv3.training             INFO     [family_holdout:qnn] epoch 0187  region_bce=0.1101  dist_mse=0.0724  region_overlap=0.904
2026-10-09 12:33:00,914  gsv3.training             INFO     [family_holdout:qnn] epoch 0187  train_log_mse=0.00236  val_log_mse=0.05251  val_mse=0.000332  max_grad=0.49  patience=25/30
2026-10-09 12:34:41,352  gsv3.training             INFO     [family_holdout:qnn] epoch 0188  count_mse=0.0596  count_rel_err_2q=0.217
2026-10-09 12:34:41,352  gsv3.training             INFO     [family_holdout:qnn] epoch 0188  region_bce=0.1094  dist_mse=0.0722  region_overlap=0.904
2026-10-09 12:34:41,353  gsv3.training             INFO     [family_holdout:qnn] epoch 0188  train_log_mse=0.00235  val_log_mse=0.06237  val_mse=0.000347  max_grad=0.51  patience=26/30
2026-10-09 12:36:21,735  gsv3.training             INFO     [family_holdout:qnn] epoch 0189  count_mse=0.0598  count_rel_err_2q=0.218
2026-10-09 12:36:21,735  gsv3.training             INFO     [family_holdout:qnn] epoch 0189  region_bce=0.1112  dist_mse=0.0728  region_overlap=0.904
2026-10-09 12:36:21,735  gsv3.training             INFO     [family_holdout:qnn] epoch 0189  train_log_mse=0.00270  val_log_mse=0.06095  val_mse=0.000341  max_grad=0.42  patience=27/30
2026-10-09 12:38:02,121  gsv3.training             INFO     [family_holdout:qnn] epoch 0190  count_mse=0.0604  count_rel_err_2q=0.217
2026-10-09 12:38:02,122  gsv3.training             INFO     [family_holdout:qnn] epoch 0190  region_bce=0.1087  dist_mse=0.0727  region_overlap=0.905
2026-10-09 12:38:02,122  gsv3.training             INFO     [family_holdout:qnn] epoch 0190  train_log_mse=0.00222  val_log_mse=0.05239  val_mse=0.000330  max_grad=0.36  patience=28/30
2026-10-09 12:39:42,800  gsv3.training             INFO     [family_holdout:qnn] epoch 0191  count_mse=0.0603  count_rel_err_2q=0.218
2026-10-09 12:39:42,801  gsv3.training             INFO     [family_holdout:qnn] epoch 0191  region_bce=0.1100  dist_mse=0.0726  region_overlap=0.904
2026-10-09 12:39:42,803  gsv3.training             INFO     [family_holdout:qnn] epoch 0191  train_log_mse=0.00228  val_log_mse=0.05469  val_mse=0.000319  max_grad=0.46  patience=0/30
2026-10-09 12:41:23,176  gsv3.training             INFO     [family_holdout:qnn] epoch 0192  count_mse=0.0599  count_rel_err_2q=0.217
2026-10-09 12:41:23,176  gsv3.training             INFO     [family_holdout:qnn] epoch 0192  region_bce=0.1067  dist_mse=0.0720  region_overlap=0.906
2026-10-09 12:41:23,176  gsv3.training             INFO     [family_holdout:qnn] epoch 0192  train_log_mse=0.00253  val_log_mse=0.05171  val_mse=0.000363  max_grad=0.80  patience=1/30
2026-10-09 12:43:02,651  gsv3.training             INFO     [family_holdout:qnn] epoch 0193  count_mse=0.0601  count_rel_err_2q=0.218
2026-10-09 12:43:02,652  gsv3.training             INFO     [family_holdout:qnn] epoch 0193  region_bce=0.1056  dist_mse=0.0716  region_overlap=0.907
2026-10-09 12:43:02,652  gsv3.training             INFO     [family_holdout:qnn] epoch 0193  train_log_mse=0.00243  val_log_mse=0.06946  val_mse=0.000337  max_grad=0.50  patience=2/30
2026-10-09 12:44:41,924  gsv3.training             INFO     [family_holdout:qnn] epoch 0194  count_mse=0.0590  count_rel_err_2q=0.217
2026-10-09 12:44:41,925  gsv3.training             INFO     [family_holdout:qnn] epoch 0194  region_bce=0.1056  dist_mse=0.0720  region_overlap=0.907
2026-10-09 12:44:41,925  gsv3.training             INFO     [family_holdout:qnn] epoch 0194  train_log_mse=0.00228  val_log_mse=0.05907  val_mse=0.000343  max_grad=0.46  patience=3/30
2026-10-09 12:46:22,707  gsv3.training             INFO     [family_holdout:qnn] epoch 0195  count_mse=0.0606  count_rel_err_2q=0.218
2026-10-09 12:46:22,708  gsv3.training             INFO     [family_holdout:qnn] epoch 0195  region_bce=0.1102  dist_mse=0.0729  region_overlap=0.904
2026-10-09 12:46:22,708  gsv3.training             INFO     [family_holdout:qnn] epoch 0195  train_log_mse=0.00268  val_log_mse=0.05828  val_mse=0.000367  max_grad=0.57  patience=4/30
2026-10-09 12:48:03,105  gsv3.training             INFO     [family_holdout:qnn] epoch 0196  count_mse=0.0598  count_rel_err_2q=0.220
2026-10-09 12:48:03,106  gsv3.training             INFO     [family_holdout:qnn] epoch 0196  region_bce=0.1070  dist_mse=0.0720  region_overlap=0.906
2026-10-09 12:48:03,106  gsv3.training             INFO     [family_holdout:qnn] epoch 0196  train_log_mse=0.00230  val_log_mse=0.05526  val_mse=0.000338  max_grad=0.45  patience=5/30
2026-10-09 12:49:42,909  gsv3.training             INFO     [family_holdout:qnn] epoch 0197  count_mse=0.0585  count_rel_err_2q=0.218
2026-10-09 12:49:42,910  gsv3.training             INFO     [family_holdout:qnn] epoch 0197  region_bce=0.1081  dist_mse=0.0720  region_overlap=0.906
2026-10-09 12:49:42,910  gsv3.training             INFO     [family_holdout:qnn] epoch 0197  train_log_mse=0.00234  val_log_mse=0.05436  val_mse=0.000366  max_grad=0.55  patience=6/30
2026-10-09 12:51:14,691  gsv3.training             INFO     [family_holdout:qnn] epoch 0198  count_mse=0.0584  count_rel_err_2q=0.218
2026-10-09 12:51:14,691  gsv3.training             INFO     [family_holdout:qnn] epoch 0198  region_bce=0.1071  dist_mse=0.0720  region_overlap=0.906
2026-10-09 12:51:14,691  gsv3.training             INFO     [family_holdout:qnn] epoch 0198  train_log_mse=0.00243  val_log_mse=0.04964  val_mse=0.000333  max_grad=0.51  patience=7/30
2026-10-09 12:52:45,918  gsv3.training             INFO     [family_holdout:qnn] epoch 0199  count_mse=0.0600  count_rel_err_2q=0.216
2026-10-09 12:52:45,919  gsv3.training             INFO     [family_holdout:qnn] epoch 0199  region_bce=0.1099  dist_mse=0.0727  region_overlap=0.905
2026-10-09 12:52:45,919  gsv3.training             INFO     [family_holdout:qnn] epoch 0199  train_log_mse=0.00269  val_log_mse=0.05312  val_mse=0.000348  max_grad=2.57  patience=8/30
2026-10-09 12:54:17,219  gsv3.training             INFO     [family_holdout:qnn] epoch 0200  count_mse=0.0582  count_rel_err_2q=0.218
2026-10-09 12:54:17,220  gsv3.training             INFO     [family_holdout:qnn] epoch 0200  region_bce=0.1073  dist_mse=0.0718  region_overlap=0.906
2026-10-09 12:54:17,220  gsv3.training             INFO     [family_holdout:qnn] epoch 0200  train_log_mse=0.00236  val_log_mse=0.05284  val_mse=0.000355  max_grad=0.97  patience=9/30
2026-10-09 12:55:48,760  gsv3.training             INFO     [family_holdout:qnn] epoch 0201  count_mse=0.0585  count_rel_err_2q=0.219
2026-10-09 12:55:48,760  gsv3.training             INFO     [family_holdout:qnn] epoch 0201  region_bce=0.1050  dist_mse=0.0716  region_overlap=0.908
2026-10-09 12:55:48,761  gsv3.training             INFO     [family_holdout:qnn] epoch 0201  train_log_mse=0.00243  val_log_mse=0.04977  val_mse=0.000344  max_grad=0.41  patience=10/30
2026-10-09 12:57:19,639  gsv3.training             INFO     [family_holdout:qnn] epoch 0202  count_mse=0.0610  count_rel_err_2q=0.215
2026-10-09 12:57:19,640  gsv3.training             INFO     [family_holdout:qnn] epoch 0202  region_bce=0.1097  dist_mse=0.0729  region_overlap=0.905
2026-10-09 12:57:19,640  gsv3.training             INFO     [family_holdout:qnn] epoch 0202  train_log_mse=0.00323  val_log_mse=0.05815  val_mse=0.000371  max_grad=0.93  patience=11/30
2026-10-09 12:58:50,829  gsv3.training             INFO     [family_holdout:qnn] epoch 0203  count_mse=0.0591  count_rel_err_2q=0.217
2026-10-09 12:58:50,830  gsv3.training             INFO     [family_holdout:qnn] epoch 0203  region_bce=0.1046  dist_mse=0.0715  region_overlap=0.908
2026-10-09 12:58:50,830  gsv3.training             INFO     [family_holdout:qnn] epoch 0203  train_log_mse=0.00196  val_log_mse=0.05051  val_mse=0.000334  max_grad=0.58  patience=12/30
2026-10-09 13:00:22,342  gsv3.training             INFO     [family_holdout:qnn] epoch 0204  count_mse=0.0595  count_rel_err_2q=0.219
2026-10-09 13:00:22,343  gsv3.training             INFO     [family_holdout:qnn] epoch 0204  region_bce=0.1066  dist_mse=0.0713  region_overlap=0.907
2026-10-09 13:00:22,343  gsv3.training             INFO     [family_holdout:qnn] epoch 0204  train_log_mse=0.00224  val_log_mse=0.05274  val_mse=0.000352  max_grad=0.65  patience=13/30
2026-10-09 13:01:54,215  gsv3.training             INFO     [family_holdout:qnn] epoch 0205  count_mse=0.0589  count_rel_err_2q=0.218
2026-10-09 13:01:54,216  gsv3.training             INFO     [family_holdout:qnn] epoch 0205  region_bce=0.1064  dist_mse=0.0723  region_overlap=0.907
2026-10-09 13:01:54,216  gsv3.training             INFO     [family_holdout:qnn] epoch 0205  train_log_mse=0.00238  val_log_mse=0.05156  val_mse=0.000357  max_grad=2.16  patience=14/30
2026-10-09 13:03:26,296  gsv3.training             INFO     [family_holdout:qnn] epoch 0206  count_mse=0.0587  count_rel_err_2q=0.216
2026-10-09 13:03:26,297  gsv3.training             INFO     [family_holdout:qnn] epoch 0206  region_bce=0.1045  dist_mse=0.0717  region_overlap=0.908
2026-10-09 13:03:26,297  gsv3.training             INFO     [family_holdout:qnn] epoch 0206  train_log_mse=0.00260  val_log_mse=0.05962  val_mse=0.000356  max_grad=0.63  patience=15/30
2026-10-09 13:04:57,338  gsv3.training             INFO     [family_holdout:qnn] epoch 0207  count_mse=0.0605  count_rel_err_2q=0.218
2026-10-09 13:04:57,338  gsv3.training             INFO     [family_holdout:qnn] epoch 0207  region_bce=0.1046  dist_mse=0.0716  region_overlap=0.908
2026-10-09 13:04:57,338  gsv3.training             INFO     [family_holdout:qnn] epoch 0207  train_log_mse=0.00237  val_log_mse=0.06315  val_mse=0.000349  max_grad=0.83  patience=16/30
2026-10-09 13:06:28,262  gsv3.training             INFO     [family_holdout:qnn] epoch 0208  count_mse=0.0582  count_rel_err_2q=0.221
2026-10-09 13:06:28,262  gsv3.training             INFO     [family_holdout:qnn] epoch 0208  region_bce=0.1041  dist_mse=0.0713  region_overlap=0.908
2026-10-09 13:06:28,262  gsv3.training             INFO     [family_holdout:qnn] epoch 0208  train_log_mse=0.00244  val_log_mse=0.05087  val_mse=0.000353  max_grad=2.97  patience=17/30
2026-10-09 13:08:00,063  gsv3.training             INFO     [family_holdout:qnn] epoch 0209  count_mse=0.0603  count_rel_err_2q=0.218
2026-10-09 13:08:00,064  gsv3.training             INFO     [family_holdout:qnn] epoch 0209  region_bce=0.1040  dist_mse=0.0716  region_overlap=0.908
2026-10-09 13:08:00,064  gsv3.training             INFO     [family_holdout:qnn] epoch 0209  train_log_mse=0.00231  val_log_mse=0.04988  val_mse=0.000344  max_grad=2.43  patience=18/30
2026-10-09 13:08:52,798  genstudy.io               INFO     Logging to evaluations/generalization_v8/results/v8b_c001/leave_one_family_out/run.log
2026-10-09 13:08:52,798  run_experiment            INFO     Command line: evaluations/generalization_v3/scripts/run_experiment.py lofo --model sinkhorn --balance-alpha 0 --lr 3e-4 --grad-clip 1.0 --seed 5 --families qnn --groups qnn --loss mixed --val-mode random --layout-lambda 0.1 --layout-loss region_dist --layouts-path evaluations/compile_check/results/compiler_layouts_v6pilot.pt --count-lambda 0.01 --counts-path evaluations/compile_check/results/compiler_counts_v8.pt --calib-aug evaluations/compile_check/results/v8b --results-dir evaluations/generalization_v8/results/v8b_c001
2026-10-09 13:08:52,798  gsv2.gpu                  WARNING  No CUDA device available — running on the CPU.
2026-10-09 13:08:52,800  gsv3.model                INFO     Hyper-parameters (/home/atudisco/pred-distr-tool/src/model/best_params.json + v3 defaults): {'device_hidden': 64, 'device_layers': 3, 'fusion_dim': 128, 'qubit_layers': 2, 'attn_heads': 4, 'lap_pe': 8, 'cost_bias_init': -6.0, 'hidden_dim': 142, 'num_conv_wo_resnet': 3, 'num_resnet_layers': 1, 'dropout': 0.0, 'bidirectional': True, 'mlp': [512, 256, 128], 'lr': 0.001, 'readout': 'meanmaxsum'}
2026-10-09 13:08:52,815  gsv3.devices              INFO     Device graphs: node features 13 (Laplacian PE 8), physical errors True
2026-10-09 13:08:52,817  genstudy.data             INFO     Loading graph dataset: /home/atudisco/pred-distr-tool/evaluations/generalization_v3/data/graph_dataset_expected_fidelity.pt
2026-10-09 13:08:57,075  genstudy.data             INFO     Loaded 17056 graphs
2026-10-09 13:08:57,703  run_experiment            INFO     Compiler layouts (evaluations/compile_check/results/compiler_layouts_v6pilot.pt): 16994/17056 circuits
2026-10-09 13:09:00,485  run_experiment            INFO     Calibration variants (evaluations/compile_check/results/v8b): 8 variant sets, 16994/17056 circuits
2026-10-09 13:09:01,076  run_experiment            INFO     Compiler counts (evaluations/compile_check/results/compiler_counts_v8.pt): 16994/17056 circuits
2026-10-09 13:09:01,084  genstudy.io               INFO     Wrote evaluations/generalization_v8/results/v8b_c001/leave_one_family_out/dataset_summary.json
2026-10-09 13:09:01,085  genstudy.data             INFO     Holding out 1 families: qnn
2026-10-09 13:09:01,088  run_experiment            INFO     [1/1] qnn
2026-10-09 13:09:01,090  gsv3.experiment           INFO     === family_holdout / qnn ===
2026-10-09 13:09:01,090  gsv3.experiment           INFO     Leave-one-family-out: test = all 760 'qnn' circuits, train = 16296 circuits from 34 other families.
2026-10-09 13:09:01,092  gsv3.experiment           INFO     train=13037  val=3259 ({'mode': 'random'})  test=760
2026-10-09 13:09:01,301  gsv3.training             INFO     [family_holdout:qnn] calibration augmentation: 8 variant sets, p(orig) = 0.25
2026-10-09 13:09:01,356  gsv3.training             INFO     [family_holdout:qnn] resumed at epoch 209 (best 191, val=0.00032)
2026-10-09 13:09:01,356  gsv3.training             INFO     [family_holdout:qnn] model=sinkhorn (979423 params) train=13037 val=3259 lr=0.0003 clip=1.0 alpha=0.00
2026-10-09 13:11:05,549  gsv3.training             INFO     [family_holdout:qnn] epoch 0210  count_mse=0.0594  count_rel_err_2q=0.217
2026-10-09 13:11:05,550  gsv3.training             INFO     [family_holdout:qnn] epoch 0210  region_bce=0.1051  dist_mse=0.0718  region_overlap=0.907
2026-10-09 13:11:05,550  gsv3.training             INFO     [family_holdout:qnn] epoch 0210  train_log_mse=0.00243  val_log_mse=0.05935  val_mse=0.000336  max_grad=1.54  patience=19/30
2026-10-09 13:13:08,760  gsv3.training             INFO     [family_holdout:qnn] epoch 0211  count_mse=0.0597  count_rel_err_2q=0.219
2026-10-09 13:13:08,761  gsv3.training             INFO     [family_holdout:qnn] epoch 0211  region_bce=0.1046  dist_mse=0.0714  region_overlap=0.908
2026-10-09 13:13:08,761  gsv3.training             INFO     [family_holdout:qnn] epoch 0211  train_log_mse=0.00250  val_log_mse=0.05538  val_mse=0.000364  max_grad=0.96  patience=20/30
2026-10-09 13:15:13,132  gsv3.training             INFO     [family_holdout:qnn] epoch 0212  count_mse=0.0612  count_rel_err_2q=0.218
2026-10-09 13:15:13,133  gsv3.training             INFO     [family_holdout:qnn] epoch 0212  region_bce=0.1032  dist_mse=0.0718  region_overlap=0.909
2026-10-09 13:15:13,133  gsv3.training             INFO     [family_holdout:qnn] epoch 0212  train_log_mse=0.00221  val_log_mse=0.05760  val_mse=0.000338  max_grad=1.09  patience=21/30
2026-10-09 13:17:15,535  gsv3.training             INFO     [family_holdout:qnn] epoch 0213  count_mse=0.0577  count_rel_err_2q=0.219
2026-10-09 13:17:15,535  gsv3.training             INFO     [family_holdout:qnn] epoch 0213  region_bce=0.1022  dist_mse=0.0712  region_overlap=0.909
2026-10-09 13:17:15,535  gsv3.training             INFO     [family_holdout:qnn] epoch 0213  train_log_mse=0.00377  val_log_mse=0.05849  val_mse=0.000335  max_grad=6.51  patience=22/30
2026-10-09 13:19:20,467  gsv3.training             INFO     [family_holdout:qnn] epoch 0214  count_mse=0.0589  count_rel_err_2q=0.219
2026-10-09 13:19:20,468  gsv3.training             INFO     [family_holdout:qnn] epoch 0214  region_bce=0.1013  dist_mse=0.0708  region_overlap=0.910
2026-10-09 13:19:20,468  gsv3.training             INFO     [family_holdout:qnn] epoch 0214  train_log_mse=0.00220  val_log_mse=0.07468  val_mse=0.000350  max_grad=1.09  patience=23/30
2026-10-09 13:21:25,421  gsv3.training             INFO     [family_holdout:qnn] epoch 0215  count_mse=0.0591  count_rel_err_2q=0.218
2026-10-09 13:21:25,422  gsv3.training             INFO     [family_holdout:qnn] epoch 0215  region_bce=0.1072  dist_mse=0.0724  region_overlap=0.906
2026-10-09 13:21:25,422  gsv3.training             INFO     [family_holdout:qnn] epoch 0215  train_log_mse=0.00293  val_log_mse=0.05980  val_mse=0.000381  max_grad=1.91  patience=24/30
2026-10-09 13:23:27,925  gsv3.training             INFO     [family_holdout:qnn] epoch 0216  count_mse=0.0584  count_rel_err_2q=0.220
2026-10-09 13:23:27,927  gsv3.training             INFO     [family_holdout:qnn] epoch 0216  region_bce=0.1032  dist_mse=0.0717  region_overlap=0.909
2026-10-09 13:23:27,927  gsv3.training             INFO     [family_holdout:qnn] epoch 0216  train_log_mse=0.00242  val_log_mse=0.05859  val_mse=0.000358  max_grad=1.28  patience=25/30
2026-10-09 13:25:31,337  gsv3.training             INFO     [family_holdout:qnn] epoch 0217  count_mse=0.0594  count_rel_err_2q=0.217
2026-10-09 13:25:31,338  gsv3.training             INFO     [family_holdout:qnn] epoch 0217  region_bce=0.1065  dist_mse=0.0729  region_overlap=0.907
2026-10-09 13:25:31,338  gsv3.training             INFO     [family_holdout:qnn] epoch 0217  train_log_mse=0.00234  val_log_mse=0.05726  val_mse=0.000344  max_grad=4.62  patience=26/30
2026-10-09 13:27:35,020  gsv3.training             INFO     [family_holdout:qnn] epoch 0218  count_mse=0.0589  count_rel_err_2q=0.217
2026-10-09 13:27:35,021  gsv3.training             INFO     [family_holdout:qnn] epoch 0218  region_bce=0.1029  dist_mse=0.0714  region_overlap=0.909
2026-10-09 13:27:35,021  gsv3.training             INFO     [family_holdout:qnn] epoch 0218  train_log_mse=0.00225  val_log_mse=0.05701  val_mse=0.000341  max_grad=2.23  patience=27/30
2026-10-09 13:29:36,902  gsv3.training             INFO     [family_holdout:qnn] epoch 0219  count_mse=0.0575  count_rel_err_2q=0.219
2026-10-09 13:29:36,903  gsv3.training             INFO     [family_holdout:qnn] epoch 0219  region_bce=0.0999  dist_mse=0.0706  region_overlap=0.911
2026-10-09 13:29:36,903  gsv3.training             INFO     [family_holdout:qnn] epoch 0219  train_log_mse=0.00245  val_log_mse=0.06164  val_mse=0.000387  max_grad=3.37  patience=28/30
2026-10-09 13:31:41,099  gsv3.training             INFO     [family_holdout:qnn] epoch 0220  count_mse=0.0591  count_rel_err_2q=0.220
2026-10-09 13:31:41,100  gsv3.training             INFO     [family_holdout:qnn] epoch 0220  region_bce=0.1025  dist_mse=0.0714  region_overlap=0.909
2026-10-09 13:31:41,100  gsv3.training             INFO     [family_holdout:qnn] epoch 0220  train_log_mse=0.00256  val_log_mse=0.05830  val_mse=0.000334  max_grad=0.97  patience=29/30
2026-10-09 13:33:45,131  gsv3.training             INFO     [family_holdout:qnn] epoch 0221  count_mse=0.0585  count_rel_err_2q=0.223
2026-10-09 13:33:45,132  gsv3.training             INFO     [family_holdout:qnn] epoch 0221  region_bce=0.0966  dist_mse=0.0698  region_overlap=0.912
2026-10-09 13:33:45,132  gsv3.training             INFO     [family_holdout:qnn] epoch 0221  train_log_mse=0.00236  val_log_mse=0.04948  val_mse=0.000339  max_grad=1.23  patience=30/30
2026-10-09 13:33:47,874  gsv3.experiment           INFO     [qnn] TEST  n=760  MAE=0.0823  R2=0.7545  device-acc=0.658  regret=0.0060
2026-10-09 13:33:47,879  genstudy.io               INFO     Wrote evaluations/generalization_v8/results/v8b_c001/leave_one_family_out/qnn/metrics.json
2026-10-09 13:33:47,886  genstudy.io               INFO     Wrote evaluations/generalization_v8/results/v8b_c001/leave_one_family_out/qnn/predictions.json
2026-10-09 13:33:47,902  genstudy.io               INFO     Wrote evaluations/generalization_v8/results/v8b_c001/leave_one_family_out/qnn/history.json
2026-10-09 13:33:47,927  genstudy.io               INFO     Wrote evaluations/generalization_v8/results/v8b_c001/leave_one_family_out/folds.json
2026-10-09 13:33:47,931  genstudy.experiment       INFO     Merged held-out predictions for 760 circuits
2026-10-09 13:33:47,936  genstudy.io               INFO     Wrote evaluations/generalization_v8/results/v8b_c001/leave_one_family_out/heldout_predictions.json
2026-10-09 13:33:47,936  run_experiment            INFO     leave_one_family_out finished: 1 complete, 0 skipped
