2026-10-08 19:31:32,803  genstudy.io               INFO     Logging to evaluations/generalization_v7/results/v7_l001/leave_one_family_out/run.log
2026-10-08 19:31:32,803  run_experiment            INFO     Command line: evaluations/generalization_v3/scripts/run_experiment.py lofo --model sinkhorn --balance-alpha 0 --lr 3e-4 --grad-clip 1.0 --seed 5 --families qnn --groups qnn --loss mixed --val-mode random --layout-lambda 0.01 --layout-loss region_dist --layouts-path evaluations/compile_check/results/compiler_layouts_v6pilot.pt --results-dir evaluations/generalization_v7/results/v7_l001
2026-10-08 19:31:32,803  gsv2.gpu                  WARNING  No CUDA device available — running on the CPU.
2026-10-08 19:31:32,805  gsv3.model                INFO     Hyper-parameters (/home/atudisco/pred-distr-tool/src/model/best_params.json + v3 defaults): {'device_hidden': 64, 'device_layers': 3, 'fusion_dim': 128, 'qubit_layers': 2, 'attn_heads': 4, 'lap_pe': 8, 'cost_bias_init': -6.0, 'hidden_dim': 142, 'num_conv_wo_resnet': 3, 'num_resnet_layers': 1, 'dropout': 0.0, 'bidirectional': True, 'mlp': [512, 256, 128], 'lr': 0.001, 'readout': 'meanmaxsum'}
2026-10-08 19:31:32,880  genstudy.io               INFO     Logging to evaluations/generalization_v7/results/v7_l001/leave_one_family_out/run.log
2026-10-08 19:31:32,880  run_experiment            INFO     Command line: evaluations/generalization_v3/scripts/run_experiment.py lofo --model sinkhorn --balance-alpha 0 --lr 3e-4 --grad-clip 1.0 --seed 5 --families qaoa --groups qaoa --loss mixed --val-mode random --layout-lambda 0.01 --layout-loss region_dist --layouts-path evaluations/compile_check/results/compiler_layouts_v6pilot.pt --results-dir evaluations/generalization_v7/results/v7_l001
2026-10-08 19:31:32,880  gsv2.gpu                  WARNING  No CUDA device available — running on the CPU.
2026-10-08 19:31:32,881  gsv3.model                INFO     Hyper-parameters (/home/atudisco/pred-distr-tool/src/model/best_params.json + v3 defaults): {'device_hidden': 64, 'device_layers': 3, 'fusion_dim': 128, 'qubit_layers': 2, 'attn_heads': 4, 'lap_pe': 8, 'cost_bias_init': -6.0, 'hidden_dim': 142, 'num_conv_wo_resnet': 3, 'num_resnet_layers': 1, 'dropout': 0.0, 'bidirectional': True, 'mlp': [512, 256, 128], 'lr': 0.001, 'readout': 'meanmaxsum'}
2026-10-08 19:31:33,065  gsv3.devices              INFO     Device graphs: node features 13 (Laplacian PE 8), physical errors True
2026-10-08 19:31:33,066  genstudy.data             INFO     Loading graph dataset: /home/atudisco/pred-distr-tool/evaluations/generalization_v3/data/graph_dataset_expected_fidelity.pt
2026-10-08 19:31:33,078  gsv3.devices              INFO     Device graphs: node features 13 (Laplacian PE 8), physical errors True
2026-10-08 19:31:33,080  genstudy.data             INFO     Loading graph dataset: /home/atudisco/pred-distr-tool/evaluations/generalization_v3/data/graph_dataset_expected_fidelity.pt
2026-10-08 19:31:38,171  genstudy.data             INFO     Loaded 17056 graphs
2026-10-08 19:31:38,231  genstudy.data             INFO     Loaded 17056 graphs
2026-10-08 19:31:38,878  run_experiment            INFO     Compiler layouts (evaluations/compile_check/results/compiler_layouts_v6pilot.pt): 16994/17056 circuits
2026-10-08 19:31:38,900  genstudy.io               INFO     Wrote evaluations/generalization_v7/results/v7_l001/leave_one_family_out/dataset_summary.json
2026-10-08 19:31:38,901  genstudy.data             INFO     Holding out 1 families: qaoa
2026-10-08 19:31:38,903  run_experiment            INFO     [1/1] qaoa
2026-10-08 19:31:38,906  gsv3.experiment           INFO     === family_holdout / qaoa ===
2026-10-08 19:31:38,906  gsv3.experiment           INFO     Leave-one-family-out: test = all 2706 'qaoa' circuits, train = 14350 circuits from 34 other families.
2026-10-08 19:31:38,908  gsv3.experiment           INFO     train=11480  val=2870 ({'mode': 'random'})  test=2706
2026-10-08 19:31:38,986  run_experiment            INFO     Compiler layouts (evaluations/compile_check/results/compiler_layouts_v6pilot.pt): 16994/17056 circuits
2026-10-08 19:31:39,007  genstudy.io               INFO     Wrote evaluations/generalization_v7/results/v7_l001/leave_one_family_out/dataset_summary.json
2026-10-08 19:31:39,008  genstudy.data             INFO     Holding out 1 families: qnn
2026-10-08 19:31:39,010  run_experiment            INFO     [1/1] qnn
2026-10-08 19:31:39,013  gsv3.experiment           INFO     === family_holdout / qnn ===
2026-10-08 19:31:39,013  gsv3.experiment           INFO     Leave-one-family-out: test = all 760 'qnn' circuits, train = 16296 circuits from 34 other families.
2026-10-08 19:31:39,014  gsv3.experiment           INFO     train=13037  val=3259 ({'mode': 'random'})  test=760
2026-10-08 19:31:39,026  gsv3.training             INFO     [family_holdout:qaoa] model=sinkhorn (979423 params) train=11480 val=2870 lr=0.0003 clip=1.0 alpha=0.00
2026-10-08 19:31:39,112  gsv3.training             INFO     [family_holdout:qnn] model=sinkhorn (979423 params) train=13037 val=3259 lr=0.0003 clip=1.0 alpha=0.00
2026-10-08 19:33:17,352  gsv3.training             INFO     [family_holdout:qaoa] epoch 0001  region_bce=1.5861  dist_mse=0.4380  region_overlap=0.535
2026-10-08 19:33:17,355  gsv3.training             INFO     [family_holdout:qaoa] epoch 0001  train_log_mse=0.27137  val_log_mse=0.30812  val_mse=0.001682  max_grad=547.22  patience=0/30
2026-10-08 19:34:47,632  gsv3.training             INFO     [family_holdout:qnn] epoch 0001  region_bce=2.0091  dist_mse=0.4401  region_overlap=0.502
2026-10-08 19:34:47,635  gsv3.training             INFO     [family_holdout:qnn] epoch 0001  train_log_mse=0.30986  val_log_mse=0.31367  val_mse=0.001994  max_grad=413.25  patience=0/30
2026-10-08 19:34:55,716  gsv3.training             INFO     [family_holdout:qaoa] epoch 0002  region_bce=1.0331  dist_mse=0.3475  region_overlap=0.566
2026-10-08 19:34:55,717  gsv3.training             INFO     [family_holdout:qaoa] epoch 0002  train_log_mse=0.02568  val_log_mse=0.28830  val_mse=0.002216  max_grad=24.04  patience=1/30
2026-10-08 19:36:34,322  gsv3.training             INFO     [family_holdout:qaoa] epoch 0003  region_bce=0.8920  dist_mse=0.3214  region_overlap=0.591
2026-10-08 19:36:34,325  gsv3.training             INFO     [family_holdout:qaoa] epoch 0003  train_log_mse=0.01520  val_log_mse=0.10666  val_mse=0.001350  max_grad=2.49  patience=0/30
2026-10-08 19:37:51,796  gsv3.training             INFO     [family_holdout:qnn] epoch 0002  region_bce=1.4758  dist_mse=0.3472  region_overlap=0.529
2026-10-08 19:37:51,798  gsv3.training             INFO     [family_holdout:qnn] epoch 0002  train_log_mse=0.03224  val_log_mse=0.30099  val_mse=0.002763  max_grad=24.59  patience=1/30
2026-10-08 19:38:12,671  gsv3.training             INFO     [family_holdout:qaoa] epoch 0004  region_bce=0.7769  dist_mse=0.2826  region_overlap=0.628
2026-10-08 19:38:12,673  gsv3.training             INFO     [family_holdout:qaoa] epoch 0004  train_log_mse=0.01172  val_log_mse=0.08691  val_mse=0.000918  max_grad=6.29  patience=0/30
2026-10-08 19:39:49,256  gsv3.training             INFO     [family_holdout:qaoa] epoch 0005  region_bce=0.6981  dist_mse=0.2710  region_overlap=0.651
2026-10-08 19:39:49,257  gsv3.training             INFO     [family_holdout:qaoa] epoch 0005  train_log_mse=0.01056  val_log_mse=0.15349  val_mse=0.001224  max_grad=1.93  patience=1/30
2026-10-08 19:41:16,263  gsv3.training             INFO     [family_holdout:qnn] epoch 0003  region_bce=1.3216  dist_mse=0.3204  region_overlap=0.546
2026-10-08 19:41:16,266  gsv3.training             INFO     [family_holdout:qnn] epoch 0003  train_log_mse=0.02217  val_log_mse=0.16065  val_mse=0.001205  max_grad=4.59  patience=0/30
2026-10-08 19:41:27,140  gsv3.training             INFO     [family_holdout:qaoa] epoch 0006  region_bce=0.6320  dist_mse=0.2467  region_overlap=0.673
2026-10-08 19:41:27,143  gsv3.training             INFO     [family_holdout:qaoa] epoch 0006  train_log_mse=0.00952  val_log_mse=0.06807  val_mse=0.000880  max_grad=2.59  patience=0/30
2026-10-08 19:43:04,422  gsv3.training             INFO     [family_holdout:qaoa] epoch 0007  region_bce=0.6203  dist_mse=0.2377  region_overlap=0.681
2026-10-08 19:43:04,423  gsv3.training             INFO     [family_holdout:qaoa] epoch 0007  train_log_mse=0.00982  val_log_mse=0.07281  val_mse=0.001017  max_grad=1.73  patience=1/30
2026-10-08 19:44:11,149  gsv3.training             INFO     [family_holdout:qnn] epoch 0004  region_bce=1.2086  dist_mse=0.3000  region_overlap=0.572
2026-10-08 19:44:11,152  gsv3.training             INFO     [family_holdout:qnn] epoch 0004  train_log_mse=0.01598  val_log_mse=0.10554  val_mse=0.001159  max_grad=3.43  patience=0/30
2026-10-08 19:44:41,650  gsv3.training             INFO     [family_holdout:qaoa] epoch 0008  region_bce=0.5587  dist_mse=0.2207  region_overlap=0.701
2026-10-08 19:44:41,651  gsv3.training             INFO     [family_holdout:qaoa] epoch 0008  train_log_mse=0.00751  val_log_mse=0.06305  val_mse=0.000965  max_grad=1.49  patience=2/30
2026-10-08 19:46:19,437  gsv3.training             INFO     [family_holdout:qaoa] epoch 0009  region_bce=0.5571  dist_mse=0.2220  region_overlap=0.704
2026-10-08 19:46:19,438  gsv3.training             INFO     [family_holdout:qaoa] epoch 0009  train_log_mse=0.00955  val_log_mse=0.11032  val_mse=0.000932  max_grad=2.74  patience=3/30
2026-10-08 19:47:03,044  gsv3.training             INFO     [family_holdout:qnn] epoch 0005  region_bce=1.1264  dist_mse=0.2835  region_overlap=0.590
2026-10-08 19:47:03,045  gsv3.training             INFO     [family_holdout:qnn] epoch 0005  train_log_mse=0.01391  val_log_mse=0.17154  val_mse=0.001414  max_grad=6.26  patience=1/30
2026-10-08 19:47:56,726  gsv3.training             INFO     [family_holdout:qaoa] epoch 0010  region_bce=0.5151  dist_mse=0.2145  region_overlap=0.717
2026-10-08 19:47:56,729  gsv3.training             INFO     [family_holdout:qaoa] epoch 0010  train_log_mse=0.00835  val_log_mse=0.11240  val_mse=0.000786  max_grad=2.02  patience=0/30
2026-10-08 19:49:34,622  gsv3.training             INFO     [family_holdout:qaoa] epoch 0011  region_bce=0.4717  dist_mse=0.2050  region_overlap=0.730
2026-10-08 19:49:34,625  gsv3.training             INFO     [family_holdout:qaoa] epoch 0011  train_log_mse=0.00671  val_log_mse=0.05429  val_mse=0.000714  max_grad=2.06  patience=0/30
2026-10-08 19:49:57,284  gsv3.training             INFO     [family_holdout:qnn] epoch 0006  region_bce=1.0447  dist_mse=0.2738  region_overlap=0.607
2026-10-08 19:49:57,289  gsv3.training             INFO     [family_holdout:qnn] epoch 0006  train_log_mse=0.01186  val_log_mse=0.08471  val_mse=0.000855  max_grad=3.58  patience=0/30
2026-10-08 20:00:37,363  genstudy.io               INFO     Logging to evaluations/generalization_v7/results/v7_l001/leave_one_family_out/run.log
2026-10-08 20:00:37,363  run_experiment            INFO     Command line: evaluations/generalization_v3/scripts/run_experiment.py lofo --model sinkhorn --balance-alpha 0 --lr 3e-4 --grad-clip 1.0 --seed 5 --families qnn --groups qnn --loss mixed --val-mode random --layout-lambda 0.01 --layout-loss region_dist --layouts-path evaluations/compile_check/results/compiler_layouts_v6pilot.pt --results-dir evaluations/generalization_v7/results/v7_l001
2026-10-08 20:00:37,363  gsv2.gpu                  WARNING  No CUDA device available — running on the CPU.
2026-10-08 20:00:37,364  gsv3.model                INFO     Hyper-parameters (/home/atudisco/pred-distr-tool/src/model/best_params.json + v3 defaults): {'device_hidden': 64, 'device_layers': 3, 'fusion_dim': 128, 'qubit_layers': 2, 'attn_heads': 4, 'lap_pe': 8, 'cost_bias_init': -6.0, 'hidden_dim': 142, 'num_conv_wo_resnet': 3, 'num_resnet_layers': 1, 'dropout': 0.0, 'bidirectional': True, 'mlp': [512, 256, 128], 'lr': 0.001, 'readout': 'meanmaxsum'}
2026-10-08 20:00:37,378  gsv3.devices              INFO     Device graphs: node features 13 (Laplacian PE 8), physical errors True
2026-10-08 20:00:37,379  genstudy.data             INFO     Loading graph dataset: /home/atudisco/pred-distr-tool/evaluations/generalization_v3/data/graph_dataset_expected_fidelity.pt
2026-10-08 20:00:37,479  genstudy.io               INFO     Logging to evaluations/generalization_v7/results/v7_l001/leave_one_family_out/run.log
2026-10-08 20:00:37,479  run_experiment            INFO     Command line: evaluations/generalization_v3/scripts/run_experiment.py lofo --model sinkhorn --balance-alpha 0 --lr 3e-4 --grad-clip 1.0 --seed 5 --families qaoa --groups qaoa --loss mixed --val-mode random --layout-lambda 0.01 --layout-loss region_dist --layouts-path evaluations/compile_check/results/compiler_layouts_v6pilot.pt --results-dir evaluations/generalization_v7/results/v7_l001
2026-10-08 20:00:37,479  gsv2.gpu                  WARNING  No CUDA device available — running on the CPU.
2026-10-08 20:00:37,480  gsv3.model                INFO     Hyper-parameters (/home/atudisco/pred-distr-tool/src/model/best_params.json + v3 defaults): {'device_hidden': 64, 'device_layers': 3, 'fusion_dim': 128, 'qubit_layers': 2, 'attn_heads': 4, 'lap_pe': 8, 'cost_bias_init': -6.0, 'hidden_dim': 142, 'num_conv_wo_resnet': 3, 'num_resnet_layers': 1, 'dropout': 0.0, 'bidirectional': True, 'mlp': [512, 256, 128], 'lr': 0.001, 'readout': 'meanmaxsum'}
2026-10-08 20:00:37,499  gsv3.devices              INFO     Device graphs: node features 13 (Laplacian PE 8), physical errors True
2026-10-08 20:00:37,500  genstudy.data             INFO     Loading graph dataset: /home/atudisco/pred-distr-tool/evaluations/generalization_v3/data/graph_dataset_expected_fidelity.pt
2026-10-08 20:00:40,785  genstudy.data             INFO     Loaded 17056 graphs
2026-10-08 20:00:41,208  genstudy.data             INFO     Loaded 17056 graphs
2026-10-08 20:00:41,416  run_experiment            INFO     Compiler layouts (evaluations/compile_check/results/compiler_layouts_v6pilot.pt): 16994/17056 circuits
2026-10-08 20:00:41,438  genstudy.io               INFO     Wrote evaluations/generalization_v7/results/v7_l001/leave_one_family_out/dataset_summary.json
2026-10-08 20:00:41,439  genstudy.data             INFO     Holding out 1 families: qnn
2026-10-08 20:00:41,447  run_experiment            INFO     [1/1] qnn
2026-10-08 20:00:41,448  gsv3.experiment           INFO     === family_holdout / qnn ===
2026-10-08 20:00:41,449  gsv3.experiment           INFO     Leave-one-family-out: test = all 760 'qnn' circuits, train = 16296 circuits from 34 other families.
2026-10-08 20:00:41,450  gsv3.experiment           INFO     train=13037  val=3259 ({'mode': 'random'})  test=760
2026-10-08 20:00:41,642  gsv3.training             INFO     [family_holdout:qnn] resumed at epoch 6 (best 6, val=0.00086)
2026-10-08 20:00:41,643  gsv3.training             INFO     [family_holdout:qnn] model=sinkhorn (979423 params) train=13037 val=3259 lr=0.0003 clip=1.0 alpha=0.00
2026-10-08 20:00:41,800  run_experiment            INFO     Compiler layouts (evaluations/compile_check/results/compiler_layouts_v6pilot.pt): 16994/17056 circuits
2026-10-08 20:00:41,825  genstudy.io               INFO     Wrote evaluations/generalization_v7/results/v7_l001/leave_one_family_out/dataset_summary.json
2026-10-08 20:00:41,826  genstudy.data             INFO     Holding out 1 families: qaoa
2026-10-08 20:00:41,829  run_experiment            INFO     [1/1] qaoa
2026-10-08 20:00:41,830  gsv3.experiment           INFO     === family_holdout / qaoa ===
2026-10-08 20:00:41,830  gsv3.experiment           INFO     Leave-one-family-out: test = all 2706 'qaoa' circuits, train = 14350 circuits from 34 other families.
2026-10-08 20:00:41,831  gsv3.experiment           INFO     train=11480  val=2870 ({'mode': 'random'})  test=2706
2026-10-08 20:00:42,115  gsv3.training             INFO     [family_holdout:qaoa] resumed at epoch 11 (best 11, val=0.00071)
2026-10-08 20:00:42,115  gsv3.training             INFO     [family_holdout:qaoa] model=sinkhorn (979423 params) train=11480 val=2870 lr=0.0003 clip=1.0 alpha=0.00
2026-10-08 20:01:57,933  gsv3.training             INFO     [family_holdout:qaoa] epoch 0012  region_bce=0.4551  dist_mse=0.2003  region_overlap=0.736
2026-10-08 20:01:57,935  gsv3.training             INFO     [family_holdout:qaoa] epoch 0012  train_log_mse=0.00695  val_log_mse=0.06212  val_mse=0.000644  max_grad=1.54  patience=0/30
2026-10-08 20:02:19,069  gsv3.training             INFO     [family_holdout:qnn] epoch 0007  region_bce=0.9640  dist_mse=0.2674  region_overlap=0.619
2026-10-08 20:02:19,071  gsv3.training             INFO     [family_holdout:qnn] epoch 0007  train_log_mse=0.01110  val_log_mse=0.07858  val_mse=0.000850  max_grad=2.90  patience=0/30
2026-10-08 20:03:13,106  gsv3.training             INFO     [family_holdout:qaoa] epoch 0013  region_bce=0.4485  dist_mse=0.1996  region_overlap=0.739
2026-10-08 20:03:13,107  gsv3.training             INFO     [family_holdout:qaoa] epoch 0013  train_log_mse=0.00677  val_log_mse=0.06127  val_mse=0.000678  max_grad=1.22  patience=1/30
2026-10-08 20:03:55,614  gsv3.training             INFO     [family_holdout:qnn] epoch 0008  region_bce=0.8983  dist_mse=0.2543  region_overlap=0.632
2026-10-08 20:03:55,615  gsv3.training             INFO     [family_holdout:qnn] epoch 0008  train_log_mse=0.00916  val_log_mse=0.07336  val_mse=0.000868  max_grad=1.41  patience=1/30
2026-10-08 20:04:28,677  gsv3.training             INFO     [family_holdout:qaoa] epoch 0014  region_bce=0.4324  dist_mse=0.1958  region_overlap=0.743
2026-10-08 20:04:28,677  gsv3.training             INFO     [family_holdout:qaoa] epoch 0014  train_log_mse=0.00657  val_log_mse=0.10752  val_mse=0.000852  max_grad=1.39  patience=2/30
2026-10-08 20:05:32,839  gsv3.training             INFO     [family_holdout:qnn] epoch 0009  region_bce=0.8569  dist_mse=0.2468  region_overlap=0.641
2026-10-08 20:05:32,841  gsv3.training             INFO     [family_holdout:qnn] epoch 0009  train_log_mse=0.00895  val_log_mse=0.06300  val_mse=0.000787  max_grad=2.60  patience=0/30
2026-10-08 20:05:45,615  gsv3.training             INFO     [family_holdout:qaoa] epoch 0015  region_bce=0.4317  dist_mse=0.2012  region_overlap=0.743
2026-10-08 20:05:45,616  gsv3.training             INFO     [family_holdout:qaoa] epoch 0015  train_log_mse=0.00755  val_log_mse=0.06879  val_mse=0.000709  max_grad=6.43  patience=3/30
2026-10-08 20:07:02,448  gsv3.training             INFO     [family_holdout:qaoa] epoch 0016  region_bce=0.4082  dist_mse=0.1931  region_overlap=0.751
2026-10-08 20:07:02,449  gsv3.training             INFO     [family_holdout:qaoa] epoch 0016  train_log_mse=0.00611  val_log_mse=0.08025  val_mse=0.000769  max_grad=1.18  patience=4/30
2026-10-08 20:07:10,709  gsv3.training             INFO     [family_holdout:qnn] epoch 0010  region_bce=0.8344  dist_mse=0.2409  region_overlap=0.645
2026-10-08 20:07:10,710  gsv3.training             INFO     [family_holdout:qnn] epoch 0010  train_log_mse=0.00905  val_log_mse=0.07629  val_mse=0.000892  max_grad=2.35  patience=1/30
2026-10-08 20:08:17,994  gsv3.training             INFO     [family_holdout:qaoa] epoch 0017  region_bce=0.3958  dist_mse=0.1886  region_overlap=0.756
2026-10-08 20:08:17,996  gsv3.training             INFO     [family_holdout:qaoa] epoch 0017  train_log_mse=0.00548  val_log_mse=0.07095  val_mse=0.000635  max_grad=1.26  patience=0/30
2026-10-08 20:08:46,102  gsv3.training             INFO     [family_holdout:qnn] epoch 0011  region_bce=0.7907  dist_mse=0.2248  region_overlap=0.658
2026-10-08 20:08:46,105  gsv3.training             INFO     [family_holdout:qnn] epoch 0011  train_log_mse=0.00828  val_log_mse=0.12776  val_mse=0.000701  max_grad=1.89  patience=0/30
2026-10-08 20:09:33,637  gsv3.training             INFO     [family_holdout:qaoa] epoch 0018  region_bce=0.3925  dist_mse=0.1856  region_overlap=0.759
2026-10-08 20:09:33,637  gsv3.training             INFO     [family_holdout:qaoa] epoch 0018  train_log_mse=0.00646  val_log_mse=0.07305  val_mse=0.000763  max_grad=2.07  patience=1/30
2026-10-08 20:10:21,245  gsv3.training             INFO     [family_holdout:qnn] epoch 0012  region_bce=0.7684  dist_mse=0.2195  region_overlap=0.661
2026-10-08 20:10:21,247  gsv3.training             INFO     [family_holdout:qnn] epoch 0012  train_log_mse=0.00910  val_log_mse=0.11314  val_mse=0.000693  max_grad=1.71  patience=0/30
2026-10-08 20:10:48,754  gsv3.training             INFO     [family_holdout:qaoa] epoch 0019  region_bce=0.3810  dist_mse=0.1801  region_overlap=0.765
2026-10-08 20:10:48,755  gsv3.training             INFO     [family_holdout:qaoa] epoch 0019  train_log_mse=0.00572  val_log_mse=0.08923  val_mse=0.000759  max_grad=1.18  patience=2/30
2026-10-08 20:11:58,574  gsv3.training             INFO     [family_holdout:qnn] epoch 0013  region_bce=0.7274  dist_mse=0.2117  region_overlap=0.670
2026-10-08 20:11:58,575  gsv3.training             INFO     [family_holdout:qnn] epoch 0013  train_log_mse=0.00942  val_log_mse=0.06333  val_mse=0.000782  max_grad=2.21  patience=1/30
2026-10-08 20:12:05,791  gsv3.training             INFO     [family_holdout:qaoa] epoch 0020  region_bce=0.3653  dist_mse=0.1780  region_overlap=0.770
2026-10-08 20:12:05,794  gsv3.training             INFO     [family_holdout:qaoa] epoch 0020  train_log_mse=0.00508  val_log_mse=0.06379  val_mse=0.000552  max_grad=0.88  patience=0/30
2026-10-08 20:13:23,486  gsv3.training             INFO     [family_holdout:qaoa] epoch 0021  region_bce=0.3707  dist_mse=0.1761  region_overlap=0.772
2026-10-08 20:13:23,487  gsv3.training             INFO     [family_holdout:qaoa] epoch 0021  train_log_mse=0.00546  val_log_mse=0.05189  val_mse=0.000631  max_grad=1.13  patience=1/30
2026-10-08 20:13:36,059  gsv3.training             INFO     [family_holdout:qnn] epoch 0014  region_bce=0.6704  dist_mse=0.2038  region_overlap=0.683
2026-10-08 20:13:36,060  gsv3.training             INFO     [family_holdout:qnn] epoch 0014  train_log_mse=0.00717  val_log_mse=0.07317  val_mse=0.000744  max_grad=1.31  patience=2/30
2026-10-08 20:14:39,288  gsv3.training             INFO     [family_holdout:qaoa] epoch 0022  region_bce=0.3545  dist_mse=0.1736  region_overlap=0.775
2026-10-08 20:14:39,289  gsv3.training             INFO     [family_holdout:qaoa] epoch 0022  train_log_mse=0.00543  val_log_mse=0.10014  val_mse=0.000628  max_grad=1.75  patience=2/30
2026-10-08 20:15:11,645  gsv3.training             INFO     [family_holdout:qnn] epoch 0015  region_bce=0.6260  dist_mse=0.1989  region_overlap=0.694
2026-10-08 20:15:11,647  gsv3.training             INFO     [family_holdout:qnn] epoch 0015  train_log_mse=0.00668  val_log_mse=0.06342  val_mse=0.000655  max_grad=0.91  patience=0/30
2026-10-08 20:15:54,992  gsv3.training             INFO     [family_holdout:qaoa] epoch 0023  region_bce=0.3417  dist_mse=0.1703  region_overlap=0.780
2026-10-08 20:15:54,993  gsv3.training             INFO     [family_holdout:qaoa] epoch 0023  train_log_mse=0.00493  val_log_mse=0.06138  val_mse=0.000577  max_grad=1.96  patience=3/30
2026-10-08 20:16:47,911  gsv3.training             INFO     [family_holdout:qnn] epoch 0016  region_bce=0.6213  dist_mse=0.2008  region_overlap=0.698
2026-10-08 20:16:47,913  gsv3.training             INFO     [family_holdout:qnn] epoch 0016  train_log_mse=0.00866  val_log_mse=0.08090  val_mse=0.000585  max_grad=1.77  patience=0/30
2026-10-08 20:17:12,036  gsv3.training             INFO     [family_holdout:qaoa] epoch 0024  region_bce=0.3468  dist_mse=0.1692  region_overlap=0.779
2026-10-08 20:17:12,037  gsv3.training             INFO     [family_holdout:qaoa] epoch 0024  train_log_mse=0.00536  val_log_mse=0.04721  val_mse=0.000605  max_grad=1.20  patience=4/30
2026-10-08 20:18:26,141  gsv3.training             INFO     [family_holdout:qnn] epoch 0017  region_bce=0.5771  dist_mse=0.1955  region_overlap=0.706
2026-10-08 20:18:26,144  gsv3.training             INFO     [family_holdout:qnn] epoch 0017  train_log_mse=0.00755  val_log_mse=0.11541  val_mse=0.000764  max_grad=1.76  patience=1/30
2026-10-08 20:18:31,910  gsv3.training             INFO     [family_holdout:qaoa] epoch 0025  region_bce=0.3400  dist_mse=0.1661  region_overlap=0.782
2026-10-08 20:18:31,914  gsv3.training             INFO     [family_holdout:qaoa] epoch 0025  train_log_mse=0.00533  val_log_mse=0.05014  val_mse=0.000548  max_grad=1.57  patience=0/30
2026-10-08 20:19:53,485  gsv3.training             INFO     [family_holdout:qaoa] epoch 0026  region_bce=0.3390  dist_mse=0.1651  region_overlap=0.784
2026-10-08 20:19:53,487  gsv3.training             INFO     [family_holdout:qaoa] epoch 0026  train_log_mse=0.00540  val_log_mse=0.04735  val_mse=0.000516  max_grad=1.29  patience=0/30
2026-10-08 20:20:06,911  gsv3.training             INFO     [family_holdout:qnn] epoch 0018  region_bce=0.5680  dist_mse=0.1943  region_overlap=0.709
2026-10-08 20:20:06,912  gsv3.training             INFO     [family_holdout:qnn] epoch 0018  train_log_mse=0.00888  val_log_mse=0.20912  val_mse=0.000683  max_grad=1.38  patience=2/30
2026-10-08 20:21:11,876  gsv3.training             INFO     [family_holdout:qaoa] epoch 0027  region_bce=0.3292  dist_mse=0.1612  region_overlap=0.789
2026-10-08 20:21:11,878  gsv3.training             INFO     [family_holdout:qaoa] epoch 0027  train_log_mse=0.00492  val_log_mse=0.04688  val_mse=0.000459  max_grad=1.33  patience=0/30
2026-10-08 20:21:45,725  gsv3.training             INFO     [family_holdout:qnn] epoch 0019  region_bce=0.4765  dist_mse=0.1867  region_overlap=0.729
2026-10-08 20:21:45,727  gsv3.training             INFO     [family_holdout:qnn] epoch 0019  train_log_mse=0.00725  val_log_mse=0.07115  val_mse=0.000568  max_grad=4.63  patience=0/30
2026-10-08 20:22:29,556  gsv3.training             INFO     [family_holdout:qaoa] epoch 0028  region_bce=0.3192  dist_mse=0.1599  region_overlap=0.791
2026-10-08 20:22:29,556  gsv3.training             INFO     [family_holdout:qaoa] epoch 0028  train_log_mse=0.00420  val_log_mse=0.05726  val_mse=0.000501  max_grad=0.92  patience=1/30
2026-10-08 20:23:24,308  gsv3.training             INFO     [family_holdout:qnn] epoch 0020  region_bce=0.4438  dist_mse=0.1825  region_overlap=0.738
2026-10-08 20:23:24,311  gsv3.training             INFO     [family_holdout:qnn] epoch 0020  train_log_mse=0.00661  val_log_mse=0.06255  val_mse=0.000552  max_grad=1.03  patience=0/30
2026-10-08 20:23:46,947  gsv3.training             INFO     [family_holdout:qaoa] epoch 0029  region_bce=0.3270  dist_mse=0.1591  region_overlap=0.791
2026-10-08 20:23:46,947  gsv3.training             INFO     [family_holdout:qaoa] epoch 0029  train_log_mse=0.00553  val_log_mse=0.05616  val_mse=0.000501  max_grad=1.70  patience=2/30
2026-10-08 20:25:00,719  gsv3.training             INFO     [family_holdout:qnn] epoch 0021  region_bce=0.4217  dist_mse=0.1778  region_overlap=0.744
2026-10-08 20:25:00,722  gsv3.training             INFO     [family_holdout:qnn] epoch 0021  train_log_mse=0.00634  val_log_mse=0.05968  val_mse=0.000484  max_grad=1.23  patience=0/30
2026-10-08 20:25:02,924  gsv3.training             INFO     [family_holdout:qaoa] epoch 0030  region_bce=0.3178  dist_mse=0.1566  region_overlap=0.795
2026-10-08 20:25:02,926  gsv3.training             INFO     [family_holdout:qaoa] epoch 0030  train_log_mse=0.00509  val_log_mse=0.05944  val_mse=0.000449  max_grad=1.43  patience=0/30
2026-10-08 20:26:20,407  gsv3.training             INFO     [family_holdout:qaoa] epoch 0031  region_bce=0.3022  dist_mse=0.1530  region_overlap=0.800
2026-10-08 20:26:20,407  gsv3.training             INFO     [family_holdout:qaoa] epoch 0031  train_log_mse=0.00429  val_log_mse=0.04518  val_mse=0.000456  max_grad=0.88  patience=1/30
2026-10-08 20:26:38,834  gsv3.training             INFO     [family_holdout:qnn] epoch 0022  region_bce=0.4098  dist_mse=0.1756  region_overlap=0.743
2026-10-08 20:26:38,835  gsv3.training             INFO     [family_holdout:qnn] epoch 0022  train_log_mse=0.00594  val_log_mse=0.07081  val_mse=0.000551  max_grad=2.10  patience=1/30
2026-10-08 20:27:38,507  gsv3.training             INFO     [family_holdout:qaoa] epoch 0032  region_bce=0.2963  dist_mse=0.1517  region_overlap=0.803
2026-10-08 20:27:38,508  gsv3.training             INFO     [family_holdout:qaoa] epoch 0032  train_log_mse=0.00414  val_log_mse=0.06321  val_mse=0.000464  max_grad=0.90  patience=2/30
2026-10-08 20:28:16,866  gsv3.training             INFO     [family_holdout:qnn] epoch 0023  region_bce=0.3896  dist_mse=0.1746  region_overlap=0.750
2026-10-08 20:28:16,867  gsv3.training             INFO     [family_holdout:qnn] epoch 0023  train_log_mse=0.00609  val_log_mse=0.06994  val_mse=0.000496  max_grad=1.46  patience=2/30
2026-10-08 20:28:56,470  gsv3.training             INFO     [family_holdout:qaoa] epoch 0033  region_bce=0.2995  dist_mse=0.1522  region_overlap=0.803
2026-10-08 20:28:56,473  gsv3.training             INFO     [family_holdout:qaoa] epoch 0033  train_log_mse=0.00472  val_log_mse=0.04248  val_mse=0.000433  max_grad=0.80  patience=0/30
2026-10-08 20:29:54,822  gsv3.training             INFO     [family_holdout:qnn] epoch 0024  region_bce=0.3804  dist_mse=0.1714  region_overlap=0.754
2026-10-08 20:29:54,823  gsv3.training             INFO     [family_holdout:qnn] epoch 0024  train_log_mse=0.00648  val_log_mse=0.08614  val_mse=0.000604  max_grad=3.76  patience=3/30
2026-10-08 20:30:13,378  gsv3.training             INFO     [family_holdout:qaoa] epoch 0034  region_bce=0.2938  dist_mse=0.1507  region_overlap=0.805
2026-10-08 20:30:13,378  gsv3.training             INFO     [family_holdout:qaoa] epoch 0034  train_log_mse=0.00466  val_log_mse=0.05852  val_mse=0.000567  max_grad=1.48  patience=1/30
2026-10-08 20:31:29,979  gsv3.training             INFO     [family_holdout:qaoa] epoch 0035  region_bce=0.2854  dist_mse=0.1485  region_overlap=0.809
2026-10-08 20:31:29,981  gsv3.training             INFO     [family_holdout:qaoa] epoch 0035  train_log_mse=0.00400  val_log_mse=0.04544  val_mse=0.000432  max_grad=1.06  patience=0/30
2026-10-08 20:31:30,411  gsv3.training             INFO     [family_holdout:qnn] epoch 0025  region_bce=0.3644  dist_mse=0.1691  region_overlap=0.759
2026-10-08 20:31:30,413  gsv3.training             INFO     [family_holdout:qnn] epoch 0025  train_log_mse=0.00591  val_log_mse=0.09094  val_mse=0.000472  max_grad=1.26  patience=0/30
2026-10-08 20:32:48,104  gsv3.training             INFO     [family_holdout:qaoa] epoch 0036  region_bce=0.2762  dist_mse=0.1465  region_overlap=0.813
2026-10-08 20:32:48,106  gsv3.training             INFO     [family_holdout:qaoa] epoch 0036  train_log_mse=0.00365  val_log_mse=0.04524  val_mse=0.000401  max_grad=0.76  patience=0/30
2026-10-08 20:33:08,351  gsv3.training             INFO     [family_holdout:qnn] epoch 0026  region_bce=0.3608  dist_mse=0.1648  region_overlap=0.761
2026-10-08 20:33:08,351  gsv3.training             INFO     [family_holdout:qnn] epoch 0026  train_log_mse=0.00552  val_log_mse=0.05064  val_mse=0.000518  max_grad=1.99  patience=1/30
2026-10-08 20:34:05,705  gsv3.training             INFO     [family_holdout:qaoa] epoch 0037  region_bce=0.2749  dist_mse=0.1457  region_overlap=0.814
2026-10-08 20:34:05,705  gsv3.training             INFO     [family_holdout:qaoa] epoch 0037  train_log_mse=0.00411  val_log_mse=0.06337  val_mse=0.000498  max_grad=1.29  patience=1/30
2026-10-08 20:34:46,113  gsv3.training             INFO     [family_holdout:qnn] epoch 0027  region_bce=0.3552  dist_mse=0.1626  region_overlap=0.763
2026-10-08 20:34:46,113  gsv3.training             INFO     [family_holdout:qnn] epoch 0027  train_log_mse=0.00603  val_log_mse=0.04908  val_mse=0.000516  max_grad=1.18  patience=2/30
2026-10-08 20:35:23,488  gsv3.training             INFO     [family_holdout:qaoa] epoch 0038  region_bce=0.2686  dist_mse=0.1429  region_overlap=0.817
2026-10-08 20:35:23,488  gsv3.training             INFO     [family_holdout:qaoa] epoch 0038  train_log_mse=0.00376  val_log_mse=0.05545  val_mse=0.000426  max_grad=0.83  patience=2/30
2026-10-08 20:36:24,727  gsv3.training             INFO     [family_holdout:qnn] epoch 0028  region_bce=0.3397  dist_mse=0.1592  region_overlap=0.768
2026-10-08 20:36:24,728  gsv3.training             INFO     [family_holdout:qnn] epoch 0028  train_log_mse=0.00557  val_log_mse=0.06615  val_mse=0.000497  max_grad=1.26  patience=3/30
2026-10-08 20:36:41,532  gsv3.training             INFO     [family_holdout:qaoa] epoch 0039  region_bce=0.2686  dist_mse=0.1442  region_overlap=0.816
2026-10-08 20:36:41,533  gsv3.training             INFO     [family_holdout:qaoa] epoch 0039  train_log_mse=0.00395  val_log_mse=0.06297  val_mse=0.000444  max_grad=0.93  patience=3/30
2026-10-08 20:37:58,867  gsv3.training             INFO     [family_holdout:qaoa] epoch 0040  region_bce=0.2755  dist_mse=0.1461  region_overlap=0.816
2026-10-08 20:37:58,868  gsv3.training             INFO     [family_holdout:qaoa] epoch 0040  train_log_mse=0.00489  val_log_mse=0.05534  val_mse=0.000422  max_grad=1.62  patience=4/30
2026-10-08 20:38:01,915  gsv3.training             INFO     [family_holdout:qnn] epoch 0029  region_bce=0.3382  dist_mse=0.1580  region_overlap=0.769
2026-10-08 20:38:01,916  gsv3.training             INFO     [family_holdout:qnn] epoch 0029  train_log_mse=0.00553  val_log_mse=0.05176  val_mse=0.000602  max_grad=0.85  patience=4/30
2026-10-08 20:39:15,021  gsv3.training             INFO     [family_holdout:qaoa] epoch 0041  region_bce=0.2621  dist_mse=0.1418  region_overlap=0.821
2026-10-08 20:39:15,021  gsv3.training             INFO     [family_holdout:qaoa] epoch 0041  train_log_mse=0.00399  val_log_mse=0.04405  val_mse=0.000405  max_grad=0.78  patience=5/30
2026-10-08 20:39:38,742  gsv3.training             INFO     [family_holdout:qnn] epoch 0030  region_bce=0.3299  dist_mse=0.1557  region_overlap=0.771
2026-10-08 20:39:38,742  gsv3.training             INFO     [family_holdout:qnn] epoch 0030  train_log_mse=0.00539  val_log_mse=0.05880  val_mse=0.000562  max_grad=0.88  patience=5/30
2026-10-08 20:40:31,010  gsv3.training             INFO     [family_holdout:qaoa] epoch 0042  region_bce=0.2589  dist_mse=0.1415  region_overlap=0.821
2026-10-08 20:40:31,010  gsv3.training             INFO     [family_holdout:qaoa] epoch 0042  train_log_mse=0.00393  val_log_mse=0.04954  val_mse=0.000420  max_grad=1.15  patience=6/30
2026-10-08 20:41:15,334  gsv3.training             INFO     [family_holdout:qnn] epoch 0031  region_bce=0.3303  dist_mse=0.1577  region_overlap=0.769
2026-10-08 20:41:15,336  gsv3.training             INFO     [family_holdout:qnn] epoch 0031  train_log_mse=0.00562  val_log_mse=0.04781  val_mse=0.000466  max_grad=1.92  patience=0/30
2026-10-08 20:41:47,011  gsv3.training             INFO     [family_holdout:qaoa] epoch 0043  region_bce=0.2426  dist_mse=0.1373  region_overlap=0.827
2026-10-08 20:41:47,011  gsv3.training             INFO     [family_holdout:qaoa] epoch 0043  train_log_mse=0.00347  val_log_mse=0.05411  val_mse=0.000412  max_grad=0.94  patience=7/30
2026-10-08 20:42:51,832  gsv3.training             INFO     [family_holdout:qnn] epoch 0032  region_bce=0.3155  dist_mse=0.1521  region_overlap=0.776
2026-10-08 20:42:51,834  gsv3.training             INFO     [family_holdout:qnn] epoch 0032  train_log_mse=0.00494  val_log_mse=0.06683  val_mse=0.000440  max_grad=0.89  patience=0/30
2026-10-08 20:43:03,198  gsv3.training             INFO     [family_holdout:qaoa] epoch 0044  region_bce=0.2416  dist_mse=0.1363  region_overlap=0.829
2026-10-08 20:43:03,198  gsv3.training             INFO     [family_holdout:qaoa] epoch 0044  train_log_mse=0.00365  val_log_mse=0.04685  val_mse=0.000465  max_grad=1.21  patience=8/30
2026-10-08 20:44:19,493  gsv3.training             INFO     [family_holdout:qaoa] epoch 0045  region_bce=0.2379  dist_mse=0.1348  region_overlap=0.831
2026-10-08 20:44:19,494  gsv3.training             INFO     [family_holdout:qaoa] epoch 0045  train_log_mse=0.00362  val_log_mse=0.04446  val_mse=0.000496  max_grad=0.66  patience=9/30
2026-10-08 20:44:28,563  gsv3.training             INFO     [family_holdout:qnn] epoch 0033  region_bce=0.3174  dist_mse=0.1514  region_overlap=0.776
2026-10-08 20:44:28,564  gsv3.training             INFO     [family_holdout:qnn] epoch 0033  train_log_mse=0.00545  val_log_mse=0.04837  val_mse=0.000442  max_grad=1.25  patience=1/30
2026-10-08 20:45:36,117  gsv3.training             INFO     [family_holdout:qaoa] epoch 0046  region_bce=0.2405  dist_mse=0.1367  region_overlap=0.828
2026-10-08 20:45:36,117  gsv3.training             INFO     [family_holdout:qaoa] epoch 0046  train_log_mse=0.00464  val_log_mse=0.06985  val_mse=0.000432  max_grad=2.76  patience=10/30
2026-10-08 20:46:05,584  gsv3.training             INFO     [family_holdout:qnn] epoch 0034  region_bce=0.3087  dist_mse=0.1491  region_overlap=0.780
2026-10-08 20:46:05,585  gsv3.training             INFO     [family_holdout:qnn] epoch 0034  train_log_mse=0.00457  val_log_mse=0.05894  val_mse=0.000466  max_grad=0.97  patience=2/30
2026-10-08 20:46:52,979  gsv3.training             INFO     [family_holdout:qaoa] epoch 0047  region_bce=0.2431  dist_mse=0.1353  region_overlap=0.829
2026-10-08 20:46:52,980  gsv3.training             INFO     [family_holdout:qaoa] epoch 0047  train_log_mse=0.00467  val_log_mse=0.05655  val_mse=0.000540  max_grad=1.35  patience=11/30
2026-10-08 20:47:41,881  gsv3.training             INFO     [family_holdout:qnn] epoch 0035  region_bce=0.3000  dist_mse=0.1473  region_overlap=0.783
2026-10-08 20:47:41,883  gsv3.training             INFO     [family_holdout:qnn] epoch 0035  train_log_mse=0.00471  val_log_mse=0.04264  val_mse=0.000401  max_grad=1.27  patience=0/30
2026-10-08 20:48:07,932  gsv3.training             INFO     [family_holdout:qaoa] epoch 0048  region_bce=0.2549  dist_mse=0.1371  region_overlap=0.825
2026-10-08 20:48:07,934  gsv3.training             INFO     [family_holdout:qaoa] epoch 0048  train_log_mse=0.00423  val_log_mse=0.04338  val_mse=0.000389  max_grad=2.41  patience=0/30
2026-10-08 20:49:17,048  gsv3.training             INFO     [family_holdout:qnn] epoch 0036  region_bce=0.2994  dist_mse=0.1474  region_overlap=0.784
2026-10-08 20:49:17,049  gsv3.training             INFO     [family_holdout:qnn] epoch 0036  train_log_mse=0.00489  val_log_mse=0.06016  val_mse=0.000460  max_grad=1.00  patience=1/30
2026-10-08 20:49:23,574  gsv3.training             INFO     [family_holdout:qaoa] epoch 0049  region_bce=0.2243  dist_mse=0.1322  region_overlap=0.835
2026-10-08 20:49:23,574  gsv3.training             INFO     [family_holdout:qaoa] epoch 0049  train_log_mse=0.00323  val_log_mse=0.04063  val_mse=0.000424  max_grad=0.88  patience=1/30
2026-10-08 20:50:39,666  gsv3.training             INFO     [family_holdout:qaoa] epoch 0050  region_bce=0.2275  dist_mse=0.1327  region_overlap=0.834
2026-10-08 20:50:39,667  gsv3.training             INFO     [family_holdout:qaoa] epoch 0050  train_log_mse=0.00396  val_log_mse=0.08412  val_mse=0.000458  max_grad=0.96  patience=2/30
2026-10-08 20:50:53,859  gsv3.training             INFO     [family_holdout:qnn] epoch 0037  region_bce=0.2933  dist_mse=0.1459  region_overlap=0.787
2026-10-08 20:50:53,860  gsv3.training             INFO     [family_holdout:qnn] epoch 0037  train_log_mse=0.00444  val_log_mse=0.05333  val_mse=0.000430  max_grad=1.02  patience=2/30
2026-10-08 20:51:55,714  gsv3.training             INFO     [family_holdout:qaoa] epoch 0051  region_bce=0.2249  dist_mse=0.1322  region_overlap=0.835
2026-10-08 20:51:55,715  gsv3.training             INFO     [family_holdout:qaoa] epoch 0051  train_log_mse=0.00364  val_log_mse=0.05303  val_mse=0.000430  max_grad=1.12  patience=3/30
2026-10-08 20:52:30,401  gsv3.training             INFO     [family_holdout:qnn] epoch 0038  region_bce=0.2918  dist_mse=0.1459  region_overlap=0.789
2026-10-08 20:52:30,401  gsv3.training             INFO     [family_holdout:qnn] epoch 0038  train_log_mse=0.00522  val_log_mse=0.05035  val_mse=0.000407  max_grad=0.91  patience=3/30
2026-10-08 20:53:11,713  gsv3.training             INFO     [family_holdout:qaoa] epoch 0052  region_bce=0.2229  dist_mse=0.1308  region_overlap=0.836
2026-10-08 20:53:11,714  gsv3.training             INFO     [family_holdout:qaoa] epoch 0052  train_log_mse=0.00373  val_log_mse=0.04358  val_mse=0.000395  max_grad=0.94  patience=4/30
2026-10-08 20:54:06,533  gsv3.training             INFO     [family_holdout:qnn] epoch 0039  region_bce=0.2829  dist_mse=0.1441  region_overlap=0.792
2026-10-08 20:54:06,534  gsv3.training             INFO     [family_holdout:qnn] epoch 0039  train_log_mse=0.00430  val_log_mse=0.04977  val_mse=0.000406  max_grad=0.73  patience=4/30
2026-10-08 20:54:27,896  gsv3.training             INFO     [family_holdout:qaoa] epoch 0053  region_bce=0.2166  dist_mse=0.1290  region_overlap=0.839
2026-10-08 20:54:27,896  gsv3.training             INFO     [family_holdout:qaoa] epoch 0053  train_log_mse=0.00376  val_log_mse=0.04473  val_mse=0.000424  max_grad=1.61  patience=5/30
2026-10-08 20:55:43,540  gsv3.training             INFO     [family_holdout:qnn] epoch 0040  region_bce=0.2827  dist_mse=0.1439  region_overlap=0.794
2026-10-08 20:55:43,541  gsv3.training             INFO     [family_holdout:qnn] epoch 0040  train_log_mse=0.00454  val_log_mse=0.06810  val_mse=0.000571  max_grad=1.25  patience=5/30
2026-10-08 20:55:44,090  gsv3.training             INFO     [family_holdout:qaoa] epoch 0054  region_bce=0.2164  dist_mse=0.1289  region_overlap=0.840
2026-10-08 20:55:44,091  gsv3.training             INFO     [family_holdout:qaoa] epoch 0054  train_log_mse=0.00339  val_log_mse=0.04583  val_mse=0.000412  max_grad=0.98  patience=6/30
2026-10-08 20:57:00,757  gsv3.training             INFO     [family_holdout:qaoa] epoch 0055  region_bce=0.2170  dist_mse=0.1306  region_overlap=0.840
2026-10-08 20:57:00,758  gsv3.training             INFO     [family_holdout:qaoa] epoch 0055  train_log_mse=0.00323  val_log_mse=0.03940  val_mse=0.000390  max_grad=2.74  patience=7/30
2026-10-08 20:57:19,820  gsv3.training             INFO     [family_holdout:qnn] epoch 0041  region_bce=0.2769  dist_mse=0.1421  region_overlap=0.797
2026-10-08 20:57:19,821  gsv3.training             INFO     [family_holdout:qnn] epoch 0041  train_log_mse=0.00458  val_log_mse=0.04748  val_mse=0.000411  max_grad=0.76  patience=6/30
2026-10-08 21:42:25,504  genstudy.io               INFO     Logging to evaluations/generalization_v7/results/v7_l001/leave_one_family_out/run.log
2026-10-08 21:42:25,506  run_experiment            INFO     Command line: evaluations/generalization_v3/scripts/run_experiment.py lofo --model sinkhorn --balance-alpha 0 --lr 3e-4 --grad-clip 1.0 --seed 5 --families qaoa --groups qaoa --loss mixed --val-mode random --layout-lambda 0.01 --layout-loss region_dist --layouts-path evaluations/compile_check/results/compiler_layouts_v6pilot.pt --results-dir evaluations/generalization_v7/results/v7_l001
2026-10-08 21:42:25,506  gsv2.gpu                  WARNING  No CUDA device available — running on the CPU.
2026-10-08 21:42:25,513  gsv3.model                INFO     Hyper-parameters (/home/atudisco/pred-distr-tool/src/model/best_params.json + v3 defaults): {'device_hidden': 64, 'device_layers': 3, 'fusion_dim': 128, 'qubit_layers': 2, 'attn_heads': 4, 'lap_pe': 8, 'cost_bias_init': -6.0, 'hidden_dim': 142, 'num_conv_wo_resnet': 3, 'num_resnet_layers': 1, 'dropout': 0.0, 'bidirectional': True, 'mlp': [512, 256, 128], 'lr': 0.001, 'readout': 'meanmaxsum'}
2026-10-08 21:42:25,598  genstudy.io               INFO     Logging to evaluations/generalization_v7/results/v7_l001/leave_one_family_out/run.log
2026-10-08 21:42:25,600  run_experiment            INFO     Command line: evaluations/generalization_v3/scripts/run_experiment.py lofo --model sinkhorn --balance-alpha 0 --lr 3e-4 --grad-clip 1.0 --seed 5 --families qnn --groups qnn --loss mixed --val-mode random --layout-lambda 0.01 --layout-loss region_dist --layouts-path evaluations/compile_check/results/compiler_layouts_v6pilot.pt --results-dir evaluations/generalization_v7/results/v7_l001
2026-10-08 21:42:25,600  gsv2.gpu                  WARNING  No CUDA device available — running on the CPU.
2026-10-08 21:42:25,602  gsv3.model                INFO     Hyper-parameters (/home/atudisco/pred-distr-tool/src/model/best_params.json + v3 defaults): {'device_hidden': 64, 'device_layers': 3, 'fusion_dim': 128, 'qubit_layers': 2, 'attn_heads': 4, 'lap_pe': 8, 'cost_bias_init': -6.0, 'hidden_dim': 142, 'num_conv_wo_resnet': 3, 'num_resnet_layers': 1, 'dropout': 0.0, 'bidirectional': True, 'mlp': [512, 256, 128], 'lr': 0.001, 'readout': 'meanmaxsum'}
2026-10-08 21:42:26,174  gsv3.devices              INFO     Device graphs: node features 13 (Laplacian PE 8), physical errors True
2026-10-08 21:42:26,176  genstudy.data             INFO     Loading graph dataset: /home/atudisco/pred-distr-tool/evaluations/generalization_v3/data/graph_dataset_expected_fidelity.pt
2026-10-08 21:42:26,240  gsv3.devices              INFO     Device graphs: node features 13 (Laplacian PE 8), physical errors True
2026-10-08 21:42:26,241  genstudy.data             INFO     Loading graph dataset: /home/atudisco/pred-distr-tool/evaluations/generalization_v3/data/graph_dataset_expected_fidelity.pt
2026-10-08 21:42:36,215  genstudy.data             INFO     Loaded 17056 graphs
2026-10-08 21:42:36,216  genstudy.data             INFO     Loaded 17056 graphs
2026-10-08 21:42:36,987  run_experiment            INFO     Compiler layouts (evaluations/compile_check/results/compiler_layouts_v6pilot.pt): 16994/17056 circuits
2026-10-08 21:42:36,994  run_experiment            INFO     Compiler layouts (evaluations/compile_check/results/compiler_layouts_v6pilot.pt): 16994/17056 circuits
2026-10-08 21:42:37,010  genstudy.io               INFO     Wrote evaluations/generalization_v7/results/v7_l001/leave_one_family_out/dataset_summary.json
2026-10-08 21:42:37,010  genstudy.data             INFO     Holding out 1 families: qaoa
2026-10-08 21:42:37,016  genstudy.io               INFO     Wrote evaluations/generalization_v7/results/v7_l001/leave_one_family_out/dataset_summary.json
2026-10-08 21:42:37,016  run_experiment            INFO     [1/1] qaoa
2026-10-08 21:42:37,017  genstudy.data             INFO     Holding out 1 families: qnn
2026-10-08 21:42:37,019  gsv3.experiment           INFO     === family_holdout / qaoa ===
2026-10-08 21:42:37,019  gsv3.experiment           INFO     Leave-one-family-out: test = all 2706 'qaoa' circuits, train = 14350 circuits from 34 other families.
2026-10-08 21:42:37,020  gsv3.experiment           INFO     train=11480  val=2870 ({'mode': 'random'})  test=2706
2026-10-08 21:42:37,021  run_experiment            INFO     [1/1] qnn
2026-10-08 21:42:37,023  gsv3.experiment           INFO     === family_holdout / qnn ===
2026-10-08 21:42:37,023  gsv3.experiment           INFO     Leave-one-family-out: test = all 760 'qnn' circuits, train = 16296 circuits from 34 other families.
2026-10-08 21:42:37,024  gsv3.experiment           INFO     train=13037  val=3259 ({'mode': 'random'})  test=760
2026-10-08 21:42:37,382  gsv3.training             INFO     [family_holdout:qaoa] resumed at epoch 55 (best 48, val=0.00039)
2026-10-08 21:42:37,383  gsv3.training             INFO     [family_holdout:qaoa] model=sinkhorn (979423 params) train=11480 val=2870 lr=0.0003 clip=1.0 alpha=0.00
2026-10-08 21:42:37,399  gsv3.training             INFO     [family_holdout:qnn] resumed at epoch 41 (best 35, val=0.00040)
2026-10-08 21:42:37,399  gsv3.training             INFO     [family_holdout:qnn] model=sinkhorn (979423 params) train=13037 val=3259 lr=0.0003 clip=1.0 alpha=0.00
2026-10-08 21:43:48,681  gsv3.training             INFO     [family_holdout:qaoa] epoch 0056  region_bce=0.2095  dist_mse=0.1269  region_overlap=0.843
2026-10-08 21:43:48,682  gsv3.training             INFO     [family_holdout:qaoa] epoch 0056  train_log_mse=0.00310  val_log_mse=0.04463  val_mse=0.000420  max_grad=0.76  patience=8/30
2026-10-08 21:44:08,930  gsv3.training             INFO     [family_holdout:qnn] epoch 0042  region_bce=0.2702  dist_mse=0.1406  region_overlap=0.799
2026-10-08 21:44:08,931  gsv3.training             INFO     [family_holdout:qnn] epoch 0042  train_log_mse=0.00460  val_log_mse=0.04802  val_mse=0.000431  max_grad=0.89  patience=7/30
2026-10-08 21:45:06,103  gsv3.training             INFO     [family_holdout:qaoa] epoch 0057  region_bce=0.2133  dist_mse=0.1275  region_overlap=0.841
2026-10-08 21:45:06,103  gsv3.training             INFO     [family_holdout:qaoa] epoch 0057  train_log_mse=0.00381  val_log_mse=0.04454  val_mse=0.000394  max_grad=0.92  patience=9/30
2026-10-08 21:45:52,491  gsv3.training             INFO     [family_holdout:qnn] epoch 0043  region_bce=0.2683  dist_mse=0.1404  region_overlap=0.801
2026-10-08 21:45:52,492  gsv3.training             INFO     [family_holdout:qnn] epoch 0043  train_log_mse=0.00430  val_log_mse=0.05472  val_mse=0.000422  max_grad=0.69  patience=8/30
2026-10-08 21:46:26,445  gsv3.training             INFO     [family_holdout:qaoa] epoch 0058  region_bce=0.2045  dist_mse=0.1258  region_overlap=0.845
2026-10-08 21:46:26,446  gsv3.training             INFO     [family_holdout:qaoa] epoch 0058  train_log_mse=0.00312  val_log_mse=0.04367  val_mse=0.000397  max_grad=0.78  patience=10/30
2026-10-08 21:47:35,956  gsv3.training             INFO     [family_holdout:qnn] epoch 0044  region_bce=0.2630  dist_mse=0.1379  region_overlap=0.805
2026-10-08 21:47:35,956  gsv3.training             INFO     [family_holdout:qnn] epoch 0044  train_log_mse=0.00409  val_log_mse=0.05616  val_mse=0.000538  max_grad=0.68  patience=9/30
2026-10-08 21:47:46,656  gsv3.training             INFO     [family_holdout:qaoa] epoch 0059  region_bce=0.2054  dist_mse=0.1256  region_overlap=0.844
2026-10-08 21:47:46,656  gsv3.training             INFO     [family_holdout:qaoa] epoch 0059  train_log_mse=0.00345  val_log_mse=0.03950  val_mse=0.000392  max_grad=0.99  patience=11/30
2026-10-08 21:49:07,052  gsv3.training             INFO     [family_holdout:qaoa] epoch 0060  region_bce=0.2015  dist_mse=0.1243  region_overlap=0.846
2026-10-08 21:49:07,054  gsv3.training             INFO     [family_holdout:qaoa] epoch 0060  train_log_mse=0.00311  val_log_mse=0.05749  val_mse=0.000393  max_grad=0.84  patience=12/30
2026-10-08 21:49:19,849  gsv3.training             INFO     [family_holdout:qnn] epoch 0045  region_bce=0.2586  dist_mse=0.1367  region_overlap=0.807
2026-10-08 21:49:19,852  gsv3.training             INFO     [family_holdout:qnn] epoch 0045  train_log_mse=0.00407  val_log_mse=0.04834  val_mse=0.000384  max_grad=0.65  patience=0/30
2026-10-08 21:50:29,021  gsv3.training             INFO     [family_holdout:qaoa] epoch 0061  region_bce=0.2040  dist_mse=0.1249  region_overlap=0.846
2026-10-08 21:50:29,022  gsv3.training             INFO     [family_holdout:qaoa] epoch 0061  train_log_mse=0.00338  val_log_mse=0.04611  val_mse=0.000430  max_grad=0.75  patience=13/30
2026-10-08 21:51:05,008  gsv3.training             INFO     [family_holdout:qnn] epoch 0046  region_bce=0.2618  dist_mse=0.1366  region_overlap=0.805
2026-10-08 21:51:05,008  gsv3.training             INFO     [family_holdout:qnn] epoch 0046  train_log_mse=0.00449  val_log_mse=0.05766  val_mse=0.000409  max_grad=0.86  patience=1/30
2026-10-08 21:51:49,179  gsv3.training             INFO     [family_holdout:qaoa] epoch 0062  region_bce=0.2010  dist_mse=0.1237  region_overlap=0.847
2026-10-08 21:51:49,181  gsv3.training             INFO     [family_holdout:qaoa] epoch 0062  train_log_mse=0.00320  val_log_mse=0.04657  val_mse=0.000382  max_grad=1.64  patience=0/30
2026-10-08 21:52:48,144  gsv3.training             INFO     [family_holdout:qnn] epoch 0047  region_bce=0.2550  dist_mse=0.1352  region_overlap=0.810
2026-10-08 21:52:48,145  gsv3.training             INFO     [family_holdout:qnn] epoch 0047  train_log_mse=0.00388  val_log_mse=0.05105  val_mse=0.000441  max_grad=0.55  patience=2/30
2026-10-08 21:53:09,043  gsv3.training             INFO     [family_holdout:qaoa] epoch 0063  region_bce=0.1962  dist_mse=0.1225  region_overlap=0.849
2026-10-08 21:53:09,045  gsv3.training             INFO     [family_holdout:qaoa] epoch 0063  train_log_mse=0.00296  val_log_mse=0.03907  val_mse=0.000362  max_grad=0.56  patience=0/30
2026-10-08 21:54:29,161  gsv3.training             INFO     [family_holdout:qaoa] epoch 0064  region_bce=0.2104  dist_mse=0.1278  region_overlap=0.842
2026-10-08 21:54:29,162  gsv3.training             INFO     [family_holdout:qaoa] epoch 0064  train_log_mse=0.00335  val_log_mse=0.04392  val_mse=0.000445  max_grad=1.20  patience=1/30
2026-10-08 21:54:31,316  gsv3.training             INFO     [family_holdout:qnn] epoch 0048  region_bce=0.2576  dist_mse=0.1342  region_overlap=0.809
2026-10-08 21:54:31,317  gsv3.training             INFO     [family_holdout:qnn] epoch 0048  train_log_mse=0.00497  val_log_mse=0.04845  val_mse=0.000419  max_grad=2.12  patience=3/30
2026-10-08 21:55:49,407  gsv3.training             INFO     [family_holdout:qaoa] epoch 0065  region_bce=0.2015  dist_mse=0.1242  region_overlap=0.847
2026-10-08 21:55:49,408  gsv3.training             INFO     [family_holdout:qaoa] epoch 0065  train_log_mse=0.00309  val_log_mse=0.04976  val_mse=0.000411  max_grad=0.95  patience=2/30
2026-10-08 21:56:14,817  gsv3.training             INFO     [family_holdout:qnn] epoch 0049  region_bce=0.2537  dist_mse=0.1331  region_overlap=0.812
2026-10-08 21:56:14,818  gsv3.training             INFO     [family_holdout:qnn] epoch 0049  train_log_mse=0.00446  val_log_mse=0.05165  val_mse=0.000453  max_grad=1.04  patience=4/30
2026-10-08 21:57:10,742  gsv3.training             INFO     [family_holdout:qaoa] epoch 0066  region_bce=0.1966  dist_mse=0.1226  region_overlap=0.849
2026-10-08 21:57:10,743  gsv3.training             INFO     [family_holdout:qaoa] epoch 0066  train_log_mse=0.00319  val_log_mse=0.05147  val_mse=0.000401  max_grad=0.69  patience=3/30
2026-10-08 21:57:58,796  gsv3.training             INFO     [family_holdout:qnn] epoch 0050  region_bce=0.2495  dist_mse=0.1313  region_overlap=0.814
2026-10-08 21:57:58,796  gsv3.training             INFO     [family_holdout:qnn] epoch 0050  train_log_mse=0.00414  val_log_mse=0.09268  val_mse=0.000398  max_grad=0.74  patience=5/30
2026-10-08 21:58:30,932  gsv3.training             INFO     [family_holdout:qaoa] epoch 0067  region_bce=0.1923  dist_mse=0.1213  region_overlap=0.851
2026-10-08 21:58:30,933  gsv3.training             INFO     [family_holdout:qaoa] epoch 0067  train_log_mse=0.00266  val_log_mse=0.04680  val_mse=0.000406  max_grad=0.55  patience=4/30
2026-10-08 21:59:41,711  gsv3.training             INFO     [family_holdout:qnn] epoch 0051  region_bce=0.2457  dist_mse=0.1303  region_overlap=0.816
2026-10-08 21:59:41,712  gsv3.training             INFO     [family_holdout:qnn] epoch 0051  train_log_mse=0.00409  val_log_mse=0.05564  val_mse=0.000385  max_grad=1.20  patience=6/30
2026-10-08 21:59:51,844  gsv3.training             INFO     [family_holdout:qaoa] epoch 0068  region_bce=0.1947  dist_mse=0.1216  region_overlap=0.850
2026-10-08 21:59:51,844  gsv3.training             INFO     [family_holdout:qaoa] epoch 0068  train_log_mse=0.00325  val_log_mse=0.04157  val_mse=0.000398  max_grad=0.99  patience=5/30
2026-10-08 22:01:12,447  gsv3.training             INFO     [family_holdout:qaoa] epoch 0069  region_bce=0.1947  dist_mse=0.1215  region_overlap=0.850
2026-10-08 22:01:12,448  gsv3.training             INFO     [family_holdout:qaoa] epoch 0069  train_log_mse=0.00356  val_log_mse=0.04640  val_mse=0.000419  max_grad=1.02  patience=6/30
2026-10-08 22:01:24,781  gsv3.training             INFO     [family_holdout:qnn] epoch 0052  region_bce=0.2404  dist_mse=0.1296  region_overlap=0.818
2026-10-08 22:01:24,782  gsv3.training             INFO     [family_holdout:qnn] epoch 0052  train_log_mse=0.00352  val_log_mse=0.04394  val_mse=0.000406  max_grad=0.73  patience=7/30
2026-10-08 22:02:33,311  gsv3.training             INFO     [family_holdout:qaoa] epoch 0070  region_bce=0.1888  dist_mse=0.1195  region_overlap=0.853
2026-10-08 22:02:33,311  gsv3.training             INFO     [family_holdout:qaoa] epoch 0070  train_log_mse=0.00277  val_log_mse=0.05562  val_mse=0.000367  max_grad=0.77  patience=7/30
2026-10-08 22:03:09,112  gsv3.training             INFO     [family_holdout:qnn] epoch 0053  region_bce=0.2374  dist_mse=0.1291  region_overlap=0.821
2026-10-08 22:03:09,113  gsv3.training             INFO     [family_holdout:qnn] epoch 0053  train_log_mse=0.00387  val_log_mse=0.06864  val_mse=0.000444  max_grad=0.70  patience=8/30
2026-10-08 22:03:54,535  gsv3.training             INFO     [family_holdout:qaoa] epoch 0071  region_bce=0.1855  dist_mse=0.1188  region_overlap=0.855
2026-10-08 22:03:54,537  gsv3.training             INFO     [family_holdout:qaoa] epoch 0071  train_log_mse=0.00278  val_log_mse=0.04478  val_mse=0.000352  max_grad=0.97  patience=0/30
2026-10-08 22:04:53,085  gsv3.training             INFO     [family_holdout:qnn] epoch 0054  region_bce=0.2372  dist_mse=0.1292  region_overlap=0.821
2026-10-08 22:04:53,086  gsv3.training             INFO     [family_holdout:qnn] epoch 0054  train_log_mse=0.00397  val_log_mse=0.05677  val_mse=0.000391  max_grad=0.75  patience=9/30
2026-10-08 22:05:15,266  gsv3.training             INFO     [family_holdout:qaoa] epoch 0072  region_bce=0.1860  dist_mse=0.1188  region_overlap=0.854
2026-10-08 22:05:15,267  gsv3.training             INFO     [family_holdout:qaoa] epoch 0072  train_log_mse=0.00275  val_log_mse=0.04394  val_mse=0.000392  max_grad=0.67  patience=1/30
2026-10-08 22:06:36,102  gsv3.training             INFO     [family_holdout:qaoa] epoch 0073  region_bce=0.1844  dist_mse=0.1183  region_overlap=0.855
2026-10-08 22:06:36,102  gsv3.training             INFO     [family_holdout:qaoa] epoch 0073  train_log_mse=0.00253  val_log_mse=0.04276  val_mse=0.000401  max_grad=0.63  patience=2/30
2026-10-08 22:06:36,712  gsv3.training             INFO     [family_holdout:qnn] epoch 0055  region_bce=0.2336  dist_mse=0.1275  region_overlap=0.823
2026-10-08 22:06:36,712  gsv3.training             INFO     [family_holdout:qnn] epoch 0055  train_log_mse=0.00399  val_log_mse=0.05401  val_mse=0.000400  max_grad=0.79  patience=10/30
2026-10-08 22:07:56,614  gsv3.training             INFO     [family_holdout:qaoa] epoch 0074  region_bce=0.1852  dist_mse=0.1185  region_overlap=0.855
2026-10-08 22:07:56,615  gsv3.training             INFO     [family_holdout:qaoa] epoch 0074  train_log_mse=0.00282  val_log_mse=0.04590  val_mse=0.000387  max_grad=0.51  patience=3/30
2026-10-08 22:08:19,667  gsv3.training             INFO     [family_holdout:qnn] epoch 0056  region_bce=0.2340  dist_mse=0.1275  region_overlap=0.824
2026-10-08 22:08:19,668  gsv3.training             INFO     [family_holdout:qnn] epoch 0056  train_log_mse=0.00440  val_log_mse=0.04934  val_mse=0.000394  max_grad=0.92  patience=11/30
2026-10-08 22:09:17,534  gsv3.training             INFO     [family_holdout:qaoa] epoch 0075  region_bce=0.1905  dist_mse=0.1187  region_overlap=0.854
2026-10-08 22:09:17,535  gsv3.training             INFO     [family_holdout:qaoa] epoch 0075  train_log_mse=0.00372  val_log_mse=0.03945  val_mse=0.000382  max_grad=1.40  patience=4/30
2026-10-08 22:10:03,196  gsv3.training             INFO     [family_holdout:qnn] epoch 0057  region_bce=0.2306  dist_mse=0.1277  region_overlap=0.824
2026-10-08 22:10:03,197  gsv3.training             INFO     [family_holdout:qnn] epoch 0057  train_log_mse=0.00378  val_log_mse=0.04904  val_mse=0.000427  max_grad=1.00  patience=12/30
2026-10-08 22:10:38,257  gsv3.training             INFO     [family_holdout:qaoa] epoch 0076  region_bce=0.1820  dist_mse=0.1176  region_overlap=0.857
2026-10-08 22:10:38,258  gsv3.training             INFO     [family_holdout:qaoa] epoch 0076  train_log_mse=0.00259  val_log_mse=0.04141  val_mse=0.000369  max_grad=0.69  patience=5/30
2026-10-08 22:11:46,622  gsv3.training             INFO     [family_holdout:qnn] epoch 0058  region_bce=0.2245  dist_mse=0.1250  region_overlap=0.828
2026-10-08 22:11:46,624  gsv3.training             INFO     [family_holdout:qnn] epoch 0058  train_log_mse=0.00331  val_log_mse=0.04728  val_mse=0.000364  max_grad=0.62  patience=0/30
2026-10-08 22:11:59,038  gsv3.training             INFO     [family_holdout:qaoa] epoch 0077  region_bce=0.1809  dist_mse=0.1175  region_overlap=0.858
2026-10-08 22:11:59,038  gsv3.training             INFO     [family_holdout:qaoa] epoch 0077  train_log_mse=0.00268  val_log_mse=0.03881  val_mse=0.000416  max_grad=0.71  patience=6/30
2026-10-08 22:13:19,839  gsv3.training             INFO     [family_holdout:qaoa] epoch 0078  region_bce=0.1800  dist_mse=0.1171  region_overlap=0.859
2026-10-08 22:13:19,840  gsv3.training             INFO     [family_holdout:qaoa] epoch 0078  train_log_mse=0.00257  val_log_mse=0.04381  val_mse=0.000426  max_grad=0.56  patience=7/30
2026-10-08 22:13:30,355  gsv3.training             INFO     [family_holdout:qnn] epoch 0059  region_bce=0.2278  dist_mse=0.1253  region_overlap=0.827
2026-10-08 22:13:30,357  gsv3.training             INFO     [family_holdout:qnn] epoch 0059  train_log_mse=0.00349  val_log_mse=0.05561  val_mse=0.000360  max_grad=0.54  patience=0/30
2026-10-08 22:14:40,587  gsv3.training             INFO     [family_holdout:qaoa] epoch 0079  region_bce=0.1780  dist_mse=0.1166  region_overlap=0.859
2026-10-08 22:14:40,588  gsv3.training             INFO     [family_holdout:qaoa] epoch 0079  train_log_mse=0.00263  val_log_mse=0.07487  val_mse=0.000467  max_grad=0.69  patience=8/30
2026-10-08 22:15:14,225  gsv3.training             INFO     [family_holdout:qnn] epoch 0060  region_bce=0.2292  dist_mse=0.1244  region_overlap=0.828
2026-10-08 22:15:14,225  gsv3.training             INFO     [family_holdout:qnn] epoch 0060  train_log_mse=0.00404  val_log_mse=0.09950  val_mse=0.000484  max_grad=1.16  patience=1/30
2026-10-08 22:16:01,802  gsv3.training             INFO     [family_holdout:qaoa] epoch 0080  region_bce=0.1780  dist_mse=0.1166  region_overlap=0.860
2026-10-08 22:16:01,804  gsv3.training             INFO     [family_holdout:qaoa] epoch 0080  train_log_mse=0.00283  val_log_mse=0.03956  val_mse=0.000348  max_grad=0.65  patience=0/30
2026-10-08 22:16:57,550  gsv3.training             INFO     [family_holdout:qnn] epoch 0061  region_bce=0.2381  dist_mse=0.1269  region_overlap=0.824
2026-10-08 22:16:57,551  gsv3.training             INFO     [family_holdout:qnn] epoch 0061  train_log_mse=0.00436  val_log_mse=0.04774  val_mse=0.000389  max_grad=1.13  patience=2/30
2026-10-08 22:17:20,986  gsv3.training             INFO     [family_holdout:qaoa] epoch 0081  region_bce=0.1768  dist_mse=0.1160  region_overlap=0.861
2026-10-08 22:17:20,987  gsv3.training             INFO     [family_holdout:qaoa] epoch 0081  train_log_mse=0.00244  val_log_mse=0.05028  val_mse=0.000390  max_grad=0.47  patience=1/30
2026-10-08 22:18:38,440  gsv3.training             INFO     [family_holdout:qnn] epoch 0062  region_bce=0.2249  dist_mse=0.1245  region_overlap=0.830
2026-10-08 22:18:38,444  gsv3.training             INFO     [family_holdout:qnn] epoch 0062  train_log_mse=0.00321  val_log_mse=0.04513  val_mse=0.000359  max_grad=0.82  patience=0/30
2026-10-08 22:18:39,508  gsv3.training             INFO     [family_holdout:qaoa] epoch 0082  region_bce=0.1729  dist_mse=0.1151  region_overlap=0.862
2026-10-08 22:18:39,508  gsv3.training             INFO     [family_holdout:qaoa] epoch 0082  train_log_mse=0.00235  val_log_mse=0.04230  val_mse=0.000361  max_grad=0.52  patience=2/30
2026-10-08 22:19:57,553  gsv3.training             INFO     [family_holdout:qaoa] epoch 0083  region_bce=0.1741  dist_mse=0.1153  region_overlap=0.862
2026-10-08 22:19:57,554  gsv3.training             INFO     [family_holdout:qaoa] epoch 0083  train_log_mse=0.00257  val_log_mse=0.04376  val_mse=0.000364  max_grad=0.62  patience=3/30
2026-10-08 22:20:18,946  gsv3.training             INFO     [family_holdout:qnn] epoch 0063  region_bce=0.2257  dist_mse=0.1237  region_overlap=0.829
2026-10-08 22:20:18,947  gsv3.training             INFO     [family_holdout:qnn] epoch 0063  train_log_mse=0.00361  val_log_mse=0.06496  val_mse=0.000682  max_grad=0.57  patience=1/30
2026-10-08 22:21:15,565  gsv3.training             INFO     [family_holdout:qaoa] epoch 0084  region_bce=0.1756  dist_mse=0.1151  region_overlap=0.862
2026-10-08 22:21:15,566  gsv3.training             INFO     [family_holdout:qaoa] epoch 0084  train_log_mse=0.00292  val_log_mse=0.03994  val_mse=0.000403  max_grad=1.48  patience=4/30
2026-10-08 22:21:57,301  gsv3.training             INFO     [family_holdout:qnn] epoch 0064  region_bce=0.2226  dist_mse=0.1234  region_overlap=0.829
2026-10-08 22:21:57,301  gsv3.training             INFO     [family_holdout:qnn] epoch 0064  train_log_mse=0.00365  val_log_mse=0.05032  val_mse=0.000484  max_grad=0.62  patience=2/30
2026-10-08 22:22:29,303  gsv3.training             INFO     [family_holdout:qaoa] epoch 0085  region_bce=0.1745  dist_mse=0.1149  region_overlap=0.863
2026-10-08 22:22:29,303  gsv3.training             INFO     [family_holdout:qaoa] epoch 0085  train_log_mse=0.00271  val_log_mse=0.03950  val_mse=0.000361  max_grad=0.68  patience=5/30
2026-10-08 22:23:29,776  gsv3.training             INFO     [family_holdout:qnn] epoch 0065  region_bce=0.2152  dist_mse=0.1219  region_overlap=0.833
2026-10-08 22:23:29,776  gsv3.training             INFO     [family_holdout:qnn] epoch 0065  train_log_mse=0.00324  val_log_mse=0.04727  val_mse=0.000385  max_grad=0.68  patience=3/30
2026-10-08 22:23:41,233  gsv3.training             INFO     [family_holdout:qaoa] epoch 0086  region_bce=0.1710  dist_mse=0.1139  region_overlap=0.864
2026-10-08 22:23:41,235  gsv3.training             INFO     [family_holdout:qaoa] epoch 0086  train_log_mse=0.00244  val_log_mse=0.03986  val_mse=0.000344  max_grad=0.78  patience=0/30
2026-10-08 22:24:53,408  gsv3.training             INFO     [family_holdout:qaoa] epoch 0087  region_bce=0.1705  dist_mse=0.1136  region_overlap=0.864
2026-10-08 22:24:53,409  gsv3.training             INFO     [family_holdout:qaoa] epoch 0087  train_log_mse=0.00230  val_log_mse=0.04261  val_mse=0.000373  max_grad=0.67  patience=1/30
2026-10-08 22:25:02,136  gsv3.training             INFO     [family_holdout:qnn] epoch 0066  region_bce=0.2126  dist_mse=0.1217  region_overlap=0.835
2026-10-08 22:25:02,138  gsv3.training             INFO     [family_holdout:qnn] epoch 0066  train_log_mse=0.00332  val_log_mse=0.05855  val_mse=0.000348  max_grad=0.52  patience=0/30
2026-10-08 22:26:05,231  gsv3.training             INFO     [family_holdout:qaoa] epoch 0088  region_bce=0.1684  dist_mse=0.1134  region_overlap=0.865
2026-10-08 22:26:05,232  gsv3.training             INFO     [family_holdout:qaoa] epoch 0088  train_log_mse=0.00231  val_log_mse=0.04646  val_mse=0.000433  max_grad=0.64  patience=2/30
2026-10-08 22:26:32,960  gsv3.training             INFO     [family_holdout:qnn] epoch 0067  region_bce=0.2116  dist_mse=0.1214  region_overlap=0.835
2026-10-08 22:26:32,961  gsv3.training             INFO     [family_holdout:qnn] epoch 0067  train_log_mse=0.00324  val_log_mse=0.05763  val_mse=0.000389  max_grad=0.63  patience=1/30
2026-10-08 22:27:16,903  gsv3.training             INFO     [family_holdout:qaoa] epoch 0089  region_bce=0.1677  dist_mse=0.1125  region_overlap=0.866
2026-10-08 22:27:16,903  gsv3.training             INFO     [family_holdout:qaoa] epoch 0089  train_log_mse=0.00238  val_log_mse=0.05290  val_mse=0.000396  max_grad=0.56  patience=3/30
2026-10-08 22:28:04,710  gsv3.training             INFO     [family_holdout:qnn] epoch 0068  region_bce=0.2105  dist_mse=0.1218  region_overlap=0.837
2026-10-08 22:28:04,710  gsv3.training             INFO     [family_holdout:qnn] epoch 0068  train_log_mse=0.00351  val_log_mse=0.04699  val_mse=0.000365  max_grad=0.68  patience=2/30
2026-10-08 22:28:28,322  gsv3.training             INFO     [family_holdout:qaoa] epoch 0090  region_bce=0.1671  dist_mse=0.1126  region_overlap=0.867
2026-10-08 22:28:28,323  gsv3.training             INFO     [family_holdout:qaoa] epoch 0090  train_log_mse=0.00243  val_log_mse=0.04481  val_mse=0.000374  max_grad=0.63  patience=4/30
2026-10-08 22:29:36,503  gsv3.training             INFO     [family_holdout:qnn] epoch 0069  region_bce=0.2093  dist_mse=0.1207  region_overlap=0.837
2026-10-08 22:29:36,504  gsv3.training             INFO     [family_holdout:qnn] epoch 0069  train_log_mse=0.00335  val_log_mse=0.06053  val_mse=0.000410  max_grad=0.46  patience=3/30
2026-10-08 22:29:39,782  gsv3.training             INFO     [family_holdout:qaoa] epoch 0091  region_bce=0.1666  dist_mse=0.1122  region_overlap=0.867
2026-10-08 22:29:39,783  gsv3.training             INFO     [family_holdout:qaoa] epoch 0091  train_log_mse=0.00256  val_log_mse=0.04960  val_mse=0.000428  max_grad=0.75  patience=5/30
2026-10-08 22:30:50,213  gsv3.training             INFO     [family_holdout:qaoa] epoch 0092  region_bce=0.1707  dist_mse=0.1128  region_overlap=0.866
2026-10-08 22:30:50,213  gsv3.training             INFO     [family_holdout:qaoa] epoch 0092  train_log_mse=0.00294  val_log_mse=0.04682  val_mse=0.000383  max_grad=0.87  patience=6/30
2026-10-08 22:31:06,148  gsv3.training             INFO     [family_holdout:qnn] epoch 0070  region_bce=0.2083  dist_mse=0.1208  region_overlap=0.838
2026-10-08 22:31:06,151  gsv3.training             INFO     [family_holdout:qnn] epoch 0070  train_log_mse=0.00346  val_log_mse=0.04334  val_mse=0.000346  max_grad=0.71  patience=0/30
2026-10-08 22:31:59,970  gsv3.training             INFO     [family_holdout:qaoa] epoch 0093  region_bce=0.1688  dist_mse=0.1127  region_overlap=0.866
2026-10-08 22:31:59,970  gsv3.training             INFO     [family_holdout:qaoa] epoch 0093  train_log_mse=0.00272  val_log_mse=0.04494  val_mse=0.000358  max_grad=0.88  patience=7/30
2026-10-08 22:32:34,252  gsv3.training             INFO     [family_holdout:qnn] epoch 0071  region_bce=0.2051  dist_mse=0.1193  region_overlap=0.840
2026-10-08 22:32:34,252  gsv3.training             INFO     [family_holdout:qnn] epoch 0071  train_log_mse=0.00315  val_log_mse=0.04313  val_mse=0.000372  max_grad=0.60  patience=1/30
2026-10-08 22:33:09,828  gsv3.training             INFO     [family_holdout:qaoa] epoch 0094  region_bce=0.1965  dist_mse=0.1189  region_overlap=0.851
2026-10-08 22:33:09,828  gsv3.training             INFO     [family_holdout:qaoa] epoch 0094  train_log_mse=0.00316  val_log_mse=0.03961  val_mse=0.000391  max_grad=1.29  patience=8/30
2026-10-08 22:34:02,910  gsv3.training             INFO     [family_holdout:qnn] epoch 0072  region_bce=0.2040  dist_mse=0.1190  region_overlap=0.841
2026-10-08 22:34:02,911  gsv3.training             INFO     [family_holdout:qnn] epoch 0072  train_log_mse=0.00311  val_log_mse=0.04479  val_mse=0.000392  max_grad=0.43  patience=2/30
2026-10-08 22:34:19,969  gsv3.training             INFO     [family_holdout:qaoa] epoch 0095  region_bce=0.1727  dist_mse=0.1129  region_overlap=0.864
2026-10-08 22:34:19,971  gsv3.training             INFO     [family_holdout:qaoa] epoch 0095  train_log_mse=0.00248  val_log_mse=0.04068  val_mse=0.000338  max_grad=0.77  patience=0/30
2026-10-08 22:35:29,853  gsv3.training             INFO     [family_holdout:qaoa] epoch 0096  region_bce=0.1691  dist_mse=0.1120  region_overlap=0.866
2026-10-08 22:35:29,854  gsv3.training             INFO     [family_holdout:qaoa] epoch 0096  train_log_mse=0.00246  val_log_mse=0.04261  val_mse=0.000348  max_grad=0.64  patience=1/30
2026-10-08 22:35:30,897  gsv3.training             INFO     [family_holdout:qnn] epoch 0073  region_bce=0.2043  dist_mse=0.1187  region_overlap=0.841
2026-10-08 22:35:30,898  gsv3.training             INFO     [family_holdout:qnn] epoch 0073  train_log_mse=0.00337  val_log_mse=0.05528  val_mse=0.000401  max_grad=0.59  patience=3/30
2026-10-08 22:36:39,363  gsv3.training             INFO     [family_holdout:qaoa] epoch 0097  region_bce=0.1637  dist_mse=0.1100  region_overlap=0.869
2026-10-08 22:36:39,364  gsv3.training             INFO     [family_holdout:qaoa] epoch 0097  train_log_mse=0.00219  val_log_mse=0.04021  val_mse=0.000364  max_grad=0.52  patience=2/30
2026-10-08 22:36:58,116  gsv3.training             INFO     [family_holdout:qnn] epoch 0074  region_bce=0.2023  dist_mse=0.1188  region_overlap=0.842
2026-10-08 22:36:58,116  gsv3.training             INFO     [family_holdout:qnn] epoch 0074  train_log_mse=0.00315  val_log_mse=0.04991  val_mse=0.000375  max_grad=0.53  patience=4/30
2026-10-08 22:37:48,769  gsv3.training             INFO     [family_holdout:qaoa] epoch 0098  region_bce=0.1654  dist_mse=0.1093  region_overlap=0.869
2026-10-08 22:37:48,769  gsv3.training             INFO     [family_holdout:qaoa] epoch 0098  train_log_mse=0.00254  val_log_mse=0.04225  val_mse=0.000347  max_grad=1.65  patience=3/30
2026-10-08 22:38:25,795  gsv3.training             INFO     [family_holdout:qnn] epoch 0075  region_bce=0.2027  dist_mse=0.1190  region_overlap=0.842
2026-10-08 22:38:25,795  gsv3.training             INFO     [family_holdout:qnn] epoch 0075  train_log_mse=0.00323  val_log_mse=0.04850  val_mse=0.000397  max_grad=0.75  patience=5/30
2026-10-08 22:38:58,166  gsv3.training             INFO     [family_holdout:qaoa] epoch 0099  region_bce=0.1597  dist_mse=0.1091  region_overlap=0.871
2026-10-08 22:38:58,166  gsv3.training             INFO     [family_holdout:qaoa] epoch 0099  train_log_mse=0.00210  val_log_mse=0.04098  val_mse=0.000350  max_grad=0.51  patience=4/30
2026-10-08 22:39:53,018  gsv3.training             INFO     [family_holdout:qnn] epoch 0076  region_bce=0.2064  dist_mse=0.1193  region_overlap=0.839
2026-10-08 22:39:53,018  gsv3.training             INFO     [family_holdout:qnn] epoch 0076  train_log_mse=0.00338  val_log_mse=0.04932  val_mse=0.000360  max_grad=0.85  patience=6/30
2026-10-08 22:40:06,132  gsv3.training             INFO     [family_holdout:qaoa] epoch 0100  region_bce=0.1591  dist_mse=0.1081  region_overlap=0.871
2026-10-08 22:40:06,133  gsv3.training             INFO     [family_holdout:qaoa] epoch 0100  train_log_mse=0.00225  val_log_mse=0.03899  val_mse=0.000345  max_grad=0.50  patience=5/30
2026-10-08 22:41:13,487  gsv3.training             INFO     [family_holdout:qaoa] epoch 0101  region_bce=0.1600  dist_mse=0.1086  region_overlap=0.871
2026-10-08 22:41:13,487  gsv3.training             INFO     [family_holdout:qaoa] epoch 0101  train_log_mse=0.00234  val_log_mse=0.03908  val_mse=0.000367  max_grad=0.56  patience=6/30
2026-10-08 22:41:18,840  gsv3.training             INFO     [family_holdout:qnn] epoch 0077  region_bce=0.1997  dist_mse=0.1177  region_overlap=0.843
2026-10-08 22:41:18,841  gsv3.training             INFO     [family_holdout:qnn] epoch 0077  train_log_mse=0.00313  val_log_mse=0.04828  val_mse=0.000361  max_grad=0.47  patience=7/30
2026-10-08 22:42:20,814  gsv3.training             INFO     [family_holdout:qaoa] epoch 0102  region_bce=0.1597  dist_mse=0.1077  region_overlap=0.872
2026-10-08 22:42:20,814  gsv3.training             INFO     [family_holdout:qaoa] epoch 0102  train_log_mse=0.00229  val_log_mse=0.08965  val_mse=0.000405  max_grad=0.61  patience=7/30
2026-10-08 22:42:45,276  gsv3.training             INFO     [family_holdout:qnn] epoch 0078  region_bce=0.1965  dist_mse=0.1169  region_overlap=0.845
2026-10-08 22:42:45,276  gsv3.training             INFO     [family_holdout:qnn] epoch 0078  train_log_mse=0.00302  val_log_mse=0.05499  val_mse=0.000388  max_grad=0.51  patience=8/30
2026-10-08 22:43:28,013  gsv3.training             INFO     [family_holdout:qaoa] epoch 0103  region_bce=0.1614  dist_mse=0.1090  region_overlap=0.871
2026-10-08 22:43:28,013  gsv3.training             INFO     [family_holdout:qaoa] epoch 0103  train_log_mse=0.00227  val_log_mse=0.04130  val_mse=0.000369  max_grad=0.42  patience=8/30
2026-10-08 22:44:11,337  gsv3.training             INFO     [family_holdout:qnn] epoch 0079  region_bce=0.1971  dist_mse=0.1174  region_overlap=0.846
2026-10-08 22:44:11,339  gsv3.training             INFO     [family_holdout:qnn] epoch 0079  train_log_mse=0.00306  val_log_mse=0.04398  val_mse=0.000334  max_grad=0.52  patience=0/30
2026-10-08 22:44:35,400  gsv3.training             INFO     [family_holdout:qaoa] epoch 0104  region_bce=0.1568  dist_mse=0.1066  region_overlap=0.873
2026-10-08 22:44:35,400  gsv3.training             INFO     [family_holdout:qaoa] epoch 0104  train_log_mse=0.00212  val_log_mse=0.04220  val_mse=0.000350  max_grad=0.45  patience=9/30
2026-10-08 22:45:37,099  gsv3.training             INFO     [family_holdout:qnn] epoch 0080  region_bce=0.1953  dist_mse=0.1171  region_overlap=0.846
2026-10-08 22:45:37,100  gsv3.training             INFO     [family_holdout:qnn] epoch 0080  train_log_mse=0.00315  val_log_mse=0.06029  val_mse=0.000400  max_grad=0.66  patience=1/30
2026-10-08 22:45:43,068  gsv3.training             INFO     [family_holdout:qaoa] epoch 0105  region_bce=0.1562  dist_mse=0.1066  region_overlap=0.874
2026-10-08 22:45:43,068  gsv3.training             INFO     [family_holdout:qaoa] epoch 0105  train_log_mse=0.00212  val_log_mse=0.04004  val_mse=0.000362  max_grad=0.53  patience=10/30
2026-10-08 22:46:50,731  gsv3.training             INFO     [family_holdout:qaoa] epoch 0106  region_bce=0.1581  dist_mse=0.1064  region_overlap=0.873
2026-10-08 22:46:50,732  gsv3.training             INFO     [family_holdout:qaoa] epoch 0106  train_log_mse=0.00227  val_log_mse=0.04900  val_mse=0.000340  max_grad=0.66  patience=11/30
2026-10-08 22:47:02,826  gsv3.training             INFO     [family_holdout:qnn] epoch 0081  region_bce=0.1996  dist_mse=0.1172  region_overlap=0.845
2026-10-08 22:47:02,827  gsv3.training             INFO     [family_holdout:qnn] epoch 0081  train_log_mse=0.00319  val_log_mse=0.06812  val_mse=0.000440  max_grad=1.09  patience=2/30
2026-10-08 22:47:57,866  gsv3.training             INFO     [family_holdout:qaoa] epoch 0107  region_bce=0.1573  dist_mse=0.1067  region_overlap=0.874
2026-10-08 22:47:57,866  gsv3.training             INFO     [family_holdout:qaoa] epoch 0107  train_log_mse=0.00237  val_log_mse=0.03924  val_mse=0.000379  max_grad=0.75  patience=12/30
2026-10-08 22:48:28,378  gsv3.training             INFO     [family_holdout:qnn] epoch 0082  region_bce=0.2078  dist_mse=0.1202  region_overlap=0.839
2026-10-08 22:48:28,378  gsv3.training             INFO     [family_holdout:qnn] epoch 0082  train_log_mse=0.00357  val_log_mse=0.04610  val_mse=0.000364  max_grad=1.05  patience=3/30
2026-10-08 22:49:04,707  gsv3.training             INFO     [family_holdout:qaoa] epoch 0108  region_bce=0.1605  dist_mse=0.1072  region_overlap=0.872
2026-10-08 22:49:04,707  gsv3.training             INFO     [family_holdout:qaoa] epoch 0108  train_log_mse=0.00286  val_log_mse=0.05856  val_mse=0.000387  max_grad=1.74  patience=13/30
2026-10-08 22:49:54,213  gsv3.training             INFO     [family_holdout:qnn] epoch 0083  region_bce=0.1946  dist_mse=0.1169  region_overlap=0.847
2026-10-08 22:49:54,213  gsv3.training             INFO     [family_holdout:qnn] epoch 0083  train_log_mse=0.00296  val_log_mse=0.04890  val_mse=0.000383  max_grad=0.39  patience=4/30
2026-10-08 22:50:11,665  gsv3.training             INFO     [family_holdout:qaoa] epoch 0109  region_bce=0.2419  dist_mse=0.1236  region_overlap=0.842
2026-10-08 22:50:11,665  gsv3.training             INFO     [family_holdout:qaoa] epoch 0109  train_log_mse=0.00834  val_log_mse=0.08886  val_mse=0.000495  max_grad=9.86  patience=14/30
2026-10-08 22:51:18,449  gsv3.training             INFO     [family_holdout:qaoa] epoch 0110  region_bce=0.1812  dist_mse=0.1134  region_overlap=0.860
2026-10-08 22:51:18,449  gsv3.training             INFO     [family_holdout:qaoa] epoch 0110  train_log_mse=0.00338  val_log_mse=0.04130  val_mse=0.000348  max_grad=1.25  patience=15/30
2026-10-08 22:51:19,459  gsv3.training             INFO     [family_holdout:qnn] epoch 0084  region_bce=0.1915  dist_mse=0.1161  region_overlap=0.849
2026-10-08 22:51:19,459  gsv3.training             INFO     [family_holdout:qnn] epoch 0084  train_log_mse=0.00294  val_log_mse=0.05931  val_mse=0.000376  max_grad=1.00  patience=5/30
2026-10-08 22:52:25,164  gsv3.training             INFO     [family_holdout:qaoa] epoch 0111  region_bce=0.1660  dist_mse=0.1078  region_overlap=0.869
2026-10-08 22:52:25,167  gsv3.training             INFO     [family_holdout:qaoa] epoch 0111  train_log_mse=0.00233  val_log_mse=0.04397  val_mse=0.000335  max_grad=1.28  patience=0/30
2026-10-08 22:52:44,628  gsv3.training             INFO     [family_holdout:qnn] epoch 0085  region_bce=0.1936  dist_mse=0.1162  region_overlap=0.848
2026-10-08 22:52:44,629  gsv3.training             INFO     [family_holdout:qnn] epoch 0085  train_log_mse=0.00320  val_log_mse=0.04539  val_mse=0.000343  max_grad=0.79  patience=6/30
2026-10-08 22:53:32,384  gsv3.training             INFO     [family_holdout:qaoa] epoch 0112  region_bce=0.1582  dist_mse=0.1056  region_overlap=0.872
2026-10-08 22:53:32,384  gsv3.training             INFO     [family_holdout:qaoa] epoch 0112  train_log_mse=0.00190  val_log_mse=0.03903  val_mse=0.000338  max_grad=0.37  patience=1/30
2026-10-08 22:54:09,629  gsv3.training             INFO     [family_holdout:qnn] epoch 0086  region_bce=0.1884  dist_mse=0.1150  region_overlap=0.851
2026-10-08 22:54:09,631  gsv3.training             INFO     [family_holdout:qnn] epoch 0086  train_log_mse=0.00275  val_log_mse=0.04252  val_mse=0.000326  max_grad=0.55  patience=0/30
2026-10-08 22:54:39,445  gsv3.training             INFO     [family_holdout:qaoa] epoch 0113  region_bce=0.1552  dist_mse=0.1041  region_overlap=0.875
2026-10-08 22:54:39,445  gsv3.training             INFO     [family_holdout:qaoa] epoch 0113  train_log_mse=0.00202  val_log_mse=0.04155  val_mse=0.000340  max_grad=0.44  patience=2/30
2026-10-08 22:55:34,762  gsv3.training             INFO     [family_holdout:qnn] epoch 0087  region_bce=0.1871  dist_mse=0.1143  region_overlap=0.851
2026-10-08 22:55:34,762  gsv3.training             INFO     [family_holdout:qnn] epoch 0087  train_log_mse=0.00284  val_log_mse=0.04527  val_mse=0.000359  max_grad=0.56  patience=1/30
2026-10-08 22:55:46,545  gsv3.training             INFO     [family_holdout:qaoa] epoch 0114  region_bce=0.1594  dist_mse=0.1054  region_overlap=0.873
2026-10-08 22:55:46,545  gsv3.training             INFO     [family_holdout:qaoa] epoch 0114  train_log_mse=0.00236  val_log_mse=0.04114  val_mse=0.000346  max_grad=1.04  patience=3/30
2026-10-08 22:56:54,295  gsv3.training             INFO     [family_holdout:qaoa] epoch 0115  region_bce=0.1554  dist_mse=0.1041  region_overlap=0.875
2026-10-08 22:56:54,296  gsv3.training             INFO     [family_holdout:qaoa] epoch 0115  train_log_mse=0.00194  val_log_mse=0.04571  val_mse=0.000369  max_grad=0.29  patience=4/30
2026-10-08 22:57:00,177  gsv3.training             INFO     [family_holdout:qnn] epoch 0088  region_bce=0.1856  dist_mse=0.1142  region_overlap=0.853
2026-10-08 22:57:00,178  gsv3.training             INFO     [family_holdout:qnn] epoch 0088  train_log_mse=0.00278  val_log_mse=0.06835  val_mse=0.000371  max_grad=0.37  patience=2/30
2026-10-08 22:58:01,673  gsv3.training             INFO     [family_holdout:qaoa] epoch 0116  region_bce=0.1526  dist_mse=0.1026  region_overlap=0.876
2026-10-08 22:58:01,674  gsv3.training             INFO     [family_holdout:qaoa] epoch 0116  train_log_mse=0.00191  val_log_mse=0.03867  val_mse=0.000327  max_grad=0.49  patience=0/30
2026-10-08 22:58:25,470  gsv3.training             INFO     [family_holdout:qnn] epoch 0089  region_bce=0.1885  dist_mse=0.1155  region_overlap=0.851
2026-10-08 22:58:25,470  gsv3.training             INFO     [family_holdout:qnn] epoch 0089  train_log_mse=0.00307  val_log_mse=0.05112  val_mse=0.000341  max_grad=0.53  patience=3/30
2026-10-08 22:59:08,896  gsv3.training             INFO     [family_holdout:qaoa] epoch 0117  region_bce=0.1525  dist_mse=0.1021  region_overlap=0.877
2026-10-08 22:59:08,896  gsv3.training             INFO     [family_holdout:qaoa] epoch 0117  train_log_mse=0.00211  val_log_mse=0.03977  val_mse=0.000346  max_grad=0.54  patience=1/30
2026-10-08 22:59:50,821  gsv3.training             INFO     [family_holdout:qnn] epoch 0090  region_bce=0.1862  dist_mse=0.1150  region_overlap=0.852
2026-10-08 22:59:50,822  gsv3.training             INFO     [family_holdout:qnn] epoch 0090  train_log_mse=0.00301  val_log_mse=0.04384  val_mse=0.000362  max_grad=0.53  patience=4/30
2026-10-08 23:00:16,336  gsv3.training             INFO     [family_holdout:qaoa] epoch 0118  region_bce=0.1525  dist_mse=0.1017  region_overlap=0.877
2026-10-08 23:00:16,336  gsv3.training             INFO     [family_holdout:qaoa] epoch 0118  train_log_mse=0.00223  val_log_mse=0.04434  val_mse=0.000361  max_grad=0.54  patience=2/30
2026-10-08 23:01:15,878  gsv3.training             INFO     [family_holdout:qnn] epoch 0091  region_bce=0.1829  dist_mse=0.1139  region_overlap=0.855
2026-10-08 23:01:15,878  gsv3.training             INFO     [family_holdout:qnn] epoch 0091  train_log_mse=0.00274  val_log_mse=0.04779  val_mse=0.000330  max_grad=0.40  patience=5/30
2026-10-08 23:01:23,445  gsv3.training             INFO     [family_holdout:qaoa] epoch 0119  region_bce=0.1512  dist_mse=0.1015  region_overlap=0.877
2026-10-08 23:01:23,447  gsv3.training             INFO     [family_holdout:qaoa] epoch 0119  train_log_mse=0.00196  val_log_mse=0.03959  val_mse=0.000326  max_grad=0.38  patience=0/30
2026-10-08 23:02:30,522  gsv3.training             INFO     [family_holdout:qaoa] epoch 0120  region_bce=0.1523  dist_mse=0.1017  region_overlap=0.877
2026-10-08 23:02:30,522  gsv3.training             INFO     [family_holdout:qaoa] epoch 0120  train_log_mse=0.00239  val_log_mse=0.04308  val_mse=0.000359  max_grad=0.54  patience=1/30
2026-10-08 23:02:40,929  gsv3.training             INFO     [family_holdout:qnn] epoch 0092  region_bce=0.1830  dist_mse=0.1138  region_overlap=0.855
2026-10-08 23:02:40,930  gsv3.training             INFO     [family_holdout:qnn] epoch 0092  train_log_mse=0.00292  val_log_mse=0.06069  val_mse=0.000383  max_grad=0.45  patience=6/30
2026-10-08 23:03:37,538  gsv3.training             INFO     [family_holdout:qaoa] epoch 0121  region_bce=0.1544  dist_mse=0.1021  region_overlap=0.876
2026-10-08 23:03:37,539  gsv3.training             INFO     [family_holdout:qaoa] epoch 0121  train_log_mse=0.00263  val_log_mse=0.04332  val_mse=0.000358  max_grad=1.07  patience=2/30
2026-10-08 23:04:06,407  gsv3.training             INFO     [family_holdout:qnn] epoch 0093  region_bce=0.1827  dist_mse=0.1142  region_overlap=0.855
2026-10-08 23:04:06,407  gsv3.training             INFO     [family_holdout:qnn] epoch 0093  train_log_mse=0.00281  val_log_mse=0.04436  val_mse=0.000352  max_grad=0.40  patience=7/30
2026-10-08 23:04:44,513  gsv3.training             INFO     [family_holdout:qaoa] epoch 0122  region_bce=0.1642  dist_mse=0.1028  region_overlap=0.871
2026-10-08 23:04:44,513  gsv3.training             INFO     [family_holdout:qaoa] epoch 0122  train_log_mse=0.00223  val_log_mse=0.04031  val_mse=0.000362  max_grad=0.63  patience=3/30
2026-10-08 23:05:31,942  gsv3.training             INFO     [family_holdout:qnn] epoch 0094  region_bce=0.1826  dist_mse=0.1135  region_overlap=0.855
2026-10-08 23:05:31,942  gsv3.training             INFO     [family_holdout:qnn] epoch 0094  train_log_mse=0.00306  val_log_mse=0.04572  val_mse=0.000367  max_grad=0.56  patience=8/30
2026-10-08 23:05:51,342  gsv3.training             INFO     [family_holdout:qaoa] epoch 0123  region_bce=0.1510  dist_mse=0.1007  region_overlap=0.877
2026-10-08 23:05:51,342  gsv3.training             INFO     [family_holdout:qaoa] epoch 0123  train_log_mse=0.00208  val_log_mse=0.04867  val_mse=0.000337  max_grad=0.42  patience=4/30
2026-10-08 23:06:57,195  gsv3.training             INFO     [family_holdout:qnn] epoch 0095  region_bce=0.1825  dist_mse=0.1144  region_overlap=0.855
2026-10-08 23:06:57,195  gsv3.training             INFO     [family_holdout:qnn] epoch 0095  train_log_mse=0.00356  val_log_mse=0.04719  val_mse=0.000367  max_grad=0.99  patience=9/30
2026-10-08 23:06:58,196  gsv3.training             INFO     [family_holdout:qaoa] epoch 0124  region_bce=0.1475  dist_mse=0.0996  region_overlap=0.879
2026-10-08 23:06:58,196  gsv3.training             INFO     [family_holdout:qaoa] epoch 0124  train_log_mse=0.00195  val_log_mse=0.04168  val_mse=0.000353  max_grad=0.38  patience=5/30
2026-10-08 23:08:05,119  gsv3.training             INFO     [family_holdout:qaoa] epoch 0125  region_bce=0.1493  dist_mse=0.0992  region_overlap=0.878
2026-10-08 23:08:05,119  gsv3.training             INFO     [family_holdout:qaoa] epoch 0125  train_log_mse=0.00198  val_log_mse=0.05146  val_mse=0.000380  max_grad=0.56  patience=6/30
2026-10-08 23:08:22,664  gsv3.training             INFO     [family_holdout:qnn] epoch 0096  region_bce=0.1789  dist_mse=0.1125  region_overlap=0.858
2026-10-08 23:08:22,664  gsv3.training             INFO     [family_holdout:qnn] epoch 0096  train_log_mse=0.00263  val_log_mse=0.04400  val_mse=0.000359  max_grad=0.37  patience=10/30
2026-10-08 23:09:12,077  gsv3.training             INFO     [family_holdout:qaoa] epoch 0126  region_bce=0.1482  dist_mse=0.1001  region_overlap=0.878
2026-10-08 23:09:12,078  gsv3.training             INFO     [family_holdout:qaoa] epoch 0126  train_log_mse=0.00212  val_log_mse=0.04672  val_mse=0.000340  max_grad=0.58  patience=7/30
2026-10-08 23:09:47,736  gsv3.training             INFO     [family_holdout:qnn] epoch 0097  region_bce=0.1775  dist_mse=0.1123  region_overlap=0.858
2026-10-08 23:09:47,737  gsv3.training             INFO     [family_holdout:qnn] epoch 0097  train_log_mse=0.00269  val_log_mse=0.04681  val_mse=0.000406  max_grad=0.55  patience=11/30
2026-10-08 23:10:18,820  gsv3.training             INFO     [family_holdout:qaoa] epoch 0127  region_bce=0.1466  dist_mse=0.0986  region_overlap=0.880
2026-10-08 23:10:18,820  gsv3.training             INFO     [family_holdout:qaoa] epoch 0127  train_log_mse=0.00209  val_log_mse=0.03923  val_mse=0.000346  max_grad=0.54  patience=8/30
2026-10-08 23:11:12,566  gsv3.training             INFO     [family_holdout:qnn] epoch 0098  region_bce=0.1784  dist_mse=0.1126  region_overlap=0.857
2026-10-08 23:11:12,566  gsv3.training             INFO     [family_holdout:qnn] epoch 0098  train_log_mse=0.00286  val_log_mse=0.05794  val_mse=0.000483  max_grad=0.86  patience=12/30
2026-10-08 23:11:25,746  gsv3.training             INFO     [family_holdout:qaoa] epoch 0128  region_bce=0.1467  dist_mse=0.0983  region_overlap=0.879
2026-10-08 23:11:25,746  gsv3.training             INFO     [family_holdout:qaoa] epoch 0128  train_log_mse=0.00198  val_log_mse=0.04206  val_mse=0.000383  max_grad=0.63  patience=9/30
2026-10-08 23:12:32,624  gsv3.training             INFO     [family_holdout:qaoa] epoch 0129  region_bce=0.1442  dist_mse=0.0974  region_overlap=0.881
2026-10-08 23:12:32,624  gsv3.training             INFO     [family_holdout:qaoa] epoch 0129  train_log_mse=0.00197  val_log_mse=0.05528  val_mse=0.000360  max_grad=0.46  patience=10/30
2026-10-08 23:12:37,465  gsv3.training             INFO     [family_holdout:qnn] epoch 0099  region_bce=0.1854  dist_mse=0.1137  region_overlap=0.855
2026-10-08 23:12:37,466  gsv3.training             INFO     [family_holdout:qnn] epoch 0099  train_log_mse=0.00363  val_log_mse=0.04714  val_mse=0.000344  max_grad=0.77  patience=13/30
2026-10-08 23:13:39,391  gsv3.training             INFO     [family_holdout:qaoa] epoch 0130  region_bce=0.1448  dist_mse=0.0977  region_overlap=0.881
2026-10-08 23:13:39,391  gsv3.training             INFO     [family_holdout:qaoa] epoch 0130  train_log_mse=0.00199  val_log_mse=0.04433  val_mse=0.000358  max_grad=0.37  patience=11/30
2026-10-08 23:14:02,567  gsv3.training             INFO     [family_holdout:qnn] epoch 0100  region_bce=0.1756  dist_mse=0.1115  region_overlap=0.860
2026-10-08 23:14:02,568  gsv3.training             INFO     [family_holdout:qnn] epoch 0100  train_log_mse=0.00263  val_log_mse=0.04780  val_mse=0.000350  max_grad=0.48  patience=14/30
2026-10-08 23:14:45,917  gsv3.training             INFO     [family_holdout:qaoa] epoch 0131  region_bce=0.1443  dist_mse=0.0968  region_overlap=0.881
2026-10-08 23:14:45,917  gsv3.training             INFO     [family_holdout:qaoa] epoch 0131  train_log_mse=0.00186  val_log_mse=0.03944  val_mse=0.000352  max_grad=0.41  patience=12/30
2026-10-08 23:15:27,535  gsv3.training             INFO     [family_holdout:qnn] epoch 0101  region_bce=0.1758  dist_mse=0.1120  region_overlap=0.860
2026-10-08 23:15:27,535  gsv3.training             INFO     [family_holdout:qnn] epoch 0101  train_log_mse=0.00288  val_log_mse=0.04244  val_mse=0.000333  max_grad=0.53  patience=15/30
2026-10-08 23:15:52,676  gsv3.training             INFO     [family_holdout:qaoa] epoch 0132  region_bce=0.1483  dist_mse=0.0979  region_overlap=0.880
2026-10-08 23:15:52,676  gsv3.training             INFO     [family_holdout:qaoa] epoch 0132  train_log_mse=0.00230  val_log_mse=0.03766  val_mse=0.000334  max_grad=0.70  patience=13/30
2026-10-08 23:16:53,047  gsv3.training             INFO     [family_holdout:qnn] epoch 0102  region_bce=0.1720  dist_mse=0.1110  region_overlap=0.862
2026-10-08 23:16:53,048  gsv3.training             INFO     [family_holdout:qnn] epoch 0102  train_log_mse=0.00251  val_log_mse=0.04369  val_mse=0.000344  max_grad=0.37  patience=16/30
2026-10-08 23:16:59,481  gsv3.training             INFO     [family_holdout:qaoa] epoch 0133  region_bce=0.1444  dist_mse=0.0967  region_overlap=0.882
2026-10-08 23:16:59,482  gsv3.training             INFO     [family_holdout:qaoa] epoch 0133  train_log_mse=0.00208  val_log_mse=0.04716  val_mse=0.000384  max_grad=0.59  patience=14/30
2026-10-08 23:18:06,062  gsv3.training             INFO     [family_holdout:qaoa] epoch 0134  region_bce=0.1440  dist_mse=0.0968  region_overlap=0.882
2026-10-08 23:18:06,062  gsv3.training             INFO     [family_holdout:qaoa] epoch 0134  train_log_mse=0.00214  val_log_mse=0.03847  val_mse=0.000354  max_grad=0.46  patience=15/30
2026-10-08 23:18:18,302  gsv3.training             INFO     [family_holdout:qnn] epoch 0103  region_bce=0.1725  dist_mse=0.1110  region_overlap=0.862
2026-10-08 23:18:18,302  gsv3.training             INFO     [family_holdout:qnn] epoch 0103  train_log_mse=0.00277  val_log_mse=0.04403  val_mse=0.000356  max_grad=0.42  patience=17/30
2026-10-08 23:19:12,258  gsv3.training             INFO     [family_holdout:qaoa] epoch 0135  region_bce=0.1439  dist_mse=0.0961  region_overlap=0.882
2026-10-08 23:19:12,259  gsv3.training             INFO     [family_holdout:qaoa] epoch 0135  train_log_mse=0.00202  val_log_mse=0.04426  val_mse=0.000346  max_grad=0.58  patience=16/30
2026-10-08 23:19:42,899  gsv3.training             INFO     [family_holdout:qnn] epoch 0104  region_bce=0.1704  dist_mse=0.1108  region_overlap=0.863
2026-10-08 23:19:42,899  gsv3.training             INFO     [family_holdout:qnn] epoch 0104  train_log_mse=0.00247  val_log_mse=0.04553  val_mse=0.000334  max_grad=0.32  patience=18/30
2026-10-08 23:20:18,790  gsv3.training             INFO     [family_holdout:qaoa] epoch 0136  region_bce=0.1713  dist_mse=0.1038  region_overlap=0.871
2026-10-08 23:20:18,790  gsv3.training             INFO     [family_holdout:qaoa] epoch 0136  train_log_mse=0.00464  val_log_mse=0.06311  val_mse=0.000349  max_grad=3.09  patience=17/30
2026-10-08 23:21:07,465  gsv3.training             INFO     [family_holdout:qnn] epoch 0105  region_bce=0.1709  dist_mse=0.1105  region_overlap=0.863
2026-10-08 23:21:07,466  gsv3.training             INFO     [family_holdout:qnn] epoch 0105  train_log_mse=0.00284  val_log_mse=0.04489  val_mse=0.000347  max_grad=0.37  patience=19/30
2026-10-08 23:21:25,397  gsv3.training             INFO     [family_holdout:qaoa] epoch 0137  region_bce=0.1498  dist_mse=0.0986  region_overlap=0.879
2026-10-08 23:21:25,397  gsv3.training             INFO     [family_holdout:qaoa] epoch 0137  train_log_mse=0.00209  val_log_mse=0.04013  val_mse=0.000336  max_grad=0.40  patience=18/30
2026-10-08 23:22:32,169  gsv3.training             INFO     [family_holdout:qnn] epoch 0106  region_bce=0.1691  dist_mse=0.1101  region_overlap=0.863
2026-10-08 23:22:32,169  gsv3.training             INFO     [family_holdout:qnn] epoch 0106  train_log_mse=0.00256  val_log_mse=0.05386  val_mse=0.000366  max_grad=0.34  patience=20/30
2026-10-08 23:22:32,232  gsv3.training             INFO     [family_holdout:qaoa] epoch 0138  region_bce=0.1415  dist_mse=0.0958  region_overlap=0.883
2026-10-08 23:22:32,232  gsv3.training             INFO     [family_holdout:qaoa] epoch 0138  train_log_mse=0.00168  val_log_mse=0.04125  val_mse=0.000344  max_grad=0.33  patience=19/30
2026-10-08 23:23:41,276  gsv3.training             INFO     [family_holdout:qaoa] epoch 0139  region_bce=0.1408  dist_mse=0.0955  region_overlap=0.883
2026-10-08 23:23:41,276  gsv3.training             INFO     [family_holdout:qaoa] epoch 0139  train_log_mse=0.00192  val_log_mse=0.04171  val_mse=0.000355  max_grad=0.46  patience=20/30
2026-10-08 23:24:00,239  gsv3.training             INFO     [family_holdout:qnn] epoch 0107  region_bce=0.1698  dist_mse=0.1105  region_overlap=0.864
2026-10-08 23:24:00,239  gsv3.training             INFO     [family_holdout:qnn] epoch 0107  train_log_mse=0.00279  val_log_mse=0.05195  val_mse=0.000348  max_grad=0.36  patience=21/30
2026-10-08 23:24:51,576  gsv3.training             INFO     [family_holdout:qaoa] epoch 0140  region_bce=0.1403  dist_mse=0.0947  region_overlap=0.884
2026-10-08 23:24:51,576  gsv3.training             INFO     [family_holdout:qaoa] epoch 0140  train_log_mse=0.00181  val_log_mse=0.04301  val_mse=0.000339  max_grad=0.44  patience=21/30
2026-10-08 23:25:29,121  gsv3.training             INFO     [family_holdout:qnn] epoch 0108  region_bce=0.1723  dist_mse=0.1108  region_overlap=0.863
2026-10-08 23:25:29,131  gsv3.training             INFO     [family_holdout:qnn] epoch 0108  train_log_mse=0.00283  val_log_mse=0.04889  val_mse=0.000346  max_grad=0.55  patience=22/30
2026-10-08 23:26:01,856  gsv3.training             INFO     [family_holdout:qaoa] epoch 0141  region_bce=0.1394  dist_mse=0.0946  region_overlap=0.884
2026-10-08 23:26:01,857  gsv3.training             INFO     [family_holdout:qaoa] epoch 0141  train_log_mse=0.00172  val_log_mse=0.04081  val_mse=0.000381  max_grad=0.34  patience=22/30
2026-10-08 23:26:56,969  gsv3.training             INFO     [family_holdout:qnn] epoch 0109  region_bce=0.1684  dist_mse=0.1100  region_overlap=0.865
2026-10-08 23:26:56,970  gsv3.training             INFO     [family_holdout:qnn] epoch 0109  train_log_mse=0.00270  val_log_mse=0.04500  val_mse=0.000352  max_grad=0.49  patience=23/30
2026-10-08 23:27:10,164  gsv3.training             INFO     [family_holdout:qaoa] epoch 0142  region_bce=0.1381  dist_mse=0.0941  region_overlap=0.885
2026-10-08 23:27:10,165  gsv3.training             INFO     [family_holdout:qaoa] epoch 0142  train_log_mse=0.00170  val_log_mse=0.03941  val_mse=0.000357  max_grad=0.35  patience=23/30
2026-10-08 23:28:20,380  gsv3.training             INFO     [family_holdout:qaoa] epoch 0143  region_bce=0.1396  dist_mse=0.0942  region_overlap=0.884
2026-10-08 23:28:20,380  gsv3.training             INFO     [family_holdout:qaoa] epoch 0143  train_log_mse=0.00192  val_log_mse=0.04759  val_mse=0.000359  max_grad=0.48  patience=24/30
2026-10-08 23:28:25,896  gsv3.training             INFO     [family_holdout:qnn] epoch 0110  region_bce=0.1672  dist_mse=0.1100  region_overlap=0.866
2026-10-08 23:28:25,896  gsv3.training             INFO     [family_holdout:qnn] epoch 0110  train_log_mse=0.00271  val_log_mse=0.04446  val_mse=0.000346  max_grad=0.37  patience=24/30
2026-10-08 23:29:31,369  gsv3.training             INFO     [family_holdout:qaoa] epoch 0144  region_bce=0.1477  dist_mse=0.0963  region_overlap=0.881
2026-10-08 23:29:31,369  gsv3.training             INFO     [family_holdout:qaoa] epoch 0144  train_log_mse=0.00225  val_log_mse=0.03827  val_mse=0.000356  max_grad=0.84  patience=25/30
2026-10-08 23:29:56,712  gsv3.training             INFO     [family_holdout:qnn] epoch 0111  region_bce=0.1747  dist_mse=0.1111  region_overlap=0.863
2026-10-08 23:29:56,713  gsv3.training             INFO     [family_holdout:qnn] epoch 0111  train_log_mse=0.00372  val_log_mse=0.05147  val_mse=0.000383  max_grad=1.26  patience=25/30
2026-10-08 23:30:41,517  gsv3.training             INFO     [family_holdout:qaoa] epoch 0145  region_bce=0.1404  dist_mse=0.0942  region_overlap=0.884
2026-10-08 23:30:41,518  gsv3.training             INFO     [family_holdout:qaoa] epoch 0145  train_log_mse=0.00207  val_log_mse=0.04396  val_mse=0.000350  max_grad=0.40  patience=26/30
2026-10-08 23:31:25,204  gsv3.training             INFO     [family_holdout:qnn] epoch 0112  region_bce=0.1717  dist_mse=0.1104  region_overlap=0.862
2026-10-08 23:31:25,205  gsv3.training             INFO     [family_holdout:qnn] epoch 0112  train_log_mse=0.00294  val_log_mse=0.05685  val_mse=0.000362  max_grad=1.36  patience=26/30
2026-10-08 23:31:50,948  gsv3.training             INFO     [family_holdout:qaoa] epoch 0146  region_bce=0.1391  dist_mse=0.0931  region_overlap=0.886
2026-10-08 23:31:50,949  gsv3.training             INFO     [family_holdout:qaoa] epoch 0146  train_log_mse=0.00205  val_log_mse=0.05429  val_mse=0.000337  max_grad=0.65  patience=27/30
2026-10-08 23:32:56,805  gsv3.training             INFO     [family_holdout:qnn] epoch 0113  region_bce=0.1735  dist_mse=0.1106  region_overlap=0.862
2026-10-08 23:32:56,806  gsv3.training             INFO     [family_holdout:qnn] epoch 0113  train_log_mse=0.00285  val_log_mse=0.04517  val_mse=0.000351  max_grad=0.60  patience=27/30
2026-10-08 23:33:03,747  gsv3.training             INFO     [family_holdout:qaoa] epoch 0147  region_bce=0.1417  dist_mse=0.0940  region_overlap=0.884
2026-10-08 23:33:03,748  gsv3.training             INFO     [family_holdout:qaoa] epoch 0147  train_log_mse=0.00198  val_log_mse=0.04518  val_mse=0.000380  max_grad=0.47  patience=28/30
2026-10-08 23:34:16,869  gsv3.training             INFO     [family_holdout:qaoa] epoch 0148  region_bce=0.1397  dist_mse=0.0938  region_overlap=0.884
2026-10-08 23:34:16,870  gsv3.training             INFO     [family_holdout:qaoa] epoch 0148  train_log_mse=0.00185  val_log_mse=0.04389  val_mse=0.000367  max_grad=0.34  patience=29/30
2026-10-08 23:34:28,797  gsv3.training             INFO     [family_holdout:qnn] epoch 0114  region_bce=0.1616  dist_mse=0.1082  region_overlap=0.869
2026-10-08 23:34:28,798  gsv3.training             INFO     [family_holdout:qnn] epoch 0114  train_log_mse=0.00240  val_log_mse=0.04443  val_mse=0.000364  max_grad=0.44  patience=28/30
2026-10-08 23:35:29,026  gsv3.training             INFO     [family_holdout:qaoa] epoch 0149  region_bce=0.1380  dist_mse=0.0930  region_overlap=0.885
2026-10-08 23:35:29,026  gsv3.training             INFO     [family_holdout:qaoa] epoch 0149  train_log_mse=0.00184  val_log_mse=0.04184  val_mse=0.000370  max_grad=0.43  patience=30/30
2026-10-08 23:35:37,236  gsv3.experiment           INFO     [qaoa] TEST  n=2706  MAE=0.1004  R2=0.8104  device-acc=0.366  regret=0.0154
2026-10-08 23:35:37,241  genstudy.io               INFO     Wrote evaluations/generalization_v7/results/v7_l001/leave_one_family_out/qaoa/metrics.json
2026-10-08 23:35:37,254  genstudy.io               INFO     Wrote evaluations/generalization_v7/results/v7_l001/leave_one_family_out/qaoa/predictions.json
2026-10-08 23:35:37,267  genstudy.io               INFO     Wrote evaluations/generalization_v7/results/v7_l001/leave_one_family_out/qaoa/history.json
2026-10-08 23:35:37,288  genstudy.io               INFO     Wrote evaluations/generalization_v7/results/v7_l001/leave_one_family_out/folds.json
2026-10-08 23:35:37,294  genstudy.experiment       INFO     Merged held-out predictions for 2706 circuits
2026-10-08 23:35:37,306  genstudy.io               INFO     Wrote evaluations/generalization_v7/results/v7_l001/leave_one_family_out/heldout_predictions.json
2026-10-08 23:35:37,306  run_experiment            INFO     leave_one_family_out finished: 1 complete, 0 skipped
2026-10-08 23:35:58,285  gsv3.training             INFO     [family_holdout:qnn] epoch 0115  region_bce=0.1603  dist_mse=0.1078  region_overlap=0.870
2026-10-08 23:35:58,285  gsv3.training             INFO     [family_holdout:qnn] epoch 0115  train_log_mse=0.00231  val_log_mse=0.04378  val_mse=0.000353  max_grad=0.26  patience=29/30
2026-10-08 23:37:21,835  gsv3.training             INFO     [family_holdout:qnn] epoch 0116  region_bce=0.1596  dist_mse=0.1074  region_overlap=0.870
2026-10-08 23:37:21,835  gsv3.training             INFO     [family_holdout:qnn] epoch 0116  train_log_mse=0.00238  val_log_mse=0.04464  val_mse=0.000386  max_grad=0.33  patience=30/30
2026-10-08 23:37:23,051  gsv3.experiment           INFO     [qnn] TEST  n=760  MAE=0.0817  R2=0.7809  device-acc=0.822  regret=0.0030
2026-10-08 23:37:23,055  genstudy.io               INFO     Wrote evaluations/generalization_v7/results/v7_l001/leave_one_family_out/qnn/metrics.json
2026-10-08 23:37:23,062  genstudy.io               INFO     Wrote evaluations/generalization_v7/results/v7_l001/leave_one_family_out/qnn/predictions.json
2026-10-08 23:37:23,073  genstudy.io               INFO     Wrote evaluations/generalization_v7/results/v7_l001/leave_one_family_out/qnn/history.json
2026-10-08 23:37:23,098  genstudy.io               INFO     Wrote evaluations/generalization_v7/results/v7_l001/leave_one_family_out/folds.json
2026-10-08 23:37:23,100  genstudy.experiment       INFO     Merged held-out predictions for 760 circuits
2026-10-08 23:37:23,105  genstudy.io               INFO     Wrote evaluations/generalization_v7/results/v7_l001/leave_one_family_out/heldout_predictions.json
2026-10-08 23:37:23,105  run_experiment            INFO     leave_one_family_out finished: 1 complete, 0 skipped
