2026-10-07 08:40:35,694  genstudy.io               INFO     Logging to /home/atudisco/pred-distr-tool/evaluations/generalization/results/leave_one_family_out/run.log
2026-10-07 08:40:35,694  run_leave_one_family_out  INFO     Command line: /home/atudisco/pred-distr-tool/evaluations/generalization/scripts/run_leave_one_family_out.py --families large --min-family-size 50 --results-dir /home/atudisco/pred-distr-tool/evaluations/generalization/results
2026-10-07 08:40:35,695  run_leave_one_family_out  INFO     Dataset directory: /home/atudisco/compileCircuits
2026-10-07 08:40:35,696  genstudy.model            INFO     Hyper-parameters from /home/atudisco/pred-distr-tool/src/model/best_params.json: {'hidden_dim': 142, 'num_conv_wo_resnet': 3, 'num_resnet_layers': 1, 'dropout': 0.0, 'bidirectional': True, 'mlp': [512, 256, 128], 'lr': 0.001, 'readout': 'meanmaxsum'}
2026-10-07 08:40:35,696  run_leave_one_family_out  INFO     Compute device: cpu
2026-10-07 08:40:35,696  genstudy.data             INFO     Loading graph dataset: /home/atudisco/compileCircuits/graph_dataset_expected_fidelity.pt
2026-10-07 08:40:38,205  genstudy.data             INFO     Loaded 17056 graphs
2026-10-07 08:40:38,233  genstudy.io               INFO     Wrote /home/atudisco/pred-distr-tool/evaluations/generalization/results/leave_one_family_out/dataset_summary.json
2026-10-07 08:40:38,233  genstudy.data             INFO     Holding out 10 families: vqe_two_local, vqe_real_amp, vqe_su2, qaoa, randomcircuit, qft, qnn, ae, qftentangled, iqpe
2026-10-07 08:40:38,234  run_leave_one_family_out  INFO     [1/10] holding out family 'vqe_two_local'
2026-10-07 08:40:38,236  genstudy.experiment       INFO     === family_holdout / vqe_two_local ===
2026-10-07 08:40:38,236  genstudy.experiment       INFO     Leave-one-family-out: test = all 3449 'vqe_two_local' circuits, train = 13607 circuits from 34 other families.
2026-10-07 08:40:38,237  genstudy.experiment       INFO     train=10886  val=2721  test=3449
2026-10-07 08:40:38,276  genstudy.model            INFO     [family_holdout:vqe_two_local] training on 10886 graphs, validating on 2721, epochs 1-1000 (patience 30)
2026-10-07 08:40:52,598  genstudy.model            INFO     [family_holdout:vqe_two_local] epoch 0001/1000  train_mse=1.001066  val_mse=0.016930  val_r2=0.8353  patience=0/30
2026-10-07 08:41:06,444  genstudy.model            INFO     [family_holdout:vqe_two_local] epoch 0002/1000  train_mse=0.007941  val_mse=0.010283  val_r2=0.9006  patience=0/30
2026-10-07 08:41:20,439  genstudy.model            INFO     [family_holdout:vqe_two_local] epoch 0003/1000  train_mse=0.005844  val_mse=0.003242  val_r2=0.9691  patience=0/30
2026-10-07 08:41:34,206  genstudy.model            INFO     [family_holdout:vqe_two_local] epoch 0004/1000  train_mse=0.004567  val_mse=0.004976  val_r2=0.9517  patience=1/30
2026-10-07 08:41:47,913  genstudy.model            INFO     [family_holdout:vqe_two_local] epoch 0005/1000  train_mse=0.003195  val_mse=0.001958  val_r2=0.9810  patience=0/30
2026-10-07 08:42:01,503  genstudy.model            INFO     [family_holdout:vqe_two_local] epoch 0006/1000  train_mse=0.004385  val_mse=0.001664  val_r2=0.9839  patience=0/30
2026-10-07 08:42:15,265  genstudy.model            INFO     [family_holdout:vqe_two_local] epoch 0007/1000  train_mse=0.004308  val_mse=0.002261  val_r2=0.9780  patience=1/30
2026-10-07 08:42:29,046  genstudy.model            INFO     [family_holdout:vqe_two_local] epoch 0008/1000  train_mse=0.001918  val_mse=0.002589  val_r2=0.9758  patience=2/30
2026-10-07 08:42:42,906  genstudy.model            INFO     [family_holdout:vqe_two_local] epoch 0009/1000  train_mse=0.002063  val_mse=0.001282  val_r2=0.9875  patience=0/30
2026-10-07 08:42:56,771  genstudy.model            INFO     [family_holdout:vqe_two_local] epoch 0010/1000  train_mse=0.001328  val_mse=0.001538  val_r2=0.9851  patience=1/30
2026-10-07 08:43:10,953  genstudy.model            INFO     [family_holdout:vqe_two_local] epoch 0011/1000  train_mse=0.000931  val_mse=0.001103  val_r2=0.9891  patience=0/30
2026-10-07 08:43:24,717  genstudy.model            INFO     [family_holdout:vqe_two_local] epoch 0012/1000  train_mse=0.000996  val_mse=0.001012  val_r2=0.9901  patience=0/30
2026-10-07 08:43:38,606  genstudy.model            INFO     [family_holdout:vqe_two_local] epoch 0013/1000  train_mse=0.114162  val_mse=0.003947  val_r2=0.9618  patience=1/30
2026-10-07 08:43:52,400  genstudy.model            INFO     [family_holdout:vqe_two_local] epoch 0014/1000  train_mse=0.003144  val_mse=0.002605  val_r2=0.9746  patience=2/30
2026-10-07 08:44:06,213  genstudy.model            INFO     [family_holdout:vqe_two_local] epoch 0015/1000  train_mse=0.002077  val_mse=0.001476  val_r2=0.9856  patience=3/30
2026-10-07 08:44:19,941  genstudy.model            INFO     [family_holdout:vqe_two_local] epoch 0016/1000  train_mse=0.001445  val_mse=0.002844  val_r2=0.9722  patience=4/30
2026-10-07 08:44:33,871  genstudy.model            INFO     [family_holdout:vqe_two_local] epoch 0017/1000  train_mse=0.001668  val_mse=0.001703  val_r2=0.9835  patience=5/30
2026-10-07 08:44:47,594  genstudy.model            INFO     [family_holdout:vqe_two_local] epoch 0018/1000  train_mse=0.001279  val_mse=0.001445  val_r2=0.9860  patience=6/30
2026-10-07 08:45:01,418  genstudy.model            INFO     [family_holdout:vqe_two_local] epoch 0019/1000  train_mse=0.001021  val_mse=0.002403  val_r2=0.9765  patience=7/30
2026-10-07 08:45:15,131  genstudy.model            INFO     [family_holdout:vqe_two_local] epoch 0020/1000  train_mse=0.001099  val_mse=0.001023  val_r2=0.9901  patience=8/30
2026-10-07 08:45:28,982  genstudy.model            INFO     [family_holdout:vqe_two_local] epoch 0021/1000  train_mse=0.001357  val_mse=0.001275  val_r2=0.9878  patience=9/30
2026-10-07 08:45:42,675  genstudy.model            INFO     [family_holdout:vqe_two_local] epoch 0022/1000  train_mse=0.000879  val_mse=0.001477  val_r2=0.9858  patience=10/30
2026-10-07 08:45:56,364  genstudy.model            INFO     [family_holdout:vqe_two_local] epoch 0023/1000  train_mse=0.000772  val_mse=0.001093  val_r2=0.9890  patience=11/30
2026-10-07 08:46:10,405  genstudy.model            INFO     [family_holdout:vqe_two_local] epoch 0024/1000  train_mse=0.001162  val_mse=0.001079  val_r2=0.9894  patience=12/30
2026-10-07 08:46:24,267  genstudy.model            INFO     [family_holdout:vqe_two_local] epoch 0025/1000  train_mse=0.000889  val_mse=0.000782  val_r2=0.9924  patience=0/30
2026-10-07 08:46:37,705  genstudy.model            INFO     [family_holdout:vqe_two_local] epoch 0026/1000  train_mse=0.000805  val_mse=0.000995  val_r2=0.9904  patience=1/30
2026-10-07 08:46:51,572  genstudy.model            INFO     [family_holdout:vqe_two_local] epoch 0027/1000  train_mse=0.000804  val_mse=0.000887  val_r2=0.9914  patience=2/30
2026-10-07 08:47:05,922  genstudy.model            INFO     [family_holdout:vqe_two_local] epoch 0028/1000  train_mse=0.000650  val_mse=0.000843  val_r2=0.9918  patience=3/30
2026-10-07 08:47:19,917  genstudy.model            INFO     [family_holdout:vqe_two_local] epoch 0029/1000  train_mse=0.000828  val_mse=0.001357  val_r2=0.9871  patience=4/30
2026-10-07 08:47:34,002  genstudy.model            INFO     [family_holdout:vqe_two_local] epoch 0030/1000  train_mse=0.000855  val_mse=0.000699  val_r2=0.9932  patience=0/30
2026-10-07 08:47:47,996  genstudy.model            INFO     [family_holdout:vqe_two_local] epoch 0031/1000  train_mse=0.000933  val_mse=0.001141  val_r2=0.9889  patience=1/30
2026-10-07 08:48:02,520  genstudy.model            INFO     [family_holdout:vqe_two_local] epoch 0032/1000  train_mse=0.000739  val_mse=0.000686  val_r2=0.9934  patience=0/30
2026-10-07 08:48:16,917  genstudy.model            INFO     [family_holdout:vqe_two_local] epoch 0033/1000  train_mse=0.000571  val_mse=0.000735  val_r2=0.9929  patience=1/30
2026-10-07 08:48:30,570  genstudy.model            INFO     [family_holdout:vqe_two_local] epoch 0034/1000  train_mse=0.000786  val_mse=0.000899  val_r2=0.9913  patience=2/30
2026-10-07 08:48:44,597  genstudy.model            INFO     [family_holdout:vqe_two_local] epoch 0035/1000  train_mse=0.000661  val_mse=0.000723  val_r2=0.9931  patience=3/30
2026-10-07 08:48:58,516  genstudy.model            INFO     [family_holdout:vqe_two_local] epoch 0036/1000  train_mse=0.000688  val_mse=0.000593  val_r2=0.9943  patience=0/30
2026-10-07 08:49:12,577  genstudy.model            INFO     [family_holdout:vqe_two_local] epoch 0037/1000  train_mse=0.000529  val_mse=0.000840  val_r2=0.9919  patience=1/30
2026-10-07 08:49:26,481  genstudy.model            INFO     [family_holdout:vqe_two_local] epoch 0038/1000  train_mse=0.000580  val_mse=0.001109  val_r2=0.9894  patience=2/30
2026-10-07 08:49:40,721  genstudy.model            INFO     [family_holdout:vqe_two_local] epoch 0039/1000  train_mse=0.000908  val_mse=0.001059  val_r2=0.9895  patience=3/30
2026-10-07 08:49:55,078  genstudy.model            INFO     [family_holdout:vqe_two_local] epoch 0040/1000  train_mse=0.000655  val_mse=0.001980  val_r2=0.9799  patience=4/30
2026-10-07 08:50:09,221  genstudy.model            INFO     [family_holdout:vqe_two_local] epoch 0041/1000  train_mse=0.000584  val_mse=0.001243  val_r2=0.9881  patience=5/30
2026-10-07 08:50:23,154  genstudy.model            INFO     [family_holdout:vqe_two_local] epoch 0042/1000  train_mse=0.000520  val_mse=0.000909  val_r2=0.9910  patience=6/30
2026-10-07 08:50:37,033  genstudy.model            INFO     [family_holdout:vqe_two_local] epoch 0043/1000  train_mse=0.006318  val_mse=0.010367  val_r2=0.8968  patience=7/30
2026-10-07 08:50:50,994  genstudy.model            INFO     [family_holdout:vqe_two_local] epoch 0044/1000  train_mse=0.001916  val_mse=0.001233  val_r2=0.9877  patience=8/30
2026-10-07 08:51:04,788  genstudy.model            INFO     [family_holdout:vqe_two_local] epoch 0045/1000  train_mse=0.001053  val_mse=0.001388  val_r2=0.9864  patience=9/30
2026-10-07 08:51:18,601  genstudy.model            INFO     [family_holdout:vqe_two_local] epoch 0046/1000  train_mse=0.000919  val_mse=0.000752  val_r2=0.9926  patience=10/30
2026-10-07 08:51:32,514  genstudy.model            INFO     [family_holdout:vqe_two_local] epoch 0047/1000  train_mse=0.000689  val_mse=0.000646  val_r2=0.9937  patience=11/30
2026-10-07 08:51:46,279  genstudy.model            INFO     [family_holdout:vqe_two_local] epoch 0048/1000  train_mse=0.000612  val_mse=0.000584  val_r2=0.9943  patience=0/30
2026-10-07 08:52:00,171  genstudy.model            INFO     [family_holdout:vqe_two_local] epoch 0049/1000  train_mse=0.000577  val_mse=0.000610  val_r2=0.9941  patience=1/30
2026-10-07 08:52:13,875  genstudy.model            INFO     [family_holdout:vqe_two_local] epoch 0050/1000  train_mse=0.000585  val_mse=0.000518  val_r2=0.9950  patience=0/30
2026-10-07 08:52:27,693  genstudy.model            INFO     [family_holdout:vqe_two_local] epoch 0051/1000  train_mse=0.000557  val_mse=0.000789  val_r2=0.9924  patience=1/30
2026-10-07 08:52:41,603  genstudy.model            INFO     [family_holdout:vqe_two_local] epoch 0052/1000  train_mse=0.000604  val_mse=0.000943  val_r2=0.9906  patience=2/30
2026-10-07 08:52:55,850  genstudy.model            INFO     [family_holdout:vqe_two_local] epoch 0053/1000  train_mse=0.000475  val_mse=0.000750  val_r2=0.9927  patience=3/30
2026-10-07 08:53:09,729  genstudy.model            INFO     [family_holdout:vqe_two_local] epoch 0054/1000  train_mse=0.000497  val_mse=0.000521  val_r2=0.9950  patience=4/30
2026-10-07 08:53:23,369  genstudy.model            INFO     [family_holdout:vqe_two_local] epoch 0055/1000  train_mse=0.000464  val_mse=0.000632  val_r2=0.9939  patience=5/30
2026-10-07 08:53:36,897  genstudy.model            INFO     [family_holdout:vqe_two_local] epoch 0056/1000  train_mse=0.000464  val_mse=0.000493  val_r2=0.9952  patience=0/30
2026-10-07 08:53:50,586  genstudy.model            INFO     [family_holdout:vqe_two_local] epoch 0057/1000  train_mse=0.000465  val_mse=0.000525  val_r2=0.9949  patience=1/30
2026-10-07 08:54:04,465  genstudy.model            INFO     [family_holdout:vqe_two_local] epoch 0058/1000  train_mse=0.000471  val_mse=0.000521  val_r2=0.9950  patience=2/30
2026-10-07 08:54:18,284  genstudy.model            INFO     [family_holdout:vqe_two_local] epoch 0059/1000  train_mse=0.000429  val_mse=0.001330  val_r2=0.9871  patience=3/30
2026-10-07 08:54:32,132  genstudy.model            INFO     [family_holdout:vqe_two_local] epoch 0060/1000  train_mse=0.000464  val_mse=0.000537  val_r2=0.9948  patience=4/30
2026-10-07 08:54:45,999  genstudy.model            INFO     [family_holdout:vqe_two_local] epoch 0061/1000  train_mse=0.000403  val_mse=0.000538  val_r2=0.9948  patience=5/30
2026-10-07 08:54:59,993  genstudy.model            INFO     [family_holdout:vqe_two_local] epoch 0062/1000  train_mse=0.000486  val_mse=0.000436  val_r2=0.9958  patience=0/30
2026-10-07 08:55:13,571  genstudy.model            INFO     [family_holdout:vqe_two_local] epoch 0063/1000  train_mse=0.000405  val_mse=0.000544  val_r2=0.9947  patience=1/30
2026-10-07 08:55:27,304  genstudy.model            INFO     [family_holdout:vqe_two_local] epoch 0064/1000  train_mse=0.000376  val_mse=0.000540  val_r2=0.9947  patience=2/30
2026-10-07 08:55:41,335  genstudy.model            INFO     [family_holdout:vqe_two_local] epoch 0065/1000  train_mse=0.000369  val_mse=0.000540  val_r2=0.9948  patience=3/30
2026-10-07 08:55:55,577  genstudy.model            INFO     [family_holdout:vqe_two_local] epoch 0066/1000  train_mse=0.000389  val_mse=0.000447  val_r2=0.9957  patience=4/30
2026-10-07 08:56:09,686  genstudy.model            INFO     [family_holdout:vqe_two_local] epoch 0067/1000  train_mse=0.000394  val_mse=0.000489  val_r2=0.9953  patience=5/30
2026-10-07 08:56:23,818  genstudy.model            INFO     [family_holdout:vqe_two_local] epoch 0068/1000  train_mse=0.000365  val_mse=0.000500  val_r2=0.9952  patience=6/30
2026-10-07 08:56:37,793  genstudy.model            INFO     [family_holdout:vqe_two_local] epoch 0069/1000  train_mse=0.000343  val_mse=0.000450  val_r2=0.9957  patience=7/30
2026-10-07 08:56:51,648  genstudy.model            INFO     [family_holdout:vqe_two_local] epoch 0070/1000  train_mse=0.000412  val_mse=0.000509  val_r2=0.9951  patience=8/30
2026-10-07 08:57:05,836  genstudy.model            INFO     [family_holdout:vqe_two_local] epoch 0071/1000  train_mse=0.000361  val_mse=0.000565  val_r2=0.9944  patience=9/30
2026-10-07 08:57:20,045  genstudy.model            INFO     [family_holdout:vqe_two_local] epoch 0072/1000  train_mse=0.000360  val_mse=0.000516  val_r2=0.9950  patience=10/30
2026-10-07 08:57:33,933  genstudy.model            INFO     [family_holdout:vqe_two_local] epoch 0073/1000  train_mse=0.000317  val_mse=0.000473  val_r2=0.9954  patience=11/30
2026-10-07 08:57:48,012  genstudy.model            INFO     [family_holdout:vqe_two_local] epoch 0074/1000  train_mse=0.000340  val_mse=0.000566  val_r2=0.9944  patience=12/30
2026-10-07 08:58:02,063  genstudy.model            INFO     [family_holdout:vqe_two_local] epoch 0075/1000  train_mse=0.000323  val_mse=0.000576  val_r2=0.9945  patience=13/30
2026-10-07 08:58:16,022  genstudy.model            INFO     [family_holdout:vqe_two_local] epoch 0076/1000  train_mse=0.000293  val_mse=0.000582  val_r2=0.9944  patience=14/30
2026-10-07 08:58:29,925  genstudy.model            INFO     [family_holdout:vqe_two_local] epoch 0077/1000  train_mse=0.000326  val_mse=0.000432  val_r2=0.9958  patience=0/30
2026-10-07 08:58:43,744  genstudy.model            INFO     [family_holdout:vqe_two_local] epoch 0078/1000  train_mse=0.000305  val_mse=0.000458  val_r2=0.9956  patience=1/30
2026-10-07 08:58:57,439  genstudy.model            INFO     [family_holdout:vqe_two_local] epoch 0079/1000  train_mse=0.000330  val_mse=0.000413  val_r2=0.9960  patience=0/30
2026-10-07 08:59:11,016  genstudy.model            INFO     [family_holdout:vqe_two_local] epoch 0080/1000  train_mse=0.000352  val_mse=0.000603  val_r2=0.9942  patience=1/30
2026-10-07 08:59:24,705  genstudy.model            INFO     [family_holdout:vqe_two_local] epoch 0081/1000  train_mse=0.000334  val_mse=0.000571  val_r2=0.9945  patience=2/30
2026-10-07 08:59:38,459  genstudy.model            INFO     [family_holdout:vqe_two_local] epoch 0082/1000  train_mse=0.000298  val_mse=0.000486  val_r2=0.9953  patience=3/30
2026-10-07 08:59:51,995  genstudy.model            INFO     [family_holdout:vqe_two_local] epoch 0083/1000  train_mse=0.000288  val_mse=0.000395  val_r2=0.9962  patience=0/30
2026-10-07 09:00:05,592  genstudy.model            INFO     [family_holdout:vqe_two_local] epoch 0084/1000  train_mse=0.000293  val_mse=0.000458  val_r2=0.9956  patience=1/30
2026-10-07 09:00:19,711  genstudy.model            INFO     [family_holdout:vqe_two_local] epoch 0085/1000  train_mse=0.000277  val_mse=0.000856  val_r2=0.9917  patience=2/30
2026-10-07 09:00:33,762  genstudy.model            INFO     [family_holdout:vqe_two_local] epoch 0086/1000  train_mse=0.000308  val_mse=0.000378  val_r2=0.9963  patience=0/30
2026-10-07 09:00:47,435  genstudy.model            INFO     [family_holdout:vqe_two_local] epoch 0087/1000  train_mse=0.000280  val_mse=0.000464  val_r2=0.9955  patience=1/30
2026-10-07 09:01:01,243  genstudy.model            INFO     [family_holdout:vqe_two_local] epoch 0088/1000  train_mse=0.000276  val_mse=0.000437  val_r2=0.9958  patience=2/30
2026-10-07 09:01:14,912  genstudy.model            INFO     [family_holdout:vqe_two_local] epoch 0089/1000  train_mse=0.000272  val_mse=0.001015  val_r2=0.9903  patience=3/30
2026-10-07 09:01:28,704  genstudy.model            INFO     [family_holdout:vqe_two_local] epoch 0090/1000  train_mse=0.000286  val_mse=0.001000  val_r2=0.9904  patience=4/30
2026-10-07 09:01:42,600  genstudy.model            INFO     [family_holdout:vqe_two_local] epoch 0091/1000  train_mse=0.000257  val_mse=0.000398  val_r2=0.9962  patience=5/30
2026-10-07 09:01:56,707  genstudy.model            INFO     [family_holdout:vqe_two_local] epoch 0092/1000  train_mse=0.000291  val_mse=0.000372  val_r2=0.9964  patience=0/30
2026-10-07 09:02:10,385  genstudy.model            INFO     [family_holdout:vqe_two_local] epoch 0093/1000  train_mse=0.000240  val_mse=0.000396  val_r2=0.9962  patience=1/30
2026-10-07 09:02:23,886  genstudy.model            INFO     [family_holdout:vqe_two_local] epoch 0094/1000  train_mse=0.000261  val_mse=0.000419  val_r2=0.9960  patience=2/30
2026-10-07 09:02:37,625  genstudy.model            INFO     [family_holdout:vqe_two_local] epoch 0095/1000  train_mse=0.000254  val_mse=0.000391  val_r2=0.9962  patience=3/30
2026-10-07 09:02:51,568  genstudy.model            INFO     [family_holdout:vqe_two_local] epoch 0096/1000  train_mse=0.000261  val_mse=0.000410  val_r2=0.9960  patience=4/30
2026-10-07 09:03:05,455  genstudy.model            INFO     [family_holdout:vqe_two_local] epoch 0097/1000  train_mse=0.000268  val_mse=0.000414  val_r2=0.9960  patience=5/30
2026-10-07 09:03:19,199  genstudy.model            INFO     [family_holdout:vqe_two_local] epoch 0098/1000  train_mse=0.000266  val_mse=0.000439  val_r2=0.9958  patience=6/30
2026-10-07 09:03:32,969  genstudy.model            INFO     [family_holdout:vqe_two_local] epoch 0099/1000  train_mse=0.000265  val_mse=0.000379  val_r2=0.9964  patience=7/30
2026-10-07 09:03:46,681  genstudy.model            INFO     [family_holdout:vqe_two_local] epoch 0100/1000  train_mse=0.000278  val_mse=0.000434  val_r2=0.9958  patience=8/30
2026-10-07 09:04:00,376  genstudy.model            INFO     [family_holdout:vqe_two_local] epoch 0101/1000  train_mse=0.000253  val_mse=0.000450  val_r2=0.9956  patience=9/30
2026-10-07 09:04:13,941  genstudy.model            INFO     [family_holdout:vqe_two_local] epoch 0102/1000  train_mse=0.000228  val_mse=0.000463  val_r2=0.9956  patience=10/30
2026-10-07 09:04:27,433  genstudy.model            INFO     [family_holdout:vqe_two_local] epoch 0103/1000  train_mse=0.004497  val_mse=0.001628  val_r2=0.9842  patience=11/30
2026-10-07 09:04:40,959  genstudy.model            INFO     [family_holdout:vqe_two_local] epoch 0104/1000  train_mse=0.001238  val_mse=0.001038  val_r2=0.9897  patience=12/30
2026-10-07 09:04:54,632  genstudy.model            INFO     [family_holdout:vqe_two_local] epoch 0105/1000  train_mse=0.000995  val_mse=0.001034  val_r2=0.9898  patience=13/30
2026-10-07 09:05:08,657  genstudy.model            INFO     [family_holdout:vqe_two_local] epoch 0106/1000  train_mse=0.000871  val_mse=0.000890  val_r2=0.9912  patience=14/30
2026-10-07 09:05:22,446  genstudy.model            INFO     [family_holdout:vqe_two_local] epoch 0107/1000  train_mse=0.000794  val_mse=0.000831  val_r2=0.9918  patience=15/30
2026-10-07 09:05:36,116  genstudy.model            INFO     [family_holdout:vqe_two_local] epoch 0108/1000  train_mse=0.000708  val_mse=0.000855  val_r2=0.9917  patience=16/30
2026-10-07 09:05:49,664  genstudy.model            INFO     [family_holdout:vqe_two_local] epoch 0109/1000  train_mse=0.000630  val_mse=0.000829  val_r2=0.9918  patience=17/30
2026-10-07 09:06:03,131  genstudy.model            INFO     [family_holdout:vqe_two_local] epoch 0110/1000  train_mse=0.000565  val_mse=0.000625  val_r2=0.9939  patience=18/30
2026-10-07 09:06:16,609  genstudy.model            INFO     [family_holdout:vqe_two_local] epoch 0111/1000  train_mse=0.000562  val_mse=0.000576  val_r2=0.9944  patience=19/30
2026-10-07 09:06:30,061  genstudy.model            INFO     [family_holdout:vqe_two_local] epoch 0112/1000  train_mse=0.000503  val_mse=0.000663  val_r2=0.9936  patience=20/30
2026-10-07 09:06:43,546  genstudy.model            INFO     [family_holdout:vqe_two_local] epoch 0113/1000  train_mse=0.000461  val_mse=0.000562  val_r2=0.9946  patience=21/30
2026-10-07 09:06:57,124  genstudy.model            INFO     [family_holdout:vqe_two_local] epoch 0114/1000  train_mse=0.000487  val_mse=0.000551  val_r2=0.9947  patience=22/30
2026-10-07 09:07:10,783  genstudy.model            INFO     [family_holdout:vqe_two_local] epoch 0115/1000  train_mse=0.000445  val_mse=0.000527  val_r2=0.9949  patience=23/30
2026-10-07 09:07:24,596  genstudy.model            INFO     [family_holdout:vqe_two_local] epoch 0116/1000  train_mse=0.000421  val_mse=0.000836  val_r2=0.9919  patience=24/30
2026-10-07 09:07:38,368  genstudy.model            INFO     [family_holdout:vqe_two_local] epoch 0117/1000  train_mse=0.000467  val_mse=0.000516  val_r2=0.9950  patience=25/30
2026-10-07 09:07:51,896  genstudy.model            INFO     [family_holdout:vqe_two_local] epoch 0118/1000  train_mse=0.000398  val_mse=0.000524  val_r2=0.9949  patience=26/30
2026-10-07 09:08:05,575  genstudy.model            INFO     [family_holdout:vqe_two_local] epoch 0119/1000  train_mse=0.000398  val_mse=0.000535  val_r2=0.9948  patience=27/30
2026-10-07 09:08:19,073  genstudy.model            INFO     [family_holdout:vqe_two_local] epoch 0120/1000  train_mse=0.000405  val_mse=0.000578  val_r2=0.9944  patience=28/30
2026-10-07 09:08:32,713  genstudy.model            INFO     [family_holdout:vqe_two_local] epoch 0121/1000  train_mse=0.000454  val_mse=0.000514  val_r2=0.9950  patience=29/30
2026-10-07 09:08:46,278  genstudy.model            INFO     [family_holdout:vqe_two_local] epoch 0122/1000  train_mse=0.000340  val_mse=0.000470  val_r2=0.9954  patience=30/30
2026-10-07 09:08:46,364  genstudy.model            INFO     [family_holdout:vqe_two_local] early stop at epoch 122; best epoch 92
2026-10-07 09:08:47,515  genstudy.experiment       INFO     [vqe_two_local] TEST  n=3449  MAE=0.0366  RMSE=0.0526  R2=0.9666  device-acc=0.800  regret=0.0041
2026-10-07 09:08:47,519  genstudy.io               INFO     Wrote /home/atudisco/pred-distr-tool/evaluations/generalization/results/leave_one_family_out/vqe_two_local/metrics.json
2026-10-07 09:08:47,539  genstudy.io               INFO     Wrote /home/atudisco/pred-distr-tool/evaluations/generalization/results/leave_one_family_out/vqe_two_local/predictions.json
2026-10-07 09:08:47,551  genstudy.io               INFO     Wrote /home/atudisco/pred-distr-tool/evaluations/generalization/results/leave_one_family_out/vqe_two_local/history.json
2026-10-07 09:08:47,573  genstudy.experiment       INFO     Wrote /home/atudisco/pred-distr-tool/evaluations/generalization/results/leave_one_family_out/vqe_two_local/model.pth
2026-10-07 09:08:47,575  genstudy.experiment       INFO     Removed /home/atudisco/pred-distr-tool/evaluations/generalization/results/leave_one_family_out/vqe_two_local/checkpoint.pt (split finished)
2026-10-07 09:08:47,577  run_leave_one_family_out  INFO     [2/10] holding out family 'vqe_real_amp'
2026-10-07 09:08:47,580  genstudy.experiment       INFO     === family_holdout / vqe_real_amp ===
2026-10-07 09:08:47,580  genstudy.experiment       INFO     Leave-one-family-out: test = all 2861 'vqe_real_amp' circuits, train = 14195 circuits from 34 other families.
2026-10-07 09:08:47,581  genstudy.experiment       INFO     train=11356  val=2839  test=2861
2026-10-07 09:08:47,594  genstudy.model            INFO     [family_holdout:vqe_real_amp] training on 11356 graphs, validating on 2839, epochs 1-1000 (patience 30)
2026-10-07 09:09:02,200  genstudy.model            INFO     [family_holdout:vqe_real_amp] epoch 0001/1000  train_mse=0.887769  val_mse=0.007267  val_r2=0.9304  patience=0/30
2026-10-07 09:09:17,273  genstudy.model            INFO     [family_holdout:vqe_real_amp] epoch 0002/1000  train_mse=0.011452  val_mse=0.003470  val_r2=0.9666  patience=0/30
2026-10-07 09:09:31,993  genstudy.model            INFO     [family_holdout:vqe_real_amp] epoch 0003/1000  train_mse=0.006580  val_mse=0.002686  val_r2=0.9737  patience=0/30
2026-10-07 09:09:46,944  genstudy.model            INFO     [family_holdout:vqe_real_amp] epoch 0004/1000  train_mse=0.007978  val_mse=0.001907  val_r2=0.9815  patience=0/30
2026-10-07 09:10:01,694  genstudy.model            INFO     [family_holdout:vqe_real_amp] epoch 0005/1000  train_mse=0.002107  val_mse=0.001627  val_r2=0.9843  patience=0/30
2026-10-07 09:10:16,426  genstudy.model            INFO     [family_holdout:vqe_real_amp] epoch 0006/1000  train_mse=0.003351  val_mse=0.001905  val_r2=0.9817  patience=1/30
2026-10-07 09:10:31,125  genstudy.model            INFO     [family_holdout:vqe_real_amp] epoch 0007/1000  train_mse=0.001412  val_mse=0.001131  val_r2=0.9891  patience=0/30
2026-10-07 09:10:45,815  genstudy.model            INFO     [family_holdout:vqe_real_amp] epoch 0008/1000  train_mse=0.001410  val_mse=0.001543  val_r2=0.9853  patience=1/30
2026-10-07 09:11:00,523  genstudy.model            INFO     [family_holdout:vqe_real_amp] epoch 0009/1000  train_mse=0.002558  val_mse=0.001341  val_r2=0.9870  patience=2/30
2026-10-07 09:11:15,165  genstudy.model            INFO     [family_holdout:vqe_real_amp] epoch 0010/1000  train_mse=0.001794  val_mse=0.001880  val_r2=0.9817  patience=3/30
2026-10-07 09:11:29,913  genstudy.model            INFO     [family_holdout:vqe_real_amp] epoch 0011/1000  train_mse=0.001369  val_mse=0.001609  val_r2=0.9845  patience=4/30
2026-10-07 09:11:44,554  genstudy.model            INFO     [family_holdout:vqe_real_amp] epoch 0012/1000  train_mse=0.001256  val_mse=0.001122  val_r2=0.9893  patience=0/30
2026-10-07 09:11:59,182  genstudy.model            INFO     [family_holdout:vqe_real_amp] epoch 0013/1000  train_mse=0.000870  val_mse=0.001093  val_r2=0.9894  patience=0/30
2026-10-07 09:12:13,794  genstudy.model            INFO     [family_holdout:vqe_real_amp] epoch 0014/1000  train_mse=0.000881  val_mse=0.000878  val_r2=0.9916  patience=0/30
2026-10-07 09:12:28,247  genstudy.model            INFO     [family_holdout:vqe_real_amp] epoch 0015/1000  train_mse=0.001078  val_mse=0.001206  val_r2=0.9883  patience=1/30
2026-10-07 09:12:42,700  genstudy.model            INFO     [family_holdout:vqe_real_amp] epoch 0016/1000  train_mse=0.000858  val_mse=0.000993  val_r2=0.9905  patience=2/30
2026-10-07 09:12:57,188  genstudy.model            INFO     [family_holdout:vqe_real_amp] epoch 0017/1000  train_mse=0.000915  val_mse=0.001015  val_r2=0.9900  patience=3/30
2026-10-07 09:13:11,713  genstudy.model            INFO     [family_holdout:vqe_real_amp] epoch 0018/1000  train_mse=0.000860  val_mse=0.001241  val_r2=0.9879  patience=4/30
2026-10-07 09:13:26,171  genstudy.model            INFO     [family_holdout:vqe_real_amp] epoch 0019/1000  train_mse=0.001215  val_mse=0.000971  val_r2=0.9907  patience=5/30
2026-10-07 09:13:40,661  genstudy.model            INFO     [family_holdout:vqe_real_amp] epoch 0020/1000  train_mse=0.000758  val_mse=0.000904  val_r2=0.9913  patience=6/30
2026-10-07 09:13:55,198  genstudy.model            INFO     [family_holdout:vqe_real_amp] epoch 0021/1000  train_mse=0.000863  val_mse=0.000930  val_r2=0.9911  patience=7/30
2026-10-07 09:14:09,624  genstudy.model            INFO     [family_holdout:vqe_real_amp] epoch 0022/1000  train_mse=0.000834  val_mse=0.001418  val_r2=0.9863  patience=8/30
2026-10-07 09:14:24,146  genstudy.model            INFO     [family_holdout:vqe_real_amp] epoch 0023/1000  train_mse=0.000916  val_mse=0.000974  val_r2=0.9905  patience=9/30
2026-10-07 09:14:38,681  genstudy.model            INFO     [family_holdout:vqe_real_amp] epoch 0024/1000  train_mse=0.000987  val_mse=0.001345  val_r2=0.9871  patience=10/30
2026-10-07 09:14:53,448  genstudy.model            INFO     [family_holdout:vqe_real_amp] epoch 0025/1000  train_mse=0.000862  val_mse=0.000923  val_r2=0.9910  patience=11/30
2026-10-07 09:15:08,013  genstudy.model            INFO     [family_holdout:vqe_real_amp] epoch 0026/1000  train_mse=0.000687  val_mse=0.000896  val_r2=0.9914  patience=12/30
2026-10-07 09:15:22,559  genstudy.model            INFO     [family_holdout:vqe_real_amp] epoch 0027/1000  train_mse=0.193261  val_mse=0.016281  val_r2=0.8439  patience=13/30
2026-10-07 09:15:37,109  genstudy.model            INFO     [family_holdout:vqe_real_amp] epoch 0028/1000  train_mse=0.007095  val_mse=0.005223  val_r2=0.9503  patience=14/30
2026-10-07 09:15:51,698  genstudy.model            INFO     [family_holdout:vqe_real_amp] epoch 0029/1000  train_mse=0.002751  val_mse=0.002302  val_r2=0.9778  patience=15/30
2026-10-07 09:16:06,284  genstudy.model            INFO     [family_holdout:vqe_real_amp] epoch 0030/1000  train_mse=0.002085  val_mse=0.001660  val_r2=0.9840  patience=16/30
2026-10-07 09:16:20,832  genstudy.model            INFO     [family_holdout:vqe_real_amp] epoch 0031/1000  train_mse=0.001955  val_mse=0.001479  val_r2=0.9858  patience=17/30
2026-10-07 09:16:35,412  genstudy.model            INFO     [family_holdout:vqe_real_amp] epoch 0032/1000  train_mse=0.001673  val_mse=0.001458  val_r2=0.9860  patience=18/30
2026-10-07 09:16:50,023  genstudy.model            INFO     [family_holdout:vqe_real_amp] epoch 0033/1000  train_mse=0.001753  val_mse=0.001867  val_r2=0.9820  patience=19/30
2026-10-07 09:17:04,572  genstudy.model            INFO     [family_holdout:vqe_real_amp] epoch 0034/1000  train_mse=0.001426  val_mse=0.001987  val_r2=0.9808  patience=20/30
2026-10-07 09:17:19,155  genstudy.model            INFO     [family_holdout:vqe_real_amp] epoch 0035/1000  train_mse=0.001306  val_mse=0.001016  val_r2=0.9902  patience=21/30
2026-10-07 09:17:33,812  genstudy.model            INFO     [family_holdout:vqe_real_amp] epoch 0036/1000  train_mse=0.001215  val_mse=0.001021  val_r2=0.9902  patience=22/30
2026-10-07 09:17:48,358  genstudy.model            INFO     [family_holdout:vqe_real_amp] epoch 0037/1000  train_mse=0.001307  val_mse=0.000974  val_r2=0.9907  patience=23/30
2026-10-07 09:18:02,959  genstudy.model            INFO     [family_holdout:vqe_real_amp] epoch 0038/1000  train_mse=0.001091  val_mse=0.001057  val_r2=0.9899  patience=24/30
2026-10-07 09:18:17,502  genstudy.model            INFO     [family_holdout:vqe_real_amp] epoch 0039/1000  train_mse=0.001235  val_mse=0.001217  val_r2=0.9881  patience=25/30
2026-10-07 09:18:32,040  genstudy.model            INFO     [family_holdout:vqe_real_amp] epoch 0040/1000  train_mse=0.001188  val_mse=0.001677  val_r2=0.9839  patience=26/30
2026-10-07 09:18:46,578  genstudy.model            INFO     [family_holdout:vqe_real_amp] epoch 0041/1000  train_mse=0.000990  val_mse=0.001768  val_r2=0.9832  patience=27/30
2026-10-07 09:19:01,283  genstudy.model            INFO     [family_holdout:vqe_real_amp] epoch 0042/1000  train_mse=0.001121  val_mse=0.000937  val_r2=0.9910  patience=28/30
2026-10-07 09:19:15,846  genstudy.model            INFO     [family_holdout:vqe_real_amp] epoch 0043/1000  train_mse=0.000895  val_mse=0.001174  val_r2=0.9885  patience=29/30
2026-10-07 09:19:30,474  genstudy.model            INFO     [family_holdout:vqe_real_amp] epoch 0044/1000  train_mse=0.000791  val_mse=0.001038  val_r2=0.9901  patience=30/30
2026-10-07 09:19:30,560  genstudy.model            INFO     [family_holdout:vqe_real_amp] early stop at epoch 44; best epoch 14
2026-10-07 09:19:31,523  genstudy.experiment       INFO     [vqe_real_amp] TEST  n=2861  MAE=0.0208  RMSE=0.0311  R2=0.9883  device-acc=0.809  regret=0.0038
2026-10-07 09:19:31,526  genstudy.io               INFO     Wrote /home/atudisco/pred-distr-tool/evaluations/generalization/results/leave_one_family_out/vqe_real_amp/metrics.json
2026-10-07 09:19:31,543  genstudy.io               INFO     Wrote /home/atudisco/pred-distr-tool/evaluations/generalization/results/leave_one_family_out/vqe_real_amp/predictions.json
2026-10-07 09:19:31,554  genstudy.io               INFO     Wrote /home/atudisco/pred-distr-tool/evaluations/generalization/results/leave_one_family_out/vqe_real_amp/history.json
2026-10-07 09:19:31,577  genstudy.experiment       INFO     Wrote /home/atudisco/pred-distr-tool/evaluations/generalization/results/leave_one_family_out/vqe_real_amp/model.pth
2026-10-07 09:19:31,578  genstudy.experiment       INFO     Removed /home/atudisco/pred-distr-tool/evaluations/generalization/results/leave_one_family_out/vqe_real_amp/checkpoint.pt (split finished)
2026-10-07 09:19:31,583  run_leave_one_family_out  INFO     [3/10] holding out family 'vqe_su2'
2026-10-07 09:19:31,585  genstudy.experiment       INFO     === family_holdout / vqe_su2 ===
2026-10-07 09:19:31,585  genstudy.experiment       INFO     Leave-one-family-out: test = all 2858 'vqe_su2' circuits, train = 14198 circuits from 34 other families.
2026-10-07 09:19:31,586  genstudy.experiment       INFO     train=11358  val=2840  test=2858
2026-10-07 09:19:31,599  genstudy.model            INFO     [family_holdout:vqe_su2] training on 11358 graphs, validating on 2840, epochs 1-1000 (patience 30)
2026-10-07 09:19:45,648  genstudy.model            INFO     [family_holdout:vqe_su2] epoch 0001/1000  train_mse=0.616001  val_mse=0.015230  val_r2=0.8556  patience=0/30
2026-10-07 09:19:59,817  genstudy.model            INFO     [family_holdout:vqe_su2] epoch 0002/1000  train_mse=0.009550  val_mse=0.041143  val_r2=0.6074  patience=1/30
2026-10-07 09:20:13,916  genstudy.model            INFO     [family_holdout:vqe_su2] epoch 0003/1000  train_mse=0.019954  val_mse=0.002353  val_r2=0.9776  patience=0/30
2026-10-07 09:20:28,145  genstudy.model            INFO     [family_holdout:vqe_su2] epoch 0004/1000  train_mse=0.002363  val_mse=0.002459  val_r2=0.9765  patience=1/30
2026-10-07 09:20:42,473  genstudy.model            INFO     [family_holdout:vqe_su2] epoch 0005/1000  train_mse=0.001991  val_mse=0.001709  val_r2=0.9836  patience=0/30
2026-10-07 09:20:56,789  genstudy.model            INFO     [family_holdout:vqe_su2] epoch 0006/1000  train_mse=0.002048  val_mse=0.001438  val_r2=0.9864  patience=0/30
2026-10-07 09:21:11,046  genstudy.model            INFO     [family_holdout:vqe_su2] epoch 0007/1000  train_mse=0.001446  val_mse=0.001250  val_r2=0.9881  patience=0/30
2026-10-07 09:21:25,310  genstudy.model            INFO     [family_holdout:vqe_su2] epoch 0008/1000  train_mse=0.001295  val_mse=0.001929  val_r2=0.9817  patience=1/30
2026-10-07 09:21:39,589  genstudy.model            INFO     [family_holdout:vqe_su2] epoch 0009/1000  train_mse=0.004594  val_mse=0.001158  val_r2=0.9890  patience=0/30
2026-10-07 09:21:53,712  genstudy.model            INFO     [family_holdout:vqe_su2] epoch 0010/1000  train_mse=0.000969  val_mse=0.001362  val_r2=0.9872  patience=1/30
2026-10-07 09:22:07,656  genstudy.model            INFO     [family_holdout:vqe_su2] epoch 0011/1000  train_mse=0.000819  val_mse=0.000950  val_r2=0.9910  patience=0/30
2026-10-07 09:22:21,747  genstudy.model            INFO     [family_holdout:vqe_su2] epoch 0012/1000  train_mse=0.000936  val_mse=0.003809  val_r2=0.9645  patience=1/30
2026-10-07 09:22:35,906  genstudy.model            INFO     [family_holdout:vqe_su2] epoch 0013/1000  train_mse=0.000969  val_mse=0.000958  val_r2=0.9909  patience=2/30
2026-10-07 09:22:50,003  genstudy.model            INFO     [family_holdout:vqe_su2] epoch 0014/1000  train_mse=0.001385  val_mse=0.001330  val_r2=0.9873  patience=3/30
2026-10-07 09:23:04,131  genstudy.model            INFO     [family_holdout:vqe_su2] epoch 0015/1000  train_mse=0.000838  val_mse=0.001050  val_r2=0.9901  patience=4/30
2026-10-07 09:23:18,206  genstudy.model            INFO     [family_holdout:vqe_su2] epoch 0016/1000  train_mse=0.000723  val_mse=0.000952  val_r2=0.9909  patience=5/30
2026-10-07 09:23:32,391  genstudy.model            INFO     [family_holdout:vqe_su2] epoch 0017/1000  train_mse=0.001009  val_mse=0.001020  val_r2=0.9903  patience=6/30
2026-10-07 09:23:46,541  genstudy.model            INFO     [family_holdout:vqe_su2] epoch 0018/1000  train_mse=0.000774  val_mse=0.000806  val_r2=0.9924  patience=0/30
2026-10-07 09:24:00,676  genstudy.model            INFO     [family_holdout:vqe_su2] epoch 0019/1000  train_mse=0.000739  val_mse=0.000925  val_r2=0.9913  patience=1/30
2026-10-07 09:24:14,868  genstudy.model            INFO     [family_holdout:vqe_su2] epoch 0020/1000  train_mse=0.000750  val_mse=0.001409  val_r2=0.9867  patience=2/30
2026-10-07 09:24:29,091  genstudy.model            INFO     [family_holdout:vqe_su2] epoch 0021/1000  train_mse=0.001124  val_mse=0.002087  val_r2=0.9799  patience=3/30
2026-10-07 09:24:43,251  genstudy.model            INFO     [family_holdout:vqe_su2] epoch 0022/1000  train_mse=0.001087  val_mse=0.000739  val_r2=0.9930  patience=0/30
2026-10-07 09:24:57,413  genstudy.model            INFO     [family_holdout:vqe_su2] epoch 0023/1000  train_mse=0.000605  val_mse=0.000847  val_r2=0.9920  patience=1/30
2026-10-07 09:25:11,549  genstudy.model            INFO     [family_holdout:vqe_su2] epoch 0024/1000  train_mse=0.000684  val_mse=0.000963  val_r2=0.9908  patience=2/30
2026-10-07 09:25:25,649  genstudy.model            INFO     [family_holdout:vqe_su2] epoch 0025/1000  train_mse=0.000651  val_mse=0.000769  val_r2=0.9927  patience=3/30
2026-10-07 09:25:39,830  genstudy.model            INFO     [family_holdout:vqe_su2] epoch 0026/1000  train_mse=0.000655  val_mse=0.000866  val_r2=0.9918  patience=4/30
2026-10-07 09:25:53,978  genstudy.model            INFO     [family_holdout:vqe_su2] epoch 0027/1000  train_mse=0.000576  val_mse=0.000664  val_r2=0.9937  patience=0/30
2026-10-07 09:26:08,196  genstudy.model            INFO     [family_holdout:vqe_su2] epoch 0028/1000  train_mse=0.000632  val_mse=0.000860  val_r2=0.9919  patience=1/30
2026-10-07 09:26:22,362  genstudy.model            INFO     [family_holdout:vqe_su2] epoch 0029/1000  train_mse=0.000655  val_mse=0.000710  val_r2=0.9933  patience=2/30
2026-10-07 09:26:36,548  genstudy.model            INFO     [family_holdout:vqe_su2] epoch 0030/1000  train_mse=0.179344  val_mse=0.053841  val_r2=0.4673  patience=3/30
2026-10-07 09:26:50,654  genstudy.model            INFO     [family_holdout:vqe_su2] epoch 0031/1000  train_mse=0.010589  val_mse=0.003492  val_r2=0.9661  patience=4/30
2026-10-07 09:27:04,752  genstudy.model            INFO     [family_holdout:vqe_su2] epoch 0032/1000  train_mse=0.003265  val_mse=0.002148  val_r2=0.9792  patience=5/30
2026-10-07 09:27:18,893  genstudy.model            INFO     [family_holdout:vqe_su2] epoch 0033/1000  train_mse=0.002226  val_mse=0.004174  val_r2=0.9608  patience=6/30
2026-10-07 09:27:33,121  genstudy.model            INFO     [family_holdout:vqe_su2] epoch 0034/1000  train_mse=0.002913  val_mse=0.002188  val_r2=0.9788  patience=7/30
2026-10-07 09:27:47,299  genstudy.model            INFO     [family_holdout:vqe_su2] epoch 0035/1000  train_mse=0.001534  val_mse=0.001963  val_r2=0.9812  patience=8/30
2026-10-07 09:28:01,489  genstudy.model            INFO     [family_holdout:vqe_su2] epoch 0036/1000  train_mse=0.001722  val_mse=0.001187  val_r2=0.9887  patience=9/30
2026-10-07 09:28:15,658  genstudy.model            INFO     [family_holdout:vqe_su2] epoch 0037/1000  train_mse=0.001210  val_mse=0.001908  val_r2=0.9818  patience=10/30
2026-10-07 09:28:29,860  genstudy.model            INFO     [family_holdout:vqe_su2] epoch 0038/1000  train_mse=0.001119  val_mse=0.001030  val_r2=0.9902  patience=11/30
2026-10-07 09:28:44,011  genstudy.model            INFO     [family_holdout:vqe_su2] epoch 0039/1000  train_mse=0.001068  val_mse=0.001084  val_r2=0.9898  patience=12/30
2026-10-07 09:28:58,113  genstudy.model            INFO     [family_holdout:vqe_su2] epoch 0040/1000  train_mse=0.001188  val_mse=0.004302  val_r2=0.9599  patience=13/30
2026-10-07 09:29:12,345  genstudy.model            INFO     [family_holdout:vqe_su2] epoch 0041/1000  train_mse=0.000998  val_mse=0.000814  val_r2=0.9922  patience=14/30
2026-10-07 09:29:26,500  genstudy.model            INFO     [family_holdout:vqe_su2] epoch 0042/1000  train_mse=0.001040  val_mse=0.001264  val_r2=0.9882  patience=15/30
2026-10-07 09:29:40,701  genstudy.model            INFO     [family_holdout:vqe_su2] epoch 0043/1000  train_mse=0.000788  val_mse=0.000912  val_r2=0.9914  patience=16/30
2026-10-07 09:29:54,860  genstudy.model            INFO     [family_holdout:vqe_su2] epoch 0044/1000  train_mse=0.000719  val_mse=0.000641  val_r2=0.9940  patience=0/30
2026-10-07 09:30:08,845  genstudy.model            INFO     [family_holdout:vqe_su2] epoch 0045/1000  train_mse=0.000806  val_mse=0.001211  val_r2=0.9886  patience=1/30
2026-10-07 09:30:22,757  genstudy.model            INFO     [family_holdout:vqe_su2] epoch 0046/1000  train_mse=0.000895  val_mse=0.000957  val_r2=0.9909  patience=2/30
2026-10-07 09:30:36,763  genstudy.model            INFO     [family_holdout:vqe_su2] epoch 0047/1000  train_mse=0.000776  val_mse=0.000765  val_r2=0.9927  patience=3/30
2026-10-07 09:30:50,746  genstudy.model            INFO     [family_holdout:vqe_su2] epoch 0048/1000  train_mse=0.000710  val_mse=0.000755  val_r2=0.9929  patience=4/30
2026-10-07 09:31:04,756  genstudy.model            INFO     [family_holdout:vqe_su2] epoch 0049/1000  train_mse=0.000655  val_mse=0.000741  val_r2=0.9930  patience=5/30
2026-10-07 09:31:18,715  genstudy.model            INFO     [family_holdout:vqe_su2] epoch 0050/1000  train_mse=0.000881  val_mse=0.000935  val_r2=0.9911  patience=6/30
2026-10-07 09:31:32,674  genstudy.model            INFO     [family_holdout:vqe_su2] epoch 0051/1000  train_mse=0.000586  val_mse=0.000661  val_r2=0.9938  patience=7/30
2026-10-07 09:31:46,642  genstudy.model            INFO     [family_holdout:vqe_su2] epoch 0052/1000  train_mse=0.000622  val_mse=0.000604  val_r2=0.9943  patience=0/30
2026-10-07 09:32:00,751  genstudy.model            INFO     [family_holdout:vqe_su2] epoch 0053/1000  train_mse=0.000604  val_mse=0.000734  val_r2=0.9930  patience=1/30
2026-10-07 09:32:14,893  genstudy.model            INFO     [family_holdout:vqe_su2] epoch 0054/1000  train_mse=0.000595  val_mse=0.000833  val_r2=0.9920  patience=2/30
2026-10-07 09:32:29,010  genstudy.model            INFO     [family_holdout:vqe_su2] epoch 0055/1000  train_mse=0.000575  val_mse=0.000636  val_r2=0.9940  patience=3/30
2026-10-07 09:32:43,145  genstudy.model            INFO     [family_holdout:vqe_su2] epoch 0056/1000  train_mse=0.000615  val_mse=0.000673  val_r2=0.9936  patience=4/30
2026-10-07 09:32:57,151  genstudy.model            INFO     [family_holdout:vqe_su2] epoch 0057/1000  train_mse=0.000519  val_mse=0.000668  val_r2=0.9937  patience=5/30
2026-10-07 09:33:11,205  genstudy.model            INFO     [family_holdout:vqe_su2] epoch 0058/1000  train_mse=0.000516  val_mse=0.000607  val_r2=0.9943  patience=6/30
2026-10-07 09:33:25,271  genstudy.model            INFO     [family_holdout:vqe_su2] epoch 0059/1000  train_mse=0.000500  val_mse=0.000509  val_r2=0.9952  patience=0/30
2026-10-07 09:33:39,505  genstudy.model            INFO     [family_holdout:vqe_su2] epoch 0060/1000  train_mse=0.000581  val_mse=0.000604  val_r2=0.9943  patience=1/30
2026-10-07 09:33:53,762  genstudy.model            INFO     [family_holdout:vqe_su2] epoch 0061/1000  train_mse=0.000481  val_mse=0.000657  val_r2=0.9937  patience=2/30
2026-10-07 09:34:07,864  genstudy.model            INFO     [family_holdout:vqe_su2] epoch 0062/1000  train_mse=0.000563  val_mse=0.000790  val_r2=0.9925  patience=3/30
2026-10-07 09:34:21,896  genstudy.model            INFO     [family_holdout:vqe_su2] epoch 0063/1000  train_mse=0.000582  val_mse=0.000489  val_r2=0.9954  patience=0/30
2026-10-07 09:34:36,103  genstudy.model            INFO     [family_holdout:vqe_su2] epoch 0064/1000  train_mse=0.000507  val_mse=0.001672  val_r2=0.9840  patience=1/30
2026-10-07 09:34:50,223  genstudy.model            INFO     [family_holdout:vqe_su2] epoch 0065/1000  train_mse=0.000414  val_mse=0.000461  val_r2=0.9956  patience=0/30
2026-10-07 09:35:04,384  genstudy.model            INFO     [family_holdout:vqe_su2] epoch 0066/1000  train_mse=0.000378  val_mse=0.000508  val_r2=0.9952  patience=1/30
2026-10-07 09:35:18,439  genstudy.model            INFO     [family_holdout:vqe_su2] epoch 0067/1000  train_mse=0.000436  val_mse=0.000516  val_r2=0.9951  patience=2/30
2026-10-07 09:35:32,454  genstudy.model            INFO     [family_holdout:vqe_su2] epoch 0068/1000  train_mse=0.000364  val_mse=0.000522  val_r2=0.9951  patience=3/30
2026-10-07 09:35:46,526  genstudy.model            INFO     [family_holdout:vqe_su2] epoch 0069/1000  train_mse=0.000508  val_mse=0.000489  val_r2=0.9954  patience=4/30
2026-10-07 09:36:00,596  genstudy.model            INFO     [family_holdout:vqe_su2] epoch 0070/1000  train_mse=0.000363  val_mse=0.000554  val_r2=0.9948  patience=5/30
2026-10-07 09:36:14,601  genstudy.model            INFO     [family_holdout:vqe_su2] epoch 0071/1000  train_mse=0.000408  val_mse=0.000435  val_r2=0.9959  patience=0/30
2026-10-07 09:36:28,501  genstudy.model            INFO     [family_holdout:vqe_su2] epoch 0072/1000  train_mse=0.000351  val_mse=0.000650  val_r2=0.9938  patience=1/30
2026-10-07 09:36:42,375  genstudy.model            INFO     [family_holdout:vqe_su2] epoch 0073/1000  train_mse=0.000447  val_mse=0.000840  val_r2=0.9919  patience=2/30
2026-10-07 09:36:56,132  genstudy.model            INFO     [family_holdout:vqe_su2] epoch 0074/1000  train_mse=0.000388  val_mse=0.000433  val_r2=0.9959  patience=0/30
2026-10-07 09:37:09,968  genstudy.model            INFO     [family_holdout:vqe_su2] epoch 0075/1000  train_mse=0.000393  val_mse=0.000541  val_r2=0.9949  patience=1/30
2026-10-07 09:37:23,774  genstudy.model            INFO     [family_holdout:vqe_su2] epoch 0076/1000  train_mse=0.000341  val_mse=0.000607  val_r2=0.9943  patience=2/30
2026-10-07 09:37:37,484  genstudy.model            INFO     [family_holdout:vqe_su2] epoch 0077/1000  train_mse=0.000388  val_mse=0.000456  val_r2=0.9957  patience=3/30
2026-10-07 09:37:51,277  genstudy.model            INFO     [family_holdout:vqe_su2] epoch 0078/1000  train_mse=0.000369  val_mse=0.000623  val_r2=0.9941  patience=4/30
2026-10-07 09:38:05,105  genstudy.model            INFO     [family_holdout:vqe_su2] epoch 0079/1000  train_mse=0.000467  val_mse=0.000622  val_r2=0.9941  patience=5/30
2026-10-07 09:38:18,942  genstudy.model            INFO     [family_holdout:vqe_su2] epoch 0080/1000  train_mse=0.000338  val_mse=0.000481  val_r2=0.9955  patience=6/30
2026-10-07 09:38:32,810  genstudy.model            INFO     [family_holdout:vqe_su2] epoch 0081/1000  train_mse=0.000308  val_mse=0.000646  val_r2=0.9938  patience=7/30
2026-10-07 09:38:46,522  genstudy.model            INFO     [family_holdout:vqe_su2] epoch 0082/1000  train_mse=0.000310  val_mse=0.000513  val_r2=0.9952  patience=8/30
2026-10-07 09:39:00,288  genstudy.model            INFO     [family_holdout:vqe_su2] epoch 0083/1000  train_mse=0.000328  val_mse=0.000420  val_r2=0.9960  patience=0/30
2026-10-07 09:39:14,160  genstudy.model            INFO     [family_holdout:vqe_su2] epoch 0084/1000  train_mse=0.000326  val_mse=0.000428  val_r2=0.9960  patience=1/30
2026-10-07 09:39:28,216  genstudy.model            INFO     [family_holdout:vqe_su2] epoch 0085/1000  train_mse=0.000330  val_mse=0.000474  val_r2=0.9955  patience=2/30
2026-10-07 09:39:42,214  genstudy.model            INFO     [family_holdout:vqe_su2] epoch 0086/1000  train_mse=0.000318  val_mse=0.000444  val_r2=0.9958  patience=3/30
2026-10-07 09:39:56,152  genstudy.model            INFO     [family_holdout:vqe_su2] epoch 0087/1000  train_mse=0.000314  val_mse=0.000498  val_r2=0.9953  patience=4/30
2026-10-07 09:40:10,236  genstudy.model            INFO     [family_holdout:vqe_su2] epoch 0088/1000  train_mse=0.000317  val_mse=0.000472  val_r2=0.9956  patience=5/30
2026-10-07 09:40:24,166  genstudy.model            INFO     [family_holdout:vqe_su2] epoch 0089/1000  train_mse=0.000540  val_mse=0.000482  val_r2=0.9955  patience=6/30
2026-10-07 09:40:38,210  genstudy.model            INFO     [family_holdout:vqe_su2] epoch 0090/1000  train_mse=0.000293  val_mse=0.000440  val_r2=0.9958  patience=7/30
2026-10-07 09:40:51,978  genstudy.model            INFO     [family_holdout:vqe_su2] epoch 0091/1000  train_mse=0.000283  val_mse=0.000401  val_r2=0.9962  patience=0/30
2026-10-07 09:41:05,651  genstudy.model            INFO     [family_holdout:vqe_su2] epoch 0092/1000  train_mse=0.000275  val_mse=0.000729  val_r2=0.9930  patience=1/30
2026-10-07 09:41:19,289  genstudy.model            INFO     [family_holdout:vqe_su2] epoch 0093/1000  train_mse=0.000312  val_mse=0.000433  val_r2=0.9959  patience=2/30
2026-10-07 09:41:32,954  genstudy.model            INFO     [family_holdout:vqe_su2] epoch 0094/1000  train_mse=0.000274  val_mse=0.000418  val_r2=0.9961  patience=3/30
2026-10-07 09:41:46,763  genstudy.model            INFO     [family_holdout:vqe_su2] epoch 0095/1000  train_mse=0.000272  val_mse=0.000531  val_r2=0.9949  patience=4/30
2026-10-07 09:42:00,586  genstudy.model            INFO     [family_holdout:vqe_su2] epoch 0096/1000  train_mse=0.000270  val_mse=0.000435  val_r2=0.9959  patience=5/30
2026-10-07 09:42:14,312  genstudy.model            INFO     [family_holdout:vqe_su2] epoch 0097/1000  train_mse=0.000268  val_mse=0.000430  val_r2=0.9959  patience=6/30
2026-10-07 09:42:28,002  genstudy.model            INFO     [family_holdout:vqe_su2] epoch 0098/1000  train_mse=0.000270  val_mse=0.000498  val_r2=0.9953  patience=7/30
2026-10-07 09:42:41,757  genstudy.model            INFO     [family_holdout:vqe_su2] epoch 0099/1000  train_mse=0.000291  val_mse=0.000469  val_r2=0.9956  patience=8/30
2026-10-07 09:42:55,449  genstudy.model            INFO     [family_holdout:vqe_su2] epoch 0100/1000  train_mse=0.000249  val_mse=0.000474  val_r2=0.9955  patience=9/30
2026-10-07 09:43:09,241  genstudy.model            INFO     [family_holdout:vqe_su2] epoch 0101/1000  train_mse=0.000465  val_mse=0.001999  val_r2=0.9810  patience=10/30
2026-10-07 09:43:23,059  genstudy.model            INFO     [family_holdout:vqe_su2] epoch 0102/1000  train_mse=0.000574  val_mse=0.000529  val_r2=0.9950  patience=11/30
2026-10-07 09:43:36,787  genstudy.model            INFO     [family_holdout:vqe_su2] epoch 0103/1000  train_mse=0.000340  val_mse=0.000712  val_r2=0.9933  patience=12/30
2026-10-07 09:43:50,508  genstudy.model            INFO     [family_holdout:vqe_su2] epoch 0104/1000  train_mse=0.000302  val_mse=0.000457  val_r2=0.9957  patience=13/30
2026-10-07 09:44:04,362  genstudy.model            INFO     [family_holdout:vqe_su2] epoch 0105/1000  train_mse=0.000256  val_mse=0.000383  val_r2=0.9964  patience=0/30
2026-10-07 09:44:18,173  genstudy.model            INFO     [family_holdout:vqe_su2] epoch 0106/1000  train_mse=0.000262  val_mse=0.000411  val_r2=0.9961  patience=1/30
2026-10-07 09:44:31,953  genstudy.model            INFO     [family_holdout:vqe_su2] epoch 0107/1000  train_mse=0.000261  val_mse=0.000450  val_r2=0.9958  patience=2/30
2026-10-07 09:44:45,738  genstudy.model            INFO     [family_holdout:vqe_su2] epoch 0108/1000  train_mse=0.000265  val_mse=0.000392  val_r2=0.9963  patience=3/30
2026-10-07 09:44:59,516  genstudy.model            INFO     [family_holdout:vqe_su2] epoch 0109/1000  train_mse=0.000242  val_mse=0.000446  val_r2=0.9958  patience=4/30
2026-10-07 09:45:13,257  genstudy.model            INFO     [family_holdout:vqe_su2] epoch 0110/1000  train_mse=0.000242  val_mse=0.000406  val_r2=0.9962  patience=5/30
2026-10-07 09:45:27,035  genstudy.model            INFO     [family_holdout:vqe_su2] epoch 0111/1000  train_mse=0.000287  val_mse=0.000432  val_r2=0.9960  patience=6/30
2026-10-07 09:45:40,834  genstudy.model            INFO     [family_holdout:vqe_su2] epoch 0112/1000  train_mse=0.000264  val_mse=0.000388  val_r2=0.9963  patience=7/30
2026-10-07 09:45:54,683  genstudy.model            INFO     [family_holdout:vqe_su2] epoch 0113/1000  train_mse=0.000248  val_mse=0.000400  val_r2=0.9962  patience=8/30
2026-10-07 09:46:08,547  genstudy.model            INFO     [family_holdout:vqe_su2] epoch 0114/1000  train_mse=0.000239  val_mse=0.000425  val_r2=0.9960  patience=9/30
2026-10-07 09:46:22,341  genstudy.model            INFO     [family_holdout:vqe_su2] epoch 0115/1000  train_mse=0.000241  val_mse=0.000414  val_r2=0.9961  patience=10/30
2026-10-07 09:46:36,183  genstudy.model            INFO     [family_holdout:vqe_su2] epoch 0116/1000  train_mse=0.000237  val_mse=0.000380  val_r2=0.9964  patience=0/30
2026-10-07 09:46:50,020  genstudy.model            INFO     [family_holdout:vqe_su2] epoch 0117/1000  train_mse=0.000245  val_mse=0.000447  val_r2=0.9958  patience=1/30
2026-10-07 09:47:03,819  genstudy.model            INFO     [family_holdout:vqe_su2] epoch 0118/1000  train_mse=0.000234  val_mse=0.000416  val_r2=0.9961  patience=2/30
2026-10-07 09:47:17,685  genstudy.model            INFO     [family_holdout:vqe_su2] epoch 0119/1000  train_mse=0.000271  val_mse=0.000394  val_r2=0.9963  patience=3/30
2026-10-07 09:47:31,564  genstudy.model            INFO     [family_holdout:vqe_su2] epoch 0120/1000  train_mse=0.000243  val_mse=0.000420  val_r2=0.9960  patience=4/30
2026-10-07 09:47:45,504  genstudy.model            INFO     [family_holdout:vqe_su2] epoch 0121/1000  train_mse=0.000215  val_mse=0.000443  val_r2=0.9958  patience=5/30
2026-10-07 09:47:59,421  genstudy.model            INFO     [family_holdout:vqe_su2] epoch 0122/1000  train_mse=0.000233  val_mse=0.000405  val_r2=0.9962  patience=6/30
2026-10-07 09:48:13,466  genstudy.model            INFO     [family_holdout:vqe_su2] epoch 0123/1000  train_mse=0.000224  val_mse=0.000395  val_r2=0.9963  patience=7/30
2026-10-07 09:48:27,399  genstudy.model            INFO     [family_holdout:vqe_su2] epoch 0124/1000  train_mse=0.000278  val_mse=0.000390  val_r2=0.9963  patience=8/30
2026-10-07 09:48:41,330  genstudy.model            INFO     [family_holdout:vqe_su2] epoch 0125/1000  train_mse=0.000223  val_mse=0.000432  val_r2=0.9960  patience=9/30
2026-10-07 09:48:55,249  genstudy.model            INFO     [family_holdout:vqe_su2] epoch 0126/1000  train_mse=0.000214  val_mse=0.000401  val_r2=0.9962  patience=10/30
2026-10-07 09:49:09,208  genstudy.model            INFO     [family_holdout:vqe_su2] epoch 0127/1000  train_mse=0.000231  val_mse=0.000391  val_r2=0.9963  patience=11/30
2026-10-07 09:49:23,124  genstudy.model            INFO     [family_holdout:vqe_su2] epoch 0128/1000  train_mse=0.000221  val_mse=0.000460  val_r2=0.9957  patience=12/30
2026-10-07 09:49:37,005  genstudy.model            INFO     [family_holdout:vqe_su2] epoch 0129/1000  train_mse=0.000215  val_mse=0.000425  val_r2=0.9960  patience=13/30
2026-10-07 09:49:50,667  genstudy.model            INFO     [family_holdout:vqe_su2] epoch 0130/1000  train_mse=0.000609  val_mse=0.000454  val_r2=0.9957  patience=14/30
2026-10-07 09:50:04,543  genstudy.model            INFO     [family_holdout:vqe_su2] epoch 0131/1000  train_mse=0.000250  val_mse=0.000431  val_r2=0.9960  patience=15/30
2026-10-07 09:50:18,519  genstudy.model            INFO     [family_holdout:vqe_su2] epoch 0132/1000  train_mse=0.000234  val_mse=0.000371  val_r2=0.9965  patience=0/30
2026-10-07 09:50:32,522  genstudy.model            INFO     [family_holdout:vqe_su2] epoch 0133/1000  train_mse=0.000233  val_mse=0.000443  val_r2=0.9958  patience=1/30
2026-10-07 09:50:46,557  genstudy.model            INFO     [family_holdout:vqe_su2] epoch 0134/1000  train_mse=0.000205  val_mse=0.000428  val_r2=0.9960  patience=2/30
2026-10-07 09:51:00,596  genstudy.model            INFO     [family_holdout:vqe_su2] epoch 0135/1000  train_mse=0.000218  val_mse=0.000526  val_r2=0.9951  patience=3/30
2026-10-07 09:51:14,522  genstudy.model            INFO     [family_holdout:vqe_su2] epoch 0136/1000  train_mse=0.000214  val_mse=0.000390  val_r2=0.9963  patience=4/30
2026-10-07 09:51:28,385  genstudy.model            INFO     [family_holdout:vqe_su2] epoch 0137/1000  train_mse=0.000208  val_mse=0.000443  val_r2=0.9958  patience=5/30
2026-10-07 09:51:42,361  genstudy.model            INFO     [family_holdout:vqe_su2] epoch 0138/1000  train_mse=0.000226  val_mse=0.000391  val_r2=0.9963  patience=6/30
2026-10-07 09:51:56,384  genstudy.model            INFO     [family_holdout:vqe_su2] epoch 0139/1000  train_mse=0.000210  val_mse=0.000481  val_r2=0.9955  patience=7/30
2026-10-07 09:52:10,357  genstudy.model            INFO     [family_holdout:vqe_su2] epoch 0140/1000  train_mse=0.000208  val_mse=0.000389  val_r2=0.9964  patience=8/30
2026-10-07 09:52:24,278  genstudy.model            INFO     [family_holdout:vqe_su2] epoch 0141/1000  train_mse=0.000221  val_mse=0.000425  val_r2=0.9960  patience=9/30
2026-10-07 09:52:38,316  genstudy.model            INFO     [family_holdout:vqe_su2] epoch 0142/1000  train_mse=0.000200  val_mse=0.000389  val_r2=0.9964  patience=10/30
2026-10-07 09:52:52,328  genstudy.model            INFO     [family_holdout:vqe_su2] epoch 0143/1000  train_mse=0.000219  val_mse=0.000442  val_r2=0.9959  patience=11/30
2026-10-07 09:53:06,222  genstudy.model            INFO     [family_holdout:vqe_su2] epoch 0144/1000  train_mse=0.000190  val_mse=0.000423  val_r2=0.9960  patience=12/30
2026-10-07 09:53:20,289  genstudy.model            INFO     [family_holdout:vqe_su2] epoch 0145/1000  train_mse=0.000186  val_mse=0.000402  val_r2=0.9962  patience=13/30
2026-10-07 09:53:34,255  genstudy.model            INFO     [family_holdout:vqe_su2] epoch 0146/1000  train_mse=0.000213  val_mse=0.000466  val_r2=0.9956  patience=14/30
2026-10-07 09:53:48,221  genstudy.model            INFO     [family_holdout:vqe_su2] epoch 0147/1000  train_mse=0.000247  val_mse=0.000416  val_r2=0.9961  patience=15/30
2026-10-07 09:54:02,178  genstudy.model            INFO     [family_holdout:vqe_su2] epoch 0148/1000  train_mse=0.000237  val_mse=0.000395  val_r2=0.9963  patience=16/30
2026-10-07 09:54:16,114  genstudy.model            INFO     [family_holdout:vqe_su2] epoch 0149/1000  train_mse=0.000203  val_mse=0.000419  val_r2=0.9961  patience=17/30
2026-10-07 09:54:30,107  genstudy.model            INFO     [family_holdout:vqe_su2] epoch 0150/1000  train_mse=0.000194  val_mse=0.000383  val_r2=0.9964  patience=18/30
2026-10-07 09:54:44,048  genstudy.model            INFO     [family_holdout:vqe_su2] epoch 0151/1000  train_mse=0.000197  val_mse=0.000406  val_r2=0.9962  patience=19/30
2026-10-07 09:54:58,015  genstudy.model            INFO     [family_holdout:vqe_su2] epoch 0152/1000  train_mse=0.000184  val_mse=0.000501  val_r2=0.9953  patience=20/30
2026-10-07 09:55:11,993  genstudy.model            INFO     [family_holdout:vqe_su2] epoch 0153/1000  train_mse=0.000218  val_mse=0.000459  val_r2=0.9957  patience=21/30
2026-10-07 09:55:26,027  genstudy.model            INFO     [family_holdout:vqe_su2] epoch 0154/1000  train_mse=0.000192  val_mse=0.000453  val_r2=0.9958  patience=22/30
2026-10-07 09:55:39,968  genstudy.model            INFO     [family_holdout:vqe_su2] epoch 0155/1000  train_mse=0.000180  val_mse=0.000390  val_r2=0.9964  patience=23/30
2026-10-07 09:55:53,941  genstudy.model            INFO     [family_holdout:vqe_su2] epoch 0156/1000  train_mse=0.000184  val_mse=0.000422  val_r2=0.9961  patience=24/30
2026-10-07 09:56:07,853  genstudy.model            INFO     [family_holdout:vqe_su2] epoch 0157/1000  train_mse=0.000195  val_mse=0.000431  val_r2=0.9960  patience=25/30
2026-10-07 09:56:21,839  genstudy.model            INFO     [family_holdout:vqe_su2] epoch 0158/1000  train_mse=0.000229  val_mse=0.000581  val_r2=0.9946  patience=26/30
2026-10-07 09:56:35,920  genstudy.model            INFO     [family_holdout:vqe_su2] epoch 0159/1000  train_mse=0.000191  val_mse=0.000485  val_r2=0.9954  patience=27/30
2026-10-07 09:56:49,860  genstudy.model            INFO     [family_holdout:vqe_su2] epoch 0160/1000  train_mse=0.000189  val_mse=0.000412  val_r2=0.9961  patience=28/30
2026-10-07 09:57:03,817  genstudy.model            INFO     [family_holdout:vqe_su2] epoch 0161/1000  train_mse=0.000186  val_mse=0.000395  val_r2=0.9963  patience=29/30
2026-10-07 09:57:17,802  genstudy.model            INFO     [family_holdout:vqe_su2] epoch 0162/1000  train_mse=0.000252  val_mse=0.000418  val_r2=0.9961  patience=30/30
2026-10-07 09:57:17,888  genstudy.model            INFO     [family_holdout:vqe_su2] early stop at epoch 162; best epoch 132
2026-10-07 09:57:18,915  genstudy.experiment       INFO     [vqe_su2] TEST  n=2858  MAE=0.0753  RMSE=0.0987  R2=0.8849  device-acc=0.446  regret=0.0204
2026-10-07 09:57:18,918  genstudy.io               INFO     Wrote /home/atudisco/pred-distr-tool/evaluations/generalization/results/leave_one_family_out/vqe_su2/metrics.json
2026-10-07 09:57:18,935  genstudy.io               INFO     Wrote /home/atudisco/pred-distr-tool/evaluations/generalization/results/leave_one_family_out/vqe_su2/predictions.json
2026-10-07 09:57:18,947  genstudy.io               INFO     Wrote /home/atudisco/pred-distr-tool/evaluations/generalization/results/leave_one_family_out/vqe_su2/history.json
2026-10-07 09:57:18,969  genstudy.experiment       INFO     Wrote /home/atudisco/pred-distr-tool/evaluations/generalization/results/leave_one_family_out/vqe_su2/model.pth
2026-10-07 09:57:18,971  genstudy.experiment       INFO     Removed /home/atudisco/pred-distr-tool/evaluations/generalization/results/leave_one_family_out/vqe_su2/checkpoint.pt (split finished)
2026-10-07 09:57:18,972  run_leave_one_family_out  INFO     [4/10] holding out family 'qaoa'
2026-10-07 09:57:18,975  genstudy.experiment       INFO     === family_holdout / qaoa ===
2026-10-07 09:57:18,975  genstudy.experiment       INFO     Leave-one-family-out: test = all 2706 'qaoa' circuits, train = 14350 circuits from 34 other families.
2026-10-07 09:57:18,976  genstudy.experiment       INFO     train=11480  val=2870  test=2706
2026-10-07 09:57:18,989  genstudy.model            INFO     [family_holdout:qaoa] training on 11480 graphs, validating on 2870, epochs 1-1000 (patience 30)
2026-10-07 09:57:32,029  genstudy.model            INFO     [family_holdout:qaoa] epoch 0001/1000  train_mse=0.346394  val_mse=0.004031  val_r2=0.9576  patience=0/30
2026-10-07 09:57:45,063  genstudy.model            INFO     [family_holdout:qaoa] epoch 0002/1000  train_mse=0.003930  val_mse=0.002435  val_r2=0.9744  patience=0/30
2026-10-07 09:57:58,096  genstudy.model            INFO     [family_holdout:qaoa] epoch 0003/1000  train_mse=0.007770  val_mse=0.001942  val_r2=0.9795  patience=0/30
2026-10-07 09:58:11,222  genstudy.model            INFO     [family_holdout:qaoa] epoch 0004/1000  train_mse=0.002709  val_mse=0.001709  val_r2=0.9819  patience=0/30
2026-10-07 09:58:24,295  genstudy.model            INFO     [family_holdout:qaoa] epoch 0005/1000  train_mse=0.003831  val_mse=0.005807  val_r2=0.9379  patience=1/30
2026-10-07 09:58:37,349  genstudy.model            INFO     [family_holdout:qaoa] epoch 0006/1000  train_mse=0.002369  val_mse=0.001706  val_r2=0.9817  patience=0/30
2026-10-07 09:58:50,352  genstudy.model            INFO     [family_holdout:qaoa] epoch 0007/1000  train_mse=0.001764  val_mse=0.001006  val_r2=0.9894  patience=0/30
2026-10-07 09:59:03,431  genstudy.model            INFO     [family_holdout:qaoa] epoch 0008/1000  train_mse=0.001209  val_mse=0.000942  val_r2=0.9901  patience=0/30
2026-10-07 09:59:16,440  genstudy.model            INFO     [family_holdout:qaoa] epoch 0009/1000  train_mse=0.001071  val_mse=0.000892  val_r2=0.9906  patience=0/30
2026-10-07 09:59:29,493  genstudy.model            INFO     [family_holdout:qaoa] epoch 0010/1000  train_mse=0.001280  val_mse=0.000830  val_r2=0.9913  patience=0/30
2026-10-07 09:59:42,577  genstudy.model            INFO     [family_holdout:qaoa] epoch 0011/1000  train_mse=0.000931  val_mse=0.001043  val_r2=0.9892  patience=1/30
2026-10-07 09:59:55,631  genstudy.model            INFO     [family_holdout:qaoa] epoch 0012/1000  train_mse=0.001260  val_mse=0.000887  val_r2=0.9907  patience=2/30
2026-10-07 10:00:08,751  genstudy.model            INFO     [family_holdout:qaoa] epoch 0013/1000  train_mse=0.000930  val_mse=0.000894  val_r2=0.9905  patience=3/30
2026-10-07 10:00:21,781  genstudy.model            INFO     [family_holdout:qaoa] epoch 0014/1000  train_mse=0.001749  val_mse=0.000937  val_r2=0.9901  patience=4/30
2026-10-07 10:00:34,877  genstudy.model            INFO     [family_holdout:qaoa] epoch 0015/1000  train_mse=0.000880  val_mse=0.000832  val_r2=0.9912  patience=5/30
2026-10-07 10:00:48,004  genstudy.model            INFO     [family_holdout:qaoa] epoch 0016/1000  train_mse=0.000689  val_mse=0.000731  val_r2=0.9923  patience=0/30
2026-10-07 10:01:01,098  genstudy.model            INFO     [family_holdout:qaoa] epoch 0017/1000  train_mse=0.000691  val_mse=0.000759  val_r2=0.9921  patience=1/30
2026-10-07 10:01:14,243  genstudy.model            INFO     [family_holdout:qaoa] epoch 0018/1000  train_mse=0.000734  val_mse=0.000730  val_r2=0.9924  patience=0/30
2026-10-07 10:01:27,234  genstudy.model            INFO     [family_holdout:qaoa] epoch 0019/1000  train_mse=0.000892  val_mse=0.001195  val_r2=0.9876  patience=1/30
2026-10-07 10:01:40,207  genstudy.model            INFO     [family_holdout:qaoa] epoch 0020/1000  train_mse=0.001295  val_mse=0.000605  val_r2=0.9937  patience=0/30
2026-10-07 10:01:53,226  genstudy.model            INFO     [family_holdout:qaoa] epoch 0021/1000  train_mse=0.000666  val_mse=0.000774  val_r2=0.9919  patience=1/30
2026-10-07 10:02:06,368  genstudy.model            INFO     [family_holdout:qaoa] epoch 0022/1000  train_mse=0.000816  val_mse=0.001962  val_r2=0.9791  patience=2/30
2026-10-07 10:02:19,409  genstudy.model            INFO     [family_holdout:qaoa] epoch 0023/1000  train_mse=0.000920  val_mse=0.000602  val_r2=0.9937  patience=0/30
2026-10-07 10:02:32,550  genstudy.model            INFO     [family_holdout:qaoa] epoch 0024/1000  train_mse=0.000583  val_mse=0.000559  val_r2=0.9941  patience=0/30
2026-10-07 10:02:45,613  genstudy.model            INFO     [family_holdout:qaoa] epoch 0025/1000  train_mse=0.000718  val_mse=0.001078  val_r2=0.9886  patience=1/30
2026-10-07 10:02:58,661  genstudy.model            INFO     [family_holdout:qaoa] epoch 0026/1000  train_mse=0.000698  val_mse=0.000753  val_r2=0.9920  patience=2/30
2026-10-07 10:03:11,824  genstudy.model            INFO     [family_holdout:qaoa] epoch 0027/1000  train_mse=0.000758  val_mse=0.001208  val_r2=0.9871  patience=3/30
2026-10-07 10:03:24,906  genstudy.model            INFO     [family_holdout:qaoa] epoch 0028/1000  train_mse=0.000708  val_mse=0.000745  val_r2=0.9922  patience=4/30
2026-10-07 10:03:38,004  genstudy.model            INFO     [family_holdout:qaoa] epoch 0029/1000  train_mse=0.000573  val_mse=0.000550  val_r2=0.9942  patience=0/30
2026-10-07 10:03:51,059  genstudy.model            INFO     [family_holdout:qaoa] epoch 0030/1000  train_mse=0.000895  val_mse=0.001468  val_r2=0.9845  patience=1/30
2026-10-07 10:04:04,099  genstudy.model            INFO     [family_holdout:qaoa] epoch 0031/1000  train_mse=0.001018  val_mse=0.000628  val_r2=0.9933  patience=2/30
2026-10-07 10:04:17,092  genstudy.model            INFO     [family_holdout:qaoa] epoch 0032/1000  train_mse=0.000623  val_mse=0.000785  val_r2=0.9917  patience=3/30
2026-10-07 10:04:30,175  genstudy.model            INFO     [family_holdout:qaoa] epoch 0033/1000  train_mse=0.000548  val_mse=0.001131  val_r2=0.9882  patience=4/30
2026-10-07 10:04:43,247  genstudy.model            INFO     [family_holdout:qaoa] epoch 0034/1000  train_mse=0.000585  val_mse=0.000551  val_r2=0.9942  patience=5/30
2026-10-07 10:04:56,316  genstudy.model            INFO     [family_holdout:qaoa] epoch 0035/1000  train_mse=0.000592  val_mse=0.001025  val_r2=0.9894  patience=6/30
2026-10-07 10:05:09,363  genstudy.model            INFO     [family_holdout:qaoa] epoch 0036/1000  train_mse=0.000573  val_mse=0.000637  val_r2=0.9932  patience=7/30
2026-10-07 10:05:22,432  genstudy.model            INFO     [family_holdout:qaoa] epoch 0037/1000  train_mse=0.000529  val_mse=0.000567  val_r2=0.9940  patience=8/30
2026-10-07 10:05:35,453  genstudy.model            INFO     [family_holdout:qaoa] epoch 0038/1000  train_mse=0.000508  val_mse=0.000895  val_r2=0.9904  patience=9/30
2026-10-07 10:05:48,567  genstudy.model            INFO     [family_holdout:qaoa] epoch 0039/1000  train_mse=0.025332  val_mse=0.030308  val_r2=0.6789  patience=10/30
2026-10-07 10:06:01,650  genstudy.model            INFO     [family_holdout:qaoa] epoch 0040/1000  train_mse=0.005338  val_mse=0.001834  val_r2=0.9805  patience=11/30
2026-10-07 10:06:14,658  genstudy.model            INFO     [family_holdout:qaoa] epoch 0041/1000  train_mse=0.001525  val_mse=0.001226  val_r2=0.9869  patience=12/30
2026-10-07 10:06:27,741  genstudy.model            INFO     [family_holdout:qaoa] epoch 0042/1000  train_mse=0.001255  val_mse=0.001753  val_r2=0.9815  patience=13/30
2026-10-07 10:06:40,877  genstudy.model            INFO     [family_holdout:qaoa] epoch 0043/1000  train_mse=0.001023  val_mse=0.000974  val_r2=0.9896  patience=14/30
2026-10-07 10:06:53,970  genstudy.model            INFO     [family_holdout:qaoa] epoch 0044/1000  train_mse=0.000905  val_mse=0.000842  val_r2=0.9910  patience=15/30
2026-10-07 10:07:07,134  genstudy.model            INFO     [family_holdout:qaoa] epoch 0045/1000  train_mse=0.000807  val_mse=0.000714  val_r2=0.9924  patience=16/30
2026-10-07 10:07:20,227  genstudy.model            INFO     [family_holdout:qaoa] epoch 0046/1000  train_mse=0.000870  val_mse=0.000671  val_r2=0.9929  patience=17/30
2026-10-07 10:07:33,302  genstudy.model            INFO     [family_holdout:qaoa] epoch 0047/1000  train_mse=0.000656  val_mse=0.000608  val_r2=0.9936  patience=18/30
2026-10-07 10:07:46,400  genstudy.model            INFO     [family_holdout:qaoa] epoch 0048/1000  train_mse=0.000600  val_mse=0.000587  val_r2=0.9938  patience=19/30
2026-10-07 10:07:59,528  genstudy.model            INFO     [family_holdout:qaoa] epoch 0049/1000  train_mse=0.000569  val_mse=0.000710  val_r2=0.9925  patience=20/30
2026-10-07 10:08:12,670  genstudy.model            INFO     [family_holdout:qaoa] epoch 0050/1000  train_mse=0.000616  val_mse=0.000624  val_r2=0.9935  patience=21/30
2026-10-07 10:08:25,759  genstudy.model            INFO     [family_holdout:qaoa] epoch 0051/1000  train_mse=0.000560  val_mse=0.000857  val_r2=0.9909  patience=22/30
2026-10-07 10:08:38,856  genstudy.model            INFO     [family_holdout:qaoa] epoch 0052/1000  train_mse=0.000635  val_mse=0.000638  val_r2=0.9933  patience=23/30
2026-10-07 10:08:52,031  genstudy.model            INFO     [family_holdout:qaoa] epoch 0053/1000  train_mse=0.000518  val_mse=0.000533  val_r2=0.9944  patience=0/30
2026-10-07 10:09:05,203  genstudy.model            INFO     [family_holdout:qaoa] epoch 0054/1000  train_mse=0.000538  val_mse=0.000489  val_r2=0.9949  patience=0/30
2026-10-07 10:09:18,187  genstudy.model            INFO     [family_holdout:qaoa] epoch 0055/1000  train_mse=0.000548  val_mse=0.001094  val_r2=0.9884  patience=1/30
2026-10-07 10:09:31,128  genstudy.model            INFO     [family_holdout:qaoa] epoch 0056/1000  train_mse=0.000574  val_mse=0.000479  val_r2=0.9950  patience=0/30
2026-10-07 10:09:44,111  genstudy.model            INFO     [family_holdout:qaoa] epoch 0057/1000  train_mse=0.000473  val_mse=0.000627  val_r2=0.9935  patience=1/30
2026-10-07 10:09:57,049  genstudy.model            INFO     [family_holdout:qaoa] epoch 0058/1000  train_mse=0.000542  val_mse=0.001125  val_r2=0.9882  patience=2/30
2026-10-07 10:10:09,978  genstudy.model            INFO     [family_holdout:qaoa] epoch 0059/1000  train_mse=0.000488  val_mse=0.000456  val_r2=0.9953  patience=0/30
2026-10-07 10:10:23,044  genstudy.model            INFO     [family_holdout:qaoa] epoch 0060/1000  train_mse=0.000450  val_mse=0.000660  val_r2=0.9931  patience=1/30
2026-10-07 10:10:36,130  genstudy.model            INFO     [family_holdout:qaoa] epoch 0061/1000  train_mse=0.000410  val_mse=0.000429  val_r2=0.9955  patience=0/30
2026-10-07 10:10:49,212  genstudy.model            INFO     [family_holdout:qaoa] epoch 0062/1000  train_mse=0.000439  val_mse=0.000534  val_r2=0.9944  patience=1/30
2026-10-07 10:11:02,345  genstudy.model            INFO     [family_holdout:qaoa] epoch 0063/1000  train_mse=0.000402  val_mse=0.000536  val_r2=0.9943  patience=2/30
2026-10-07 10:11:15,378  genstudy.model            INFO     [family_holdout:qaoa] epoch 0064/1000  train_mse=0.000413  val_mse=0.000567  val_r2=0.9941  patience=3/30
2026-10-07 10:11:28,405  genstudy.model            INFO     [family_holdout:qaoa] epoch 0065/1000  train_mse=0.000431  val_mse=0.000438  val_r2=0.9955  patience=4/30
2026-10-07 10:11:41,531  genstudy.model            INFO     [family_holdout:qaoa] epoch 0066/1000  train_mse=0.000461  val_mse=0.000692  val_r2=0.9928  patience=5/30
2026-10-07 10:11:54,742  genstudy.model            INFO     [family_holdout:qaoa] epoch 0067/1000  train_mse=0.000439  val_mse=0.000778  val_r2=0.9918  patience=6/30
2026-10-07 10:12:07,868  genstudy.model            INFO     [family_holdout:qaoa] epoch 0068/1000  train_mse=0.000452  val_mse=0.000518  val_r2=0.9946  patience=7/30
2026-10-07 10:12:20,905  genstudy.model            INFO     [family_holdout:qaoa] epoch 0069/1000  train_mse=0.000359  val_mse=0.000514  val_r2=0.9947  patience=8/30
2026-10-07 10:12:34,009  genstudy.model            INFO     [family_holdout:qaoa] epoch 0070/1000  train_mse=0.000344  val_mse=0.000468  val_r2=0.9950  patience=9/30
2026-10-07 10:12:47,095  genstudy.model            INFO     [family_holdout:qaoa] epoch 0071/1000  train_mse=0.000362  val_mse=0.000476  val_r2=0.9950  patience=10/30
2026-10-07 10:13:00,199  genstudy.model            INFO     [family_holdout:qaoa] epoch 0072/1000  train_mse=0.000437  val_mse=0.000579  val_r2=0.9939  patience=11/30
2026-10-07 10:13:13,306  genstudy.model            INFO     [family_holdout:qaoa] epoch 0073/1000  train_mse=0.000351  val_mse=0.000389  val_r2=0.9959  patience=0/30
2026-10-07 10:13:26,410  genstudy.model            INFO     [family_holdout:qaoa] epoch 0074/1000  train_mse=0.000322  val_mse=0.001135  val_r2=0.9880  patience=1/30
2026-10-07 10:13:39,393  genstudy.model            INFO     [family_holdout:qaoa] epoch 0075/1000  train_mse=0.000368  val_mse=0.000488  val_r2=0.9949  patience=2/30
2026-10-07 10:13:52,494  genstudy.model            INFO     [family_holdout:qaoa] epoch 0076/1000  train_mse=0.000338  val_mse=0.000411  val_r2=0.9957  patience=3/30
2026-10-07 10:14:05,531  genstudy.model            INFO     [family_holdout:qaoa] epoch 0077/1000  train_mse=0.000338  val_mse=0.000472  val_r2=0.9950  patience=4/30
2026-10-07 10:14:18,626  genstudy.model            INFO     [family_holdout:qaoa] epoch 0078/1000  train_mse=0.000385  val_mse=0.000470  val_r2=0.9950  patience=5/30
2026-10-07 10:14:31,742  genstudy.model            INFO     [family_holdout:qaoa] epoch 0079/1000  train_mse=0.000327  val_mse=0.000417  val_r2=0.9957  patience=6/30
2026-10-07 10:14:44,849  genstudy.model            INFO     [family_holdout:qaoa] epoch 0080/1000  train_mse=0.000332  val_mse=0.000358  val_r2=0.9963  patience=0/30
2026-10-07 10:14:57,947  genstudy.model            INFO     [family_holdout:qaoa] epoch 0081/1000  train_mse=0.000304  val_mse=0.000456  val_r2=0.9952  patience=1/30
2026-10-07 10:15:11,044  genstudy.model            INFO     [family_holdout:qaoa] epoch 0082/1000  train_mse=0.000313  val_mse=0.000442  val_r2=0.9954  patience=2/30
2026-10-07 10:15:24,108  genstudy.model            INFO     [family_holdout:qaoa] epoch 0083/1000  train_mse=0.000319  val_mse=0.000409  val_r2=0.9957  patience=3/30
2026-10-07 10:15:37,236  genstudy.model            INFO     [family_holdout:qaoa] epoch 0084/1000  train_mse=0.000355  val_mse=0.000520  val_r2=0.9945  patience=4/30
2026-10-07 10:15:50,340  genstudy.model            INFO     [family_holdout:qaoa] epoch 0085/1000  train_mse=0.000289  val_mse=0.000357  val_r2=0.9963  patience=0/30
2026-10-07 10:16:03,498  genstudy.model            INFO     [family_holdout:qaoa] epoch 0086/1000  train_mse=0.000301  val_mse=0.000390  val_r2=0.9959  patience=1/30
2026-10-07 10:16:16,679  genstudy.model            INFO     [family_holdout:qaoa] epoch 0087/1000  train_mse=0.000284  val_mse=0.000368  val_r2=0.9962  patience=2/30
2026-10-07 10:16:29,835  genstudy.model            INFO     [family_holdout:qaoa] epoch 0088/1000  train_mse=0.000302  val_mse=0.000407  val_r2=0.9958  patience=3/30
2026-10-07 10:16:42,899  genstudy.model            INFO     [family_holdout:qaoa] epoch 0089/1000  train_mse=0.000319  val_mse=0.000430  val_r2=0.9955  patience=4/30
2026-10-07 10:16:55,977  genstudy.model            INFO     [family_holdout:qaoa] epoch 0090/1000  train_mse=0.000329  val_mse=0.000474  val_r2=0.9950  patience=5/30
2026-10-07 10:17:09,132  genstudy.model            INFO     [family_holdout:qaoa] epoch 0091/1000  train_mse=0.000306  val_mse=0.000531  val_r2=0.9944  patience=6/30
2026-10-07 10:17:22,171  genstudy.model            INFO     [family_holdout:qaoa] epoch 0092/1000  train_mse=0.000287  val_mse=0.000376  val_r2=0.9961  patience=7/30
2026-10-07 10:17:35,351  genstudy.model            INFO     [family_holdout:qaoa] epoch 0093/1000  train_mse=0.000284  val_mse=0.000419  val_r2=0.9956  patience=8/30
2026-10-07 10:17:48,518  genstudy.model            INFO     [family_holdout:qaoa] epoch 0094/1000  train_mse=0.000288  val_mse=0.000405  val_r2=0.9958  patience=9/30
2026-10-07 10:18:01,705  genstudy.model            INFO     [family_holdout:qaoa] epoch 0095/1000  train_mse=0.000338  val_mse=0.000378  val_r2=0.9961  patience=10/30
2026-10-07 10:18:14,857  genstudy.model            INFO     [family_holdout:qaoa] epoch 0096/1000  train_mse=0.000260  val_mse=0.000382  val_r2=0.9960  patience=11/30
2026-10-07 10:18:28,016  genstudy.model            INFO     [family_holdout:qaoa] epoch 0097/1000  train_mse=0.000246  val_mse=0.000380  val_r2=0.9960  patience=12/30
2026-10-07 10:18:41,188  genstudy.model            INFO     [family_holdout:qaoa] epoch 0098/1000  train_mse=0.000280  val_mse=0.000431  val_r2=0.9955  patience=13/30
2026-10-07 10:18:54,301  genstudy.model            INFO     [family_holdout:qaoa] epoch 0099/1000  train_mse=0.000260  val_mse=0.000485  val_r2=0.9949  patience=14/30
2026-10-07 10:19:07,453  genstudy.model            INFO     [family_holdout:qaoa] epoch 0100/1000  train_mse=0.000288  val_mse=0.000460  val_r2=0.9951  patience=15/30
2026-10-07 10:19:20,621  genstudy.model            INFO     [family_holdout:qaoa] epoch 0101/1000  train_mse=0.000234  val_mse=0.000379  val_r2=0.9960  patience=16/30
2026-10-07 10:19:33,782  genstudy.model            INFO     [family_holdout:qaoa] epoch 0102/1000  train_mse=0.000519  val_mse=0.001385  val_r2=0.9851  patience=17/30
2026-10-07 10:19:46,916  genstudy.model            INFO     [family_holdout:qaoa] epoch 0103/1000  train_mse=0.000709  val_mse=0.000516  val_r2=0.9946  patience=18/30
2026-10-07 10:20:00,014  genstudy.model            INFO     [family_holdout:qaoa] epoch 0104/1000  train_mse=0.000370  val_mse=0.000481  val_r2=0.9949  patience=19/30
2026-10-07 10:20:13,148  genstudy.model            INFO     [family_holdout:qaoa] epoch 0105/1000  train_mse=0.000314  val_mse=0.000378  val_r2=0.9961  patience=20/30
2026-10-07 10:20:26,333  genstudy.model            INFO     [family_holdout:qaoa] epoch 0106/1000  train_mse=0.000310  val_mse=0.000601  val_r2=0.9938  patience=21/30
2026-10-07 10:20:39,503  genstudy.model            INFO     [family_holdout:qaoa] epoch 0107/1000  train_mse=0.000265  val_mse=0.000397  val_r2=0.9959  patience=22/30
2026-10-07 10:20:52,633  genstudy.model            INFO     [family_holdout:qaoa] epoch 0108/1000  train_mse=0.000258  val_mse=0.000507  val_r2=0.9948  patience=23/30
2026-10-07 10:21:05,744  genstudy.model            INFO     [family_holdout:qaoa] epoch 0109/1000  train_mse=0.000253  val_mse=0.000374  val_r2=0.9961  patience=24/30
2026-10-07 10:21:18,949  genstudy.model            INFO     [family_holdout:qaoa] epoch 0110/1000  train_mse=0.000242  val_mse=0.000353  val_r2=0.9963  patience=0/30
2026-10-07 10:21:32,026  genstudy.model            INFO     [family_holdout:qaoa] epoch 0111/1000  train_mse=0.000277  val_mse=0.000684  val_r2=0.9928  patience=1/30
2026-10-07 10:21:45,085  genstudy.model            INFO     [family_holdout:qaoa] epoch 0112/1000  train_mse=0.000287  val_mse=0.000422  val_r2=0.9956  patience=2/30
2026-10-07 10:21:58,265  genstudy.model            INFO     [family_holdout:qaoa] epoch 0113/1000  train_mse=0.000228  val_mse=0.000371  val_r2=0.9962  patience=3/30
2026-10-07 10:22:11,403  genstudy.model            INFO     [family_holdout:qaoa] epoch 0114/1000  train_mse=0.000231  val_mse=0.000378  val_r2=0.9961  patience=4/30
2026-10-07 10:22:24,474  genstudy.model            INFO     [family_holdout:qaoa] epoch 0115/1000  train_mse=0.000267  val_mse=0.000375  val_r2=0.9961  patience=5/30
2026-10-07 10:22:37,632  genstudy.model            INFO     [family_holdout:qaoa] epoch 0116/1000  train_mse=0.000237  val_mse=0.000374  val_r2=0.9961  patience=6/30
2026-10-07 10:22:50,755  genstudy.model            INFO     [family_holdout:qaoa] epoch 0117/1000  train_mse=0.000222  val_mse=0.000362  val_r2=0.9962  patience=7/30
2026-10-07 10:23:03,882  genstudy.model            INFO     [family_holdout:qaoa] epoch 0118/1000  train_mse=0.000220  val_mse=0.000364  val_r2=0.9962  patience=8/30
2026-10-07 10:23:17,012  genstudy.model            INFO     [family_holdout:qaoa] epoch 0119/1000  train_mse=0.000230  val_mse=0.000394  val_r2=0.9959  patience=9/30
2026-10-07 10:23:30,116  genstudy.model            INFO     [family_holdout:qaoa] epoch 0120/1000  train_mse=0.000215  val_mse=0.000363  val_r2=0.9962  patience=10/30
2026-10-07 10:23:43,192  genstudy.model            INFO     [family_holdout:qaoa] epoch 0121/1000  train_mse=0.000261  val_mse=0.000390  val_r2=0.9959  patience=11/30
2026-10-07 10:23:56,267  genstudy.model            INFO     [family_holdout:qaoa] epoch 0122/1000  train_mse=0.000214  val_mse=0.000350  val_r2=0.9964  patience=0/30
2026-10-07 10:24:09,395  genstudy.model            INFO     [family_holdout:qaoa] epoch 0123/1000  train_mse=0.000228  val_mse=0.000551  val_r2=0.9943  patience=1/30
2026-10-07 10:24:22,451  genstudy.model            INFO     [family_holdout:qaoa] epoch 0124/1000  train_mse=0.000259  val_mse=0.000447  val_r2=0.9953  patience=2/30
2026-10-07 10:24:35,562  genstudy.model            INFO     [family_holdout:qaoa] epoch 0125/1000  train_mse=0.000197  val_mse=0.000341  val_r2=0.9965  patience=0/30
2026-10-07 10:24:48,634  genstudy.model            INFO     [family_holdout:qaoa] epoch 0126/1000  train_mse=0.000197  val_mse=0.000341  val_r2=0.9965  patience=1/30
2026-10-07 10:25:01,696  genstudy.model            INFO     [family_holdout:qaoa] epoch 0127/1000  train_mse=0.000206  val_mse=0.000407  val_r2=0.9958  patience=2/30
2026-10-07 10:25:14,799  genstudy.model            INFO     [family_holdout:qaoa] epoch 0128/1000  train_mse=0.000233  val_mse=0.000605  val_r2=0.9936  patience=3/30
2026-10-07 10:25:27,870  genstudy.model            INFO     [family_holdout:qaoa] epoch 0129/1000  train_mse=0.000255  val_mse=0.000371  val_r2=0.9961  patience=4/30
2026-10-07 10:25:40,942  genstudy.model            INFO     [family_holdout:qaoa] epoch 0130/1000  train_mse=0.000193  val_mse=0.000403  val_r2=0.9958  patience=5/30
2026-10-07 10:25:53,958  genstudy.model            INFO     [family_holdout:qaoa] epoch 0131/1000  train_mse=0.000207  val_mse=0.000345  val_r2=0.9964  patience=6/30
2026-10-07 10:26:07,005  genstudy.model            INFO     [family_holdout:qaoa] epoch 0132/1000  train_mse=0.000191  val_mse=0.000373  val_r2=0.9961  patience=7/30
2026-10-07 10:26:20,058  genstudy.model            INFO     [family_holdout:qaoa] epoch 0133/1000  train_mse=0.000199  val_mse=0.000353  val_r2=0.9963  patience=8/30
2026-10-07 10:26:33,173  genstudy.model            INFO     [family_holdout:qaoa] epoch 0134/1000  train_mse=0.000184  val_mse=0.000341  val_r2=0.9965  patience=9/30
2026-10-07 10:26:46,272  genstudy.model            INFO     [family_holdout:qaoa] epoch 0135/1000  train_mse=0.000230  val_mse=0.000366  val_r2=0.9962  patience=10/30
2026-10-07 10:26:59,341  genstudy.model            INFO     [family_holdout:qaoa] epoch 0136/1000  train_mse=0.000225  val_mse=0.000422  val_r2=0.9956  patience=11/30
2026-10-07 10:27:12,346  genstudy.model            INFO     [family_holdout:qaoa] epoch 0137/1000  train_mse=0.000184  val_mse=0.000343  val_r2=0.9964  patience=12/30
2026-10-07 10:27:25,431  genstudy.model            INFO     [family_holdout:qaoa] epoch 0138/1000  train_mse=0.000199  val_mse=0.000360  val_r2=0.9963  patience=13/30
2026-10-07 10:27:38,515  genstudy.model            INFO     [family_holdout:qaoa] epoch 0139/1000  train_mse=0.000200  val_mse=0.000417  val_r2=0.9957  patience=14/30
2026-10-07 10:27:51,594  genstudy.model            INFO     [family_holdout:qaoa] epoch 0140/1000  train_mse=0.000203  val_mse=0.000345  val_r2=0.9964  patience=15/30
2026-10-07 10:28:04,722  genstudy.model            INFO     [family_holdout:qaoa] epoch 0141/1000  train_mse=0.000188  val_mse=0.000405  val_r2=0.9958  patience=16/30
2026-10-07 10:28:17,836  genstudy.model            INFO     [family_holdout:qaoa] epoch 0142/1000  train_mse=0.000186  val_mse=0.000354  val_r2=0.9963  patience=17/30
2026-10-07 10:28:30,917  genstudy.model            INFO     [family_holdout:qaoa] epoch 0143/1000  train_mse=0.000188  val_mse=0.000431  val_r2=0.9955  patience=18/30
2026-10-07 10:28:44,008  genstudy.model            INFO     [family_holdout:qaoa] epoch 0144/1000  train_mse=0.000173  val_mse=0.000382  val_r2=0.9960  patience=19/30
2026-10-07 10:28:57,060  genstudy.model            INFO     [family_holdout:qaoa] epoch 0145/1000  train_mse=0.000176  val_mse=0.000385  val_r2=0.9960  patience=20/30
2026-10-07 10:29:10,085  genstudy.model            INFO     [family_holdout:qaoa] epoch 0146/1000  train_mse=0.000251  val_mse=0.000458  val_r2=0.9953  patience=21/30
2026-10-07 10:29:23,099  genstudy.model            INFO     [family_holdout:qaoa] epoch 0147/1000  train_mse=0.000214  val_mse=0.000385  val_r2=0.9960  patience=22/30
2026-10-07 10:29:36,158  genstudy.model            INFO     [family_holdout:qaoa] epoch 0148/1000  train_mse=0.000184  val_mse=0.000391  val_r2=0.9960  patience=23/30
2026-10-07 10:29:49,216  genstudy.model            INFO     [family_holdout:qaoa] epoch 0149/1000  train_mse=0.000165  val_mse=0.000361  val_r2=0.9963  patience=24/30
2026-10-07 10:30:02,282  genstudy.model            INFO     [family_holdout:qaoa] epoch 0150/1000  train_mse=0.000168  val_mse=0.000338  val_r2=0.9965  patience=0/30
2026-10-07 10:30:15,275  genstudy.model            INFO     [family_holdout:qaoa] epoch 0151/1000  train_mse=0.000164  val_mse=0.000381  val_r2=0.9960  patience=1/30
2026-10-07 10:30:28,341  genstudy.model            INFO     [family_holdout:qaoa] epoch 0152/1000  train_mse=0.000402  val_mse=0.000370  val_r2=0.9961  patience=2/30
2026-10-07 10:30:41,410  genstudy.model            INFO     [family_holdout:qaoa] epoch 0153/1000  train_mse=0.000200  val_mse=0.000466  val_r2=0.9951  patience=3/30
2026-10-07 10:30:54,628  genstudy.model            INFO     [family_holdout:qaoa] epoch 0154/1000  train_mse=0.000176  val_mse=0.000375  val_r2=0.9961  patience=4/30
2026-10-07 10:31:07,693  genstudy.model            INFO     [family_holdout:qaoa] epoch 0155/1000  train_mse=0.000172  val_mse=0.000410  val_r2=0.9957  patience=5/30
2026-10-07 10:31:20,725  genstudy.model            INFO     [family_holdout:qaoa] epoch 0156/1000  train_mse=0.000167  val_mse=0.000361  val_r2=0.9963  patience=6/30
2026-10-07 10:31:33,855  genstudy.model            INFO     [family_holdout:qaoa] epoch 0157/1000  train_mse=0.000172  val_mse=0.000353  val_r2=0.9963  patience=7/30
2026-10-07 10:31:46,872  genstudy.model            INFO     [family_holdout:qaoa] epoch 0158/1000  train_mse=0.000164  val_mse=0.000464  val_r2=0.9951  patience=8/30
2026-10-07 10:32:00,008  genstudy.model            INFO     [family_holdout:qaoa] epoch 0159/1000  train_mse=0.000168  val_mse=0.000380  val_r2=0.9960  patience=9/30
2026-10-07 10:32:13,079  genstudy.model            INFO     [family_holdout:qaoa] epoch 0160/1000  train_mse=0.000173  val_mse=0.000353  val_r2=0.9963  patience=10/30
2026-10-07 10:32:26,211  genstudy.model            INFO     [family_holdout:qaoa] epoch 0161/1000  train_mse=0.000158  val_mse=0.000413  val_r2=0.9957  patience=11/30
2026-10-07 10:32:39,347  genstudy.model            INFO     [family_holdout:qaoa] epoch 0162/1000  train_mse=0.000178  val_mse=0.000388  val_r2=0.9960  patience=12/30
2026-10-07 10:32:52,411  genstudy.model            INFO     [family_holdout:qaoa] epoch 0163/1000  train_mse=0.000162  val_mse=0.000350  val_r2=0.9964  patience=13/30
2026-10-07 10:33:05,485  genstudy.model            INFO     [family_holdout:qaoa] epoch 0164/1000  train_mse=0.000156  val_mse=0.000363  val_r2=0.9962  patience=14/30
2026-10-07 10:33:18,610  genstudy.model            INFO     [family_holdout:qaoa] epoch 0165/1000  train_mse=0.000167  val_mse=0.000642  val_r2=0.9934  patience=15/30
2026-10-07 10:33:31,741  genstudy.model            INFO     [family_holdout:qaoa] epoch 0166/1000  train_mse=0.000159  val_mse=0.000356  val_r2=0.9963  patience=16/30
2026-10-07 10:33:44,860  genstudy.model            INFO     [family_holdout:qaoa] epoch 0167/1000  train_mse=0.000168  val_mse=0.000382  val_r2=0.9960  patience=17/30
2026-10-07 10:33:57,887  genstudy.model            INFO     [family_holdout:qaoa] epoch 0168/1000  train_mse=0.000171  val_mse=0.000375  val_r2=0.9961  patience=18/30
2026-10-07 10:34:10,978  genstudy.model            INFO     [family_holdout:qaoa] epoch 0169/1000  train_mse=0.000172  val_mse=0.000376  val_r2=0.9961  patience=19/30
2026-10-07 10:34:24,083  genstudy.model            INFO     [family_holdout:qaoa] epoch 0170/1000  train_mse=0.000160  val_mse=0.000613  val_r2=0.9934  patience=20/30
2026-10-07 10:34:37,032  genstudy.model            INFO     [family_holdout:qaoa] epoch 0171/1000  train_mse=0.000189  val_mse=0.000356  val_r2=0.9963  patience=21/30
2026-10-07 10:34:50,035  genstudy.model            INFO     [family_holdout:qaoa] epoch 0172/1000  train_mse=0.000150  val_mse=0.000362  val_r2=0.9962  patience=22/30
2026-10-07 10:35:03,137  genstudy.model            INFO     [family_holdout:qaoa] epoch 0173/1000  train_mse=0.000141  val_mse=0.000398  val_r2=0.9959  patience=23/30
2026-10-07 10:35:16,223  genstudy.model            INFO     [family_holdout:qaoa] epoch 0174/1000  train_mse=0.000158  val_mse=0.000370  val_r2=0.9962  patience=24/30
2026-10-07 10:35:29,291  genstudy.model            INFO     [family_holdout:qaoa] epoch 0175/1000  train_mse=0.000149  val_mse=0.000364  val_r2=0.9962  patience=25/30
2026-10-07 10:35:42,336  genstudy.model            INFO     [family_holdout:qaoa] epoch 0176/1000  train_mse=0.000170  val_mse=0.000511  val_r2=0.9947  patience=26/30
2026-10-07 10:35:55,369  genstudy.model            INFO     [family_holdout:qaoa] epoch 0177/1000  train_mse=0.001814  val_mse=0.000686  val_r2=0.9928  patience=27/30
2026-10-07 10:36:08,507  genstudy.model            INFO     [family_holdout:qaoa] epoch 0178/1000  train_mse=0.000480  val_mse=0.000611  val_r2=0.9936  patience=28/30
2026-10-07 10:36:21,585  genstudy.model            INFO     [family_holdout:qaoa] epoch 0179/1000  train_mse=0.000372  val_mse=0.000522  val_r2=0.9946  patience=29/30
2026-10-07 10:36:34,711  genstudy.model            INFO     [family_holdout:qaoa] epoch 0180/1000  train_mse=0.000321  val_mse=0.000439  val_r2=0.9954  patience=30/30
2026-10-07 10:36:34,798  genstudy.model            INFO     [family_holdout:qaoa] early stop at epoch 180; best epoch 150
2026-10-07 10:36:36,124  genstudy.experiment       INFO     [qaoa] TEST  n=2706  MAE=0.0848  RMSE=0.1162  R2=0.8825  device-acc=0.386  regret=0.0168
2026-10-07 10:36:36,133  genstudy.io               INFO     Wrote /home/atudisco/pred-distr-tool/evaluations/generalization/results/leave_one_family_out/qaoa/metrics.json
2026-10-07 10:36:36,148  genstudy.io               INFO     Wrote /home/atudisco/pred-distr-tool/evaluations/generalization/results/leave_one_family_out/qaoa/predictions.json
2026-10-07 10:36:36,160  genstudy.io               INFO     Wrote /home/atudisco/pred-distr-tool/evaluations/generalization/results/leave_one_family_out/qaoa/history.json
2026-10-07 10:36:36,182  genstudy.experiment       INFO     Wrote /home/atudisco/pred-distr-tool/evaluations/generalization/results/leave_one_family_out/qaoa/model.pth
2026-10-07 10:36:36,184  genstudy.experiment       INFO     Removed /home/atudisco/pred-distr-tool/evaluations/generalization/results/leave_one_family_out/qaoa/checkpoint.pt (split finished)
2026-10-07 10:36:36,185  run_leave_one_family_out  INFO     [5/10] holding out family 'randomcircuit'
2026-10-07 10:36:36,188  genstudy.experiment       INFO     === family_holdout / randomcircuit ===
2026-10-07 10:36:36,188  genstudy.experiment       INFO     Leave-one-family-out: test = all 1234 'randomcircuit' circuits, train = 15822 circuits from 34 other families.
2026-10-07 10:36:36,189  genstudy.experiment       INFO     train=12658  val=3164  test=1234
2026-10-07 10:36:36,201  genstudy.model            INFO     [family_holdout:randomcircuit] training on 12658 graphs, validating on 3164, epochs 1-1000 (patience 30)
2026-10-07 10:36:50,810  genstudy.model            INFO     [family_holdout:randomcircuit] epoch 0001/1000  train_mse=0.833083  val_mse=0.007059  val_r2=0.9282  patience=0/30
2026-10-07 10:37:05,581  genstudy.model            INFO     [family_holdout:randomcircuit] epoch 0002/1000  train_mse=0.003965  val_mse=0.002658  val_r2=0.9728  patience=0/30
2026-10-07 10:37:20,389  genstudy.model            INFO     [family_holdout:randomcircuit] epoch 0003/1000  train_mse=0.002067  val_mse=0.001589  val_r2=0.9836  patience=0/30
2026-10-07 10:37:35,163  genstudy.model            INFO     [family_holdout:randomcircuit] epoch 0004/1000  train_mse=0.001823  val_mse=0.002153  val_r2=0.9780  patience=1/30
2026-10-07 10:37:49,847  genstudy.model            INFO     [family_holdout:randomcircuit] epoch 0005/1000  train_mse=0.001636  val_mse=0.001348  val_r2=0.9862  patience=0/30
2026-10-07 10:38:04,588  genstudy.model            INFO     [family_holdout:randomcircuit] epoch 0006/1000  train_mse=0.001562  val_mse=0.000986  val_r2=0.9899  patience=0/30
2026-10-07 10:38:19,304  genstudy.model            INFO     [family_holdout:randomcircuit] epoch 0007/1000  train_mse=0.001298  val_mse=0.001512  val_r2=0.9846  patience=1/30
2026-10-07 10:38:34,067  genstudy.model            INFO     [family_holdout:randomcircuit] epoch 0008/1000  train_mse=0.001423  val_mse=0.003065  val_r2=0.9688  patience=2/30
2026-10-07 10:38:48,877  genstudy.model            INFO     [family_holdout:randomcircuit] epoch 0009/1000  train_mse=0.001469  val_mse=0.000781  val_r2=0.9920  patience=0/30
2026-10-07 10:39:03,673  genstudy.model            INFO     [family_holdout:randomcircuit] epoch 0010/1000  train_mse=0.000910  val_mse=0.000711  val_r2=0.9927  patience=0/30
2026-10-07 10:39:18,483  genstudy.model            INFO     [family_holdout:randomcircuit] epoch 0011/1000  train_mse=0.000951  val_mse=0.000794  val_r2=0.9919  patience=1/30
2026-10-07 10:39:33,291  genstudy.model            INFO     [family_holdout:randomcircuit] epoch 0012/1000  train_mse=0.000977  val_mse=0.001024  val_r2=0.9895  patience=2/30
2026-10-07 10:39:47,981  genstudy.model            INFO     [family_holdout:randomcircuit] epoch 0013/1000  train_mse=0.000944  val_mse=0.000879  val_r2=0.9911  patience=3/30
2026-10-07 10:40:02,771  genstudy.model            INFO     [family_holdout:randomcircuit] epoch 0014/1000  train_mse=0.096377  val_mse=0.004678  val_r2=0.9523  patience=4/30
2026-10-07 10:40:17,688  genstudy.model            INFO     [family_holdout:randomcircuit] epoch 0015/1000  train_mse=0.002670  val_mse=0.001628  val_r2=0.9833  patience=5/30
2026-10-07 10:40:32,462  genstudy.model            INFO     [family_holdout:randomcircuit] epoch 0016/1000  train_mse=0.001668  val_mse=0.001395  val_r2=0.9858  patience=6/30
2026-10-07 10:40:47,242  genstudy.model            INFO     [family_holdout:randomcircuit] epoch 0017/1000  train_mse=0.001419  val_mse=0.001338  val_r2=0.9863  patience=7/30
2026-10-07 10:41:02,070  genstudy.model            INFO     [family_holdout:randomcircuit] epoch 0018/1000  train_mse=0.001155  val_mse=0.001284  val_r2=0.9869  patience=8/30
2026-10-07 10:41:16,795  genstudy.model            INFO     [family_holdout:randomcircuit] epoch 0019/1000  train_mse=0.001055  val_mse=0.001005  val_r2=0.9898  patience=9/30
2026-10-07 10:41:31,600  genstudy.model            INFO     [family_holdout:randomcircuit] epoch 0020/1000  train_mse=0.000950  val_mse=0.001090  val_r2=0.9889  patience=10/30
2026-10-07 10:41:46,312  genstudy.model            INFO     [family_holdout:randomcircuit] epoch 0021/1000  train_mse=0.001096  val_mse=0.001154  val_r2=0.9882  patience=11/30
2026-10-07 10:42:01,095  genstudy.model            INFO     [family_holdout:randomcircuit] epoch 0022/1000  train_mse=0.000860  val_mse=0.000703  val_r2=0.9928  patience=0/30
2026-10-07 10:42:15,782  genstudy.model            INFO     [family_holdout:randomcircuit] epoch 0023/1000  train_mse=0.000897  val_mse=0.000860  val_r2=0.9912  patience=1/30
2026-10-07 10:42:30,625  genstudy.model            INFO     [family_holdout:randomcircuit] epoch 0024/1000  train_mse=0.000884  val_mse=0.000773  val_r2=0.9921  patience=2/30
2026-10-07 10:42:45,396  genstudy.model            INFO     [family_holdout:randomcircuit] epoch 0025/1000  train_mse=0.000845  val_mse=0.001045  val_r2=0.9891  patience=3/30
2026-10-07 10:43:00,175  genstudy.model            INFO     [family_holdout:randomcircuit] epoch 0026/1000  train_mse=0.000786  val_mse=0.000594  val_r2=0.9940  patience=0/30
2026-10-07 10:43:14,901  genstudy.model            INFO     [family_holdout:randomcircuit] epoch 0027/1000  train_mse=0.000716  val_mse=0.000822  val_r2=0.9915  patience=1/30
2026-10-07 10:43:29,620  genstudy.model            INFO     [family_holdout:randomcircuit] epoch 0028/1000  train_mse=0.000672  val_mse=0.001383  val_r2=0.9854  patience=2/30
2026-10-07 10:43:44,371  genstudy.model            INFO     [family_holdout:randomcircuit] epoch 0029/1000  train_mse=0.000960  val_mse=0.000539  val_r2=0.9945  patience=0/30
2026-10-07 10:43:59,072  genstudy.model            INFO     [family_holdout:randomcircuit] epoch 0030/1000  train_mse=0.000685  val_mse=0.000959  val_r2=0.9899  patience=1/30
2026-10-07 10:44:13,791  genstudy.model            INFO     [family_holdout:randomcircuit] epoch 0031/1000  train_mse=0.000596  val_mse=0.000938  val_r2=0.9901  patience=2/30
2026-10-07 10:44:28,482  genstudy.model            INFO     [family_holdout:randomcircuit] epoch 0032/1000  train_mse=0.000604  val_mse=0.000665  val_r2=0.9932  patience=3/30
2026-10-07 10:44:43,138  genstudy.model            INFO     [family_holdout:randomcircuit] epoch 0033/1000  train_mse=0.000587  val_mse=0.000578  val_r2=0.9941  patience=4/30
2026-10-07 10:44:57,884  genstudy.model            INFO     [family_holdout:randomcircuit] epoch 0034/1000  train_mse=0.000617  val_mse=0.000593  val_r2=0.9939  patience=5/30
2026-10-07 10:45:12,700  genstudy.model            INFO     [family_holdout:randomcircuit] epoch 0035/1000  train_mse=0.000507  val_mse=0.000765  val_r2=0.9921  patience=6/30
2026-10-07 10:45:27,430  genstudy.model            INFO     [family_holdout:randomcircuit] epoch 0036/1000  train_mse=0.000640  val_mse=0.000549  val_r2=0.9944  patience=7/30
2026-10-07 10:45:42,185  genstudy.model            INFO     [family_holdout:randomcircuit] epoch 0037/1000  train_mse=0.000603  val_mse=0.000458  val_r2=0.9954  patience=0/30
2026-10-07 10:45:56,913  genstudy.model            INFO     [family_holdout:randomcircuit] epoch 0038/1000  train_mse=0.000497  val_mse=0.000465  val_r2=0.9953  patience=1/30
2026-10-07 10:46:11,645  genstudy.model            INFO     [family_holdout:randomcircuit] epoch 0039/1000  train_mse=0.000502  val_mse=0.000533  val_r2=0.9946  patience=2/30
2026-10-07 10:46:26,409  genstudy.model            INFO     [family_holdout:randomcircuit] epoch 0040/1000  train_mse=0.000510  val_mse=0.000429  val_r2=0.9956  patience=0/30
2026-10-07 10:46:41,239  genstudy.model            INFO     [family_holdout:randomcircuit] epoch 0041/1000  train_mse=0.000440  val_mse=0.000420  val_r2=0.9957  patience=0/30
2026-10-07 10:46:55,823  genstudy.model            INFO     [family_holdout:randomcircuit] epoch 0042/1000  train_mse=0.000447  val_mse=0.000426  val_r2=0.9956  patience=1/30
2026-10-07 10:47:10,415  genstudy.model            INFO     [family_holdout:randomcircuit] epoch 0043/1000  train_mse=0.000618  val_mse=0.000452  val_r2=0.9954  patience=2/30
2026-10-07 10:47:24,913  genstudy.model            INFO     [family_holdout:randomcircuit] epoch 0044/1000  train_mse=0.000509  val_mse=0.000645  val_r2=0.9935  patience=3/30
2026-10-07 10:47:39,481  genstudy.model            INFO     [family_holdout:randomcircuit] epoch 0045/1000  train_mse=0.000452  val_mse=0.000386  val_r2=0.9961  patience=0/30
2026-10-07 10:47:53,993  genstudy.model            INFO     [family_holdout:randomcircuit] epoch 0046/1000  train_mse=0.000403  val_mse=0.000480  val_r2=0.9951  patience=1/30
2026-10-07 10:48:08,761  genstudy.model            INFO     [family_holdout:randomcircuit] epoch 0047/1000  train_mse=0.000472  val_mse=0.000543  val_r2=0.9944  patience=2/30
2026-10-07 10:48:23,533  genstudy.model            INFO     [family_holdout:randomcircuit] epoch 0048/1000  train_mse=0.000419  val_mse=0.000430  val_r2=0.9956  patience=3/30
2026-10-07 10:48:38,348  genstudy.model            INFO     [family_holdout:randomcircuit] epoch 0049/1000  train_mse=0.000398  val_mse=0.000401  val_r2=0.9959  patience=4/30
2026-10-07 10:48:53,120  genstudy.model            INFO     [family_holdout:randomcircuit] epoch 0050/1000  train_mse=0.000428  val_mse=0.000447  val_r2=0.9955  patience=5/30
2026-10-07 10:49:07,954  genstudy.model            INFO     [family_holdout:randomcircuit] epoch 0051/1000  train_mse=0.000374  val_mse=0.000450  val_r2=0.9954  patience=6/30
2026-10-07 10:49:22,665  genstudy.model            INFO     [family_holdout:randomcircuit] epoch 0052/1000  train_mse=0.000369  val_mse=0.000352  val_r2=0.9964  patience=0/30
2026-10-07 10:49:37,486  genstudy.model            INFO     [family_holdout:randomcircuit] epoch 0053/1000  train_mse=0.000491  val_mse=0.000419  val_r2=0.9958  patience=1/30
2026-10-07 10:49:52,416  genstudy.model            INFO     [family_holdout:randomcircuit] epoch 0054/1000  train_mse=0.000380  val_mse=0.000495  val_r2=0.9950  patience=2/30
2026-10-07 10:50:07,158  genstudy.model            INFO     [family_holdout:randomcircuit] epoch 0055/1000  train_mse=0.000421  val_mse=0.000421  val_r2=0.9957  patience=3/30
2026-10-07 10:50:21,977  genstudy.model            INFO     [family_holdout:randomcircuit] epoch 0056/1000  train_mse=0.000361  val_mse=0.000557  val_r2=0.9944  patience=4/30
2026-10-07 10:50:36,861  genstudy.model            INFO     [family_holdout:randomcircuit] epoch 0057/1000  train_mse=0.000366  val_mse=0.000383  val_r2=0.9961  patience=5/30
2026-10-07 10:50:51,632  genstudy.model            INFO     [family_holdout:randomcircuit] epoch 0058/1000  train_mse=0.000380  val_mse=0.000428  val_r2=0.9957  patience=6/30
2026-10-07 10:51:06,392  genstudy.model            INFO     [family_holdout:randomcircuit] epoch 0059/1000  train_mse=0.000332  val_mse=0.000409  val_r2=0.9959  patience=7/30
2026-10-07 10:51:21,146  genstudy.model            INFO     [family_holdout:randomcircuit] epoch 0060/1000  train_mse=0.000346  val_mse=0.000396  val_r2=0.9960  patience=8/30
2026-10-07 10:51:36,034  genstudy.model            INFO     [family_holdout:randomcircuit] epoch 0061/1000  train_mse=0.000354  val_mse=0.000459  val_r2=0.9953  patience=9/30
2026-10-07 10:51:50,788  genstudy.model            INFO     [family_holdout:randomcircuit] epoch 0062/1000  train_mse=0.000361  val_mse=0.000382  val_r2=0.9961  patience=10/30
2026-10-07 10:52:05,670  genstudy.model            INFO     [family_holdout:randomcircuit] epoch 0063/1000  train_mse=0.000331  val_mse=0.000363  val_r2=0.9963  patience=11/30
2026-10-07 10:52:20,493  genstudy.model            INFO     [family_holdout:randomcircuit] epoch 0064/1000  train_mse=0.000335  val_mse=0.000350  val_r2=0.9965  patience=0/30
2026-10-07 10:52:35,261  genstudy.model            INFO     [family_holdout:randomcircuit] epoch 0065/1000  train_mse=0.000320  val_mse=0.000353  val_r2=0.9964  patience=1/30
2026-10-07 10:52:50,068  genstudy.model            INFO     [family_holdout:randomcircuit] epoch 0066/1000  train_mse=0.000333  val_mse=0.000320  val_r2=0.9968  patience=0/30
2026-10-07 10:53:04,854  genstudy.model            INFO     [family_holdout:randomcircuit] epoch 0067/1000  train_mse=0.000316  val_mse=0.000571  val_r2=0.9942  patience=1/30
2026-10-07 10:53:19,623  genstudy.model            INFO     [family_holdout:randomcircuit] epoch 0068/1000  train_mse=0.000293  val_mse=0.000362  val_r2=0.9964  patience=2/30
2026-10-07 10:53:34,509  genstudy.model            INFO     [family_holdout:randomcircuit] epoch 0069/1000  train_mse=0.000321  val_mse=0.000578  val_r2=0.9941  patience=3/30
2026-10-07 10:53:49,238  genstudy.model            INFO     [family_holdout:randomcircuit] epoch 0070/1000  train_mse=0.000317  val_mse=0.000360  val_r2=0.9964  patience=4/30
2026-10-07 10:54:04,050  genstudy.model            INFO     [family_holdout:randomcircuit] epoch 0071/1000  train_mse=0.000345  val_mse=0.000343  val_r2=0.9965  patience=5/30
2026-10-07 10:54:18,830  genstudy.model            INFO     [family_holdout:randomcircuit] epoch 0072/1000  train_mse=0.000310  val_mse=0.000349  val_r2=0.9965  patience=6/30
2026-10-07 10:54:33,611  genstudy.model            INFO     [family_holdout:randomcircuit] epoch 0073/1000  train_mse=0.000288  val_mse=0.000789  val_r2=0.9921  patience=7/30
2026-10-07 10:54:48,396  genstudy.model            INFO     [family_holdout:randomcircuit] epoch 0074/1000  train_mse=0.000280  val_mse=0.000361  val_r2=0.9963  patience=8/30
2026-10-07 10:55:03,241  genstudy.model            INFO     [family_holdout:randomcircuit] epoch 0075/1000  train_mse=0.000320  val_mse=0.000313  val_r2=0.9969  patience=0/30
2026-10-07 10:55:17,949  genstudy.model            INFO     [family_holdout:randomcircuit] epoch 0076/1000  train_mse=0.000292  val_mse=0.000286  val_r2=0.9971  patience=0/30
2026-10-07 10:55:32,823  genstudy.model            INFO     [family_holdout:randomcircuit] epoch 0077/1000  train_mse=0.000275  val_mse=0.000326  val_r2=0.9967  patience=1/30
2026-10-07 10:55:47,534  genstudy.model            INFO     [family_holdout:randomcircuit] epoch 0078/1000  train_mse=0.000289  val_mse=0.000341  val_r2=0.9966  patience=2/30
2026-10-07 10:56:02,350  genstudy.model            INFO     [family_holdout:randomcircuit] epoch 0079/1000  train_mse=0.000291  val_mse=0.000316  val_r2=0.9968  patience=3/30
2026-10-07 10:56:17,102  genstudy.model            INFO     [family_holdout:randomcircuit] epoch 0080/1000  train_mse=0.000271  val_mse=0.000314  val_r2=0.9968  patience=4/30
2026-10-07 10:56:31,868  genstudy.model            INFO     [family_holdout:randomcircuit] epoch 0081/1000  train_mse=0.001238  val_mse=0.001226  val_r2=0.9872  patience=5/30
2026-10-07 10:56:46,584  genstudy.model            INFO     [family_holdout:randomcircuit] epoch 0082/1000  train_mse=0.000884  val_mse=0.000768  val_r2=0.9920  patience=6/30
2026-10-07 10:57:01,342  genstudy.model            INFO     [family_holdout:randomcircuit] epoch 0083/1000  train_mse=0.000562  val_mse=0.000683  val_r2=0.9929  patience=7/30
2026-10-07 10:57:16,009  genstudy.model            INFO     [family_holdout:randomcircuit] epoch 0084/1000  train_mse=0.000499  val_mse=0.000394  val_r2=0.9960  patience=8/30
2026-10-07 10:57:30,736  genstudy.model            INFO     [family_holdout:randomcircuit] epoch 0085/1000  train_mse=0.000395  val_mse=0.000415  val_r2=0.9958  patience=9/30
2026-10-07 10:57:45,441  genstudy.model            INFO     [family_holdout:randomcircuit] epoch 0086/1000  train_mse=0.000362  val_mse=0.000377  val_r2=0.9962  patience=10/30
2026-10-07 10:58:00,207  genstudy.model            INFO     [family_holdout:randomcircuit] epoch 0087/1000  train_mse=0.000382  val_mse=0.000323  val_r2=0.9967  patience=11/30
2026-10-07 10:58:14,974  genstudy.model            INFO     [family_holdout:randomcircuit] epoch 0088/1000  train_mse=0.000328  val_mse=0.000617  val_r2=0.9938  patience=12/30
2026-10-07 10:58:29,750  genstudy.model            INFO     [family_holdout:randomcircuit] epoch 0089/1000  train_mse=0.000333  val_mse=0.000336  val_r2=0.9966  patience=13/30
2026-10-07 10:58:44,432  genstudy.model            INFO     [family_holdout:randomcircuit] epoch 0090/1000  train_mse=0.000318  val_mse=0.000353  val_r2=0.9964  patience=14/30
2026-10-07 10:58:59,186  genstudy.model            INFO     [family_holdout:randomcircuit] epoch 0091/1000  train_mse=0.000327  val_mse=0.000406  val_r2=0.9959  patience=15/30
2026-10-07 10:59:13,997  genstudy.model            INFO     [family_holdout:randomcircuit] epoch 0092/1000  train_mse=0.000288  val_mse=0.000348  val_r2=0.9965  patience=16/30
2026-10-07 10:59:28,794  genstudy.model            INFO     [family_holdout:randomcircuit] epoch 0093/1000  train_mse=0.000269  val_mse=0.000334  val_r2=0.9966  patience=17/30
2026-10-07 10:59:43,594  genstudy.model            INFO     [family_holdout:randomcircuit] epoch 0094/1000  train_mse=0.000301  val_mse=0.000316  val_r2=0.9968  patience=18/30
2026-10-07 10:59:58,339  genstudy.model            INFO     [family_holdout:randomcircuit] epoch 0095/1000  train_mse=0.000311  val_mse=0.000350  val_r2=0.9965  patience=19/30
2026-10-07 11:00:13,080  genstudy.model            INFO     [family_holdout:randomcircuit] epoch 0096/1000  train_mse=0.000283  val_mse=0.000308  val_r2=0.9969  patience=20/30
2026-10-07 11:00:27,823  genstudy.model            INFO     [family_holdout:randomcircuit] epoch 0097/1000  train_mse=0.000256  val_mse=0.000321  val_r2=0.9967  patience=21/30
2026-10-07 11:00:42,565  genstudy.model            INFO     [family_holdout:randomcircuit] epoch 0098/1000  train_mse=0.000277  val_mse=0.000625  val_r2=0.9936  patience=22/30
2026-10-07 11:00:57,323  genstudy.model            INFO     [family_holdout:randomcircuit] epoch 0099/1000  train_mse=0.000284  val_mse=0.000305  val_r2=0.9969  patience=23/30
2026-10-07 11:01:12,085  genstudy.model            INFO     [family_holdout:randomcircuit] epoch 0100/1000  train_mse=0.000242  val_mse=0.000292  val_r2=0.9971  patience=24/30
2026-10-07 11:01:26,862  genstudy.model            INFO     [family_holdout:randomcircuit] epoch 0101/1000  train_mse=0.000273  val_mse=0.000521  val_r2=0.9948  patience=25/30
2026-10-07 11:01:41,713  genstudy.model            INFO     [family_holdout:randomcircuit] epoch 0102/1000  train_mse=0.000262  val_mse=0.000290  val_r2=0.9971  patience=26/30
2026-10-07 11:01:56,467  genstudy.model            INFO     [family_holdout:randomcircuit] epoch 0103/1000  train_mse=0.000264  val_mse=0.000320  val_r2=0.9968  patience=27/30
2026-10-07 11:02:11,210  genstudy.model            INFO     [family_holdout:randomcircuit] epoch 0104/1000  train_mse=0.000257  val_mse=0.000351  val_r2=0.9965  patience=28/30
2026-10-07 11:02:25,908  genstudy.model            INFO     [family_holdout:randomcircuit] epoch 0105/1000  train_mse=0.000405  val_mse=0.000482  val_r2=0.9951  patience=29/30
2026-10-07 11:02:40,592  genstudy.model            INFO     [family_holdout:randomcircuit] epoch 0106/1000  train_mse=0.000317  val_mse=0.000318  val_r2=0.9968  patience=30/30
2026-10-07 11:02:40,678  genstudy.model            INFO     [family_holdout:randomcircuit] early stop at epoch 106; best epoch 76
2026-10-07 11:02:41,368  genstudy.experiment       INFO     [randomcircuit] TEST  n=1234  MAE=0.0636  RMSE=0.1094  R2=0.8800  device-acc=0.557  regret=0.0054
2026-10-07 11:02:41,372  genstudy.io               INFO     Wrote /home/atudisco/pred-distr-tool/evaluations/generalization/results/leave_one_family_out/randomcircuit/metrics.json
2026-10-07 11:02:41,381  genstudy.io               INFO     Wrote /home/atudisco/pred-distr-tool/evaluations/generalization/results/leave_one_family_out/randomcircuit/predictions.json
2026-10-07 11:02:41,392  genstudy.io               INFO     Wrote /home/atudisco/pred-distr-tool/evaluations/generalization/results/leave_one_family_out/randomcircuit/history.json
2026-10-07 11:02:41,415  genstudy.experiment       INFO     Wrote /home/atudisco/pred-distr-tool/evaluations/generalization/results/leave_one_family_out/randomcircuit/model.pth
2026-10-07 11:02:41,417  genstudy.experiment       INFO     Removed /home/atudisco/pred-distr-tool/evaluations/generalization/results/leave_one_family_out/randomcircuit/checkpoint.pt (split finished)
2026-10-07 11:02:41,418  run_leave_one_family_out  INFO     [6/10] holding out family 'qft'
2026-10-07 11:02:41,420  genstudy.experiment       INFO     === family_holdout / qft ===
2026-10-07 11:02:41,420  genstudy.experiment       INFO     Leave-one-family-out: test = all 760 'qft' circuits, train = 16296 circuits from 34 other families.
2026-10-07 11:02:41,421  genstudy.experiment       INFO     train=13037  val=3259  test=760
2026-10-07 11:02:41,434  genstudy.model            INFO     [family_holdout:qft] training on 13037 graphs, validating on 3259, epochs 1-1000 (patience 30)
2026-10-07 11:02:57,266  genstudy.model            INFO     [family_holdout:qft] epoch 0001/1000  train_mse=0.686651  val_mse=0.020223  val_r2=0.7984  patience=0/30
2026-10-07 11:03:13,314  genstudy.model            INFO     [family_holdout:qft] epoch 0002/1000  train_mse=0.016180  val_mse=0.002667  val_r2=0.9732  patience=0/30
2026-10-07 11:03:29,392  genstudy.model            INFO     [family_holdout:qft] epoch 0003/1000  train_mse=0.002895  val_mse=0.001996  val_r2=0.9801  patience=0/30
2026-10-07 11:03:45,461  genstudy.model            INFO     [family_holdout:qft] epoch 0004/1000  train_mse=0.002986  val_mse=0.004703  val_r2=0.9547  patience=1/30
2026-10-07 11:04:01,512  genstudy.model            INFO     [family_holdout:qft] epoch 0005/1000  train_mse=0.003817  val_mse=0.001231  val_r2=0.9877  patience=0/30
2026-10-07 11:04:17,524  genstudy.model            INFO     [family_holdout:qft] epoch 0006/1000  train_mse=0.008350  val_mse=0.002116  val_r2=0.9787  patience=1/30
2026-10-07 11:04:33,624  genstudy.model            INFO     [family_holdout:qft] epoch 0007/1000  train_mse=0.001539  val_mse=0.001198  val_r2=0.9879  patience=0/30
2026-10-07 11:04:49,753  genstudy.model            INFO     [family_holdout:qft] epoch 0008/1000  train_mse=0.001206  val_mse=0.000988  val_r2=0.9901  patience=0/30
2026-10-07 11:05:05,836  genstudy.model            INFO     [family_holdout:qft] epoch 0009/1000  train_mse=0.001729  val_mse=0.001025  val_r2=0.9898  patience=1/30
2026-10-07 11:05:21,921  genstudy.model            INFO     [family_holdout:qft] epoch 0010/1000  train_mse=0.001056  val_mse=0.001490  val_r2=0.9850  patience=2/30
2026-10-07 11:05:37,982  genstudy.model            INFO     [family_holdout:qft] epoch 0011/1000  train_mse=0.000846  val_mse=0.000818  val_r2=0.9918  patience=0/30
2026-10-07 11:05:53,912  genstudy.model            INFO     [family_holdout:qft] epoch 0012/1000  train_mse=0.000970  val_mse=0.001126  val_r2=0.9888  patience=1/30
2026-10-07 11:06:10,004  genstudy.model            INFO     [family_holdout:qft] epoch 0013/1000  train_mse=0.001218  val_mse=0.000819  val_r2=0.9918  patience=2/30
2026-10-07 11:06:26,102  genstudy.model            INFO     [family_holdout:qft] epoch 0014/1000  train_mse=0.000847  val_mse=0.002372  val_r2=0.9757  patience=3/30
2026-10-07 11:06:42,117  genstudy.model            INFO     [family_holdout:qft] epoch 0015/1000  train_mse=0.001138  val_mse=0.002058  val_r2=0.9795  patience=4/30
2026-10-07 11:06:58,150  genstudy.model            INFO     [family_holdout:qft] epoch 0016/1000  train_mse=0.000938  val_mse=0.001764  val_r2=0.9823  patience=5/30
2026-10-07 11:07:14,100  genstudy.model            INFO     [family_holdout:qft] epoch 0017/1000  train_mse=0.000865  val_mse=0.001055  val_r2=0.9895  patience=6/30
2026-10-07 11:07:30,105  genstudy.model            INFO     [family_holdout:qft] epoch 0018/1000  train_mse=0.000906  val_mse=0.000983  val_r2=0.9901  patience=7/30
2026-10-07 11:07:46,094  genstudy.model            INFO     [family_holdout:qft] epoch 0019/1000  train_mse=0.000702  val_mse=0.000744  val_r2=0.9925  patience=0/30
2026-10-07 11:08:02,151  genstudy.model            INFO     [family_holdout:qft] epoch 0020/1000  train_mse=0.000906  val_mse=0.001100  val_r2=0.9890  patience=1/30
2026-10-07 11:08:18,117  genstudy.model            INFO     [family_holdout:qft] epoch 0021/1000  train_mse=0.000658  val_mse=0.000808  val_r2=0.9919  patience=2/30
2026-10-07 11:08:34,025  genstudy.model            INFO     [family_holdout:qft] epoch 0022/1000  train_mse=0.000695  val_mse=0.000686  val_r2=0.9931  patience=0/30
2026-10-07 11:08:50,101  genstudy.model            INFO     [family_holdout:qft] epoch 0023/1000  train_mse=0.222122  val_mse=0.007532  val_r2=0.9251  patience=1/30
2026-10-07 11:09:06,133  genstudy.model            INFO     [family_holdout:qft] epoch 0024/1000  train_mse=0.004350  val_mse=0.002625  val_r2=0.9736  patience=2/30
2026-10-07 11:09:22,131  genstudy.model            INFO     [family_holdout:qft] epoch 0025/1000  train_mse=0.002183  val_mse=0.001772  val_r2=0.9822  patience=3/30
2026-10-07 11:09:38,152  genstudy.model            INFO     [family_holdout:qft] epoch 0026/1000  train_mse=0.001694  val_mse=0.002306  val_r2=0.9769  patience=4/30
2026-10-07 11:09:54,075  genstudy.model            INFO     [family_holdout:qft] epoch 0027/1000  train_mse=0.001583  val_mse=0.001211  val_r2=0.9878  patience=5/30
2026-10-07 11:10:10,005  genstudy.model            INFO     [family_holdout:qft] epoch 0028/1000  train_mse=0.001366  val_mse=0.001129  val_r2=0.9887  patience=6/30
2026-10-07 11:10:25,998  genstudy.model            INFO     [family_holdout:qft] epoch 0029/1000  train_mse=0.001242  val_mse=0.001198  val_r2=0.9880  patience=7/30
2026-10-07 11:10:41,964  genstudy.model            INFO     [family_holdout:qft] epoch 0030/1000  train_mse=0.001102  val_mse=0.001437  val_r2=0.9857  patience=8/30
2026-10-07 11:10:57,958  genstudy.model            INFO     [family_holdout:qft] epoch 0031/1000  train_mse=0.001475  val_mse=0.001834  val_r2=0.9817  patience=9/30
2026-10-07 11:11:13,975  genstudy.model            INFO     [family_holdout:qft] epoch 0032/1000  train_mse=0.001093  val_mse=0.000900  val_r2=0.9910  patience=10/30
2026-10-07 11:11:29,989  genstudy.model            INFO     [family_holdout:qft] epoch 0033/1000  train_mse=0.001038  val_mse=0.001123  val_r2=0.9887  patience=11/30
2026-10-07 11:11:46,037  genstudy.model            INFO     [family_holdout:qft] epoch 0034/1000  train_mse=0.001138  val_mse=0.001055  val_r2=0.9895  patience=12/30
2026-10-07 11:12:01,934  genstudy.model            INFO     [family_holdout:qft] epoch 0035/1000  train_mse=0.000984  val_mse=0.000715  val_r2=0.9929  patience=13/30
2026-10-07 11:12:18,022  genstudy.model            INFO     [family_holdout:qft] epoch 0036/1000  train_mse=0.001045  val_mse=0.000987  val_r2=0.9900  patience=14/30
2026-10-07 11:12:36,465  genstudy.model            INFO     [family_holdout:qft] epoch 0037/1000  train_mse=0.000759  val_mse=0.001087  val_r2=0.9891  patience=15/30
2026-10-07 11:12:52,713  genstudy.model            INFO     [family_holdout:qft] epoch 0038/1000  train_mse=0.000804  val_mse=0.000669  val_r2=0.9933  patience=0/30
2026-10-07 11:13:10,689  genstudy.model            INFO     [family_holdout:qft] epoch 0039/1000  train_mse=0.000703  val_mse=0.000921  val_r2=0.9907  patience=1/30
2026-10-07 11:13:29,315  genstudy.model            INFO     [family_holdout:qft] epoch 0040/1000  train_mse=0.000804  val_mse=0.000620  val_r2=0.9938  patience=0/30
2026-10-07 11:13:46,546  genstudy.model            INFO     [family_holdout:qft] epoch 0041/1000  train_mse=0.000701  val_mse=0.000876  val_r2=0.9912  patience=1/30
2026-10-07 11:14:04,788  genstudy.model            INFO     [family_holdout:qft] epoch 0042/1000  train_mse=0.000640  val_mse=0.000805  val_r2=0.9919  patience=2/30
2026-10-07 11:14:20,815  genstudy.model            INFO     [family_holdout:qft] epoch 0043/1000  train_mse=0.000847  val_mse=0.000548  val_r2=0.9945  patience=0/30
2026-10-07 11:14:36,743  genstudy.model            INFO     [family_holdout:qft] epoch 0044/1000  train_mse=0.000714  val_mse=0.000663  val_r2=0.9934  patience=1/30
2026-10-07 11:14:52,631  genstudy.model            INFO     [family_holdout:qft] epoch 0045/1000  train_mse=0.000562  val_mse=0.000698  val_r2=0.9931  patience=2/30
2026-10-07 11:15:08,545  genstudy.model            INFO     [family_holdout:qft] epoch 0046/1000  train_mse=0.000613  val_mse=0.000651  val_r2=0.9935  patience=3/30
2026-10-07 11:15:24,439  genstudy.model            INFO     [family_holdout:qft] epoch 0047/1000  train_mse=0.000552  val_mse=0.000562  val_r2=0.9944  patience=4/30
2026-10-07 11:15:40,401  genstudy.model            INFO     [family_holdout:qft] epoch 0048/1000  train_mse=0.000629  val_mse=0.000617  val_r2=0.9939  patience=5/30
2026-10-07 11:15:56,332  genstudy.model            INFO     [family_holdout:qft] epoch 0049/1000  train_mse=0.000592  val_mse=0.001143  val_r2=0.9884  patience=6/30
2026-10-07 11:16:12,286  genstudy.model            INFO     [family_holdout:qft] epoch 0050/1000  train_mse=0.000551  val_mse=0.000572  val_r2=0.9943  patience=7/30
2026-10-07 11:16:28,144  genstudy.model            INFO     [family_holdout:qft] epoch 0051/1000  train_mse=0.000477  val_mse=0.000475  val_r2=0.9953  patience=0/30
2026-10-07 11:16:44,218  genstudy.model            INFO     [family_holdout:qft] epoch 0052/1000  train_mse=0.000552  val_mse=0.000841  val_r2=0.9915  patience=1/30
2026-10-07 11:17:00,198  genstudy.model            INFO     [family_holdout:qft] epoch 0053/1000  train_mse=0.000499  val_mse=0.000833  val_r2=0.9918  patience=2/30
2026-10-07 11:17:16,161  genstudy.model            INFO     [family_holdout:qft] epoch 0054/1000  train_mse=0.000451  val_mse=0.000541  val_r2=0.9946  patience=3/30
2026-10-07 11:17:32,269  genstudy.model            INFO     [family_holdout:qft] epoch 0055/1000  train_mse=0.000479  val_mse=0.000449  val_r2=0.9955  patience=0/30
2026-10-07 11:17:48,105  genstudy.model            INFO     [family_holdout:qft] epoch 0056/1000  train_mse=0.000382  val_mse=0.000643  val_r2=0.9936  patience=1/30
2026-10-07 11:18:03,886  genstudy.model            INFO     [family_holdout:qft] epoch 0057/1000  train_mse=0.000445  val_mse=0.000558  val_r2=0.9944  patience=2/30
2026-10-07 11:18:19,691  genstudy.model            INFO     [family_holdout:qft] epoch 0058/1000  train_mse=0.000414  val_mse=0.000419  val_r2=0.9958  patience=0/30
2026-10-07 11:18:35,770  genstudy.model            INFO     [family_holdout:qft] epoch 0059/1000  train_mse=0.000392  val_mse=0.000434  val_r2=0.9957  patience=1/30
2026-10-07 11:18:51,791  genstudy.model            INFO     [family_holdout:qft] epoch 0060/1000  train_mse=0.000399  val_mse=0.000785  val_r2=0.9921  patience=2/30
2026-10-07 11:19:07,711  genstudy.model            INFO     [family_holdout:qft] epoch 0061/1000  train_mse=0.000395  val_mse=0.000418  val_r2=0.9959  patience=0/30
2026-10-07 11:19:23,780  genstudy.model            INFO     [family_holdout:qft] epoch 0062/1000  train_mse=0.000392  val_mse=0.000566  val_r2=0.9943  patience=1/30
2026-10-07 11:19:39,805  genstudy.model            INFO     [family_holdout:qft] epoch 0063/1000  train_mse=0.000387  val_mse=0.000526  val_r2=0.9947  patience=2/30
2026-10-07 11:19:55,902  genstudy.model            INFO     [family_holdout:qft] epoch 0064/1000  train_mse=0.000408  val_mse=0.000398  val_r2=0.9960  patience=0/30
2026-10-07 11:20:11,833  genstudy.model            INFO     [family_holdout:qft] epoch 0065/1000  train_mse=0.000360  val_mse=0.000525  val_r2=0.9948  patience=1/30
2026-10-07 11:20:27,706  genstudy.model            INFO     [family_holdout:qft] epoch 0066/1000  train_mse=0.000420  val_mse=0.000426  val_r2=0.9957  patience=2/30
2026-10-07 11:20:43,609  genstudy.model            INFO     [family_holdout:qft] epoch 0067/1000  train_mse=0.000342  val_mse=0.000617  val_r2=0.9938  patience=3/30
2026-10-07 11:20:59,516  genstudy.model            INFO     [family_holdout:qft] epoch 0068/1000  train_mse=0.000339  val_mse=0.000501  val_r2=0.9950  patience=4/30
2026-10-07 11:21:15,391  genstudy.model            INFO     [family_holdout:qft] epoch 0069/1000  train_mse=0.000341  val_mse=0.000423  val_r2=0.9958  patience=5/30
2026-10-07 11:21:31,354  genstudy.model            INFO     [family_holdout:qft] epoch 0070/1000  train_mse=0.000351  val_mse=0.000644  val_r2=0.9936  patience=6/30
2026-10-07 11:21:47,372  genstudy.model            INFO     [family_holdout:qft] epoch 0071/1000  train_mse=0.000325  val_mse=0.000427  val_r2=0.9958  patience=7/30
2026-10-07 11:22:03,334  genstudy.model            INFO     [family_holdout:qft] epoch 0072/1000  train_mse=0.000325  val_mse=0.000495  val_r2=0.9951  patience=8/30
2026-10-07 11:22:19,268  genstudy.model            INFO     [family_holdout:qft] epoch 0073/1000  train_mse=0.000323  val_mse=0.000431  val_r2=0.9957  patience=9/30
2026-10-07 11:22:35,190  genstudy.model            INFO     [family_holdout:qft] epoch 0074/1000  train_mse=0.000322  val_mse=0.000444  val_r2=0.9956  patience=10/30
2026-10-07 11:22:51,091  genstudy.model            INFO     [family_holdout:qft] epoch 0075/1000  train_mse=0.004734  val_mse=0.002717  val_r2=0.9727  patience=11/30
2026-10-07 11:23:07,007  genstudy.model            INFO     [family_holdout:qft] epoch 0076/1000  train_mse=0.001320  val_mse=0.000854  val_r2=0.9914  patience=12/30
2026-10-07 11:23:22,935  genstudy.model            INFO     [family_holdout:qft] epoch 0077/1000  train_mse=0.000731  val_mse=0.000856  val_r2=0.9914  patience=13/30
2026-10-07 11:23:38,804  genstudy.model            INFO     [family_holdout:qft] epoch 0078/1000  train_mse=0.000600  val_mse=0.000803  val_r2=0.9921  patience=14/30
2026-10-07 11:23:54,723  genstudy.model            INFO     [family_holdout:qft] epoch 0079/1000  train_mse=0.000518  val_mse=0.000613  val_r2=0.9939  patience=15/30
2026-10-07 11:24:10,715  genstudy.model            INFO     [family_holdout:qft] epoch 0080/1000  train_mse=0.000511  val_mse=0.000489  val_r2=0.9951  patience=16/30
2026-10-07 11:24:26,626  genstudy.model            INFO     [family_holdout:qft] epoch 0081/1000  train_mse=0.000506  val_mse=0.000527  val_r2=0.9947  patience=17/30
2026-10-07 11:24:42,569  genstudy.model            INFO     [family_holdout:qft] epoch 0082/1000  train_mse=0.000439  val_mse=0.000469  val_r2=0.9953  patience=18/30
2026-10-07 11:24:58,456  genstudy.model            INFO     [family_holdout:qft] epoch 0083/1000  train_mse=0.000380  val_mse=0.000501  val_r2=0.9950  patience=19/30
2026-10-07 11:25:14,363  genstudy.model            INFO     [family_holdout:qft] epoch 0084/1000  train_mse=0.000386  val_mse=0.000459  val_r2=0.9954  patience=20/30
2026-10-07 11:25:30,287  genstudy.model            INFO     [family_holdout:qft] epoch 0085/1000  train_mse=0.000362  val_mse=0.000401  val_r2=0.9960  patience=21/30
2026-10-07 11:25:46,150  genstudy.model            INFO     [family_holdout:qft] epoch 0086/1000  train_mse=0.000339  val_mse=0.000369  val_r2=0.9963  patience=0/30
2026-10-07 11:26:02,306  genstudy.model            INFO     [family_holdout:qft] epoch 0087/1000  train_mse=0.000353  val_mse=0.000485  val_r2=0.9952  patience=1/30
2026-10-07 11:26:18,417  genstudy.model            INFO     [family_holdout:qft] epoch 0088/1000  train_mse=0.000393  val_mse=0.000420  val_r2=0.9958  patience=2/30
2026-10-07 11:26:34,488  genstudy.model            INFO     [family_holdout:qft] epoch 0089/1000  train_mse=0.000327  val_mse=0.000379  val_r2=0.9962  patience=3/30
2026-10-07 11:26:50,652  genstudy.model            INFO     [family_holdout:qft] epoch 0090/1000  train_mse=0.000321  val_mse=0.000404  val_r2=0.9960  patience=4/30
2026-10-07 11:27:06,742  genstudy.model            INFO     [family_holdout:qft] epoch 0091/1000  train_mse=0.000286  val_mse=0.000474  val_r2=0.9953  patience=5/30
2026-10-07 11:27:22,773  genstudy.model            INFO     [family_holdout:qft] epoch 0092/1000  train_mse=0.000358  val_mse=0.000383  val_r2=0.9962  patience=6/30
2026-10-07 11:27:38,873  genstudy.model            INFO     [family_holdout:qft] epoch 0093/1000  train_mse=0.000359  val_mse=0.000724  val_r2=0.9927  patience=7/30
2026-10-07 11:27:54,947  genstudy.model            INFO     [family_holdout:qft] epoch 0094/1000  train_mse=0.000311  val_mse=0.000425  val_r2=0.9958  patience=8/30
2026-10-07 11:28:11,140  genstudy.model            INFO     [family_holdout:qft] epoch 0095/1000  train_mse=0.000309  val_mse=0.000673  val_r2=0.9931  patience=9/30
2026-10-07 11:28:27,267  genstudy.model            INFO     [family_holdout:qft] epoch 0096/1000  train_mse=0.000300  val_mse=0.000402  val_r2=0.9960  patience=10/30
2026-10-07 11:28:43,347  genstudy.model            INFO     [family_holdout:qft] epoch 0097/1000  train_mse=0.000296  val_mse=0.000534  val_r2=0.9946  patience=11/30
2026-10-07 11:28:59,459  genstudy.model            INFO     [family_holdout:qft] epoch 0098/1000  train_mse=0.000317  val_mse=0.000360  val_r2=0.9964  patience=0/30
2026-10-07 11:29:15,546  genstudy.model            INFO     [family_holdout:qft] epoch 0099/1000  train_mse=0.000308  val_mse=0.000437  val_r2=0.9957  patience=1/30
2026-10-07 11:29:31,712  genstudy.model            INFO     [family_holdout:qft] epoch 0100/1000  train_mse=0.000297  val_mse=0.000515  val_r2=0.9949  patience=2/30
2026-10-07 11:29:47,866  genstudy.model            INFO     [family_holdout:qft] epoch 0101/1000  train_mse=0.000301  val_mse=0.000388  val_r2=0.9962  patience=3/30
2026-10-07 11:30:04,021  genstudy.model            INFO     [family_holdout:qft] epoch 0102/1000  train_mse=0.000297  val_mse=0.000491  val_r2=0.9951  patience=4/30
2026-10-07 11:30:20,170  genstudy.model            INFO     [family_holdout:qft] epoch 0103/1000  train_mse=0.000284  val_mse=0.000403  val_r2=0.9960  patience=5/30
2026-10-07 11:30:36,299  genstudy.model            INFO     [family_holdout:qft] epoch 0104/1000  train_mse=0.000292  val_mse=0.000509  val_r2=0.9948  patience=6/30
2026-10-07 11:30:52,367  genstudy.model            INFO     [family_holdout:qft] epoch 0105/1000  train_mse=0.000299  val_mse=0.000465  val_r2=0.9953  patience=7/30
2026-10-07 11:31:08,504  genstudy.model            INFO     [family_holdout:qft] epoch 0106/1000  train_mse=0.000264  val_mse=0.000359  val_r2=0.9964  patience=0/30
2026-10-07 11:31:24,709  genstudy.model            INFO     [family_holdout:qft] epoch 0107/1000  train_mse=0.000270  val_mse=0.000481  val_r2=0.9953  patience=1/30
2026-10-07 11:31:40,951  genstudy.model            INFO     [family_holdout:qft] epoch 0108/1000  train_mse=0.000292  val_mse=0.000378  val_r2=0.9962  patience=2/30
2026-10-07 11:31:57,163  genstudy.model            INFO     [family_holdout:qft] epoch 0109/1000  train_mse=0.000272  val_mse=0.000382  val_r2=0.9962  patience=3/30
2026-10-07 11:32:13,271  genstudy.model            INFO     [family_holdout:qft] epoch 0110/1000  train_mse=0.000293  val_mse=0.000387  val_r2=0.9962  patience=4/30
2026-10-07 11:32:29,404  genstudy.model            INFO     [family_holdout:qft] epoch 0111/1000  train_mse=0.000250  val_mse=0.000435  val_r2=0.9957  patience=5/30
2026-10-07 11:32:45,617  genstudy.model            INFO     [family_holdout:qft] epoch 0112/1000  train_mse=0.000249  val_mse=0.000382  val_r2=0.9962  patience=6/30
2026-10-07 11:33:01,732  genstudy.model            INFO     [family_holdout:qft] epoch 0113/1000  train_mse=0.000247  val_mse=0.000572  val_r2=0.9943  patience=7/30
2026-10-07 11:33:17,767  genstudy.model            INFO     [family_holdout:qft] epoch 0114/1000  train_mse=0.000271  val_mse=0.000483  val_r2=0.9952  patience=8/30
2026-10-07 11:33:33,947  genstudy.model            INFO     [family_holdout:qft] epoch 0115/1000  train_mse=0.000253  val_mse=0.000456  val_r2=0.9955  patience=9/30
2026-10-07 11:33:50,060  genstudy.model            INFO     [family_holdout:qft] epoch 0116/1000  train_mse=0.000231  val_mse=0.000411  val_r2=0.9959  patience=10/30
2026-10-07 11:34:06,216  genstudy.model            INFO     [family_holdout:qft] epoch 0117/1000  train_mse=0.000252  val_mse=0.000390  val_r2=0.9961  patience=11/30
2026-10-07 11:34:22,406  genstudy.model            INFO     [family_holdout:qft] epoch 0118/1000  train_mse=0.000356  val_mse=0.000458  val_r2=0.9955  patience=12/30
2026-10-07 11:34:38,451  genstudy.model            INFO     [family_holdout:qft] epoch 0119/1000  train_mse=0.000270  val_mse=0.000350  val_r2=0.9965  patience=0/30
2026-10-07 11:34:54,496  genstudy.model            INFO     [family_holdout:qft] epoch 0120/1000  train_mse=0.000251  val_mse=0.000407  val_r2=0.9959  patience=1/30
2026-10-07 11:35:10,551  genstudy.model            INFO     [family_holdout:qft] epoch 0121/1000  train_mse=0.000246  val_mse=0.000334  val_r2=0.9967  patience=0/30
2026-10-07 11:35:26,630  genstudy.model            INFO     [family_holdout:qft] epoch 0122/1000  train_mse=0.000230  val_mse=0.000479  val_r2=0.9953  patience=1/30
2026-10-07 11:35:42,674  genstudy.model            INFO     [family_holdout:qft] epoch 0123/1000  train_mse=0.000279  val_mse=0.000396  val_r2=0.9961  patience=2/30
2026-10-07 11:35:58,804  genstudy.model            INFO     [family_holdout:qft] epoch 0124/1000  train_mse=0.000244  val_mse=0.000383  val_r2=0.9962  patience=3/30
2026-10-07 11:36:14,950  genstudy.model            INFO     [family_holdout:qft] epoch 0125/1000  train_mse=0.000217  val_mse=0.000420  val_r2=0.9958  patience=4/30
2026-10-07 11:36:31,146  genstudy.model            INFO     [family_holdout:qft] epoch 0126/1000  train_mse=0.000236  val_mse=0.000347  val_r2=0.9966  patience=5/30
2026-10-07 11:36:47,272  genstudy.model            INFO     [family_holdout:qft] epoch 0127/1000  train_mse=0.000286  val_mse=0.000353  val_r2=0.9965  patience=6/30
2026-10-07 11:37:03,287  genstudy.model            INFO     [family_holdout:qft] epoch 0128/1000  train_mse=0.000398  val_mse=0.000473  val_r2=0.9953  patience=7/30
2026-10-07 11:37:19,301  genstudy.model            INFO     [family_holdout:qft] epoch 0129/1000  train_mse=0.000254  val_mse=0.000391  val_r2=0.9961  patience=8/30
2026-10-07 11:37:35,571  genstudy.model            INFO     [family_holdout:qft] epoch 0130/1000  train_mse=0.000215  val_mse=0.000328  val_r2=0.9968  patience=0/30
2026-10-07 11:37:51,690  genstudy.model            INFO     [family_holdout:qft] epoch 0131/1000  train_mse=0.000214  val_mse=0.000344  val_r2=0.9966  patience=1/30
2026-10-07 11:38:07,807  genstudy.model            INFO     [family_holdout:qft] epoch 0132/1000  train_mse=0.000215  val_mse=0.000351  val_r2=0.9965  patience=2/30
2026-10-07 11:38:23,879  genstudy.model            INFO     [family_holdout:qft] epoch 0133/1000  train_mse=0.000202  val_mse=0.000333  val_r2=0.9967  patience=3/30
2026-10-07 11:38:40,038  genstudy.model            INFO     [family_holdout:qft] epoch 0134/1000  train_mse=0.000216  val_mse=0.000401  val_r2=0.9960  patience=4/30
2026-10-07 11:38:55,858  genstudy.model            INFO     [family_holdout:qft] epoch 0135/1000  train_mse=0.000223  val_mse=0.000409  val_r2=0.9960  patience=5/30
2026-10-07 11:39:11,974  genstudy.model            INFO     [family_holdout:qft] epoch 0136/1000  train_mse=0.000206  val_mse=0.000396  val_r2=0.9961  patience=6/30
2026-10-07 11:39:28,116  genstudy.model            INFO     [family_holdout:qft] epoch 0137/1000  train_mse=0.000206  val_mse=0.000344  val_r2=0.9966  patience=7/30
2026-10-07 11:39:44,343  genstudy.model            INFO     [family_holdout:qft] epoch 0138/1000  train_mse=0.000210  val_mse=0.000361  val_r2=0.9964  patience=8/30
2026-10-07 11:40:00,443  genstudy.model            INFO     [family_holdout:qft] epoch 0139/1000  train_mse=0.000206  val_mse=0.000382  val_r2=0.9962  patience=9/30
2026-10-07 11:40:16,674  genstudy.model            INFO     [family_holdout:qft] epoch 0140/1000  train_mse=0.000207  val_mse=0.000360  val_r2=0.9964  patience=10/30
2026-10-07 11:40:32,883  genstudy.model            INFO     [family_holdout:qft] epoch 0141/1000  train_mse=0.000233  val_mse=0.000359  val_r2=0.9964  patience=11/30
2026-10-07 11:40:49,079  genstudy.model            INFO     [family_holdout:qft] epoch 0142/1000  train_mse=0.000204  val_mse=0.000346  val_r2=0.9966  patience=12/30
2026-10-07 11:41:05,280  genstudy.model            INFO     [family_holdout:qft] epoch 0143/1000  train_mse=0.000207  val_mse=0.000325  val_r2=0.9968  patience=0/30
2026-10-07 11:41:21,326  genstudy.model            INFO     [family_holdout:qft] epoch 0144/1000  train_mse=0.000496  val_mse=0.000772  val_r2=0.9922  patience=1/30
2026-10-07 11:41:37,360  genstudy.model            INFO     [family_holdout:qft] epoch 0145/1000  train_mse=0.000412  val_mse=0.000405  val_r2=0.9960  patience=2/30
2026-10-07 11:41:53,391  genstudy.model            INFO     [family_holdout:qft] epoch 0146/1000  train_mse=0.000332  val_mse=0.000397  val_r2=0.9961  patience=3/30
2026-10-07 11:42:09,468  genstudy.model            INFO     [family_holdout:qft] epoch 0147/1000  train_mse=0.000273  val_mse=0.000364  val_r2=0.9964  patience=4/30
2026-10-07 11:42:25,535  genstudy.model            INFO     [family_holdout:qft] epoch 0148/1000  train_mse=0.000237  val_mse=0.000348  val_r2=0.9965  patience=5/30
2026-10-07 11:42:41,606  genstudy.model            INFO     [family_holdout:qft] epoch 0149/1000  train_mse=0.000266  val_mse=0.000398  val_r2=0.9961  patience=6/30
2026-10-07 11:42:57,766  genstudy.model            INFO     [family_holdout:qft] epoch 0150/1000  train_mse=0.000212  val_mse=0.000352  val_r2=0.9965  patience=7/30
2026-10-07 11:43:13,904  genstudy.model            INFO     [family_holdout:qft] epoch 0151/1000  train_mse=0.000206  val_mse=0.000400  val_r2=0.9960  patience=8/30
2026-10-07 11:43:30,087  genstudy.model            INFO     [family_holdout:qft] epoch 0152/1000  train_mse=0.000203  val_mse=0.000545  val_r2=0.9946  patience=9/30
2026-10-07 11:43:45,991  genstudy.model            INFO     [family_holdout:qft] epoch 0153/1000  train_mse=0.000217  val_mse=0.000385  val_r2=0.9962  patience=10/30
2026-10-07 11:44:02,109  genstudy.model            INFO     [family_holdout:qft] epoch 0154/1000  train_mse=0.000202  val_mse=0.000568  val_r2=0.9943  patience=11/30
2026-10-07 11:44:18,219  genstudy.model            INFO     [family_holdout:qft] epoch 0155/1000  train_mse=0.000193  val_mse=0.000353  val_r2=0.9965  patience=12/30
2026-10-07 11:44:34,377  genstudy.model            INFO     [family_holdout:qft] epoch 0156/1000  train_mse=0.000259  val_mse=0.000360  val_r2=0.9964  patience=13/30
2026-10-07 11:44:50,484  genstudy.model            INFO     [family_holdout:qft] epoch 0157/1000  train_mse=0.000216  val_mse=0.000378  val_r2=0.9962  patience=14/30
2026-10-07 11:45:06,583  genstudy.model            INFO     [family_holdout:qft] epoch 0158/1000  train_mse=0.000214  val_mse=0.000372  val_r2=0.9963  patience=15/30
2026-10-07 11:45:22,693  genstudy.model            INFO     [family_holdout:qft] epoch 0159/1000  train_mse=0.000195  val_mse=0.000376  val_r2=0.9963  patience=16/30
2026-10-07 11:45:38,742  genstudy.model            INFO     [family_holdout:qft] epoch 0160/1000  train_mse=0.000215  val_mse=0.000405  val_r2=0.9960  patience=17/30
2026-10-07 11:45:54,904  genstudy.model            INFO     [family_holdout:qft] epoch 0161/1000  train_mse=0.000189  val_mse=0.000378  val_r2=0.9963  patience=18/30
2026-10-07 11:46:11,093  genstudy.model            INFO     [family_holdout:qft] epoch 0162/1000  train_mse=0.000193  val_mse=0.000361  val_r2=0.9964  patience=19/30
2026-10-07 11:46:27,224  genstudy.model            INFO     [family_holdout:qft] epoch 0163/1000  train_mse=0.000202  val_mse=0.000364  val_r2=0.9964  patience=20/30
2026-10-07 11:46:43,321  genstudy.model            INFO     [family_holdout:qft] epoch 0164/1000  train_mse=0.000182  val_mse=0.000369  val_r2=0.9964  patience=21/30
2026-10-07 11:46:59,366  genstudy.model            INFO     [family_holdout:qft] epoch 0165/1000  train_mse=0.000449  val_mse=0.000531  val_r2=0.9947  patience=22/30
2026-10-07 11:47:15,502  genstudy.model            INFO     [family_holdout:qft] epoch 0166/1000  train_mse=0.000297  val_mse=0.000364  val_r2=0.9964  patience=23/30
2026-10-07 11:47:31,582  genstudy.model            INFO     [family_holdout:qft] epoch 0167/1000  train_mse=0.000225  val_mse=0.000377  val_r2=0.9963  patience=24/30
2026-10-07 11:47:47,636  genstudy.model            INFO     [family_holdout:qft] epoch 0168/1000  train_mse=0.000206  val_mse=0.000357  val_r2=0.9965  patience=25/30
2026-10-07 11:48:03,726  genstudy.model            INFO     [family_holdout:qft] epoch 0169/1000  train_mse=0.000199  val_mse=0.000337  val_r2=0.9967  patience=26/30
2026-10-07 11:48:19,806  genstudy.model            INFO     [family_holdout:qft] epoch 0170/1000  train_mse=0.000196  val_mse=0.000358  val_r2=0.9965  patience=27/30
2026-10-07 11:48:35,956  genstudy.model            INFO     [family_holdout:qft] epoch 0171/1000  train_mse=0.000194  val_mse=0.000512  val_r2=0.9950  patience=28/30
2026-10-07 11:48:52,037  genstudy.model            INFO     [family_holdout:qft] epoch 0172/1000  train_mse=0.000191  val_mse=0.000406  val_r2=0.9960  patience=29/30
2026-10-07 11:49:08,135  genstudy.model            INFO     [family_holdout:qft] epoch 0173/1000  train_mse=0.000190  val_mse=0.000355  val_r2=0.9965  patience=30/30
2026-10-07 11:49:08,221  genstudy.model            INFO     [family_holdout:qft] early stop at epoch 173; best epoch 143
2026-10-07 11:49:08,493  genstudy.experiment       INFO     [qft] TEST  n=760  MAE=0.0116  RMSE=0.0210  R2=0.9951  device-acc=0.729  regret=0.0064
2026-10-07 11:49:08,497  genstudy.io               INFO     Wrote /home/atudisco/pred-distr-tool/evaluations/generalization/results/leave_one_family_out/qft/metrics.json
2026-10-07 11:49:08,503  genstudy.io               INFO     Wrote /home/atudisco/pred-distr-tool/evaluations/generalization/results/leave_one_family_out/qft/predictions.json
2026-10-07 11:49:08,514  genstudy.io               INFO     Wrote /home/atudisco/pred-distr-tool/evaluations/generalization/results/leave_one_family_out/qft/history.json
2026-10-07 11:49:08,537  genstudy.experiment       INFO     Wrote /home/atudisco/pred-distr-tool/evaluations/generalization/results/leave_one_family_out/qft/model.pth
2026-10-07 11:49:08,539  genstudy.experiment       INFO     Removed /home/atudisco/pred-distr-tool/evaluations/generalization/results/leave_one_family_out/qft/checkpoint.pt (split finished)
2026-10-07 11:49:08,540  run_leave_one_family_out  INFO     [7/10] holding out family 'qnn'
2026-10-07 11:49:08,542  genstudy.experiment       INFO     === family_holdout / qnn ===
2026-10-07 11:49:08,542  genstudy.experiment       INFO     Leave-one-family-out: test = all 760 'qnn' circuits, train = 16296 circuits from 34 other families.
2026-10-07 11:49:08,543  genstudy.experiment       INFO     train=13037  val=3259  test=760
2026-10-07 11:49:08,556  genstudy.model            INFO     [family_holdout:qnn] training on 13037 graphs, validating on 3259, epochs 1-1000 (patience 30)
2026-10-07 11:49:24,670  genstudy.model            INFO     [family_holdout:qnn] epoch 0001/1000  train_mse=0.677235  val_mse=0.004916  val_r2=0.9511  patience=0/30
2026-10-07 11:49:40,891  genstudy.model            INFO     [family_holdout:qnn] epoch 0002/1000  train_mse=0.007335  val_mse=0.004796  val_r2=0.9524  patience=0/30
2026-10-07 11:49:57,119  genstudy.model            INFO     [family_holdout:qnn] epoch 0003/1000  train_mse=0.006699  val_mse=0.001922  val_r2=0.9808  patience=0/30
2026-10-07 11:50:13,442  genstudy.model            INFO     [family_holdout:qnn] epoch 0004/1000  train_mse=0.003022  val_mse=0.004558  val_r2=0.9554  patience=1/30
2026-10-07 11:50:29,658  genstudy.model            INFO     [family_holdout:qnn] epoch 0005/1000  train_mse=0.003009  val_mse=0.001489  val_r2=0.9853  patience=0/30
2026-10-07 11:50:45,817  genstudy.model            INFO     [family_holdout:qnn] epoch 0006/1000  train_mse=0.002771  val_mse=0.004298  val_r2=0.9567  patience=1/30
2026-10-07 11:51:02,038  genstudy.model            INFO     [family_holdout:qnn] epoch 0007/1000  train_mse=0.002529  val_mse=0.001219  val_r2=0.9879  patience=0/30
2026-10-07 11:51:18,347  genstudy.model            INFO     [family_holdout:qnn] epoch 0008/1000  train_mse=0.001658  val_mse=0.001102  val_r2=0.9891  patience=0/30
2026-10-07 11:51:34,515  genstudy.model            INFO     [family_holdout:qnn] epoch 0009/1000  train_mse=0.001182  val_mse=0.001062  val_r2=0.9894  patience=0/30
2026-10-07 11:51:50,735  genstudy.model            INFO     [family_holdout:qnn] epoch 0010/1000  train_mse=0.002460  val_mse=0.001068  val_r2=0.9893  patience=1/30
2026-10-07 11:52:06,891  genstudy.model            INFO     [family_holdout:qnn] epoch 0011/1000  train_mse=0.000942  val_mse=0.001476  val_r2=0.9854  patience=2/30
2026-10-07 11:52:22,998  genstudy.model            INFO     [family_holdout:qnn] epoch 0012/1000  train_mse=0.001022  val_mse=0.001996  val_r2=0.9801  patience=3/30
2026-10-07 11:52:39,142  genstudy.model            INFO     [family_holdout:qnn] epoch 0013/1000  train_mse=0.001001  val_mse=0.000810  val_r2=0.9919  patience=0/30
2026-10-07 11:52:55,314  genstudy.model            INFO     [family_holdout:qnn] epoch 0014/1000  train_mse=0.000879  val_mse=0.000789  val_r2=0.9921  patience=0/30
2026-10-07 11:53:11,453  genstudy.model            INFO     [family_holdout:qnn] epoch 0015/1000  train_mse=0.001081  val_mse=0.001625  val_r2=0.9840  patience=1/30
2026-10-07 11:53:27,718  genstudy.model            INFO     [family_holdout:qnn] epoch 0016/1000  train_mse=0.000805  val_mse=0.001991  val_r2=0.9802  patience=2/30
2026-10-07 11:53:43,840  genstudy.model            INFO     [family_holdout:qnn] epoch 0017/1000  train_mse=0.000868  val_mse=0.000786  val_r2=0.9922  patience=0/30
2026-10-07 11:54:00,054  genstudy.model            INFO     [family_holdout:qnn] epoch 0018/1000  train_mse=0.000839  val_mse=0.000573  val_r2=0.9943  patience=0/30
2026-10-07 11:54:16,289  genstudy.model            INFO     [family_holdout:qnn] epoch 0019/1000  train_mse=0.000748  val_mse=0.000632  val_r2=0.9937  patience=1/30
2026-10-07 11:54:32,655  genstudy.model            INFO     [family_holdout:qnn] epoch 0020/1000  train_mse=0.000850  val_mse=0.001110  val_r2=0.9888  patience=2/30
2026-10-07 11:54:49,010  genstudy.model            INFO     [family_holdout:qnn] epoch 0021/1000  train_mse=0.000741  val_mse=0.000712  val_r2=0.9929  patience=3/30
2026-10-07 11:55:05,524  genstudy.model            INFO     [family_holdout:qnn] epoch 0022/1000  train_mse=0.000734  val_mse=0.000617  val_r2=0.9939  patience=4/30
2026-10-07 11:55:22,144  genstudy.model            INFO     [family_holdout:qnn] epoch 0023/1000  train_mse=0.000790  val_mse=0.000667  val_r2=0.9934  patience=5/30
2026-10-07 11:55:38,808  genstudy.model            INFO     [family_holdout:qnn] epoch 0024/1000  train_mse=0.000801  val_mse=0.001084  val_r2=0.9891  patience=6/30
2026-10-07 11:55:55,420  genstudy.model            INFO     [family_holdout:qnn] epoch 0025/1000  train_mse=0.000849  val_mse=0.000939  val_r2=0.9905  patience=7/30
2026-10-07 11:56:12,075  genstudy.model            INFO     [family_holdout:qnn] epoch 0026/1000  train_mse=0.000672  val_mse=0.000776  val_r2=0.9922  patience=8/30
2026-10-07 11:56:28,683  genstudy.model            INFO     [family_holdout:qnn] epoch 0027/1000  train_mse=0.000879  val_mse=0.000920  val_r2=0.9907  patience=9/30
2026-10-07 11:56:45,152  genstudy.model            INFO     [family_holdout:qnn] epoch 0028/1000  train_mse=0.000628  val_mse=0.001960  val_r2=0.9808  patience=10/30
2026-10-07 11:57:01,767  genstudy.model            INFO     [family_holdout:qnn] epoch 0029/1000  train_mse=0.189382  val_mse=0.013536  val_r2=0.8651  patience=11/30
2026-10-07 11:57:18,354  genstudy.model            INFO     [family_holdout:qnn] epoch 0030/1000  train_mse=0.006188  val_mse=0.003092  val_r2=0.9691  patience=12/30
2026-10-07 11:57:35,055  genstudy.model            INFO     [family_holdout:qnn] epoch 0031/1000  train_mse=0.002909  val_mse=0.001864  val_r2=0.9813  patience=13/30
2026-10-07 11:57:51,467  genstudy.model            INFO     [family_holdout:qnn] epoch 0032/1000  train_mse=0.002101  val_mse=0.001988  val_r2=0.9800  patience=14/30
2026-10-07 11:58:07,953  genstudy.model            INFO     [family_holdout:qnn] epoch 0033/1000  train_mse=0.001733  val_mse=0.001288  val_r2=0.9870  patience=15/30
2026-10-07 11:58:24,336  genstudy.model            INFO     [family_holdout:qnn] epoch 0034/1000  train_mse=0.001614  val_mse=0.001448  val_r2=0.9855  patience=16/30
2026-10-07 11:58:40,626  genstudy.model            INFO     [family_holdout:qnn] epoch 0035/1000  train_mse=0.001759  val_mse=0.002756  val_r2=0.9724  patience=17/30
2026-10-07 11:58:56,950  genstudy.model            INFO     [family_holdout:qnn] epoch 0036/1000  train_mse=0.001564  val_mse=0.004230  val_r2=0.9582  patience=18/30
2026-10-07 11:59:13,241  genstudy.model            INFO     [family_holdout:qnn] epoch 0037/1000  train_mse=0.001363  val_mse=0.000910  val_r2=0.9909  patience=19/30
2026-10-07 11:59:29,505  genstudy.model            INFO     [family_holdout:qnn] epoch 0038/1000  train_mse=0.001187  val_mse=0.001368  val_r2=0.9862  patience=20/30
2026-10-07 11:59:45,794  genstudy.model            INFO     [family_holdout:qnn] epoch 0039/1000  train_mse=0.001018  val_mse=0.000793  val_r2=0.9921  patience=21/30
2026-10-07 12:00:02,052  genstudy.model            INFO     [family_holdout:qnn] epoch 0040/1000  train_mse=0.001052  val_mse=0.000876  val_r2=0.9913  patience=22/30
2026-10-07 12:00:18,375  genstudy.model            INFO     [family_holdout:qnn] epoch 0041/1000  train_mse=0.000965  val_mse=0.000920  val_r2=0.9908  patience=23/30
2026-10-07 12:00:34,579  genstudy.model            INFO     [family_holdout:qnn] epoch 0042/1000  train_mse=0.000890  val_mse=0.001012  val_r2=0.9899  patience=24/30
2026-10-07 12:00:50,771  genstudy.model            INFO     [family_holdout:qnn] epoch 0043/1000  train_mse=0.000886  val_mse=0.001054  val_r2=0.9895  patience=25/30
2026-10-07 12:01:06,763  genstudy.model            INFO     [family_holdout:qnn] epoch 0044/1000  train_mse=0.000897  val_mse=0.001388  val_r2=0.9859  patience=26/30
2026-10-07 12:01:22,855  genstudy.model            INFO     [family_holdout:qnn] epoch 0045/1000  train_mse=0.000813  val_mse=0.000742  val_r2=0.9926  patience=27/30
2026-10-07 12:01:39,017  genstudy.model            INFO     [family_holdout:qnn] epoch 0046/1000  train_mse=0.000706  val_mse=0.000651  val_r2=0.9935  patience=28/30
2026-10-07 12:01:55,243  genstudy.model            INFO     [family_holdout:qnn] epoch 0047/1000  train_mse=0.000658  val_mse=0.000607  val_r2=0.9940  patience=29/30
2026-10-07 12:02:11,453  genstudy.model            INFO     [family_holdout:qnn] epoch 0048/1000  train_mse=0.000762  val_mse=0.001284  val_r2=0.9868  patience=30/30
2026-10-07 12:02:11,540  genstudy.model            INFO     [family_holdout:qnn] early stop at epoch 48; best epoch 18
2026-10-07 12:02:11,802  genstudy.experiment       INFO     [qnn] TEST  n=760  MAE=0.2103  RMSE=0.2299  R2=-0.3863  device-acc=0.691  regret=0.0082
2026-10-07 12:02:11,805  genstudy.io               INFO     Wrote /home/atudisco/pred-distr-tool/evaluations/generalization/results/leave_one_family_out/qnn/metrics.json
2026-10-07 12:02:11,811  genstudy.io               INFO     Wrote /home/atudisco/pred-distr-tool/evaluations/generalization/results/leave_one_family_out/qnn/predictions.json
2026-10-07 12:02:11,821  genstudy.io               INFO     Wrote /home/atudisco/pred-distr-tool/evaluations/generalization/results/leave_one_family_out/qnn/history.json
2026-10-07 12:02:11,847  genstudy.experiment       INFO     Wrote /home/atudisco/pred-distr-tool/evaluations/generalization/results/leave_one_family_out/qnn/model.pth
2026-10-07 12:02:11,849  genstudy.experiment       INFO     Removed /home/atudisco/pred-distr-tool/evaluations/generalization/results/leave_one_family_out/qnn/checkpoint.pt (split finished)
2026-10-07 12:02:11,850  run_leave_one_family_out  INFO     [8/10] holding out family 'ae'
2026-10-07 12:02:11,852  genstudy.experiment       INFO     === family_holdout / ae ===
2026-10-07 12:02:11,852  genstudy.experiment       INFO     Leave-one-family-out: test = all 758 'ae' circuits, train = 16298 circuits from 34 other families.
2026-10-07 12:02:11,853  genstudy.experiment       INFO     train=13038  val=3260  test=758
2026-10-07 12:02:11,867  genstudy.model            INFO     [family_holdout:ae] training on 13038 graphs, validating on 3260, epochs 1-1000 (patience 30)
2026-10-07 12:02:27,623  genstudy.model            INFO     [family_holdout:ae] epoch 0001/1000  train_mse=0.546601  val_mse=0.006767  val_r2=0.9350  patience=0/30
2026-10-07 12:02:43,472  genstudy.model            INFO     [family_holdout:ae] epoch 0002/1000  train_mse=0.003870  val_mse=0.003896  val_r2=0.9626  patience=0/30
2026-10-07 12:02:59,256  genstudy.model            INFO     [family_holdout:ae] epoch 0003/1000  train_mse=0.002682  val_mse=0.001851  val_r2=0.9822  patience=0/30
2026-10-07 12:03:15,133  genstudy.model            INFO     [family_holdout:ae] epoch 0004/1000  train_mse=0.002029  val_mse=0.001998  val_r2=0.9807  patience=1/30
2026-10-07 12:03:30,910  genstudy.model            INFO     [family_holdout:ae] epoch 0005/1000  train_mse=0.004084  val_mse=0.003711  val_r2=0.9646  patience=2/30
2026-10-07 12:03:46,694  genstudy.model            INFO     [family_holdout:ae] epoch 0006/1000  train_mse=0.002580  val_mse=0.002204  val_r2=0.9784  patience=3/30
2026-10-07 12:04:02,566  genstudy.model            INFO     [family_holdout:ae] epoch 0007/1000  train_mse=0.001621  val_mse=0.001149  val_r2=0.9890  patience=0/30
2026-10-07 12:04:18,366  genstudy.model            INFO     [family_holdout:ae] epoch 0008/1000  train_mse=0.001500  val_mse=0.001073  val_r2=0.9897  patience=0/30
2026-10-07 12:04:34,222  genstudy.model            INFO     [family_holdout:ae] epoch 0009/1000  train_mse=0.001658  val_mse=0.002134  val_r2=0.9797  patience=1/30
2026-10-07 12:04:50,105  genstudy.model            INFO     [family_holdout:ae] epoch 0010/1000  train_mse=0.001113  val_mse=0.000994  val_r2=0.9903  patience=0/30
2026-10-07 12:05:05,929  genstudy.model            INFO     [family_holdout:ae] epoch 0011/1000  train_mse=0.000936  val_mse=0.001124  val_r2=0.9893  patience=1/30
2026-10-07 12:05:21,717  genstudy.model            INFO     [family_holdout:ae] epoch 0012/1000  train_mse=0.001150  val_mse=0.002414  val_r2=0.9765  patience=2/30
2026-10-07 12:05:37,371  genstudy.model            INFO     [family_holdout:ae] epoch 0013/1000  train_mse=0.001131  val_mse=0.001416  val_r2=0.9864  patience=3/30
2026-10-07 12:05:53,126  genstudy.model            INFO     [family_holdout:ae] epoch 0014/1000  train_mse=0.000828  val_mse=0.000939  val_r2=0.9909  patience=0/30
2026-10-07 12:06:09,012  genstudy.model            INFO     [family_holdout:ae] epoch 0015/1000  train_mse=0.001059  val_mse=0.000938  val_r2=0.9911  patience=0/30
2026-10-07 12:06:24,722  genstudy.model            INFO     [family_holdout:ae] epoch 0016/1000  train_mse=0.000757  val_mse=0.001114  val_r2=0.9894  patience=1/30
2026-10-07 12:06:40,390  genstudy.model            INFO     [family_holdout:ae] epoch 0017/1000  train_mse=0.000826  val_mse=0.000831  val_r2=0.9920  patience=0/30
2026-10-07 12:06:56,233  genstudy.model            INFO     [family_holdout:ae] epoch 0018/1000  train_mse=0.000711  val_mse=0.000760  val_r2=0.9927  patience=0/30
2026-10-07 12:07:12,127  genstudy.model            INFO     [family_holdout:ae] epoch 0019/1000  train_mse=0.000722  val_mse=0.001266  val_r2=0.9878  patience=1/30
2026-10-07 12:07:27,903  genstudy.model            INFO     [family_holdout:ae] epoch 0020/1000  train_mse=0.000977  val_mse=0.000798  val_r2=0.9923  patience=2/30
2026-10-07 12:07:43,831  genstudy.model            INFO     [family_holdout:ae] epoch 0021/1000  train_mse=0.710936  val_mse=0.351237  val_r2=-2.5092  patience=3/30
2026-10-07 12:07:59,734  genstudy.model            INFO     [family_holdout:ae] epoch 0022/1000  train_mse=0.076478  val_mse=0.015963  val_r2=0.8466  patience=4/30
2026-10-07 12:08:15,681  genstudy.model            INFO     [family_holdout:ae] epoch 0023/1000  train_mse=0.012074  val_mse=0.008337  val_r2=0.9204  patience=5/30
2026-10-07 12:08:31,600  genstudy.model            INFO     [family_holdout:ae] epoch 0024/1000  train_mse=0.007070  val_mse=0.004968  val_r2=0.9522  patience=6/30
2026-10-07 12:08:47,525  genstudy.model            INFO     [family_holdout:ae] epoch 0025/1000  train_mse=0.004577  val_mse=0.003250  val_r2=0.9689  patience=7/30
2026-10-07 12:09:03,376  genstudy.model            INFO     [family_holdout:ae] epoch 0026/1000  train_mse=0.003426  val_mse=0.002630  val_r2=0.9747  patience=8/30
2026-10-07 12:09:19,226  genstudy.model            INFO     [family_holdout:ae] epoch 0027/1000  train_mse=0.002553  val_mse=0.002549  val_r2=0.9752  patience=9/30
2026-10-07 12:09:35,122  genstudy.model            INFO     [family_holdout:ae] epoch 0028/1000  train_mse=0.002486  val_mse=0.003474  val_r2=0.9660  patience=10/30
2026-10-07 12:09:51,054  genstudy.model            INFO     [family_holdout:ae] epoch 0029/1000  train_mse=0.002657  val_mse=0.001838  val_r2=0.9823  patience=11/30
2026-10-07 12:10:06,901  genstudy.model            INFO     [family_holdout:ae] epoch 0030/1000  train_mse=0.002057  val_mse=0.001932  val_r2=0.9813  patience=12/30
2026-10-07 12:10:22,837  genstudy.model            INFO     [family_holdout:ae] epoch 0031/1000  train_mse=0.002182  val_mse=0.002137  val_r2=0.9794  patience=13/30
2026-10-07 12:10:38,740  genstudy.model            INFO     [family_holdout:ae] epoch 0032/1000  train_mse=0.002215  val_mse=0.002022  val_r2=0.9802  patience=14/30
2026-10-07 12:10:54,636  genstudy.model            INFO     [family_holdout:ae] epoch 0033/1000  train_mse=0.002087  val_mse=0.001938  val_r2=0.9810  patience=15/30
2026-10-07 12:11:10,563  genstudy.model            INFO     [family_holdout:ae] epoch 0034/1000  train_mse=0.001807  val_mse=0.001581  val_r2=0.9845  patience=16/30
2026-10-07 12:11:26,478  genstudy.model            INFO     [family_holdout:ae] epoch 0035/1000  train_mse=0.002098  val_mse=0.001538  val_r2=0.9851  patience=17/30
2026-10-07 12:11:42,328  genstudy.model            INFO     [family_holdout:ae] epoch 0036/1000  train_mse=0.001728  val_mse=0.001472  val_r2=0.9856  patience=18/30
2026-10-07 12:11:58,250  genstudy.model            INFO     [family_holdout:ae] epoch 0037/1000  train_mse=0.001401  val_mse=0.001478  val_r2=0.9855  patience=19/30
2026-10-07 12:12:14,118  genstudy.model            INFO     [family_holdout:ae] epoch 0038/1000  train_mse=0.001544  val_mse=0.001733  val_r2=0.9833  patience=20/30
2026-10-07 12:12:29,976  genstudy.model            INFO     [family_holdout:ae] epoch 0039/1000  train_mse=0.001267  val_mse=0.001371  val_r2=0.9865  patience=21/30
2026-10-07 12:12:45,684  genstudy.model            INFO     [family_holdout:ae] epoch 0040/1000  train_mse=0.001450  val_mse=0.001067  val_r2=0.9897  patience=22/30
2026-10-07 12:13:01,552  genstudy.model            INFO     [family_holdout:ae] epoch 0041/1000  train_mse=0.001431  val_mse=0.001120  val_r2=0.9892  patience=23/30
2026-10-07 12:13:17,189  genstudy.model            INFO     [family_holdout:ae] epoch 0042/1000  train_mse=0.001094  val_mse=0.001044  val_r2=0.9900  patience=24/30
2026-10-07 12:13:32,924  genstudy.model            INFO     [family_holdout:ae] epoch 0043/1000  train_mse=0.001039  val_mse=0.000934  val_r2=0.9910  patience=25/30
2026-10-07 12:13:48,637  genstudy.model            INFO     [family_holdout:ae] epoch 0044/1000  train_mse=0.000999  val_mse=0.000823  val_r2=0.9921  patience=26/30
2026-10-07 12:14:04,393  genstudy.model            INFO     [family_holdout:ae] epoch 0045/1000  train_mse=0.001016  val_mse=0.000984  val_r2=0.9903  patience=27/30
2026-10-07 12:14:20,224  genstudy.model            INFO     [family_holdout:ae] epoch 0046/1000  train_mse=0.000925  val_mse=0.000725  val_r2=0.9930  patience=0/30
2026-10-07 12:14:35,912  genstudy.model            INFO     [family_holdout:ae] epoch 0047/1000  train_mse=0.000763  val_mse=0.001177  val_r2=0.9887  patience=1/30
2026-10-07 12:14:51,580  genstudy.model            INFO     [family_holdout:ae] epoch 0048/1000  train_mse=0.000871  val_mse=0.000867  val_r2=0.9916  patience=2/30
2026-10-07 12:15:07,391  genstudy.model            INFO     [family_holdout:ae] epoch 0049/1000  train_mse=0.000943  val_mse=0.000964  val_r2=0.9905  patience=3/30
2026-10-07 12:15:23,281  genstudy.model            INFO     [family_holdout:ae] epoch 0050/1000  train_mse=0.000764  val_mse=0.000860  val_r2=0.9918  patience=4/30
2026-10-07 12:15:39,177  genstudy.model            INFO     [family_holdout:ae] epoch 0051/1000  train_mse=0.000790  val_mse=0.000640  val_r2=0.9938  patience=0/30
2026-10-07 12:15:54,950  genstudy.model            INFO     [family_holdout:ae] epoch 0052/1000  train_mse=0.000601  val_mse=0.000975  val_r2=0.9905  patience=1/30
2026-10-07 12:16:10,674  genstudy.model            INFO     [family_holdout:ae] epoch 0053/1000  train_mse=0.000665  val_mse=0.000634  val_r2=0.9938  patience=0/30
2026-10-07 12:16:26,332  genstudy.model            INFO     [family_holdout:ae] epoch 0054/1000  train_mse=0.000608  val_mse=0.000578  val_r2=0.9945  patience=0/30
2026-10-07 12:16:42,021  genstudy.model            INFO     [family_holdout:ae] epoch 0055/1000  train_mse=0.000665  val_mse=0.000573  val_r2=0.9945  patience=0/30
2026-10-07 12:16:57,694  genstudy.model            INFO     [family_holdout:ae] epoch 0056/1000  train_mse=0.000492  val_mse=0.000508  val_r2=0.9951  patience=0/30
2026-10-07 12:17:13,398  genstudy.model            INFO     [family_holdout:ae] epoch 0057/1000  train_mse=0.000477  val_mse=0.001312  val_r2=0.9876  patience=1/30
2026-10-07 12:17:29,080  genstudy.model            INFO     [family_holdout:ae] epoch 0058/1000  train_mse=0.000526  val_mse=0.000578  val_r2=0.9944  patience=2/30
2026-10-07 12:17:44,805  genstudy.model            INFO     [family_holdout:ae] epoch 0059/1000  train_mse=0.000523  val_mse=0.000517  val_r2=0.9951  patience=3/30
2026-10-07 12:18:00,498  genstudy.model            INFO     [family_holdout:ae] epoch 0060/1000  train_mse=0.000528  val_mse=0.000580  val_r2=0.9945  patience=4/30
2026-10-07 12:18:16,161  genstudy.model            INFO     [family_holdout:ae] epoch 0061/1000  train_mse=0.000486  val_mse=0.000636  val_r2=0.9939  patience=5/30
2026-10-07 12:18:31,839  genstudy.model            INFO     [family_holdout:ae] epoch 0062/1000  train_mse=0.000425  val_mse=0.000491  val_r2=0.9953  patience=0/30
2026-10-07 12:18:47,522  genstudy.model            INFO     [family_holdout:ae] epoch 0063/1000  train_mse=0.000560  val_mse=0.000535  val_r2=0.9949  patience=1/30
2026-10-07 12:19:03,071  genstudy.model            INFO     [family_holdout:ae] epoch 0064/1000  train_mse=0.000429  val_mse=0.000531  val_r2=0.9949  patience=2/30
2026-10-07 12:19:18,647  genstudy.model            INFO     [family_holdout:ae] epoch 0065/1000  train_mse=0.000399  val_mse=0.000507  val_r2=0.9952  patience=3/30
2026-10-07 12:19:34,271  genstudy.model            INFO     [family_holdout:ae] epoch 0066/1000  train_mse=0.000497  val_mse=0.000441  val_r2=0.9958  patience=0/30
2026-10-07 12:19:49,972  genstudy.model            INFO     [family_holdout:ae] epoch 0067/1000  train_mse=0.000379  val_mse=0.000490  val_r2=0.9953  patience=1/30
2026-10-07 12:20:05,714  genstudy.model            INFO     [family_holdout:ae] epoch 0068/1000  train_mse=0.000416  val_mse=0.000673  val_r2=0.9935  patience=2/30
2026-10-07 12:20:21,468  genstudy.model            INFO     [family_holdout:ae] epoch 0069/1000  train_mse=0.000408  val_mse=0.000544  val_r2=0.9948  patience=3/30
2026-10-07 12:20:37,268  genstudy.model            INFO     [family_holdout:ae] epoch 0070/1000  train_mse=0.000420  val_mse=0.000420  val_r2=0.9960  patience=0/30
2026-10-07 12:20:53,049  genstudy.model            INFO     [family_holdout:ae] epoch 0071/1000  train_mse=0.000412  val_mse=0.000409  val_r2=0.9961  patience=0/30
2026-10-07 12:21:08,658  genstudy.model            INFO     [family_holdout:ae] epoch 0072/1000  train_mse=0.000382  val_mse=0.000656  val_r2=0.9937  patience=1/30
2026-10-07 12:21:24,226  genstudy.model            INFO     [family_holdout:ae] epoch 0073/1000  train_mse=0.000381  val_mse=0.000468  val_r2=0.9955  patience=2/30
2026-10-07 12:21:39,857  genstudy.model            INFO     [family_holdout:ae] epoch 0074/1000  train_mse=0.000470  val_mse=0.000655  val_r2=0.9936  patience=3/30
2026-10-07 12:21:55,457  genstudy.model            INFO     [family_holdout:ae] epoch 0075/1000  train_mse=0.000456  val_mse=0.000544  val_r2=0.9947  patience=4/30
2026-10-07 12:22:11,067  genstudy.model            INFO     [family_holdout:ae] epoch 0076/1000  train_mse=0.000345  val_mse=0.000558  val_r2=0.9947  patience=5/30
2026-10-07 12:22:26,525  genstudy.model            INFO     [family_holdout:ae] epoch 0077/1000  train_mse=0.000338  val_mse=0.000450  val_r2=0.9957  patience=6/30
2026-10-07 12:22:42,141  genstudy.model            INFO     [family_holdout:ae] epoch 0078/1000  train_mse=0.000360  val_mse=0.000429  val_r2=0.9959  patience=7/30
2026-10-07 12:22:57,706  genstudy.model            INFO     [family_holdout:ae] epoch 0079/1000  train_mse=0.000331  val_mse=0.000411  val_r2=0.9961  patience=8/30
2026-10-07 12:23:13,232  genstudy.model            INFO     [family_holdout:ae] epoch 0080/1000  train_mse=0.000326  val_mse=0.000430  val_r2=0.9959  patience=9/30
2026-10-07 12:23:28,812  genstudy.model            INFO     [family_holdout:ae] epoch 0081/1000  train_mse=0.000358  val_mse=0.000484  val_r2=0.9954  patience=10/30
2026-10-07 12:23:44,432  genstudy.model            INFO     [family_holdout:ae] epoch 0082/1000  train_mse=0.000353  val_mse=0.000459  val_r2=0.9956  patience=11/30
2026-10-07 12:24:00,102  genstudy.model            INFO     [family_holdout:ae] epoch 0083/1000  train_mse=0.000299  val_mse=0.000384  val_r2=0.9963  patience=0/30
2026-10-07 12:24:15,805  genstudy.model            INFO     [family_holdout:ae] epoch 0084/1000  train_mse=0.000382  val_mse=0.000498  val_r2=0.9952  patience=1/30
2026-10-07 12:24:31,600  genstudy.model            INFO     [family_holdout:ae] epoch 0085/1000  train_mse=0.000320  val_mse=0.000383  val_r2=0.9963  patience=0/30
2026-10-07 12:24:47,420  genstudy.model            INFO     [family_holdout:ae] epoch 0086/1000  train_mse=0.000376  val_mse=0.000425  val_r2=0.9959  patience=1/30
2026-10-07 12:25:03,344  genstudy.model            INFO     [family_holdout:ae] epoch 0087/1000  train_mse=0.000297  val_mse=0.000494  val_r2=0.9953  patience=2/30
2026-10-07 12:25:19,191  genstudy.model            INFO     [family_holdout:ae] epoch 0088/1000  train_mse=0.000305  val_mse=0.000647  val_r2=0.9938  patience=3/30
2026-10-07 12:25:34,891  genstudy.model            INFO     [family_holdout:ae] epoch 0089/1000  train_mse=0.000320  val_mse=0.000385  val_r2=0.9963  patience=4/30
2026-10-07 12:25:50,612  genstudy.model            INFO     [family_holdout:ae] epoch 0090/1000  train_mse=0.000275  val_mse=0.000415  val_r2=0.9960  patience=5/30
2026-10-07 12:26:06,302  genstudy.model            INFO     [family_holdout:ae] epoch 0091/1000  train_mse=0.000283  val_mse=0.000383  val_r2=0.9963  patience=6/30
2026-10-07 12:26:21,990  genstudy.model            INFO     [family_holdout:ae] epoch 0092/1000  train_mse=0.000288  val_mse=0.000376  val_r2=0.9964  patience=0/30
2026-10-07 12:26:37,752  genstudy.model            INFO     [family_holdout:ae] epoch 0093/1000  train_mse=0.000292  val_mse=0.000510  val_r2=0.9951  patience=1/30
2026-10-07 12:26:53,498  genstudy.model            INFO     [family_holdout:ae] epoch 0094/1000  train_mse=0.000286  val_mse=0.000400  val_r2=0.9962  patience=2/30
2026-10-07 12:27:09,331  genstudy.model            INFO     [family_holdout:ae] epoch 0095/1000  train_mse=0.000292  val_mse=0.000374  val_r2=0.9964  patience=0/30
2026-10-07 12:27:25,016  genstudy.model            INFO     [family_holdout:ae] epoch 0096/1000  train_mse=0.000295  val_mse=0.000394  val_r2=0.9962  patience=1/30
2026-10-07 12:27:40,670  genstudy.model            INFO     [family_holdout:ae] epoch 0097/1000  train_mse=0.000321  val_mse=0.000414  val_r2=0.9960  patience=2/30
2026-10-07 12:27:56,397  genstudy.model            INFO     [family_holdout:ae] epoch 0098/1000  train_mse=0.000290  val_mse=0.000448  val_r2=0.9957  patience=3/30
2026-10-07 12:28:12,113  genstudy.model            INFO     [family_holdout:ae] epoch 0099/1000  train_mse=0.000280  val_mse=0.000611  val_r2=0.9941  patience=4/30
2026-10-07 12:28:27,793  genstudy.model            INFO     [family_holdout:ae] epoch 0100/1000  train_mse=0.000265  val_mse=0.000369  val_r2=0.9965  patience=0/30
2026-10-07 12:28:43,461  genstudy.model            INFO     [family_holdout:ae] epoch 0101/1000  train_mse=0.000265  val_mse=0.000461  val_r2=0.9956  patience=1/30
2026-10-07 12:28:59,095  genstudy.model            INFO     [family_holdout:ae] epoch 0102/1000  train_mse=0.000266  val_mse=0.000385  val_r2=0.9963  patience=2/30
2026-10-07 12:29:14,831  genstudy.model            INFO     [family_holdout:ae] epoch 0103/1000  train_mse=0.000240  val_mse=0.000408  val_r2=0.9961  patience=3/30
2026-10-07 12:29:30,442  genstudy.model            INFO     [family_holdout:ae] epoch 0104/1000  train_mse=0.000262  val_mse=0.000426  val_r2=0.9959  patience=4/30
2026-10-07 12:29:46,137  genstudy.model            INFO     [family_holdout:ae] epoch 0105/1000  train_mse=0.000292  val_mse=0.000500  val_r2=0.9952  patience=5/30
2026-10-07 12:30:01,854  genstudy.model            INFO     [family_holdout:ae] epoch 0106/1000  train_mse=0.000293  val_mse=0.000507  val_r2=0.9952  patience=6/30
2026-10-07 12:30:17,588  genstudy.model            INFO     [family_holdout:ae] epoch 0107/1000  train_mse=0.000251  val_mse=0.000417  val_r2=0.9960  patience=7/30
2026-10-07 12:30:33,303  genstudy.model            INFO     [family_holdout:ae] epoch 0108/1000  train_mse=0.000630  val_mse=0.001062  val_r2=0.9898  patience=8/30
2026-10-07 12:30:48,922  genstudy.model            INFO     [family_holdout:ae] epoch 0109/1000  train_mse=0.000487  val_mse=0.000477  val_r2=0.9954  patience=9/30
2026-10-07 12:31:04,612  genstudy.model            INFO     [family_holdout:ae] epoch 0110/1000  train_mse=0.000334  val_mse=0.000436  val_r2=0.9958  patience=10/30
2026-10-07 12:31:20,327  genstudy.model            INFO     [family_holdout:ae] epoch 0111/1000  train_mse=0.000285  val_mse=0.000421  val_r2=0.9960  patience=11/30
2026-10-07 12:31:36,010  genstudy.model            INFO     [family_holdout:ae] epoch 0112/1000  train_mse=0.000247  val_mse=0.000418  val_r2=0.9960  patience=12/30
2026-10-07 12:31:51,672  genstudy.model            INFO     [family_holdout:ae] epoch 0113/1000  train_mse=0.000257  val_mse=0.000422  val_r2=0.9960  patience=13/30
2026-10-07 12:32:07,344  genstudy.model            INFO     [family_holdout:ae] epoch 0114/1000  train_mse=0.000243  val_mse=0.000342  val_r2=0.9967  patience=0/30
2026-10-07 12:32:22,809  genstudy.model            INFO     [family_holdout:ae] epoch 0115/1000  train_mse=0.000246  val_mse=0.000418  val_r2=0.9960  patience=1/30
2026-10-07 12:32:38,188  genstudy.model            INFO     [family_holdout:ae] epoch 0116/1000  train_mse=0.000243  val_mse=0.000402  val_r2=0.9962  patience=2/30
2026-10-07 12:32:53,608  genstudy.model            INFO     [family_holdout:ae] epoch 0117/1000  train_mse=0.000240  val_mse=0.000365  val_r2=0.9965  patience=3/30
2026-10-07 12:33:09,064  genstudy.model            INFO     [family_holdout:ae] epoch 0118/1000  train_mse=0.000279  val_mse=0.000437  val_r2=0.9958  patience=4/30
2026-10-07 12:33:24,494  genstudy.model            INFO     [family_holdout:ae] epoch 0119/1000  train_mse=0.000265  val_mse=0.000410  val_r2=0.9961  patience=5/30
2026-10-07 12:33:39,921  genstudy.model            INFO     [family_holdout:ae] epoch 0120/1000  train_mse=0.000224  val_mse=0.000377  val_r2=0.9964  patience=6/30
2026-10-07 12:33:55,308  genstudy.model            INFO     [family_holdout:ae] epoch 0121/1000  train_mse=0.000233  val_mse=0.000386  val_r2=0.9963  patience=7/30
2026-10-07 12:34:10,729  genstudy.model            INFO     [family_holdout:ae] epoch 0122/1000  train_mse=0.000258  val_mse=0.000418  val_r2=0.9960  patience=8/30
2026-10-07 12:34:26,369  genstudy.model            INFO     [family_holdout:ae] epoch 0123/1000  train_mse=0.000241  val_mse=0.000462  val_r2=0.9956  patience=9/30
2026-10-07 12:34:41,817  genstudy.model            INFO     [family_holdout:ae] epoch 0124/1000  train_mse=0.000218  val_mse=0.000368  val_r2=0.9965  patience=10/30
2026-10-07 12:34:57,289  genstudy.model            INFO     [family_holdout:ae] epoch 0125/1000  train_mse=0.000255  val_mse=0.000375  val_r2=0.9964  patience=11/30
2026-10-07 12:35:12,783  genstudy.model            INFO     [family_holdout:ae] epoch 0126/1000  train_mse=0.000215  val_mse=0.000465  val_r2=0.9956  patience=12/30
2026-10-07 12:35:28,193  genstudy.model            INFO     [family_holdout:ae] epoch 0127/1000  train_mse=0.000220  val_mse=0.000428  val_r2=0.9959  patience=13/30
2026-10-07 12:35:43,670  genstudy.model            INFO     [family_holdout:ae] epoch 0128/1000  train_mse=0.000275  val_mse=0.000370  val_r2=0.9965  patience=14/30
2026-10-07 12:35:59,146  genstudy.model            INFO     [family_holdout:ae] epoch 0129/1000  train_mse=0.000234  val_mse=0.000392  val_r2=0.9963  patience=15/30
2026-10-07 12:36:14,686  genstudy.model            INFO     [family_holdout:ae] epoch 0130/1000  train_mse=0.000227  val_mse=0.000342  val_r2=0.9967  patience=0/30
2026-10-07 12:36:30,312  genstudy.model            INFO     [family_holdout:ae] epoch 0131/1000  train_mse=0.000217  val_mse=0.000370  val_r2=0.9965  patience=1/30
2026-10-07 12:36:46,032  genstudy.model            INFO     [family_holdout:ae] epoch 0132/1000  train_mse=0.000206  val_mse=0.000411  val_r2=0.9961  patience=2/30
2026-10-07 12:37:01,771  genstudy.model            INFO     [family_holdout:ae] epoch 0133/1000  train_mse=0.000216  val_mse=0.000465  val_r2=0.9955  patience=3/30
2026-10-07 12:37:17,494  genstudy.model            INFO     [family_holdout:ae] epoch 0134/1000  train_mse=0.000219  val_mse=0.000399  val_r2=0.9962  patience=4/30
2026-10-07 12:37:33,075  genstudy.model            INFO     [family_holdout:ae] epoch 0135/1000  train_mse=0.000214  val_mse=0.000370  val_r2=0.9965  patience=5/30
2026-10-07 12:37:48,791  genstudy.model            INFO     [family_holdout:ae] epoch 0136/1000  train_mse=0.000213  val_mse=0.000408  val_r2=0.9961  patience=6/30
2026-10-07 12:38:04,465  genstudy.model            INFO     [family_holdout:ae] epoch 0137/1000  train_mse=0.000202  val_mse=0.000362  val_r2=0.9965  patience=7/30
2026-10-07 12:38:20,125  genstudy.model            INFO     [family_holdout:ae] epoch 0138/1000  train_mse=0.001364  val_mse=0.000830  val_r2=0.9919  patience=8/30
2026-10-07 12:38:35,793  genstudy.model            INFO     [family_holdout:ae] epoch 0139/1000  train_mse=0.000529  val_mse=0.000560  val_r2=0.9946  patience=9/30
2026-10-07 12:38:51,411  genstudy.model            INFO     [family_holdout:ae] epoch 0140/1000  train_mse=0.000373  val_mse=0.000465  val_r2=0.9955  patience=10/30
2026-10-07 12:39:07,040  genstudy.model            INFO     [family_holdout:ae] epoch 0141/1000  train_mse=0.000323  val_mse=0.000464  val_r2=0.9955  patience=11/30
2026-10-07 12:39:22,741  genstudy.model            INFO     [family_holdout:ae] epoch 0142/1000  train_mse=0.000309  val_mse=0.000418  val_r2=0.9960  patience=12/30
2026-10-07 12:39:38,453  genstudy.model            INFO     [family_holdout:ae] epoch 0143/1000  train_mse=0.000281  val_mse=0.000498  val_r2=0.9952  patience=13/30
2026-10-07 12:39:54,062  genstudy.model            INFO     [family_holdout:ae] epoch 0144/1000  train_mse=0.000275  val_mse=0.000394  val_r2=0.9962  patience=14/30
2026-10-07 12:40:09,758  genstudy.model            INFO     [family_holdout:ae] epoch 0145/1000  train_mse=0.000252  val_mse=0.000467  val_r2=0.9955  patience=15/30
2026-10-07 12:40:25,338  genstudy.model            INFO     [family_holdout:ae] epoch 0146/1000  train_mse=0.000278  val_mse=0.000595  val_r2=0.9943  patience=16/30
2026-10-07 12:40:41,023  genstudy.model            INFO     [family_holdout:ae] epoch 0147/1000  train_mse=0.000247  val_mse=0.000389  val_r2=0.9963  patience=17/30
2026-10-07 12:40:56,626  genstudy.model            INFO     [family_holdout:ae] epoch 0148/1000  train_mse=0.000226  val_mse=0.000398  val_r2=0.9962  patience=18/30
2026-10-07 12:41:12,268  genstudy.model            INFO     [family_holdout:ae] epoch 0149/1000  train_mse=0.000242  val_mse=0.000448  val_r2=0.9957  patience=19/30
2026-10-07 12:41:27,982  genstudy.model            INFO     [family_holdout:ae] epoch 0150/1000  train_mse=0.000224  val_mse=0.000516  val_r2=0.9951  patience=20/30
2026-10-07 12:41:43,720  genstudy.model            INFO     [family_holdout:ae] epoch 0151/1000  train_mse=0.000236  val_mse=0.000395  val_r2=0.9962  patience=21/30
2026-10-07 12:41:59,349  genstudy.model            INFO     [family_holdout:ae] epoch 0152/1000  train_mse=0.000239  val_mse=0.000368  val_r2=0.9965  patience=22/30
2026-10-07 12:42:14,858  genstudy.model            INFO     [family_holdout:ae] epoch 0153/1000  train_mse=0.000206  val_mse=0.000409  val_r2=0.9961  patience=23/30
2026-10-07 12:42:30,453  genstudy.model            INFO     [family_holdout:ae] epoch 0154/1000  train_mse=0.000241  val_mse=0.000375  val_r2=0.9964  patience=24/30
2026-10-07 12:42:46,097  genstudy.model            INFO     [family_holdout:ae] epoch 0155/1000  train_mse=0.000199  val_mse=0.000422  val_r2=0.9960  patience=25/30
2026-10-07 12:43:01,739  genstudy.model            INFO     [family_holdout:ae] epoch 0156/1000  train_mse=0.000211  val_mse=0.000394  val_r2=0.9963  patience=26/30
2026-10-07 12:43:17,438  genstudy.model            INFO     [family_holdout:ae] epoch 0157/1000  train_mse=0.000198  val_mse=0.000379  val_r2=0.9964  patience=27/30
2026-10-07 12:43:33,126  genstudy.model            INFO     [family_holdout:ae] epoch 0158/1000  train_mse=0.000278  val_mse=0.000411  val_r2=0.9961  patience=28/30
2026-10-07 12:43:48,964  genstudy.model            INFO     [family_holdout:ae] epoch 0159/1000  train_mse=0.000194  val_mse=0.000430  val_r2=0.9959  patience=29/30
2026-10-07 12:44:04,633  genstudy.model            INFO     [family_holdout:ae] epoch 0160/1000  train_mse=0.000250  val_mse=0.000382  val_r2=0.9964  patience=30/30
2026-10-07 12:44:04,720  genstudy.model            INFO     [family_holdout:ae] early stop at epoch 160; best epoch 130
2026-10-07 12:44:05,053  genstudy.experiment       INFO     [ae] TEST  n=758  MAE=0.0338  RMSE=0.0512  R2=0.9707  device-acc=0.513  regret=0.0053
2026-10-07 12:44:05,056  genstudy.io               INFO     Wrote /home/atudisco/pred-distr-tool/evaluations/generalization/results/leave_one_family_out/ae/metrics.json
2026-10-07 12:44:05,062  genstudy.io               INFO     Wrote /home/atudisco/pred-distr-tool/evaluations/generalization/results/leave_one_family_out/ae/predictions.json
2026-10-07 12:44:05,073  genstudy.io               INFO     Wrote /home/atudisco/pred-distr-tool/evaluations/generalization/results/leave_one_family_out/ae/history.json
2026-10-07 12:44:05,096  genstudy.experiment       INFO     Wrote /home/atudisco/pred-distr-tool/evaluations/generalization/results/leave_one_family_out/ae/model.pth
2026-10-07 12:44:05,098  genstudy.experiment       INFO     Removed /home/atudisco/pred-distr-tool/evaluations/generalization/results/leave_one_family_out/ae/checkpoint.pt (split finished)
2026-10-07 12:44:05,098  run_leave_one_family_out  INFO     [9/10] holding out family 'qftentangled'
2026-10-07 12:44:05,102  genstudy.experiment       INFO     === family_holdout / qftentangled ===
2026-10-07 12:44:05,102  genstudy.experiment       INFO     Leave-one-family-out: test = all 746 'qftentangled' circuits, train = 16310 circuits from 34 other families.
2026-10-07 12:44:05,103  genstudy.experiment       INFO     train=13048  val=3262  test=746
2026-10-07 12:44:05,115  genstudy.model            INFO     [family_holdout:qftentangled] training on 13048 graphs, validating on 3262, epochs 1-1000 (patience 30)
2026-10-07 12:44:20,934  genstudy.model            INFO     [family_holdout:qftentangled] epoch 0001/1000  train_mse=0.781390  val_mse=0.007185  val_r2=0.9294  patience=0/30
2026-10-07 12:44:37,018  genstudy.model            INFO     [family_holdout:qftentangled] epoch 0002/1000  train_mse=0.019251  val_mse=0.003710  val_r2=0.9633  patience=0/30
2026-10-07 12:44:53,112  genstudy.model            INFO     [family_holdout:qftentangled] epoch 0003/1000  train_mse=0.015531  val_mse=0.004007  val_r2=0.9604  patience=1/30
2026-10-07 12:45:09,224  genstudy.model            INFO     [family_holdout:qftentangled] epoch 0004/1000  train_mse=0.003338  val_mse=0.002031  val_r2=0.9799  patience=0/30
2026-10-07 12:45:25,327  genstudy.model            INFO     [family_holdout:qftentangled] epoch 0005/1000  train_mse=0.003121  val_mse=0.001945  val_r2=0.9807  patience=0/30
2026-10-07 12:45:41,445  genstudy.model            INFO     [family_holdout:qftentangled] epoch 0006/1000  train_mse=0.002546  val_mse=0.002209  val_r2=0.9777  patience=1/30
2026-10-07 12:45:57,563  genstudy.model            INFO     [family_holdout:qftentangled] epoch 0007/1000  train_mse=0.003010  val_mse=0.001818  val_r2=0.9818  patience=0/30
2026-10-07 12:46:13,791  genstudy.model            INFO     [family_holdout:qftentangled] epoch 0008/1000  train_mse=0.001735  val_mse=0.001551  val_r2=0.9848  patience=0/30
2026-10-07 12:46:29,775  genstudy.model            INFO     [family_holdout:qftentangled] epoch 0009/1000  train_mse=0.001406  val_mse=0.001161  val_r2=0.9885  patience=0/30
2026-10-07 12:46:45,832  genstudy.model            INFO     [family_holdout:qftentangled] epoch 0010/1000  train_mse=0.001271  val_mse=0.001855  val_r2=0.9816  patience=1/30
2026-10-07 12:47:02,035  genstudy.model            INFO     [family_holdout:qftentangled] epoch 0011/1000  train_mse=0.001644  val_mse=0.001170  val_r2=0.9885  patience=2/30
2026-10-07 12:47:18,089  genstudy.model            INFO     [family_holdout:qftentangled] epoch 0012/1000  train_mse=0.001755  val_mse=0.001527  val_r2=0.9849  patience=3/30
2026-10-07 12:47:34,241  genstudy.model            INFO     [family_holdout:qftentangled] epoch 0013/1000  train_mse=0.000751  val_mse=0.001345  val_r2=0.9868  patience=4/30
2026-10-07 12:47:50,394  genstudy.model            INFO     [family_holdout:qftentangled] epoch 0014/1000  train_mse=0.001099  val_mse=0.001873  val_r2=0.9816  patience=5/30
2026-10-07 12:48:06,600  genstudy.model            INFO     [family_holdout:qftentangled] epoch 0015/1000  train_mse=0.000831  val_mse=0.001234  val_r2=0.9877  patience=6/30
2026-10-07 12:48:22,704  genstudy.model            INFO     [family_holdout:qftentangled] epoch 0016/1000  train_mse=0.000811  val_mse=0.000946  val_r2=0.9906  patience=0/30
2026-10-07 12:48:38,728  genstudy.model            INFO     [family_holdout:qftentangled] epoch 0017/1000  train_mse=0.156995  val_mse=0.047856  val_r2=0.5283  patience=1/30
2026-10-07 12:48:54,888  genstudy.model            INFO     [family_holdout:qftentangled] epoch 0018/1000  train_mse=0.011971  val_mse=0.004589  val_r2=0.9547  patience=2/30
2026-10-07 12:49:11,107  genstudy.model            INFO     [family_holdout:qftentangled] epoch 0019/1000  train_mse=0.003170  val_mse=0.002643  val_r2=0.9737  patience=3/30
2026-10-07 12:49:27,263  genstudy.model            INFO     [family_holdout:qftentangled] epoch 0020/1000  train_mse=0.002429  val_mse=0.002797  val_r2=0.9724  patience=4/30
2026-10-07 12:49:43,446  genstudy.model            INFO     [family_holdout:qftentangled] epoch 0021/1000  train_mse=0.002085  val_mse=0.002091  val_r2=0.9791  patience=5/30
2026-10-07 12:49:59,546  genstudy.model            INFO     [family_holdout:qftentangled] epoch 0022/1000  train_mse=0.001984  val_mse=0.002065  val_r2=0.9795  patience=6/30
2026-10-07 12:50:15,680  genstudy.model            INFO     [family_holdout:qftentangled] epoch 0023/1000  train_mse=0.001645  val_mse=0.001895  val_r2=0.9811  patience=7/30
2026-10-07 12:50:31,924  genstudy.model            INFO     [family_holdout:qftentangled] epoch 0024/1000  train_mse=0.001521  val_mse=0.001577  val_r2=0.9842  patience=8/30
2026-10-07 12:50:47,986  genstudy.model            INFO     [family_holdout:qftentangled] epoch 0025/1000  train_mse=0.001485  val_mse=0.001405  val_r2=0.9860  patience=9/30
2026-10-07 12:51:04,104  genstudy.model            INFO     [family_holdout:qftentangled] epoch 0026/1000  train_mse=0.001509  val_mse=0.001395  val_r2=0.9862  patience=10/30
2026-10-07 12:51:20,136  genstudy.model            INFO     [family_holdout:qftentangled] epoch 0027/1000  train_mse=0.001155  val_mse=0.001247  val_r2=0.9877  patience=11/30
2026-10-07 12:51:36,208  genstudy.model            INFO     [family_holdout:qftentangled] epoch 0028/1000  train_mse=0.001434  val_mse=0.002198  val_r2=0.9786  patience=12/30
2026-10-07 12:51:52,347  genstudy.model            INFO     [family_holdout:qftentangled] epoch 0029/1000  train_mse=0.001072  val_mse=0.001025  val_r2=0.9898  patience=13/30
2026-10-07 12:52:08,373  genstudy.model            INFO     [family_holdout:qftentangled] epoch 0030/1000  train_mse=0.001011  val_mse=0.001263  val_r2=0.9876  patience=14/30
2026-10-07 12:52:24,447  genstudy.model            INFO     [family_holdout:qftentangled] epoch 0031/1000  train_mse=0.001148  val_mse=0.002423  val_r2=0.9761  patience=15/30
2026-10-07 12:52:40,517  genstudy.model            INFO     [family_holdout:qftentangled] epoch 0032/1000  train_mse=0.001105  val_mse=0.001163  val_r2=0.9884  patience=16/30
2026-10-07 12:52:56,588  genstudy.model            INFO     [family_holdout:qftentangled] epoch 0033/1000  train_mse=0.001001  val_mse=0.000960  val_r2=0.9905  patience=17/30
2026-10-07 12:53:12,754  genstudy.model            INFO     [family_holdout:qftentangled] epoch 0034/1000  train_mse=0.000904  val_mse=0.001066  val_r2=0.9894  patience=18/30
2026-10-07 12:53:28,987  genstudy.model            INFO     [family_holdout:qftentangled] epoch 0035/1000  train_mse=0.000808  val_mse=0.001029  val_r2=0.9898  patience=19/30
2026-10-07 12:53:45,110  genstudy.model            INFO     [family_holdout:qftentangled] epoch 0036/1000  train_mse=0.000746  val_mse=0.000762  val_r2=0.9925  patience=0/30
2026-10-07 12:54:01,189  genstudy.model            INFO     [family_holdout:qftentangled] epoch 0037/1000  train_mse=0.000870  val_mse=0.001130  val_r2=0.9890  patience=1/30
2026-10-07 12:54:17,189  genstudy.model            INFO     [family_holdout:qftentangled] epoch 0038/1000  train_mse=0.000804  val_mse=0.000915  val_r2=0.9909  patience=2/30
2026-10-07 12:54:33,265  genstudy.model            INFO     [family_holdout:qftentangled] epoch 0039/1000  train_mse=0.000687  val_mse=0.000779  val_r2=0.9924  patience=3/30
2026-10-07 12:54:48,851  genstudy.model            INFO     [family_holdout:qftentangled] epoch 0040/1000  train_mse=0.000757  val_mse=0.000737  val_r2=0.9927  patience=0/30
2026-10-07 12:55:04,412  genstudy.model            INFO     [family_holdout:qftentangled] epoch 0041/1000  train_mse=0.000701  val_mse=0.000696  val_r2=0.9931  patience=0/30
2026-10-07 12:55:20,147  genstudy.model            INFO     [family_holdout:qftentangled] epoch 0042/1000  train_mse=0.000600  val_mse=0.000646  val_r2=0.9936  patience=0/30
2026-10-07 12:55:36,179  genstudy.model            INFO     [family_holdout:qftentangled] epoch 0043/1000  train_mse=0.000587  val_mse=0.000667  val_r2=0.9934  patience=1/30
2026-10-07 12:55:52,176  genstudy.model            INFO     [family_holdout:qftentangled] epoch 0044/1000  train_mse=0.000669  val_mse=0.001765  val_r2=0.9829  patience=2/30
2026-10-07 12:56:08,236  genstudy.model            INFO     [family_holdout:qftentangled] epoch 0045/1000  train_mse=0.000570  val_mse=0.000671  val_r2=0.9934  patience=3/30
2026-10-07 12:56:24,355  genstudy.model            INFO     [family_holdout:qftentangled] epoch 0046/1000  train_mse=0.000576  val_mse=0.000707  val_r2=0.9930  patience=4/30
2026-10-07 12:56:40,515  genstudy.model            INFO     [family_holdout:qftentangled] epoch 0047/1000  train_mse=0.000500  val_mse=0.000647  val_r2=0.9937  patience=5/30
2026-10-07 12:56:56,655  genstudy.model            INFO     [family_holdout:qftentangled] epoch 0048/1000  train_mse=0.000469  val_mse=0.000681  val_r2=0.9933  patience=6/30
2026-10-07 12:57:12,746  genstudy.model            INFO     [family_holdout:qftentangled] epoch 0049/1000  train_mse=0.000800  val_mse=0.000746  val_r2=0.9926  patience=7/30
2026-10-07 12:57:28,894  genstudy.model            INFO     [family_holdout:qftentangled] epoch 0050/1000  train_mse=0.000553  val_mse=0.000610  val_r2=0.9940  patience=0/30
2026-10-07 12:57:45,324  genstudy.model            INFO     [family_holdout:qftentangled] epoch 0051/1000  train_mse=0.000482  val_mse=0.000552  val_r2=0.9945  patience=0/30
2026-10-07 12:58:01,352  genstudy.model            INFO     [family_holdout:qftentangled] epoch 0052/1000  train_mse=0.000487  val_mse=0.000654  val_r2=0.9936  patience=1/30
2026-10-07 12:58:17,468  genstudy.model            INFO     [family_holdout:qftentangled] epoch 0053/1000  train_mse=0.000563  val_mse=0.001147  val_r2=0.9886  patience=2/30
2026-10-07 12:58:33,579  genstudy.model            INFO     [family_holdout:qftentangled] epoch 0054/1000  train_mse=0.000477  val_mse=0.000684  val_r2=0.9933  patience=3/30
2026-10-07 12:58:49,382  genstudy.model            INFO     [family_holdout:qftentangled] epoch 0055/1000  train_mse=0.000431  val_mse=0.000506  val_r2=0.9950  patience=0/30
2026-10-07 12:59:05,114  genstudy.model            INFO     [family_holdout:qftentangled] epoch 0056/1000  train_mse=0.000447  val_mse=0.000604  val_r2=0.9941  patience=1/30
2026-10-07 12:59:20,891  genstudy.model            INFO     [family_holdout:qftentangled] epoch 0057/1000  train_mse=0.000463  val_mse=0.000539  val_r2=0.9947  patience=2/30
2026-10-07 12:59:36,804  genstudy.model            INFO     [family_holdout:qftentangled] epoch 0058/1000  train_mse=0.000460  val_mse=0.000540  val_r2=0.9947  patience=3/30
2026-10-07 12:59:52,559  genstudy.model            INFO     [family_holdout:qftentangled] epoch 0059/1000  train_mse=0.000485  val_mse=0.000607  val_r2=0.9940  patience=4/30
2026-10-07 13:00:08,358  genstudy.model            INFO     [family_holdout:qftentangled] epoch 0060/1000  train_mse=0.000385  val_mse=0.000507  val_r2=0.9950  patience=5/30
2026-10-07 13:00:24,139  genstudy.model            INFO     [family_holdout:qftentangled] epoch 0061/1000  train_mse=0.000407  val_mse=0.000483  val_r2=0.9953  patience=0/30
2026-10-07 13:00:39,948  genstudy.model            INFO     [family_holdout:qftentangled] epoch 0062/1000  train_mse=0.000467  val_mse=0.000693  val_r2=0.9931  patience=1/30
2026-10-07 13:00:55,720  genstudy.model            INFO     [family_holdout:qftentangled] epoch 0063/1000  train_mse=0.000364  val_mse=0.000528  val_r2=0.9948  patience=2/30
2026-10-07 13:01:11,564  genstudy.model            INFO     [family_holdout:qftentangled] epoch 0064/1000  train_mse=0.000363  val_mse=0.000582  val_r2=0.9943  patience=3/30
2026-10-07 13:01:27,391  genstudy.model            INFO     [family_holdout:qftentangled] epoch 0065/1000  train_mse=0.000394  val_mse=0.000593  val_r2=0.9941  patience=4/30
2026-10-07 13:01:43,213  genstudy.model            INFO     [family_holdout:qftentangled] epoch 0066/1000  train_mse=0.000388  val_mse=0.000487  val_r2=0.9952  patience=5/30
2026-10-07 13:01:59,100  genstudy.model            INFO     [family_holdout:qftentangled] epoch 0067/1000  train_mse=0.000354  val_mse=0.000616  val_r2=0.9939  patience=6/30
2026-10-07 13:02:14,894  genstudy.model            INFO     [family_holdout:qftentangled] epoch 0068/1000  train_mse=0.000343  val_mse=0.000519  val_r2=0.9949  patience=7/30
2026-10-07 13:02:30,680  genstudy.model            INFO     [family_holdout:qftentangled] epoch 0069/1000  train_mse=0.000386  val_mse=0.000462  val_r2=0.9955  patience=0/30
2026-10-07 13:02:46,610  genstudy.model            INFO     [family_holdout:qftentangled] epoch 0070/1000  train_mse=0.000347  val_mse=0.000460  val_r2=0.9955  patience=0/30
2026-10-07 13:03:02,631  genstudy.model            INFO     [family_holdout:qftentangled] epoch 0071/1000  train_mse=0.000371  val_mse=0.000547  val_r2=0.9946  patience=1/30
2026-10-07 13:03:18,654  genstudy.model            INFO     [family_holdout:qftentangled] epoch 0072/1000  train_mse=0.000372  val_mse=0.000521  val_r2=0.9949  patience=2/30
2026-10-07 13:03:34,632  genstudy.model            INFO     [family_holdout:qftentangled] epoch 0073/1000  train_mse=0.000399  val_mse=0.000517  val_r2=0.9949  patience=3/30
2026-10-07 13:03:50,629  genstudy.model            INFO     [family_holdout:qftentangled] epoch 0074/1000  train_mse=0.000319  val_mse=0.000539  val_r2=0.9947  patience=4/30
2026-10-07 13:04:06,802  genstudy.model            INFO     [family_holdout:qftentangled] epoch 0075/1000  train_mse=0.000334  val_mse=0.000774  val_r2=0.9922  patience=5/30
2026-10-07 13:04:22,825  genstudy.model            INFO     [family_holdout:qftentangled] epoch 0076/1000  train_mse=0.000363  val_mse=0.000537  val_r2=0.9947  patience=6/30
2026-10-07 13:04:38,896  genstudy.model            INFO     [family_holdout:qftentangled] epoch 0077/1000  train_mse=0.000355  val_mse=0.000613  val_r2=0.9940  patience=7/30
2026-10-07 13:04:54,796  genstudy.model            INFO     [family_holdout:qftentangled] epoch 0078/1000  train_mse=0.000307  val_mse=0.000458  val_r2=0.9955  patience=0/30
2026-10-07 13:05:10,996  genstudy.model            INFO     [family_holdout:qftentangled] epoch 0079/1000  train_mse=0.000336  val_mse=0.000595  val_r2=0.9941  patience=1/30
2026-10-07 13:05:27,169  genstudy.model            INFO     [family_holdout:qftentangled] epoch 0080/1000  train_mse=0.000316  val_mse=0.000590  val_r2=0.9942  patience=2/30
2026-10-07 13:05:43,210  genstudy.model            INFO     [family_holdout:qftentangled] epoch 0081/1000  train_mse=0.000329  val_mse=0.000567  val_r2=0.9945  patience=3/30
2026-10-07 13:05:59,391  genstudy.model            INFO     [family_holdout:qftentangled] epoch 0082/1000  train_mse=0.000306  val_mse=0.000450  val_r2=0.9956  patience=0/30
2026-10-07 13:06:15,444  genstudy.model            INFO     [family_holdout:qftentangled] epoch 0083/1000  train_mse=0.000299  val_mse=0.000446  val_r2=0.9956  patience=0/30
2026-10-07 13:06:31,634  genstudy.model            INFO     [family_holdout:qftentangled] epoch 0084/1000  train_mse=0.000554  val_mse=0.000599  val_r2=0.9941  patience=1/30
2026-10-07 13:06:47,683  genstudy.model            INFO     [family_holdout:qftentangled] epoch 0085/1000  train_mse=0.000389  val_mse=0.000443  val_r2=0.9957  patience=0/30
2026-10-07 13:07:03,792  genstudy.model            INFO     [family_holdout:qftentangled] epoch 0086/1000  train_mse=0.000357  val_mse=0.000500  val_r2=0.9951  patience=1/30
2026-10-07 13:07:19,877  genstudy.model            INFO     [family_holdout:qftentangled] epoch 0087/1000  train_mse=0.000297  val_mse=0.000464  val_r2=0.9955  patience=2/30
2026-10-07 13:07:35,928  genstudy.model            INFO     [family_holdout:qftentangled] epoch 0088/1000  train_mse=0.000310  val_mse=0.000434  val_r2=0.9958  patience=0/30
2026-10-07 13:07:52,076  genstudy.model            INFO     [family_holdout:qftentangled] epoch 0089/1000  train_mse=0.000293  val_mse=0.000440  val_r2=0.9957  patience=1/30
2026-10-07 13:08:08,139  genstudy.model            INFO     [family_holdout:qftentangled] epoch 0090/1000  train_mse=0.000298  val_mse=0.000625  val_r2=0.9938  patience=2/30
2026-10-07 13:08:24,292  genstudy.model            INFO     [family_holdout:qftentangled] epoch 0091/1000  train_mse=0.000292  val_mse=0.000490  val_r2=0.9951  patience=3/30
2026-10-07 13:08:40,578  genstudy.model            INFO     [family_holdout:qftentangled] epoch 0092/1000  train_mse=0.000334  val_mse=0.000768  val_r2=0.9926  patience=4/30
2026-10-07 13:08:56,698  genstudy.model            INFO     [family_holdout:qftentangled] epoch 0093/1000  train_mse=0.000299  val_mse=0.000447  val_r2=0.9956  patience=5/30
2026-10-07 13:09:12,899  genstudy.model            INFO     [family_holdout:qftentangled] epoch 0094/1000  train_mse=0.000430  val_mse=0.000481  val_r2=0.9953  patience=6/30
2026-10-07 13:09:29,218  genstudy.model            INFO     [family_holdout:qftentangled] epoch 0095/1000  train_mse=0.000296  val_mse=0.000464  val_r2=0.9954  patience=7/30
2026-10-07 13:09:45,522  genstudy.model            INFO     [family_holdout:qftentangled] epoch 0096/1000  train_mse=0.000274  val_mse=0.000431  val_r2=0.9958  patience=0/30
2026-10-07 13:10:01,667  genstudy.model            INFO     [family_holdout:qftentangled] epoch 0097/1000  train_mse=0.000273  val_mse=0.000645  val_r2=0.9936  patience=1/30
2026-10-07 13:10:17,701  genstudy.model            INFO     [family_holdout:qftentangled] epoch 0098/1000  train_mse=0.000294  val_mse=0.000442  val_r2=0.9957  patience=2/30
2026-10-07 13:10:33,779  genstudy.model            INFO     [family_holdout:qftentangled] epoch 0099/1000  train_mse=0.000284  val_mse=0.000438  val_r2=0.9957  patience=3/30
2026-10-07 13:10:49,886  genstudy.model            INFO     [family_holdout:qftentangled] epoch 0100/1000  train_mse=0.000284  val_mse=0.000467  val_r2=0.9954  patience=4/30
2026-10-07 13:11:05,939  genstudy.model            INFO     [family_holdout:qftentangled] epoch 0101/1000  train_mse=0.000284  val_mse=0.000413  val_r2=0.9960  patience=0/30
2026-10-07 13:11:22,036  genstudy.model            INFO     [family_holdout:qftentangled] epoch 0102/1000  train_mse=0.000260  val_mse=0.000406  val_r2=0.9960  patience=0/30
2026-10-07 13:11:38,098  genstudy.model            INFO     [family_holdout:qftentangled] epoch 0103/1000  train_mse=0.000270  val_mse=0.000411  val_r2=0.9960  patience=1/30
2026-10-07 13:11:54,209  genstudy.model            INFO     [family_holdout:qftentangled] epoch 0104/1000  train_mse=0.000266  val_mse=0.000412  val_r2=0.9960  patience=2/30
2026-10-07 13:12:10,302  genstudy.model            INFO     [family_holdout:qftentangled] epoch 0105/1000  train_mse=0.000264  val_mse=0.000464  val_r2=0.9954  patience=3/30
2026-10-07 13:12:26,362  genstudy.model            INFO     [family_holdout:qftentangled] epoch 0106/1000  train_mse=0.000257  val_mse=0.000427  val_r2=0.9958  patience=4/30
2026-10-07 13:12:42,474  genstudy.model            INFO     [family_holdout:qftentangled] epoch 0107/1000  train_mse=0.000265  val_mse=0.000502  val_r2=0.9951  patience=5/30
2026-10-07 13:12:58,610  genstudy.model            INFO     [family_holdout:qftentangled] epoch 0108/1000  train_mse=0.000252  val_mse=0.000435  val_r2=0.9958  patience=6/30
2026-10-07 13:13:14,735  genstudy.model            INFO     [family_holdout:qftentangled] epoch 0109/1000  train_mse=0.000258  val_mse=0.000442  val_r2=0.9957  patience=7/30
2026-10-07 13:13:30,876  genstudy.model            INFO     [family_holdout:qftentangled] epoch 0110/1000  train_mse=0.000261  val_mse=0.000504  val_r2=0.9951  patience=8/30
2026-10-07 13:13:47,002  genstudy.model            INFO     [family_holdout:qftentangled] epoch 0111/1000  train_mse=0.000256  val_mse=0.000466  val_r2=0.9954  patience=9/30
2026-10-07 13:14:03,158  genstudy.model            INFO     [family_holdout:qftentangled] epoch 0112/1000  train_mse=0.000260  val_mse=0.000417  val_r2=0.9959  patience=10/30
2026-10-07 13:14:19,325  genstudy.model            INFO     [family_holdout:qftentangled] epoch 0113/1000  train_mse=0.000266  val_mse=0.000465  val_r2=0.9955  patience=11/30
2026-10-07 13:14:35,376  genstudy.model            INFO     [family_holdout:qftentangled] epoch 0114/1000  train_mse=0.000254  val_mse=0.000502  val_r2=0.9951  patience=12/30
2026-10-07 13:14:51,510  genstudy.model            INFO     [family_holdout:qftentangled] epoch 0115/1000  train_mse=0.000274  val_mse=0.000550  val_r2=0.9946  patience=13/30
2026-10-07 13:15:07,602  genstudy.model            INFO     [family_holdout:qftentangled] epoch 0116/1000  train_mse=0.000294  val_mse=0.000433  val_r2=0.9958  patience=14/30
2026-10-07 13:15:23,587  genstudy.model            INFO     [family_holdout:qftentangled] epoch 0117/1000  train_mse=0.000238  val_mse=0.000445  val_r2=0.9956  patience=15/30
2026-10-07 13:15:39,664  genstudy.model            INFO     [family_holdout:qftentangled] epoch 0118/1000  train_mse=0.000229  val_mse=0.000459  val_r2=0.9955  patience=16/30
2026-10-07 13:15:55,619  genstudy.model            INFO     [family_holdout:qftentangled] epoch 0119/1000  train_mse=0.000251  val_mse=0.000418  val_r2=0.9959  patience=17/30
2026-10-07 13:16:11,683  genstudy.model            INFO     [family_holdout:qftentangled] epoch 0120/1000  train_mse=0.000227  val_mse=0.000428  val_r2=0.9958  patience=18/30
2026-10-07 13:16:27,756  genstudy.model            INFO     [family_holdout:qftentangled] epoch 0121/1000  train_mse=0.000230  val_mse=0.000426  val_r2=0.9958  patience=19/30
2026-10-07 13:16:43,753  genstudy.model            INFO     [family_holdout:qftentangled] epoch 0122/1000  train_mse=0.000225  val_mse=0.000554  val_r2=0.9946  patience=20/30
2026-10-07 13:16:59,834  genstudy.model            INFO     [family_holdout:qftentangled] epoch 0123/1000  train_mse=0.000240  val_mse=0.000442  val_r2=0.9957  patience=21/30
2026-10-07 13:17:15,951  genstudy.model            INFO     [family_holdout:qftentangled] epoch 0124/1000  train_mse=0.000252  val_mse=0.000490  val_r2=0.9952  patience=22/30
2026-10-07 13:17:32,036  genstudy.model            INFO     [family_holdout:qftentangled] epoch 0125/1000  train_mse=0.000227  val_mse=0.000406  val_r2=0.9960  patience=0/30
2026-10-07 13:17:48,088  genstudy.model            INFO     [family_holdout:qftentangled] epoch 0126/1000  train_mse=0.000239  val_mse=0.000489  val_r2=0.9952  patience=1/30
2026-10-07 13:18:03,959  genstudy.model            INFO     [family_holdout:qftentangled] epoch 0127/1000  train_mse=0.000229  val_mse=0.000420  val_r2=0.9959  patience=2/30
2026-10-07 13:18:20,035  genstudy.model            INFO     [family_holdout:qftentangled] epoch 0128/1000  train_mse=0.000232  val_mse=0.000416  val_r2=0.9959  patience=3/30
2026-10-07 13:18:36,021  genstudy.model            INFO     [family_holdout:qftentangled] epoch 0129/1000  train_mse=0.000229  val_mse=0.000448  val_r2=0.9956  patience=4/30
2026-10-07 13:18:52,060  genstudy.model            INFO     [family_holdout:qftentangled] epoch 0130/1000  train_mse=0.000222  val_mse=0.000537  val_r2=0.9948  patience=5/30
2026-10-07 13:19:07,996  genstudy.model            INFO     [family_holdout:qftentangled] epoch 0131/1000  train_mse=0.000219  val_mse=0.000407  val_r2=0.9960  patience=6/30
2026-10-07 13:19:23,981  genstudy.model            INFO     [family_holdout:qftentangled] epoch 0132/1000  train_mse=0.000253  val_mse=0.000491  val_r2=0.9952  patience=7/30
2026-10-07 13:19:40,064  genstudy.model            INFO     [family_holdout:qftentangled] epoch 0133/1000  train_mse=0.000227  val_mse=0.000535  val_r2=0.9947  patience=8/30
2026-10-07 13:19:55,897  genstudy.model            INFO     [family_holdout:qftentangled] epoch 0134/1000  train_mse=0.000221  val_mse=0.000421  val_r2=0.9959  patience=9/30
2026-10-07 13:20:11,878  genstudy.model            INFO     [family_holdout:qftentangled] epoch 0135/1000  train_mse=0.000219  val_mse=0.000545  val_r2=0.9947  patience=10/30
2026-10-07 13:20:27,859  genstudy.model            INFO     [family_holdout:qftentangled] epoch 0136/1000  train_mse=0.000207  val_mse=0.000533  val_r2=0.9948  patience=11/30
2026-10-07 13:20:43,816  genstudy.model            INFO     [family_holdout:qftentangled] epoch 0137/1000  train_mse=0.000226  val_mse=0.000528  val_r2=0.9948  patience=12/30
2026-10-07 13:20:59,816  genstudy.model            INFO     [family_holdout:qftentangled] epoch 0138/1000  train_mse=0.000209  val_mse=0.000463  val_r2=0.9955  patience=13/30
2026-10-07 13:21:15,804  genstudy.model            INFO     [family_holdout:qftentangled] epoch 0139/1000  train_mse=0.000232  val_mse=0.000466  val_r2=0.9955  patience=14/30
2026-10-07 13:21:31,828  genstudy.model            INFO     [family_holdout:qftentangled] epoch 0140/1000  train_mse=0.000645  val_mse=0.000586  val_r2=0.9942  patience=15/30
2026-10-07 13:21:47,827  genstudy.model            INFO     [family_holdout:qftentangled] epoch 0141/1000  train_mse=0.000336  val_mse=0.000460  val_r2=0.9955  patience=16/30
2026-10-07 13:22:03,767  genstudy.model            INFO     [family_holdout:qftentangled] epoch 0142/1000  train_mse=0.000268  val_mse=0.000427  val_r2=0.9958  patience=17/30
2026-10-07 13:22:19,769  genstudy.model            INFO     [family_holdout:qftentangled] epoch 0143/1000  train_mse=0.000249  val_mse=0.000410  val_r2=0.9960  patience=18/30
2026-10-07 13:22:35,803  genstudy.model            INFO     [family_holdout:qftentangled] epoch 0144/1000  train_mse=0.000233  val_mse=0.000426  val_r2=0.9958  patience=19/30
2026-10-07 13:22:51,782  genstudy.model            INFO     [family_holdout:qftentangled] epoch 0145/1000  train_mse=0.000221  val_mse=0.000407  val_r2=0.9960  patience=20/30
2026-10-07 13:23:07,661  genstudy.model            INFO     [family_holdout:qftentangled] epoch 0146/1000  train_mse=0.000221  val_mse=0.000424  val_r2=0.9958  patience=21/30
2026-10-07 13:23:23,568  genstudy.model            INFO     [family_holdout:qftentangled] epoch 0147/1000  train_mse=0.000217  val_mse=0.000421  val_r2=0.9959  patience=22/30
2026-10-07 13:23:39,423  genstudy.model            INFO     [family_holdout:qftentangled] epoch 0148/1000  train_mse=0.000227  val_mse=0.000489  val_r2=0.9952  patience=23/30
2026-10-07 13:23:55,262  genstudy.model            INFO     [family_holdout:qftentangled] epoch 0149/1000  train_mse=0.000251  val_mse=0.000545  val_r2=0.9946  patience=24/30
2026-10-07 13:24:11,036  genstudy.model            INFO     [family_holdout:qftentangled] epoch 0150/1000  train_mse=0.000218  val_mse=0.000422  val_r2=0.9959  patience=25/30
2026-10-07 13:24:26,949  genstudy.model            INFO     [family_holdout:qftentangled] epoch 0151/1000  train_mse=0.000219  val_mse=0.000481  val_r2=0.9953  patience=26/30
2026-10-07 13:24:42,686  genstudy.model            INFO     [family_holdout:qftentangled] epoch 0152/1000  train_mse=0.000203  val_mse=0.000416  val_r2=0.9960  patience=27/30
2026-10-07 13:24:58,663  genstudy.model            INFO     [family_holdout:qftentangled] epoch 0153/1000  train_mse=0.000199  val_mse=0.000512  val_r2=0.9950  patience=28/30
2026-10-07 13:25:14,699  genstudy.model            INFO     [family_holdout:qftentangled] epoch 0154/1000  train_mse=0.000292  val_mse=0.000460  val_r2=0.9955  patience=29/30
2026-10-07 13:25:30,620  genstudy.model            INFO     [family_holdout:qftentangled] epoch 0155/1000  train_mse=0.000242  val_mse=0.000424  val_r2=0.9959  patience=30/30
2026-10-07 13:25:30,707  genstudy.model            INFO     [family_holdout:qftentangled] early stop at epoch 155; best epoch 125
2026-10-07 13:25:30,986  genstudy.experiment       INFO     [qftentangled] TEST  n=746  MAE=0.0120  RMSE=0.0223  R2=0.9941  device-acc=0.800  regret=0.0054
2026-10-07 13:25:30,989  genstudy.io               INFO     Wrote /home/atudisco/pred-distr-tool/evaluations/generalization/results/leave_one_family_out/qftentangled/metrics.json
2026-10-07 13:25:30,995  genstudy.io               INFO     Wrote /home/atudisco/pred-distr-tool/evaluations/generalization/results/leave_one_family_out/qftentangled/predictions.json
2026-10-07 13:25:31,006  genstudy.io               INFO     Wrote /home/atudisco/pred-distr-tool/evaluations/generalization/results/leave_one_family_out/qftentangled/history.json
2026-10-07 13:25:31,029  genstudy.experiment       INFO     Wrote /home/atudisco/pred-distr-tool/evaluations/generalization/results/leave_one_family_out/qftentangled/model.pth
2026-10-07 13:25:31,030  genstudy.experiment       INFO     Removed /home/atudisco/pred-distr-tool/evaluations/generalization/results/leave_one_family_out/qftentangled/checkpoint.pt (split finished)
2026-10-07 13:25:31,031  run_leave_one_family_out  INFO     [10/10] holding out family 'iqpe'
2026-10-07 13:25:31,033  genstudy.experiment       INFO     === family_holdout / iqpe ===
2026-10-07 13:25:31,034  genstudy.experiment       INFO     Leave-one-family-out: test = all 570 'iqpe' circuits, train = 16486 circuits from 34 other families.
2026-10-07 13:25:31,034  genstudy.experiment       INFO     train=13189  val=3297  test=570
2026-10-07 13:25:31,046  genstudy.model            INFO     [family_holdout:iqpe] training on 13189 graphs, validating on 3297, epochs 1-1000 (patience 30)
2026-10-07 13:25:47,039  genstudy.model            INFO     [family_holdout:iqpe] epoch 0001/1000  train_mse=0.504842  val_mse=0.006685  val_r2=0.9326  patience=0/30
2026-10-07 13:26:03,308  genstudy.model            INFO     [family_holdout:iqpe] epoch 0002/1000  train_mse=0.009789  val_mse=0.003465  val_r2=0.9649  patience=0/30
2026-10-07 13:26:19,821  genstudy.model            INFO     [family_holdout:iqpe] epoch 0003/1000  train_mse=0.007105  val_mse=0.002505  val_r2=0.9744  patience=0/30
2026-10-07 13:26:36,292  genstudy.model            INFO     [family_holdout:iqpe] epoch 0004/1000  train_mse=0.004190  val_mse=0.002911  val_r2=0.9701  patience=1/30
2026-10-07 13:26:52,691  genstudy.model            INFO     [family_holdout:iqpe] epoch 0005/1000  train_mse=0.002116  val_mse=0.001247  val_r2=0.9874  patience=0/30
2026-10-07 13:27:08,923  genstudy.model            INFO     [family_holdout:iqpe] epoch 0006/1000  train_mse=0.003094  val_mse=0.013628  val_r2=0.8617  patience=1/30
2026-10-07 13:27:25,046  genstudy.model            INFO     [family_holdout:iqpe] epoch 0007/1000  train_mse=0.002694  val_mse=0.001056  val_r2=0.9893  patience=0/30
2026-10-07 13:27:41,379  genstudy.model            INFO     [family_holdout:iqpe] epoch 0008/1000  train_mse=0.001151  val_mse=0.014124  val_r2=0.8614  patience=1/30
2026-10-07 13:27:57,415  genstudy.model            INFO     [family_holdout:iqpe] epoch 0009/1000  train_mse=0.001620  val_mse=0.000973  val_r2=0.9902  patience=0/30
2026-10-07 13:28:13,286  genstudy.model            INFO     [family_holdout:iqpe] epoch 0010/1000  train_mse=0.000964  val_mse=0.001243  val_r2=0.9873  patience=1/30
2026-10-07 13:28:29,230  genstudy.model            INFO     [family_holdout:iqpe] epoch 0011/1000  train_mse=0.000921  val_mse=0.000839  val_r2=0.9916  patience=0/30
2026-10-07 13:28:45,647  genstudy.model            INFO     [family_holdout:iqpe] epoch 0012/1000  train_mse=0.000767  val_mse=0.001014  val_r2=0.9899  patience=1/30
2026-10-07 13:29:02,236  genstudy.model            INFO     [family_holdout:iqpe] epoch 0013/1000  train_mse=0.000942  val_mse=0.001692  val_r2=0.9828  patience=2/30
2026-10-07 13:29:18,142  genstudy.model            INFO     [family_holdout:iqpe] epoch 0014/1000  train_mse=0.000928  val_mse=0.000868  val_r2=0.9913  patience=3/30
2026-10-07 13:29:34,014  genstudy.model            INFO     [family_holdout:iqpe] epoch 0015/1000  train_mse=0.001084  val_mse=0.001869  val_r2=0.9810  patience=4/30
2026-10-07 13:29:49,973  genstudy.model            INFO     [family_holdout:iqpe] epoch 0016/1000  train_mse=0.000822  val_mse=0.000901  val_r2=0.9910  patience=5/30
2026-10-07 13:30:05,986  genstudy.model            INFO     [family_holdout:iqpe] epoch 0017/1000  train_mse=0.000945  val_mse=0.001545  val_r2=0.9840  patience=6/30
2026-10-07 13:30:22,057  genstudy.model            INFO     [family_holdout:iqpe] epoch 0018/1000  train_mse=0.000743  val_mse=0.000701  val_r2=0.9929  patience=0/30
2026-10-07 13:30:38,204  genstudy.model            INFO     [family_holdout:iqpe] epoch 0019/1000  train_mse=0.000712  val_mse=0.001090  val_r2=0.9889  patience=1/30
2026-10-07 13:30:54,460  genstudy.model            INFO     [family_holdout:iqpe] epoch 0020/1000  train_mse=0.000814  val_mse=0.000933  val_r2=0.9906  patience=2/30
2026-10-07 13:31:10,725  genstudy.model            INFO     [family_holdout:iqpe] epoch 0021/1000  train_mse=0.000751  val_mse=0.000638  val_r2=0.9936  patience=0/30
2026-10-07 13:31:26,624  genstudy.model            INFO     [family_holdout:iqpe] epoch 0022/1000  train_mse=0.000749  val_mse=0.001222  val_r2=0.9876  patience=1/30
2026-10-07 13:31:42,697  genstudy.model            INFO     [family_holdout:iqpe] epoch 0023/1000  train_mse=0.196434  val_mse=0.037289  val_r2=0.6276  patience=2/30
2026-10-07 13:31:58,637  genstudy.model            INFO     [family_holdout:iqpe] epoch 0024/1000  train_mse=0.010820  val_mse=0.003325  val_r2=0.9665  patience=3/30
2026-10-07 13:32:14,573  genstudy.model            INFO     [family_holdout:iqpe] epoch 0025/1000  train_mse=0.003068  val_mse=0.002924  val_r2=0.9704  patience=4/30
2026-10-07 13:32:30,666  genstudy.model            INFO     [family_holdout:iqpe] epoch 0026/1000  train_mse=0.002241  val_mse=0.001934  val_r2=0.9806  patience=5/30
2026-10-07 13:32:46,980  genstudy.model            INFO     [family_holdout:iqpe] epoch 0027/1000  train_mse=0.001806  val_mse=0.002094  val_r2=0.9783  patience=6/30
2026-10-07 13:33:03,161  genstudy.model            INFO     [family_holdout:iqpe] epoch 0028/1000  train_mse=0.001652  val_mse=0.001565  val_r2=0.9839  patience=7/30
2026-10-07 13:33:19,366  genstudy.model            INFO     [family_holdout:iqpe] epoch 0029/1000  train_mse=0.001530  val_mse=0.001229  val_r2=0.9875  patience=8/30
2026-10-07 13:33:35,444  genstudy.model            INFO     [family_holdout:iqpe] epoch 0030/1000  train_mse=0.001426  val_mse=0.001648  val_r2=0.9834  patience=9/30
2026-10-07 13:33:51,641  genstudy.model            INFO     [family_holdout:iqpe] epoch 0031/1000  train_mse=0.001314  val_mse=0.001125  val_r2=0.9885  patience=10/30
2026-10-07 13:34:07,676  genstudy.model            INFO     [family_holdout:iqpe] epoch 0032/1000  train_mse=0.001290  val_mse=0.001027  val_r2=0.9895  patience=11/30
2026-10-07 13:34:23,814  genstudy.model            INFO     [family_holdout:iqpe] epoch 0033/1000  train_mse=0.001341  val_mse=0.001062  val_r2=0.9893  patience=12/30
2026-10-07 13:34:39,846  genstudy.model            INFO     [family_holdout:iqpe] epoch 0034/1000  train_mse=0.001184  val_mse=0.001289  val_r2=0.9868  patience=13/30
2026-10-07 13:34:56,088  genstudy.model            INFO     [family_holdout:iqpe] epoch 0035/1000  train_mse=0.001016  val_mse=0.005070  val_r2=0.9498  patience=14/30
2026-10-07 13:35:12,206  genstudy.model            INFO     [family_holdout:iqpe] epoch 0036/1000  train_mse=0.001051  val_mse=0.000770  val_r2=0.9922  patience=15/30
2026-10-07 13:35:28,389  genstudy.model            INFO     [family_holdout:iqpe] epoch 0037/1000  train_mse=0.000978  val_mse=0.000806  val_r2=0.9919  patience=16/30
2026-10-07 13:35:44,635  genstudy.model            INFO     [family_holdout:iqpe] epoch 0038/1000  train_mse=0.000831  val_mse=0.001017  val_r2=0.9897  patience=17/30
2026-10-07 13:36:00,765  genstudy.model            INFO     [family_holdout:iqpe] epoch 0039/1000  train_mse=0.000926  val_mse=0.001038  val_r2=0.9897  patience=18/30
2026-10-07 13:36:16,846  genstudy.model            INFO     [family_holdout:iqpe] epoch 0040/1000  train_mse=0.000785  val_mse=0.000782  val_r2=0.9922  patience=19/30
2026-10-07 13:36:32,758  genstudy.model            INFO     [family_holdout:iqpe] epoch 0041/1000  train_mse=0.000787  val_mse=0.000778  val_r2=0.9922  patience=20/30
2026-10-07 13:36:48,782  genstudy.model            INFO     [family_holdout:iqpe] epoch 0042/1000  train_mse=0.000703  val_mse=0.002370  val_r2=0.9764  patience=21/30
2026-10-07 13:37:04,739  genstudy.model            INFO     [family_holdout:iqpe] epoch 0043/1000  train_mse=0.000666  val_mse=0.000984  val_r2=0.9900  patience=22/30
2026-10-07 13:37:20,736  genstudy.model            INFO     [family_holdout:iqpe] epoch 0044/1000  train_mse=0.000695  val_mse=0.000761  val_r2=0.9923  patience=23/30
2026-10-07 13:37:36,756  genstudy.model            INFO     [family_holdout:iqpe] epoch 0045/1000  train_mse=0.000686  val_mse=0.000593  val_r2=0.9940  patience=0/30
2026-10-07 13:37:52,597  genstudy.model            INFO     [family_holdout:iqpe] epoch 0046/1000  train_mse=0.000604  val_mse=0.001169  val_r2=0.9877  patience=1/30
2026-10-07 13:38:08,668  genstudy.model            INFO     [family_holdout:iqpe] epoch 0047/1000  train_mse=0.000679  val_mse=0.000609  val_r2=0.9939  patience=2/30
2026-10-07 13:38:24,941  genstudy.model            INFO     [family_holdout:iqpe] epoch 0048/1000  train_mse=0.000539  val_mse=0.001260  val_r2=0.9871  patience=3/30
2026-10-07 13:38:41,067  genstudy.model            INFO     [family_holdout:iqpe] epoch 0049/1000  train_mse=0.000650  val_mse=0.000652  val_r2=0.9935  patience=4/30
2026-10-07 13:38:57,263  genstudy.model            INFO     [family_holdout:iqpe] epoch 0050/1000  train_mse=0.000525  val_mse=0.000569  val_r2=0.9943  patience=0/30
2026-10-07 13:39:13,612  genstudy.model            INFO     [family_holdout:iqpe] epoch 0051/1000  train_mse=0.000500  val_mse=0.001545  val_r2=0.9841  patience=1/30
2026-10-07 13:39:29,687  genstudy.model            INFO     [family_holdout:iqpe] epoch 0052/1000  train_mse=0.000509  val_mse=0.000473  val_r2=0.9953  patience=0/30
2026-10-07 13:39:45,589  genstudy.model            INFO     [family_holdout:iqpe] epoch 0053/1000  train_mse=0.000478  val_mse=0.001338  val_r2=0.9868  patience=1/30
2026-10-07 13:40:01,535  genstudy.model            INFO     [family_holdout:iqpe] epoch 0054/1000  train_mse=0.000563  val_mse=0.000554  val_r2=0.9945  patience=2/30
2026-10-07 13:40:17,947  genstudy.model            INFO     [family_holdout:iqpe] epoch 0055/1000  train_mse=0.000513  val_mse=0.000781  val_r2=0.9922  patience=3/30
2026-10-07 13:40:34,104  genstudy.model            INFO     [family_holdout:iqpe] epoch 0056/1000  train_mse=0.000499  val_mse=0.000518  val_r2=0.9948  patience=4/30
2026-10-07 13:40:50,371  genstudy.model            INFO     [family_holdout:iqpe] epoch 0057/1000  train_mse=0.000492  val_mse=0.000594  val_r2=0.9940  patience=5/30
2026-10-07 13:41:06,587  genstudy.model            INFO     [family_holdout:iqpe] epoch 0058/1000  train_mse=0.000441  val_mse=0.000565  val_r2=0.9944  patience=6/30
2026-10-07 13:41:22,978  genstudy.model            INFO     [family_holdout:iqpe] epoch 0059/1000  train_mse=0.000444  val_mse=0.001296  val_r2=0.9872  patience=7/30
2026-10-07 13:41:39,327  genstudy.model            INFO     [family_holdout:iqpe] epoch 0060/1000  train_mse=0.001207  val_mse=0.001102  val_r2=0.9889  patience=8/30
2026-10-07 13:41:55,695  genstudy.model            INFO     [family_holdout:iqpe] epoch 0061/1000  train_mse=0.000751  val_mse=0.000721  val_r2=0.9928  patience=9/30
2026-10-07 13:42:12,029  genstudy.model            INFO     [family_holdout:iqpe] epoch 0062/1000  train_mse=0.000525  val_mse=0.001079  val_r2=0.9889  patience=10/30
2026-10-07 13:42:28,434  genstudy.model            INFO     [family_holdout:iqpe] epoch 0063/1000  train_mse=0.000465  val_mse=0.000522  val_r2=0.9948  patience=11/30
2026-10-07 13:42:44,768  genstudy.model            INFO     [family_holdout:iqpe] epoch 0064/1000  train_mse=0.000441  val_mse=0.000938  val_r2=0.9906  patience=12/30
2026-10-07 13:43:00,991  genstudy.model            INFO     [family_holdout:iqpe] epoch 0065/1000  train_mse=0.000450  val_mse=0.000534  val_r2=0.9947  patience=13/30
2026-10-07 13:43:17,204  genstudy.model            INFO     [family_holdout:iqpe] epoch 0066/1000  train_mse=0.000428  val_mse=0.000488  val_r2=0.9951  patience=14/30
2026-10-07 13:43:33,508  genstudy.model            INFO     [family_holdout:iqpe] epoch 0067/1000  train_mse=0.000390  val_mse=0.000868  val_r2=0.9912  patience=15/30
2026-10-07 13:43:49,484  genstudy.model            INFO     [family_holdout:iqpe] epoch 0068/1000  train_mse=0.000411  val_mse=0.000588  val_r2=0.9941  patience=16/30
2026-10-07 13:44:05,582  genstudy.model            INFO     [family_holdout:iqpe] epoch 0069/1000  train_mse=0.000532  val_mse=0.000440  val_r2=0.9956  patience=0/30
2026-10-07 13:44:21,836  genstudy.model            INFO     [family_holdout:iqpe] epoch 0070/1000  train_mse=0.000409  val_mse=0.000558  val_r2=0.9944  patience=1/30
2026-10-07 13:44:38,311  genstudy.model            INFO     [family_holdout:iqpe] epoch 0071/1000  train_mse=0.000420  val_mse=0.000513  val_r2=0.9948  patience=2/30
2026-10-07 13:44:54,914  genstudy.model            INFO     [family_holdout:iqpe] epoch 0072/1000  train_mse=0.000465  val_mse=0.000569  val_r2=0.9943  patience=3/30
2026-10-07 13:45:11,266  genstudy.model            INFO     [family_holdout:iqpe] epoch 0073/1000  train_mse=0.000411  val_mse=0.000470  val_r2=0.9953  patience=4/30
2026-10-07 13:45:27,774  genstudy.model            INFO     [family_holdout:iqpe] epoch 0074/1000  train_mse=0.000367  val_mse=0.000443  val_r2=0.9956  patience=5/30
2026-10-07 13:45:44,433  genstudy.model            INFO     [family_holdout:iqpe] epoch 0075/1000  train_mse=0.000354  val_mse=0.000427  val_r2=0.9957  patience=0/30
2026-10-07 13:46:00,879  genstudy.model            INFO     [family_holdout:iqpe] epoch 0076/1000  train_mse=0.000360  val_mse=0.000715  val_r2=0.9928  patience=1/30
2026-10-07 13:46:17,265  genstudy.model            INFO     [family_holdout:iqpe] epoch 0077/1000  train_mse=0.000402  val_mse=0.000430  val_r2=0.9957  patience=2/30
2026-10-07 13:46:33,714  genstudy.model            INFO     [family_holdout:iqpe] epoch 0078/1000  train_mse=0.000336  val_mse=0.000403  val_r2=0.9960  patience=0/30
2026-10-07 13:46:49,816  genstudy.model            INFO     [family_holdout:iqpe] epoch 0079/1000  train_mse=0.000349  val_mse=0.000586  val_r2=0.9941  patience=1/30
2026-10-07 13:47:06,296  genstudy.model            INFO     [family_holdout:iqpe] epoch 0080/1000  train_mse=0.000312  val_mse=0.000403  val_r2=0.9960  patience=0/30
2026-10-07 13:47:22,400  genstudy.model            INFO     [family_holdout:iqpe] epoch 0081/1000  train_mse=0.000328  val_mse=0.000386  val_r2=0.9962  patience=0/30
2026-10-07 13:47:38,531  genstudy.model            INFO     [family_holdout:iqpe] epoch 0082/1000  train_mse=0.000307  val_mse=0.000898  val_r2=0.9908  patience=1/30
2026-10-07 13:47:54,556  genstudy.model            INFO     [family_holdout:iqpe] epoch 0083/1000  train_mse=0.000327  val_mse=0.000440  val_r2=0.9956  patience=2/30
2026-10-07 13:48:10,446  genstudy.model            INFO     [family_holdout:iqpe] epoch 0084/1000  train_mse=0.000340  val_mse=0.000402  val_r2=0.9960  patience=3/30
2026-10-07 13:48:26,476  genstudy.model            INFO     [family_holdout:iqpe] epoch 0085/1000  train_mse=0.000331  val_mse=0.000431  val_r2=0.9957  patience=4/30
2026-10-07 13:48:42,459  genstudy.model            INFO     [family_holdout:iqpe] epoch 0086/1000  train_mse=0.000283  val_mse=0.000374  val_r2=0.9963  patience=0/30
2026-10-07 13:48:58,718  genstudy.model            INFO     [family_holdout:iqpe] epoch 0087/1000  train_mse=0.000338  val_mse=0.000373  val_r2=0.9963  patience=0/30
2026-10-07 13:49:14,926  genstudy.model            INFO     [family_holdout:iqpe] epoch 0088/1000  train_mse=0.000295  val_mse=0.000394  val_r2=0.9961  patience=1/30
2026-10-07 13:49:30,984  genstudy.model            INFO     [family_holdout:iqpe] epoch 0089/1000  train_mse=0.000286  val_mse=0.000352  val_r2=0.9965  patience=0/30
2026-10-07 13:49:47,159  genstudy.model            INFO     [family_holdout:iqpe] epoch 0090/1000  train_mse=0.000307  val_mse=0.000453  val_r2=0.9954  patience=1/30
2026-10-07 13:50:03,432  genstudy.model            INFO     [family_holdout:iqpe] epoch 0091/1000  train_mse=0.000303  val_mse=0.000506  val_r2=0.9949  patience=2/30
2026-10-07 13:50:19,380  genstudy.model            INFO     [family_holdout:iqpe] epoch 0092/1000  train_mse=0.000369  val_mse=0.000478  val_r2=0.9953  patience=3/30
2026-10-07 13:50:35,892  genstudy.model            INFO     [family_holdout:iqpe] epoch 0093/1000  train_mse=0.000367  val_mse=0.000540  val_r2=0.9946  patience=4/30
2026-10-07 13:50:52,158  genstudy.model            INFO     [family_holdout:iqpe] epoch 0094/1000  train_mse=0.000301  val_mse=0.000465  val_r2=0.9953  patience=5/30
2026-10-07 13:51:08,278  genstudy.model            INFO     [family_holdout:iqpe] epoch 0095/1000  train_mse=0.000271  val_mse=0.000469  val_r2=0.9952  patience=6/30
2026-10-07 13:51:24,399  genstudy.model            INFO     [family_holdout:iqpe] epoch 0096/1000  train_mse=0.000292  val_mse=0.000402  val_r2=0.9960  patience=7/30
2026-10-07 13:51:40,520  genstudy.model            INFO     [family_holdout:iqpe] epoch 0097/1000  train_mse=0.000279  val_mse=0.000384  val_r2=0.9962  patience=8/30
2026-10-07 13:51:56,744  genstudy.model            INFO     [family_holdout:iqpe] epoch 0098/1000  train_mse=0.000266  val_mse=0.000892  val_r2=0.9910  patience=9/30
2026-10-07 13:52:12,890  genstudy.model            INFO     [family_holdout:iqpe] epoch 0099/1000  train_mse=0.000380  val_mse=0.000486  val_r2=0.9951  patience=10/30
2026-10-07 13:52:29,297  genstudy.model            INFO     [family_holdout:iqpe] epoch 0100/1000  train_mse=0.000290  val_mse=0.000369  val_r2=0.9963  patience=11/30
2026-10-07 13:52:45,483  genstudy.model            INFO     [family_holdout:iqpe] epoch 0101/1000  train_mse=0.000262  val_mse=0.000392  val_r2=0.9961  patience=12/30
2026-10-07 13:53:01,784  genstudy.model            INFO     [family_holdout:iqpe] epoch 0102/1000  train_mse=0.000248  val_mse=0.000469  val_r2=0.9952  patience=13/30
2026-10-07 13:53:18,111  genstudy.model            INFO     [family_holdout:iqpe] epoch 0103/1000  train_mse=0.000249  val_mse=0.000378  val_r2=0.9962  patience=14/30
2026-10-07 13:53:34,230  genstudy.model            INFO     [family_holdout:iqpe] epoch 0104/1000  train_mse=0.000262  val_mse=0.000389  val_r2=0.9961  patience=15/30
2026-10-07 13:53:50,616  genstudy.model            INFO     [family_holdout:iqpe] epoch 0105/1000  train_mse=0.000365  val_mse=0.000409  val_r2=0.9959  patience=16/30
2026-10-07 13:54:06,732  genstudy.model            INFO     [family_holdout:iqpe] epoch 0106/1000  train_mse=0.000273  val_mse=0.000379  val_r2=0.9962  patience=17/30
2026-10-07 13:54:23,320  genstudy.model            INFO     [family_holdout:iqpe] epoch 0107/1000  train_mse=0.000255  val_mse=0.000418  val_r2=0.9959  patience=18/30
2026-10-07 13:54:39,485  genstudy.model            INFO     [family_holdout:iqpe] epoch 0108/1000  train_mse=0.001017  val_mse=0.000497  val_r2=0.9950  patience=19/30
2026-10-07 13:54:55,689  genstudy.model            INFO     [family_holdout:iqpe] epoch 0109/1000  train_mse=0.000377  val_mse=0.000408  val_r2=0.9959  patience=20/30
2026-10-07 13:55:11,901  genstudy.model            INFO     [family_holdout:iqpe] epoch 0110/1000  train_mse=0.000311  val_mse=0.000378  val_r2=0.9962  patience=21/30
2026-10-07 13:55:28,061  genstudy.model            INFO     [family_holdout:iqpe] epoch 0111/1000  train_mse=0.000268  val_mse=0.000536  val_r2=0.9946  patience=22/30
2026-10-07 13:55:44,525  genstudy.model            INFO     [family_holdout:iqpe] epoch 0112/1000  train_mse=0.000270  val_mse=0.000464  val_r2=0.9953  patience=23/30
2026-10-07 13:56:00,946  genstudy.model            INFO     [family_holdout:iqpe] epoch 0113/1000  train_mse=0.000276  val_mse=0.000377  val_r2=0.9962  patience=24/30
2026-10-07 13:56:17,387  genstudy.model            INFO     [family_holdout:iqpe] epoch 0114/1000  train_mse=0.000272  val_mse=0.000553  val_r2=0.9945  patience=25/30
2026-10-07 13:56:33,764  genstudy.model            INFO     [family_holdout:iqpe] epoch 0115/1000  train_mse=0.000251  val_mse=0.000390  val_r2=0.9961  patience=26/30
2026-10-07 13:56:49,796  genstudy.model            INFO     [family_holdout:iqpe] epoch 0116/1000  train_mse=0.000259  val_mse=0.000459  val_r2=0.9953  patience=27/30
2026-10-07 13:57:05,933  genstudy.model            INFO     [family_holdout:iqpe] epoch 0117/1000  train_mse=0.000258  val_mse=0.000385  val_r2=0.9962  patience=28/30
2026-10-07 13:57:21,985  genstudy.model            INFO     [family_holdout:iqpe] epoch 0118/1000  train_mse=0.000264  val_mse=0.000587  val_r2=0.9941  patience=29/30
2026-10-07 13:57:38,365  genstudy.model            INFO     [family_holdout:iqpe] epoch 0119/1000  train_mse=0.000245  val_mse=0.000346  val_r2=0.9966  patience=0/30
2026-10-07 13:57:54,462  genstudy.model            INFO     [family_holdout:iqpe] epoch 0120/1000  train_mse=0.000373  val_mse=0.000507  val_r2=0.9949  patience=1/30
2026-10-07 13:58:10,744  genstudy.model            INFO     [family_holdout:iqpe] epoch 0121/1000  train_mse=0.000300  val_mse=0.000436  val_r2=0.9957  patience=2/30
2026-10-07 13:58:26,690  genstudy.model            INFO     [family_holdout:iqpe] epoch 0122/1000  train_mse=0.000248  val_mse=0.000378  val_r2=0.9962  patience=3/30
2026-10-07 13:58:42,858  genstudy.model            INFO     [family_holdout:iqpe] epoch 0123/1000  train_mse=0.003043  val_mse=0.001363  val_r2=0.9863  patience=4/30
2026-10-07 13:58:58,997  genstudy.model            INFO     [family_holdout:iqpe] epoch 0124/1000  train_mse=0.000914  val_mse=0.000704  val_r2=0.9929  patience=5/30
2026-10-07 13:59:15,631  genstudy.model            INFO     [family_holdout:iqpe] epoch 0125/1000  train_mse=0.000639  val_mse=0.000618  val_r2=0.9938  patience=6/30
2026-10-07 13:59:31,835  genstudy.model            INFO     [family_holdout:iqpe] epoch 0126/1000  train_mse=0.000593  val_mse=0.000580  val_r2=0.9941  patience=7/30
2026-10-07 13:59:47,657  genstudy.model            INFO     [family_holdout:iqpe] epoch 0127/1000  train_mse=0.000467  val_mse=0.000602  val_r2=0.9940  patience=8/30
2026-10-07 14:00:03,711  genstudy.model            INFO     [family_holdout:iqpe] epoch 0128/1000  train_mse=0.000432  val_mse=0.000512  val_r2=0.9948  patience=9/30
2026-10-07 14:00:19,750  genstudy.model            INFO     [family_holdout:iqpe] epoch 0129/1000  train_mse=0.000393  val_mse=0.000434  val_r2=0.9957  patience=10/30
2026-10-07 14:00:36,962  genstudy.model            INFO     [family_holdout:iqpe] epoch 0130/1000  train_mse=0.000378  val_mse=0.000406  val_r2=0.9959  patience=11/30
2026-10-07 14:00:53,382  genstudy.model            INFO     [family_holdout:iqpe] epoch 0131/1000  train_mse=0.000365  val_mse=0.000529  val_r2=0.9947  patience=12/30
2026-10-07 14:01:09,741  genstudy.model            INFO     [family_holdout:iqpe] epoch 0132/1000  train_mse=0.000354  val_mse=0.000394  val_r2=0.9961  patience=13/30
2026-10-07 14:01:25,716  genstudy.model            INFO     [family_holdout:iqpe] epoch 0133/1000  train_mse=0.000306  val_mse=0.000405  val_r2=0.9960  patience=14/30
2026-10-07 14:01:41,987  genstudy.model            INFO     [family_holdout:iqpe] epoch 0134/1000  train_mse=0.000324  val_mse=0.000398  val_r2=0.9960  patience=15/30
2026-10-07 14:01:58,087  genstudy.model            INFO     [family_holdout:iqpe] epoch 0135/1000  train_mse=0.000289  val_mse=0.000502  val_r2=0.9950  patience=16/30
2026-10-07 14:02:14,335  genstudy.model            INFO     [family_holdout:iqpe] epoch 0136/1000  train_mse=0.000304  val_mse=0.000410  val_r2=0.9959  patience=17/30
2026-10-07 14:02:30,867  genstudy.model            INFO     [family_holdout:iqpe] epoch 0137/1000  train_mse=0.000280  val_mse=0.000397  val_r2=0.9960  patience=18/30
2026-10-07 14:02:47,010  genstudy.model            INFO     [family_holdout:iqpe] epoch 0138/1000  train_mse=0.000275  val_mse=0.000473  val_r2=0.9953  patience=19/30
2026-10-07 14:03:03,524  genstudy.model            INFO     [family_holdout:iqpe] epoch 0139/1000  train_mse=0.000291  val_mse=0.000406  val_r2=0.9959  patience=20/30
2026-10-07 14:03:19,733  genstudy.model            INFO     [family_holdout:iqpe] epoch 0140/1000  train_mse=0.000265  val_mse=0.000477  val_r2=0.9952  patience=21/30
2026-10-07 14:03:36,510  genstudy.model            INFO     [family_holdout:iqpe] epoch 0141/1000  train_mse=0.000259  val_mse=0.000337  val_r2=0.9966  patience=0/30
2026-10-07 14:03:52,764  genstudy.model            INFO     [family_holdout:iqpe] epoch 0142/1000  train_mse=0.000298  val_mse=0.000425  val_r2=0.9957  patience=1/30
2026-10-07 14:04:09,094  genstudy.model            INFO     [family_holdout:iqpe] epoch 0143/1000  train_mse=0.000256  val_mse=0.000368  val_r2=0.9963  patience=2/30
2026-10-07 14:04:25,285  genstudy.model            INFO     [family_holdout:iqpe] epoch 0144/1000  train_mse=0.000266  val_mse=0.000380  val_r2=0.9962  patience=3/30
2026-10-07 14:04:41,453  genstudy.model            INFO     [family_holdout:iqpe] epoch 0145/1000  train_mse=0.000263  val_mse=0.000377  val_r2=0.9962  patience=4/30
2026-10-07 14:04:57,609  genstudy.model            INFO     [family_holdout:iqpe] epoch 0146/1000  train_mse=0.000262  val_mse=0.000372  val_r2=0.9963  patience=5/30
2026-10-07 14:05:13,713  genstudy.model            INFO     [family_holdout:iqpe] epoch 0147/1000  train_mse=0.000240  val_mse=0.000392  val_r2=0.9961  patience=6/30
2026-10-07 14:05:29,936  genstudy.model            INFO     [family_holdout:iqpe] epoch 0148/1000  train_mse=0.000279  val_mse=0.000465  val_r2=0.9954  patience=7/30
2026-10-07 14:05:46,179  genstudy.model            INFO     [family_holdout:iqpe] epoch 0149/1000  train_mse=0.000237  val_mse=0.000544  val_r2=0.9946  patience=8/30
2026-10-07 14:06:02,346  genstudy.model            INFO     [family_holdout:iqpe] epoch 0150/1000  train_mse=0.000259  val_mse=0.000423  val_r2=0.9957  patience=9/30
2026-10-07 14:06:18,509  genstudy.model            INFO     [family_holdout:iqpe] epoch 0151/1000  train_mse=0.000236  val_mse=0.000393  val_r2=0.9961  patience=10/30
2026-10-07 14:06:34,731  genstudy.model            INFO     [family_holdout:iqpe] epoch 0152/1000  train_mse=0.000240  val_mse=0.000467  val_r2=0.9954  patience=11/30
2026-10-07 14:06:51,400  genstudy.model            INFO     [family_holdout:iqpe] epoch 0153/1000  train_mse=0.000260  val_mse=0.000488  val_r2=0.9952  patience=12/30
2026-10-07 14:07:07,878  genstudy.model            INFO     [family_holdout:iqpe] epoch 0154/1000  train_mse=0.000239  val_mse=0.000432  val_r2=0.9957  patience=13/30
2026-10-07 14:07:24,088  genstudy.model            INFO     [family_holdout:iqpe] epoch 0155/1000  train_mse=0.000239  val_mse=0.000441  val_r2=0.9956  patience=14/30
2026-10-07 14:07:40,445  genstudy.model            INFO     [family_holdout:iqpe] epoch 0156/1000  train_mse=0.000244  val_mse=0.000343  val_r2=0.9966  patience=15/30
2026-10-07 14:07:56,484  genstudy.model            INFO     [family_holdout:iqpe] epoch 0157/1000  train_mse=0.000241  val_mse=0.000359  val_r2=0.9964  patience=16/30
2026-10-07 14:08:12,911  genstudy.model            INFO     [family_holdout:iqpe] epoch 0158/1000  train_mse=0.000225  val_mse=0.000367  val_r2=0.9964  patience=17/30
2026-10-07 14:08:29,075  genstudy.model            INFO     [family_holdout:iqpe] epoch 0159/1000  train_mse=0.000442  val_mse=0.000527  val_r2=0.9947  patience=18/30
2026-10-07 14:08:45,816  genstudy.model            INFO     [family_holdout:iqpe] epoch 0160/1000  train_mse=0.000277  val_mse=0.000364  val_r2=0.9964  patience=19/30
2026-10-07 14:09:02,126  genstudy.model            INFO     [family_holdout:iqpe] epoch 0161/1000  train_mse=0.000223  val_mse=0.000463  val_r2=0.9954  patience=20/30
2026-10-07 14:09:18,429  genstudy.model            INFO     [family_holdout:iqpe] epoch 0162/1000  train_mse=0.000265  val_mse=0.000361  val_r2=0.9964  patience=21/30
2026-10-07 14:09:34,884  genstudy.model            INFO     [family_holdout:iqpe] epoch 0163/1000  train_mse=0.000218  val_mse=0.000407  val_r2=0.9960  patience=22/30
2026-10-07 14:09:51,090  genstudy.model            INFO     [family_holdout:iqpe] epoch 0164/1000  train_mse=0.000228  val_mse=0.000378  val_r2=0.9962  patience=23/30
2026-10-07 14:10:07,525  genstudy.model            INFO     [family_holdout:iqpe] epoch 0165/1000  train_mse=0.000215  val_mse=0.000375  val_r2=0.9963  patience=24/30
2026-10-07 14:10:23,647  genstudy.model            INFO     [family_holdout:iqpe] epoch 0166/1000  train_mse=0.000218  val_mse=0.000366  val_r2=0.9963  patience=25/30
2026-10-07 14:10:40,142  genstudy.model            INFO     [family_holdout:iqpe] epoch 0167/1000  train_mse=0.000205  val_mse=0.000933  val_r2=0.9907  patience=26/30
2026-10-07 14:10:56,483  genstudy.model            INFO     [family_holdout:iqpe] epoch 0168/1000  train_mse=0.000237  val_mse=0.000371  val_r2=0.9963  patience=27/30
2026-10-07 14:11:13,095  genstudy.model            INFO     [family_holdout:iqpe] epoch 0169/1000  train_mse=0.000206  val_mse=0.000386  val_r2=0.9961  patience=28/30
2026-10-07 14:11:29,896  genstudy.model            INFO     [family_holdout:iqpe] epoch 0170/1000  train_mse=0.000225  val_mse=0.000459  val_r2=0.9954  patience=29/30
2026-10-07 14:11:46,026  genstudy.model            INFO     [family_holdout:iqpe] epoch 0171/1000  train_mse=0.000200  val_mse=0.000378  val_r2=0.9962  patience=30/30
2026-10-07 14:11:46,112  genstudy.model            INFO     [family_holdout:iqpe] early stop at epoch 171; best epoch 141
2026-10-07 14:11:46,334  genstudy.experiment       INFO     [iqpe] TEST  n=570  MAE=0.2951  RMSE=0.3213  R2=-1.8824  device-acc=0.211  regret=0.0682
2026-10-07 14:11:46,337  genstudy.io               INFO     Wrote /home/atudisco/pred-distr-tool/evaluations/generalization/results/leave_one_family_out/iqpe/metrics.json
2026-10-07 14:11:46,342  genstudy.io               INFO     Wrote /home/atudisco/pred-distr-tool/evaluations/generalization/results/leave_one_family_out/iqpe/predictions.json
2026-10-07 14:11:46,353  genstudy.io               INFO     Wrote /home/atudisco/pred-distr-tool/evaluations/generalization/results/leave_one_family_out/iqpe/history.json
2026-10-07 14:11:46,376  genstudy.experiment       INFO     Wrote /home/atudisco/pred-distr-tool/evaluations/generalization/results/leave_one_family_out/iqpe/model.pth
2026-10-07 14:11:46,378  genstudy.experiment       INFO     Removed /home/atudisco/pred-distr-tool/evaluations/generalization/results/leave_one_family_out/iqpe/checkpoint.pt (split finished)
2026-10-07 14:11:46,381  genstudy.io               INFO     Wrote /home/atudisco/pred-distr-tool/evaluations/generalization/results/leave_one_family_out/folds.json
2026-10-07 14:11:46,582  genstudy.experiment       INFO     Merged held-out predictions for 16702 circuits
2026-10-07 14:11:46,648  genstudy.io               INFO     Wrote /home/atudisco/pred-distr-tool/evaluations/generalization/results/leave_one_family_out/heldout_predictions.json
2026-10-07 14:11:46,648  run_leave_one_family_out  INFO     Leave-one-family-out finished: 10 folds, 16702 held-out predictions
