2026-10-07 19:40:16,013  genstudy.io               INFO     Logging to evaluations/generalization_v3/results/xattn_a00/leave_one_family_out/run.log
2026-10-07 19:40:16,013  run_experiment            INFO     Command line: evaluations/generalization_v3/scripts/run_experiment.py lofo --model xattn --balance-alpha 0 --lr 3e-4 --grad-clip 1.0 --results-dir evaluations/generalization_v3/results/xattn_a00
2026-10-07 19:40:16,954  gsv2.gpu                  INFO     GPU: NVIDIA H200
2026-10-07 19:40:16,955  gsv3.model                INFO     Hyper-parameters (/home/atudisco/pred-distr-tool/src/model/best_params.json + v3 defaults): {'device_hidden': 64, 'device_layers': 3, 'fusion_dim': 128, 'qubit_layers': 2, 'attn_heads': 4, 'lap_pe': 8, 'cost_bias_init': -6.0, 'hidden_dim': 142, 'num_conv_wo_resnet': 3, 'num_resnet_layers': 1, 'dropout': 0.0, 'bidirectional': True, 'mlp': [512, 256, 128], 'lr': 0.001, 'readout': 'meanmaxsum'}
2026-10-07 19:40:16,966  gsv3.devices              INFO     Device graphs with 8 Laplacian PE dims: node features 13
2026-10-07 19:40:16,967  genstudy.data             INFO     Loading graph dataset: /home/atudisco/pred-distr-tool/evaluations/generalization_v3/data/graph_dataset_expected_fidelity.pt
2026-10-07 19:40:20,294  genstudy.data             INFO     Loaded 17056 graphs
2026-10-07 19:40:20,323  genstudy.io               INFO     Wrote evaluations/generalization_v3/results/xattn_a00/leave_one_family_out/dataset_summary.json
2026-10-07 19:40:20,324  genstudy.data             INFO     Holding out 10 families: vqe_two_local, vqe_real_amp, vqe_su2, qaoa, randomcircuit, qft, qnn, ae, qftentangled, iqpe
2026-10-07 19:40:20,337  run_experiment            INFO     [1/10] vqe_two_local
2026-10-07 19:40:20,340  gsv3.experiment           INFO     === family_holdout / vqe_two_local ===
2026-10-07 19:40:20,340  gsv3.experiment           INFO     Leave-one-family-out: test = all 3449 'vqe_two_local' circuits, train = 13607 circuits from 34 other families.
2026-10-07 19:40:20,341  gsv3.experiment           INFO     train=10710  val=2897 ({'mode': 'family', 'val_families': ['bmw_quark_copula', 'draper_qft_adder', 'dynamic_qft', 'ghz', 'graphstate', 'grover', 'qft', 'qftentangled', 'qpeinexact', 'randomcircuit']})  test=3449
2026-10-07 19:40:20,459  gsv3.training             INFO     [family_holdout:vqe_two_local] model=xattn (945113 params) train=10710 val=2897 lr=0.0003 clip=1.0 alpha=0.00
2026-10-07 19:40:42,437  gsv3.training             INFO     [family_holdout:vqe_two_local] epoch 0001  train_log_mse=5.13983  val_log_mse=7.16058  val_mse=0.012217  max_grad=19888.74  patience=0/30
2026-10-07 19:41:04,066  gsv3.training             INFO     [family_holdout:vqe_two_local] epoch 0002  train_log_mse=0.47786  val_log_mse=5.72320  val_mse=0.007680  max_grad=146.96  patience=0/30
2026-10-07 19:41:25,426  gsv3.training             INFO     [family_holdout:vqe_two_local] epoch 0003  train_log_mse=0.36396  val_log_mse=7.16512  val_mse=0.017786  max_grad=156.10  patience=1/30
2026-10-07 19:41:47,056  gsv3.training             INFO     [family_holdout:vqe_two_local] epoch 0004  train_log_mse=0.24968  val_log_mse=5.96858  val_mse=0.010677  max_grad=98.00  patience=2/30
2026-10-07 19:42:08,627  gsv3.training             INFO     [family_holdout:vqe_two_local] epoch 0005  train_log_mse=0.21842  val_log_mse=6.50621  val_mse=0.013368  max_grad=85.08  patience=3/30
2026-10-07 19:42:29,750  gsv3.training             INFO     [family_holdout:vqe_two_local] epoch 0006  train_log_mse=0.16242  val_log_mse=6.19441  val_mse=0.015048  max_grad=72.67  patience=4/30
2026-10-07 19:42:51,237  gsv3.training             INFO     [family_holdout:vqe_two_local] epoch 0007  train_log_mse=0.14260  val_log_mse=5.59010  val_mse=0.009360  max_grad=56.94  patience=5/30
2026-10-07 19:43:12,939  gsv3.training             INFO     [family_holdout:vqe_two_local] epoch 0008  train_log_mse=0.13777  val_log_mse=6.13533  val_mse=0.006648  max_grad=99.76  patience=0/30
2026-10-07 19:43:34,080  gsv3.training             INFO     [family_holdout:vqe_two_local] epoch 0009  train_log_mse=0.14828  val_log_mse=5.70591  val_mse=0.007462  max_grad=69.40  patience=1/30
2026-10-07 19:43:55,846  gsv3.training             INFO     [family_holdout:vqe_two_local] epoch 0010  train_log_mse=0.11372  val_log_mse=6.55272  val_mse=0.010181  max_grad=44.68  patience=2/30
2026-10-07 19:44:17,479  gsv3.training             INFO     [family_holdout:vqe_two_local] epoch 0011  train_log_mse=0.11250  val_log_mse=5.99562  val_mse=0.008621  max_grad=50.03  patience=3/30
2026-10-07 19:44:38,621  gsv3.training             INFO     [family_holdout:vqe_two_local] epoch 0012  train_log_mse=0.11848  val_log_mse=6.29095  val_mse=0.008069  max_grad=84.70  patience=4/30
2026-10-07 19:44:59,971  gsv3.training             INFO     [family_holdout:vqe_two_local] epoch 0013  train_log_mse=0.10232  val_log_mse=5.78807  val_mse=0.010464  max_grad=42.39  patience=5/30
2026-10-07 19:45:21,532  gsv3.training             INFO     [family_holdout:vqe_two_local] epoch 0014  train_log_mse=0.10076  val_log_mse=6.44532  val_mse=0.008470  max_grad=83.99  patience=6/30
2026-10-07 19:45:42,758  gsv3.training             INFO     [family_holdout:vqe_two_local] epoch 0015  train_log_mse=0.08666  val_log_mse=6.14144  val_mse=0.008184  max_grad=62.57  patience=7/30
2026-10-07 19:46:04,065  gsv3.training             INFO     [family_holdout:vqe_two_local] epoch 0016  train_log_mse=0.08668  val_log_mse=6.21505  val_mse=0.006051  max_grad=58.32  patience=0/30
2026-10-07 19:46:25,597  gsv3.training             INFO     [family_holdout:vqe_two_local] epoch 0017  train_log_mse=0.08692  val_log_mse=6.88855  val_mse=0.010045  max_grad=38.52  patience=1/30
2026-10-07 19:46:46,934  gsv3.training             INFO     [family_holdout:vqe_two_local] epoch 0018  train_log_mse=0.08152  val_log_mse=6.68273  val_mse=0.009496  max_grad=35.84  patience=2/30
2026-10-07 19:47:04,102  gsv3.training             INFO     [family_holdout:vqe_two_local] epoch 0019  train_log_mse=0.08086  val_log_mse=6.11612  val_mse=0.009049  max_grad=44.03  patience=3/30
2026-10-07 19:47:23,034  gsv3.training             INFO     [family_holdout:vqe_two_local] epoch 0020  train_log_mse=0.08004  val_log_mse=5.98365  val_mse=0.008786  max_grad=46.68  patience=4/30
2026-10-07 19:47:44,334  gsv3.training             INFO     [family_holdout:vqe_two_local] epoch 0021  train_log_mse=0.07000  val_log_mse=6.79660  val_mse=0.007616  max_grad=33.82  patience=5/30
2026-10-07 19:48:05,329  gsv3.training             INFO     [family_holdout:vqe_two_local] epoch 0022  train_log_mse=0.06811  val_log_mse=6.26017  val_mse=0.008941  max_grad=32.14  patience=6/30
2026-10-07 19:48:26,308  gsv3.training             INFO     [family_holdout:vqe_two_local] epoch 0023  train_log_mse=0.07853  val_log_mse=5.22708  val_mse=0.006263  max_grad=36.97  patience=7/30
2026-10-07 19:48:47,614  gsv3.training             INFO     [family_holdout:vqe_two_local] epoch 0024  train_log_mse=0.07612  val_log_mse=6.08417  val_mse=0.009761  max_grad=37.20  patience=8/30
2026-10-07 19:49:09,054  gsv3.training             INFO     [family_holdout:vqe_two_local] epoch 0025  train_log_mse=0.06101  val_log_mse=5.84357  val_mse=0.007517  max_grad=26.28  patience=9/30
2026-10-07 19:49:30,550  gsv3.training             INFO     [family_holdout:vqe_two_local] epoch 0026  train_log_mse=0.06331  val_log_mse=6.36569  val_mse=0.011200  max_grad=30.92  patience=10/30
2026-10-07 19:49:52,080  gsv3.training             INFO     [family_holdout:vqe_two_local] epoch 0027  train_log_mse=0.06427  val_log_mse=5.64521  val_mse=0.007325  max_grad=35.74  patience=11/30
2026-10-07 19:50:13,370  gsv3.training             INFO     [family_holdout:vqe_two_local] epoch 0028  train_log_mse=0.06302  val_log_mse=6.32524  val_mse=0.007677  max_grad=50.68  patience=12/30
2026-10-07 19:50:34,174  gsv3.training             INFO     [family_holdout:vqe_two_local] epoch 0029  train_log_mse=0.05844  val_log_mse=6.18337  val_mse=0.006039  max_grad=27.88  patience=0/30
2026-10-07 19:50:55,353  gsv3.training             INFO     [family_holdout:vqe_two_local] epoch 0030  train_log_mse=0.06300  val_log_mse=6.27829  val_mse=0.008005  max_grad=67.26  patience=1/30
2026-10-07 19:51:16,604  gsv3.training             INFO     [family_holdout:vqe_two_local] epoch 0031  train_log_mse=0.06561  val_log_mse=6.29827  val_mse=0.007180  max_grad=44.25  patience=2/30
2026-10-07 19:51:37,669  gsv3.training             INFO     [family_holdout:vqe_two_local] epoch 0032  train_log_mse=0.06439  val_log_mse=6.26288  val_mse=0.006872  max_grad=27.35  patience=3/30
2026-10-07 19:51:58,974  gsv3.training             INFO     [family_holdout:vqe_two_local] epoch 0033  train_log_mse=0.05286  val_log_mse=6.54820  val_mse=0.009064  max_grad=34.54  patience=4/30
2026-10-07 19:52:20,148  gsv3.training             INFO     [family_holdout:vqe_two_local] epoch 0034  train_log_mse=0.05359  val_log_mse=6.23726  val_mse=0.007342  max_grad=31.74  patience=5/30
2026-10-07 19:52:41,674  gsv3.training             INFO     [family_holdout:vqe_two_local] epoch 0035  train_log_mse=0.06044  val_log_mse=6.79120  val_mse=0.006385  max_grad=42.29  patience=6/30
2026-10-07 19:53:03,080  gsv3.training             INFO     [family_holdout:vqe_two_local] epoch 0036  train_log_mse=0.05842  val_log_mse=6.30004  val_mse=0.010309  max_grad=62.42  patience=7/30
2026-10-07 19:53:24,510  gsv3.training             INFO     [family_holdout:vqe_two_local] epoch 0037  train_log_mse=0.06032  val_log_mse=6.19642  val_mse=0.009364  max_grad=36.45  patience=8/30
2026-10-07 19:53:45,742  gsv3.training             INFO     [family_holdout:vqe_two_local] epoch 0038  train_log_mse=0.05099  val_log_mse=6.04385  val_mse=0.007026  max_grad=28.66  patience=9/30
2026-10-07 19:54:06,594  gsv3.training             INFO     [family_holdout:vqe_two_local] epoch 0039  train_log_mse=0.04801  val_log_mse=5.69663  val_mse=0.006596  max_grad=32.58  patience=10/30
2026-10-07 19:54:27,851  gsv3.training             INFO     [family_holdout:vqe_two_local] epoch 0040  train_log_mse=0.05511  val_log_mse=6.07014  val_mse=0.006945  max_grad=34.15  patience=11/30
2026-10-07 19:54:49,133  gsv3.training             INFO     [family_holdout:vqe_two_local] epoch 0041  train_log_mse=0.05445  val_log_mse=5.51819  val_mse=0.006899  max_grad=55.99  patience=12/30
2026-10-07 19:55:09,931  gsv3.training             INFO     [family_holdout:vqe_two_local] epoch 0042  train_log_mse=0.05572  val_log_mse=5.85907  val_mse=0.005927  max_grad=84.39  patience=0/30
2026-10-07 19:55:31,182  gsv3.training             INFO     [family_holdout:vqe_two_local] epoch 0043  train_log_mse=0.05199  val_log_mse=5.65890  val_mse=0.006274  max_grad=35.29  patience=1/30
2026-10-07 19:55:52,653  gsv3.training             INFO     [family_holdout:vqe_two_local] epoch 0044  train_log_mse=0.04679  val_log_mse=5.51801  val_mse=0.005427  max_grad=23.51  patience=0/30
2026-10-07 19:56:14,117  gsv3.training             INFO     [family_holdout:vqe_two_local] epoch 0045  train_log_mse=0.04581  val_log_mse=5.69696  val_mse=0.007323  max_grad=24.96  patience=1/30
2026-10-07 19:56:35,519  gsv3.training             INFO     [family_holdout:vqe_two_local] epoch 0046  train_log_mse=0.04493  val_log_mse=5.89146  val_mse=0.007332  max_grad=24.49  patience=2/30
2026-10-07 19:56:56,802  gsv3.training             INFO     [family_holdout:vqe_two_local] epoch 0047  train_log_mse=0.05277  val_log_mse=5.94077  val_mse=0.006380  max_grad=35.18  patience=3/30
2026-10-07 19:57:17,928  gsv3.training             INFO     [family_holdout:vqe_two_local] epoch 0048  train_log_mse=0.04131  val_log_mse=6.00830  val_mse=0.007650  max_grad=35.55  patience=4/30
2026-10-07 19:57:38,900  gsv3.training             INFO     [family_holdout:vqe_two_local] epoch 0049  train_log_mse=0.04750  val_log_mse=5.97004  val_mse=0.007382  max_grad=36.88  patience=5/30
2026-10-07 19:58:00,414  gsv3.training             INFO     [family_holdout:vqe_two_local] epoch 0050  train_log_mse=0.04173  val_log_mse=5.70984  val_mse=0.006451  max_grad=22.89  patience=6/30
2026-10-07 19:58:21,856  gsv3.training             INFO     [family_holdout:vqe_two_local] epoch 0051  train_log_mse=0.04679  val_log_mse=5.97958  val_mse=0.005981  max_grad=28.61  patience=7/30
2026-10-07 19:58:42,729  gsv3.training             INFO     [family_holdout:vqe_two_local] epoch 0052  train_log_mse=0.04402  val_log_mse=6.46253  val_mse=0.006181  max_grad=30.17  patience=8/30
2026-10-07 19:59:04,026  gsv3.training             INFO     [family_holdout:vqe_two_local] epoch 0053  train_log_mse=0.03974  val_log_mse=6.32101  val_mse=0.007976  max_grad=19.19  patience=9/30
2026-10-07 19:59:25,510  gsv3.training             INFO     [family_holdout:vqe_two_local] epoch 0054  train_log_mse=0.04190  val_log_mse=6.08703  val_mse=0.007498  max_grad=27.06  patience=10/30
2026-10-07 19:59:46,802  gsv3.training             INFO     [family_holdout:vqe_two_local] epoch 0055  train_log_mse=0.04270  val_log_mse=5.93860  val_mse=0.006350  max_grad=21.91  patience=11/30
2026-10-07 20:00:08,368  gsv3.training             INFO     [family_holdout:vqe_two_local] epoch 0056  train_log_mse=0.03906  val_log_mse=5.86777  val_mse=0.008855  max_grad=22.34  patience=12/30
2026-10-07 20:00:29,714  gsv3.training             INFO     [family_holdout:vqe_two_local] epoch 0057  train_log_mse=0.04364  val_log_mse=5.97562  val_mse=0.007149  max_grad=25.98  patience=13/30
2026-10-07 20:00:50,816  gsv3.training             INFO     [family_holdout:vqe_two_local] epoch 0058  train_log_mse=0.04033  val_log_mse=6.22972  val_mse=0.007762  max_grad=28.86  patience=14/30
2026-10-07 20:01:11,930  gsv3.training             INFO     [family_holdout:vqe_two_local] epoch 0059  train_log_mse=0.04755  val_log_mse=6.15494  val_mse=0.005695  max_grad=34.24  patience=15/30
2026-10-07 20:01:33,115  gsv3.training             INFO     [family_holdout:vqe_two_local] epoch 0060  train_log_mse=0.04565  val_log_mse=6.11049  val_mse=0.005710  max_grad=29.22  patience=16/30
2026-10-07 20:01:54,412  gsv3.training             INFO     [family_holdout:vqe_two_local] epoch 0061  train_log_mse=0.04855  val_log_mse=6.58300  val_mse=0.006554  max_grad=29.53  patience=17/30
2026-10-07 20:02:15,396  gsv3.training             INFO     [family_holdout:vqe_two_local] epoch 0062  train_log_mse=0.03748  val_log_mse=6.28066  val_mse=0.006718  max_grad=21.58  patience=18/30
2026-10-07 20:02:36,801  gsv3.training             INFO     [family_holdout:vqe_two_local] epoch 0063  train_log_mse=0.03775  val_log_mse=5.88923  val_mse=0.005923  max_grad=19.00  patience=19/30
2026-10-07 20:02:58,404  gsv3.training             INFO     [family_holdout:vqe_two_local] epoch 0064  train_log_mse=0.05176  val_log_mse=6.05378  val_mse=0.005948  max_grad=27.70  patience=20/30
2026-10-07 20:03:19,719  gsv3.training             INFO     [family_holdout:vqe_two_local] epoch 0065  train_log_mse=0.04253  val_log_mse=6.13458  val_mse=0.007049  max_grad=18.78  patience=21/30
2026-10-07 20:03:41,487  gsv3.training             INFO     [family_holdout:vqe_two_local] epoch 0066  train_log_mse=0.03952  val_log_mse=5.49494  val_mse=0.006029  max_grad=28.69  patience=22/30
2026-10-07 20:04:02,910  gsv3.training             INFO     [family_holdout:vqe_two_local] epoch 0067  train_log_mse=0.03411  val_log_mse=6.21546  val_mse=0.006114  max_grad=14.42  patience=23/30
2026-10-07 20:04:23,959  gsv3.training             INFO     [family_holdout:vqe_two_local] epoch 0068  train_log_mse=0.04633  val_log_mse=5.84468  val_mse=0.006040  max_grad=35.60  patience=24/30
2026-10-07 20:04:45,223  gsv3.training             INFO     [family_holdout:vqe_two_local] epoch 0069  train_log_mse=0.03764  val_log_mse=6.10194  val_mse=0.005433  max_grad=20.04  patience=25/30
2026-10-07 20:05:05,659  gsv3.training             INFO     [family_holdout:vqe_two_local] epoch 0070  train_log_mse=0.03693  val_log_mse=5.79830  val_mse=0.005457  max_grad=17.20  patience=26/30
2026-10-07 20:05:26,864  gsv3.training             INFO     [family_holdout:vqe_two_local] epoch 0071  train_log_mse=0.03565  val_log_mse=6.25052  val_mse=0.004718  max_grad=18.99  patience=0/30
2026-10-07 20:05:48,449  gsv3.training             INFO     [family_holdout:vqe_two_local] epoch 0072  train_log_mse=0.03838  val_log_mse=5.74000  val_mse=0.005779  max_grad=15.75  patience=1/30
2026-10-07 20:06:10,190  gsv3.training             INFO     [family_holdout:vqe_two_local] epoch 0073  train_log_mse=0.03643  val_log_mse=5.70975  val_mse=0.005643  max_grad=20.98  patience=2/30
2026-10-07 20:06:31,650  gsv3.training             INFO     [family_holdout:vqe_two_local] epoch 0074  train_log_mse=0.03590  val_log_mse=5.84687  val_mse=0.005828  max_grad=25.15  patience=3/30
2026-10-07 20:06:52,845  gsv3.training             INFO     [family_holdout:vqe_two_local] epoch 0075  train_log_mse=0.03772  val_log_mse=5.68740  val_mse=0.005988  max_grad=23.61  patience=4/30
2026-10-07 20:07:14,094  gsv3.training             INFO     [family_holdout:vqe_two_local] epoch 0076  train_log_mse=0.03423  val_log_mse=6.33993  val_mse=0.006252  max_grad=23.08  patience=5/30
2026-10-07 20:07:35,331  gsv3.training             INFO     [family_holdout:vqe_two_local] epoch 0077  train_log_mse=0.03868  val_log_mse=5.64706  val_mse=0.005720  max_grad=17.84  patience=6/30
2026-10-07 20:07:56,333  gsv3.training             INFO     [family_holdout:vqe_two_local] epoch 0078  train_log_mse=0.03421  val_log_mse=5.52103  val_mse=0.005352  max_grad=17.17  patience=7/30
2026-10-07 20:08:17,868  gsv3.training             INFO     [family_holdout:vqe_two_local] epoch 0079  train_log_mse=0.03421  val_log_mse=5.41746  val_mse=0.005662  max_grad=22.97  patience=8/30
2026-10-07 20:08:39,543  gsv3.training             INFO     [family_holdout:vqe_two_local] epoch 0080  train_log_mse=0.03424  val_log_mse=5.64526  val_mse=0.006356  max_grad=24.53  patience=9/30
2026-10-07 20:09:00,790  gsv3.training             INFO     [family_holdout:vqe_two_local] epoch 0081  train_log_mse=0.03795  val_log_mse=5.56631  val_mse=0.005830  max_grad=24.43  patience=10/30
2026-10-07 20:09:22,055  gsv3.training             INFO     [family_holdout:vqe_two_local] epoch 0082  train_log_mse=0.03769  val_log_mse=6.01975  val_mse=0.005150  max_grad=27.03  patience=11/30
2026-10-07 20:09:43,381  gsv3.training             INFO     [family_holdout:vqe_two_local] epoch 0083  train_log_mse=0.03631  val_log_mse=5.57347  val_mse=0.005338  max_grad=16.49  patience=12/30
2026-10-07 20:10:04,735  gsv3.training             INFO     [family_holdout:vqe_two_local] epoch 0084  train_log_mse=0.03556  val_log_mse=5.65949  val_mse=0.005557  max_grad=26.82  patience=13/30
2026-10-07 20:10:25,791  gsv3.training             INFO     [family_holdout:vqe_two_local] epoch 0085  train_log_mse=0.03430  val_log_mse=5.76735  val_mse=0.005209  max_grad=22.61  patience=14/30
2026-10-07 20:10:47,423  gsv3.training             INFO     [family_holdout:vqe_two_local] epoch 0086  train_log_mse=0.03190  val_log_mse=5.72823  val_mse=0.006604  max_grad=31.11  patience=15/30
2026-10-07 20:11:08,969  gsv3.training             INFO     [family_holdout:vqe_two_local] epoch 0087  train_log_mse=0.03290  val_log_mse=5.71195  val_mse=0.005312  max_grad=20.31  patience=16/30
2026-10-07 20:11:30,210  gsv3.training             INFO     [family_holdout:vqe_two_local] epoch 0088  train_log_mse=0.03536  val_log_mse=5.81840  val_mse=0.006338  max_grad=25.81  patience=17/30
2026-10-07 20:11:51,791  gsv3.training             INFO     [family_holdout:vqe_two_local] epoch 0089  train_log_mse=0.03726  val_log_mse=5.73860  val_mse=0.004866  max_grad=26.68  patience=18/30
2026-10-07 20:12:13,202  gsv3.training             INFO     [family_holdout:vqe_two_local] epoch 0090  train_log_mse=0.03398  val_log_mse=5.30905  val_mse=0.005187  max_grad=15.08  patience=19/30
2026-10-07 20:12:34,255  gsv3.training             INFO     [family_holdout:vqe_two_local] epoch 0091  train_log_mse=0.03166  val_log_mse=5.30579  val_mse=0.005310  max_grad=20.25  patience=20/30
2026-10-07 20:12:55,541  gsv3.training             INFO     [family_holdout:vqe_two_local] epoch 0092  train_log_mse=0.03206  val_log_mse=5.32207  val_mse=0.006052  max_grad=17.79  patience=21/30
2026-10-07 20:13:17,101  gsv3.training             INFO     [family_holdout:vqe_two_local] epoch 0093  train_log_mse=0.03497  val_log_mse=5.10479  val_mse=0.006301  max_grad=15.61  patience=22/30
2026-10-07 20:13:38,750  gsv3.training             INFO     [family_holdout:vqe_two_local] epoch 0094  train_log_mse=0.03418  val_log_mse=5.59756  val_mse=0.005653  max_grad=18.38  patience=23/30
2026-10-07 20:14:00,052  gsv3.training             INFO     [family_holdout:vqe_two_local] epoch 0095  train_log_mse=0.03202  val_log_mse=5.78359  val_mse=0.005817  max_grad=18.05  patience=24/30
2026-10-07 20:14:21,439  gsv3.training             INFO     [family_holdout:vqe_two_local] epoch 0096  train_log_mse=0.03039  val_log_mse=5.65544  val_mse=0.005049  max_grad=12.13  patience=25/30
2026-10-07 20:14:42,780  gsv3.training             INFO     [family_holdout:vqe_two_local] epoch 0097  train_log_mse=0.03127  val_log_mse=5.49752  val_mse=0.005437  max_grad=18.06  patience=26/30
2026-10-07 20:15:03,895  gsv3.training             INFO     [family_holdout:vqe_two_local] epoch 0098  train_log_mse=0.02966  val_log_mse=5.46467  val_mse=0.005571  max_grad=17.39  patience=27/30
2026-10-07 20:15:25,170  gsv3.training             INFO     [family_holdout:vqe_two_local] epoch 0099  train_log_mse=0.03138  val_log_mse=5.71512  val_mse=0.004991  max_grad=18.15  patience=28/30
2026-10-07 20:15:46,552  gsv3.training             INFO     [family_holdout:vqe_two_local] epoch 0100  train_log_mse=0.03287  val_log_mse=5.76160  val_mse=0.006193  max_grad=16.91  patience=29/30
2026-10-07 20:16:08,359  gsv3.training             INFO     [family_holdout:vqe_two_local] epoch 0101  train_log_mse=0.03626  val_log_mse=5.70159  val_mse=0.005661  max_grad=25.58  patience=30/30
2026-10-07 20:16:12,313  gsv3.experiment           INFO     [vqe_two_local] TEST  n=3449  MAE=0.0390  R2=0.9605  device-acc=0.800  regret=0.0064
2026-10-07 20:16:12,319  genstudy.io               INFO     Wrote evaluations/generalization_v3/results/xattn_a00/leave_one_family_out/vqe_two_local/metrics.json
2026-10-07 20:16:12,341  genstudy.io               INFO     Wrote evaluations/generalization_v3/results/xattn_a00/leave_one_family_out/vqe_two_local/predictions.json
2026-10-07 20:16:12,356  genstudy.io               INFO     Wrote evaluations/generalization_v3/results/xattn_a00/leave_one_family_out/vqe_two_local/history.json
2026-10-07 20:16:12,405  run_experiment            INFO     [2/10] vqe_real_amp
2026-10-07 20:16:12,410  gsv3.experiment           INFO     === family_holdout / vqe_real_amp ===
2026-10-07 20:16:12,410  gsv3.experiment           INFO     Leave-one-family-out: test = all 2861 'vqe_real_amp' circuits, train = 14195 circuits from 34 other families.
2026-10-07 20:16:12,411  gsv3.experiment           INFO     train=11298  val=2897 ({'mode': 'family', 'val_families': ['bmw_quark_copula', 'draper_qft_adder', 'dynamic_qft', 'ghz', 'graphstate', 'grover', 'qft', 'qftentangled', 'qpeinexact', 'randomcircuit']})  test=2861
2026-10-07 20:16:12,484  gsv3.training             INFO     [family_holdout:vqe_real_amp] model=xattn (945113 params) train=11298 val=2897 lr=0.0003 clip=1.0 alpha=0.00
2026-10-07 20:16:34,777  gsv3.training             INFO     [family_holdout:vqe_real_amp] epoch 0001  train_log_mse=3.04983  val_log_mse=8.87636  val_mse=0.014767  max_grad=10812.91  patience=0/30
2026-10-07 20:16:57,327  gsv3.training             INFO     [family_holdout:vqe_real_amp] epoch 0002  train_log_mse=0.52525  val_log_mse=8.78177  val_mse=0.006109  max_grad=278.16  patience=0/30
2026-10-07 20:17:19,771  gsv3.training             INFO     [family_holdout:vqe_real_amp] epoch 0003  train_log_mse=0.36917  val_log_mse=8.37968  val_mse=0.010633  max_grad=318.81  patience=1/30
2026-10-07 20:17:41,914  gsv3.training             INFO     [family_holdout:vqe_real_amp] epoch 0004  train_log_mse=0.26642  val_log_mse=7.30694  val_mse=0.008712  max_grad=88.34  patience=2/30
2026-10-07 20:18:03,211  gsv3.training             INFO     [family_holdout:vqe_real_amp] epoch 0005  train_log_mse=0.24224  val_log_mse=6.09497  val_mse=0.008668  max_grad=117.13  patience=3/30
2026-10-07 20:18:25,331  gsv3.training             INFO     [family_holdout:vqe_real_amp] epoch 0006  train_log_mse=0.19403  val_log_mse=6.63610  val_mse=0.010543  max_grad=102.66  patience=4/30
2026-10-07 20:18:47,165  gsv3.training             INFO     [family_holdout:vqe_real_amp] epoch 0007  train_log_mse=0.19300  val_log_mse=5.68747  val_mse=0.007783  max_grad=101.49  patience=5/30
2026-10-07 20:19:09,363  gsv3.training             INFO     [family_holdout:vqe_real_amp] epoch 0008  train_log_mse=0.15370  val_log_mse=5.73050  val_mse=0.008276  max_grad=55.44  patience=6/30
2026-10-07 20:19:31,639  gsv3.training             INFO     [family_holdout:vqe_real_amp] epoch 0009  train_log_mse=0.16773  val_log_mse=5.99213  val_mse=0.006666  max_grad=88.42  patience=7/30
2026-10-07 20:19:53,660  gsv3.training             INFO     [family_holdout:vqe_real_amp] epoch 0010  train_log_mse=0.11840  val_log_mse=6.46580  val_mse=0.008777  max_grad=64.19  patience=8/30
2026-10-07 20:20:16,074  gsv3.training             INFO     [family_holdout:vqe_real_amp] epoch 0011  train_log_mse=0.09596  val_log_mse=6.12356  val_mse=0.007894  max_grad=77.83  patience=9/30
2026-10-07 20:20:37,982  gsv3.training             INFO     [family_holdout:vqe_real_amp] epoch 0012  train_log_mse=0.09437  val_log_mse=6.44691  val_mse=0.006503  max_grad=38.65  patience=10/30
2026-10-07 20:20:59,654  gsv3.training             INFO     [family_holdout:vqe_real_amp] epoch 0013  train_log_mse=0.08485  val_log_mse=5.85335  val_mse=0.007879  max_grad=42.27  patience=11/30
2026-10-07 20:21:21,747  gsv3.training             INFO     [family_holdout:vqe_real_amp] epoch 0014  train_log_mse=0.09812  val_log_mse=6.77017  val_mse=0.009055  max_grad=47.29  patience=12/30
2026-10-07 20:21:43,815  gsv3.training             INFO     [family_holdout:vqe_real_amp] epoch 0015  train_log_mse=0.09214  val_log_mse=6.13880  val_mse=0.006968  max_grad=47.21  patience=13/30
2026-10-07 20:22:05,745  gsv3.training             INFO     [family_holdout:vqe_real_amp] epoch 0016  train_log_mse=0.08875  val_log_mse=5.61120  val_mse=0.007139  max_grad=46.70  patience=14/30
2026-10-07 20:22:27,788  gsv3.training             INFO     [family_holdout:vqe_real_amp] epoch 0017  train_log_mse=0.08401  val_log_mse=5.28489  val_mse=0.007135  max_grad=34.30  patience=15/30
2026-10-07 20:22:50,077  gsv3.training             INFO     [family_holdout:vqe_real_amp] epoch 0018  train_log_mse=0.07638  val_log_mse=5.90527  val_mse=0.009916  max_grad=36.32  patience=16/30
2026-10-07 20:23:12,178  gsv3.training             INFO     [family_holdout:vqe_real_amp] epoch 0019  train_log_mse=0.08910  val_log_mse=5.96873  val_mse=0.007378  max_grad=34.00  patience=17/30
2026-10-07 20:23:34,414  gsv3.training             INFO     [family_holdout:vqe_real_amp] epoch 0020  train_log_mse=0.07136  val_log_mse=6.03881  val_mse=0.010703  max_grad=30.55  patience=18/30
2026-10-07 20:23:56,882  gsv3.training             INFO     [family_holdout:vqe_real_amp] epoch 0021  train_log_mse=0.07159  val_log_mse=6.57401  val_mse=0.007343  max_grad=32.51  patience=19/30
2026-10-07 20:24:18,825  gsv3.training             INFO     [family_holdout:vqe_real_amp] epoch 0022  train_log_mse=0.07447  val_log_mse=5.82123  val_mse=0.007404  max_grad=36.29  patience=20/30
2026-10-07 20:24:40,866  gsv3.training             INFO     [family_holdout:vqe_real_amp] epoch 0023  train_log_mse=0.06863  val_log_mse=5.31680  val_mse=0.006247  max_grad=41.61  patience=21/30
2026-10-07 20:25:03,143  gsv3.training             INFO     [family_holdout:vqe_real_amp] epoch 0024  train_log_mse=0.06785  val_log_mse=5.39478  val_mse=0.006180  max_grad=47.21  patience=22/30
2026-10-07 20:25:25,162  gsv3.training             INFO     [family_holdout:vqe_real_amp] epoch 0025  train_log_mse=0.07297  val_log_mse=5.28110  val_mse=0.006885  max_grad=30.22  patience=23/30
2026-10-07 20:25:47,353  gsv3.training             INFO     [family_holdout:vqe_real_amp] epoch 0026  train_log_mse=0.05866  val_log_mse=6.57018  val_mse=0.006899  max_grad=25.09  patience=24/30
2026-10-07 20:26:09,660  gsv3.training             INFO     [family_holdout:vqe_real_amp] epoch 0027  train_log_mse=0.05984  val_log_mse=5.42645  val_mse=0.006810  max_grad=37.06  patience=25/30
2026-10-07 20:26:31,797  gsv3.training             INFO     [family_holdout:vqe_real_amp] epoch 0028  train_log_mse=0.06635  val_log_mse=5.48361  val_mse=0.005376  max_grad=46.29  patience=0/30
2026-10-07 20:26:53,976  gsv3.training             INFO     [family_holdout:vqe_real_amp] epoch 0029  train_log_mse=0.05898  val_log_mse=5.86905  val_mse=0.007425  max_grad=49.13  patience=1/30
2026-10-07 20:27:16,582  gsv3.training             INFO     [family_holdout:vqe_real_amp] epoch 0030  train_log_mse=0.06110  val_log_mse=5.64955  val_mse=0.005839  max_grad=28.14  patience=2/30
2026-10-07 20:27:38,996  gsv3.training             INFO     [family_holdout:vqe_real_amp] epoch 0031  train_log_mse=0.05325  val_log_mse=5.69143  val_mse=0.007472  max_grad=34.71  patience=3/30
2026-10-07 20:28:00,964  gsv3.training             INFO     [family_holdout:vqe_real_amp] epoch 0032  train_log_mse=0.05417  val_log_mse=5.48787  val_mse=0.005815  max_grad=31.90  patience=4/30
2026-10-07 20:28:23,102  gsv3.training             INFO     [family_holdout:vqe_real_amp] epoch 0033  train_log_mse=0.05447  val_log_mse=6.07589  val_mse=0.005378  max_grad=33.62  patience=5/30
2026-10-07 20:28:45,452  gsv3.training             INFO     [family_holdout:vqe_real_amp] epoch 0034  train_log_mse=0.05073  val_log_mse=5.64257  val_mse=0.006949  max_grad=33.07  patience=6/30
2026-10-07 20:29:07,636  gsv3.training             INFO     [family_holdout:vqe_real_amp] epoch 0035  train_log_mse=0.04974  val_log_mse=5.90007  val_mse=0.005947  max_grad=28.61  patience=7/30
2026-10-07 20:29:29,963  gsv3.training             INFO     [family_holdout:vqe_real_amp] epoch 0036  train_log_mse=0.05565  val_log_mse=6.40003  val_mse=0.006008  max_grad=48.75  patience=8/30
2026-10-07 20:29:52,234  gsv3.training             INFO     [family_holdout:vqe_real_amp] epoch 0037  train_log_mse=0.05054  val_log_mse=5.74456  val_mse=0.006977  max_grad=30.87  patience=9/30
2026-10-07 20:30:14,438  gsv3.training             INFO     [family_holdout:vqe_real_amp] epoch 0038  train_log_mse=0.05436  val_log_mse=5.55751  val_mse=0.006301  max_grad=25.57  patience=10/30
2026-10-07 20:30:36,627  gsv3.training             INFO     [family_holdout:vqe_real_amp] epoch 0039  train_log_mse=0.04703  val_log_mse=6.30029  val_mse=0.006390  max_grad=28.25  patience=11/30
2026-10-07 20:30:59,228  gsv3.training             INFO     [family_holdout:vqe_real_amp] epoch 0040  train_log_mse=0.04605  val_log_mse=6.11523  val_mse=0.006881  max_grad=24.50  patience=12/30
2026-10-07 20:31:21,624  gsv3.training             INFO     [family_holdout:vqe_real_amp] epoch 0041  train_log_mse=0.04671  val_log_mse=7.15165  val_mse=0.005503  max_grad=23.35  patience=13/30
2026-10-07 20:31:43,931  gsv3.training             INFO     [family_holdout:vqe_real_amp] epoch 0042  train_log_mse=0.04582  val_log_mse=6.09738  val_mse=0.005810  max_grad=28.10  patience=14/30
2026-10-07 20:32:06,297  gsv3.training             INFO     [family_holdout:vqe_real_amp] epoch 0043  train_log_mse=0.04388  val_log_mse=5.99035  val_mse=0.005053  max_grad=22.18  patience=0/30
2026-10-07 20:32:28,446  gsv3.training             INFO     [family_holdout:vqe_real_amp] epoch 0044  train_log_mse=0.04814  val_log_mse=5.74874  val_mse=0.005495  max_grad=36.14  patience=1/30
2026-10-07 20:32:50,651  gsv3.training             INFO     [family_holdout:vqe_real_amp] epoch 0045  train_log_mse=0.04660  val_log_mse=5.91923  val_mse=0.005884  max_grad=37.28  patience=2/30
2026-10-07 20:33:12,879  gsv3.training             INFO     [family_holdout:vqe_real_amp] epoch 0046  train_log_mse=0.04163  val_log_mse=5.80387  val_mse=0.005816  max_grad=21.32  patience=3/30
2026-10-07 20:33:34,852  gsv3.training             INFO     [family_holdout:vqe_real_amp] epoch 0047  train_log_mse=0.03849  val_log_mse=6.29004  val_mse=0.005547  max_grad=19.25  patience=4/30
2026-10-07 20:33:56,899  gsv3.training             INFO     [family_holdout:vqe_real_amp] epoch 0048  train_log_mse=0.04623  val_log_mse=6.02977  val_mse=0.006021  max_grad=26.05  patience=5/30
2026-10-07 20:34:19,070  gsv3.training             INFO     [family_holdout:vqe_real_amp] epoch 0049  train_log_mse=0.04845  val_log_mse=5.87212  val_mse=0.005711  max_grad=29.57  patience=6/30
2026-10-07 20:34:41,657  gsv3.training             INFO     [family_holdout:vqe_real_amp] epoch 0050  train_log_mse=0.04013  val_log_mse=6.59403  val_mse=0.005985  max_grad=29.93  patience=7/30
2026-10-07 20:35:04,006  gsv3.training             INFO     [family_holdout:vqe_real_amp] epoch 0051  train_log_mse=0.04465  val_log_mse=5.96252  val_mse=0.005593  max_grad=38.76  patience=8/30
2026-10-07 20:35:26,488  gsv3.training             INFO     [family_holdout:vqe_real_amp] epoch 0052  train_log_mse=0.04470  val_log_mse=6.27023  val_mse=0.005751  max_grad=23.43  patience=9/30
2026-10-07 20:35:48,699  gsv3.training             INFO     [family_holdout:vqe_real_amp] epoch 0053  train_log_mse=0.04384  val_log_mse=6.32723  val_mse=0.005869  max_grad=32.80  patience=10/30
2026-10-07 20:36:10,625  gsv3.training             INFO     [family_holdout:vqe_real_amp] epoch 0054  train_log_mse=0.04076  val_log_mse=5.57452  val_mse=0.005561  max_grad=22.09  patience=11/30
2026-10-07 20:36:32,867  gsv3.training             INFO     [family_holdout:vqe_real_amp] epoch 0055  train_log_mse=0.04324  val_log_mse=6.58696  val_mse=0.005053  max_grad=48.73  patience=0/30
2026-10-07 20:36:55,081  gsv3.training             INFO     [family_holdout:vqe_real_amp] epoch 0056  train_log_mse=0.03927  val_log_mse=6.17082  val_mse=0.005433  max_grad=22.19  patience=1/30
2026-10-07 20:37:16,927  gsv3.training             INFO     [family_holdout:vqe_real_amp] epoch 0057  train_log_mse=0.04011  val_log_mse=6.99934  val_mse=0.005173  max_grad=18.09  patience=2/30
2026-10-07 20:37:39,028  gsv3.training             INFO     [family_holdout:vqe_real_amp] epoch 0058  train_log_mse=0.03922  val_log_mse=5.58464  val_mse=0.005456  max_grad=22.06  patience=3/30
2026-10-07 20:38:01,328  gsv3.training             INFO     [family_holdout:vqe_real_amp] epoch 0059  train_log_mse=0.04066  val_log_mse=6.44790  val_mse=0.005955  max_grad=22.24  patience=4/30
2026-10-07 20:38:23,475  gsv3.training             INFO     [family_holdout:vqe_real_amp] epoch 0060  train_log_mse=0.03649  val_log_mse=5.99374  val_mse=0.005834  max_grad=20.87  patience=5/30
2026-10-07 20:38:46,097  gsv3.training             INFO     [family_holdout:vqe_real_amp] epoch 0061  train_log_mse=0.04032  val_log_mse=5.49027  val_mse=0.005665  max_grad=19.22  patience=6/30
2026-10-07 20:39:08,572  gsv3.training             INFO     [family_holdout:vqe_real_amp] epoch 0062  train_log_mse=0.04233  val_log_mse=6.23037  val_mse=0.005112  max_grad=24.36  patience=7/30
2026-10-07 20:39:30,449  gsv3.training             INFO     [family_holdout:vqe_real_amp] epoch 0063  train_log_mse=0.03503  val_log_mse=5.98850  val_mse=0.006247  max_grad=23.41  patience=8/30
2026-10-07 20:39:52,506  gsv3.training             INFO     [family_holdout:vqe_real_amp] epoch 0064  train_log_mse=0.03850  val_log_mse=6.12440  val_mse=0.005860  max_grad=28.42  patience=9/30
2026-10-07 20:40:14,651  gsv3.training             INFO     [family_holdout:vqe_real_amp] epoch 0065  train_log_mse=0.03895  val_log_mse=5.99254  val_mse=0.005828  max_grad=21.05  patience=10/30
2026-10-07 20:40:36,842  gsv3.training             INFO     [family_holdout:vqe_real_amp] epoch 0066  train_log_mse=0.03515  val_log_mse=6.16288  val_mse=0.005898  max_grad=14.80  patience=11/30
2026-10-07 20:40:58,966  gsv3.training             INFO     [family_holdout:vqe_real_amp] epoch 0067  train_log_mse=0.04117  val_log_mse=6.56991  val_mse=0.006153  max_grad=27.71  patience=12/30
2026-10-07 20:41:21,179  gsv3.training             INFO     [family_holdout:vqe_real_amp] epoch 0068  train_log_mse=0.03792  val_log_mse=6.36244  val_mse=0.005136  max_grad=19.11  patience=13/30
2026-10-07 20:41:43,359  gsv3.training             INFO     [family_holdout:vqe_real_amp] epoch 0069  train_log_mse=0.03536  val_log_mse=5.62078  val_mse=0.006048  max_grad=22.33  patience=14/30
2026-10-07 20:42:05,539  gsv3.training             INFO     [family_holdout:vqe_real_amp] epoch 0070  train_log_mse=0.03344  val_log_mse=5.66388  val_mse=0.005696  max_grad=21.85  patience=15/30
2026-10-07 20:42:28,017  gsv3.training             INFO     [family_holdout:vqe_real_amp] epoch 0071  train_log_mse=0.03370  val_log_mse=6.18094  val_mse=0.006334  max_grad=18.96  patience=16/30
2026-10-07 20:42:50,432  gsv3.training             INFO     [family_holdout:vqe_real_amp] epoch 0072  train_log_mse=0.03565  val_log_mse=6.11742  val_mse=0.005896  max_grad=25.53  patience=17/30
2026-10-07 20:43:12,248  gsv3.training             INFO     [family_holdout:vqe_real_amp] epoch 0073  train_log_mse=0.03682  val_log_mse=6.33290  val_mse=0.005897  max_grad=18.41  patience=18/30
2026-10-07 20:43:33,653  gsv3.training             INFO     [family_holdout:vqe_real_amp] epoch 0074  train_log_mse=0.03214  val_log_mse=6.51110  val_mse=0.005937  max_grad=16.30  patience=19/30
2026-10-07 20:43:55,588  gsv3.training             INFO     [family_holdout:vqe_real_amp] epoch 0075  train_log_mse=0.04151  val_log_mse=6.18906  val_mse=0.005209  max_grad=37.70  patience=20/30
2026-10-07 20:44:17,236  gsv3.training             INFO     [family_holdout:vqe_real_amp] epoch 0076  train_log_mse=0.03536  val_log_mse=6.37310  val_mse=0.005393  max_grad=25.66  patience=21/30
2026-10-07 20:44:39,053  gsv3.training             INFO     [family_holdout:vqe_real_amp] epoch 0077  train_log_mse=0.03237  val_log_mse=6.20994  val_mse=0.005647  max_grad=19.08  patience=22/30
2026-10-07 20:45:01,014  gsv3.training             INFO     [family_holdout:vqe_real_amp] epoch 0078  train_log_mse=0.03545  val_log_mse=5.91669  val_mse=0.005549  max_grad=17.67  patience=23/30
2026-10-07 20:45:22,956  gsv3.training             INFO     [family_holdout:vqe_real_amp] epoch 0079  train_log_mse=0.03468  val_log_mse=5.67487  val_mse=0.005147  max_grad=18.50  patience=24/30
2026-10-07 20:45:44,809  gsv3.training             INFO     [family_holdout:vqe_real_amp] epoch 0080  train_log_mse=0.03305  val_log_mse=6.05597  val_mse=0.006124  max_grad=20.27  patience=25/30
2026-10-07 20:46:06,680  gsv3.training             INFO     [family_holdout:vqe_real_amp] epoch 0081  train_log_mse=0.03594  val_log_mse=5.51096  val_mse=0.005978  max_grad=19.76  patience=26/30
2026-10-07 20:46:28,314  gsv3.training             INFO     [family_holdout:vqe_real_amp] epoch 0082  train_log_mse=0.03233  val_log_mse=6.39327  val_mse=0.005601  max_grad=15.67  patience=27/30
2026-10-07 20:46:49,982  gsv3.training             INFO     [family_holdout:vqe_real_amp] epoch 0083  train_log_mse=0.03434  val_log_mse=5.82506  val_mse=0.005678  max_grad=22.00  patience=28/30
2026-10-07 20:47:12,018  gsv3.training             INFO     [family_holdout:vqe_real_amp] epoch 0084  train_log_mse=0.03295  val_log_mse=5.79137  val_mse=0.005563  max_grad=22.17  patience=29/30
2026-10-07 20:47:33,885  gsv3.training             INFO     [family_holdout:vqe_real_amp] epoch 0085  train_log_mse=0.03286  val_log_mse=6.19785  val_mse=0.004927  max_grad=39.49  patience=0/30
2026-10-07 20:47:55,591  gsv3.training             INFO     [family_holdout:vqe_real_amp] epoch 0086  train_log_mse=0.03075  val_log_mse=5.89925  val_mse=0.005466  max_grad=15.71  patience=1/30
2026-10-07 20:48:17,565  gsv3.training             INFO     [family_holdout:vqe_real_amp] epoch 0087  train_log_mse=0.03007  val_log_mse=6.18025  val_mse=0.005159  max_grad=14.21  patience=2/30
2026-10-07 20:48:39,614  gsv3.training             INFO     [family_holdout:vqe_real_amp] epoch 0088  train_log_mse=0.03072  val_log_mse=6.23688  val_mse=0.005434  max_grad=17.92  patience=3/30
2026-10-07 20:49:01,522  gsv3.training             INFO     [family_holdout:vqe_real_amp] epoch 0089  train_log_mse=0.03005  val_log_mse=6.15691  val_mse=0.005494  max_grad=13.47  patience=4/30
2026-10-07 20:49:23,405  gsv3.training             INFO     [family_holdout:vqe_real_amp] epoch 0090  train_log_mse=0.03011  val_log_mse=6.01663  val_mse=0.005825  max_grad=16.61  patience=5/30
2026-10-07 20:49:45,267  gsv3.training             INFO     [family_holdout:vqe_real_amp] epoch 0091  train_log_mse=0.03058  val_log_mse=5.93350  val_mse=0.005839  max_grad=14.20  patience=6/30
2026-10-07 20:50:06,843  gsv3.training             INFO     [family_holdout:vqe_real_amp] epoch 0092  train_log_mse=0.03184  val_log_mse=5.59862  val_mse=0.005620  max_grad=23.53  patience=7/30
2026-10-07 20:50:28,619  gsv3.training             INFO     [family_holdout:vqe_real_amp] epoch 0093  train_log_mse=0.03348  val_log_mse=6.00918  val_mse=0.006613  max_grad=14.46  patience=8/30
2026-10-07 20:50:50,505  gsv3.training             INFO     [family_holdout:vqe_real_amp] epoch 0094  train_log_mse=0.03105  val_log_mse=5.92793  val_mse=0.006100  max_grad=18.03  patience=9/30
2026-10-07 20:51:12,155  gsv3.training             INFO     [family_holdout:vqe_real_amp] epoch 0095  train_log_mse=0.03382  val_log_mse=6.72416  val_mse=0.005116  max_grad=20.81  patience=10/30
2026-10-07 20:51:33,771  gsv3.training             INFO     [family_holdout:vqe_real_amp] epoch 0096  train_log_mse=0.03285  val_log_mse=6.28942  val_mse=0.005248  max_grad=24.94  patience=11/30
2026-10-07 20:51:55,717  gsv3.training             INFO     [family_holdout:vqe_real_amp] epoch 0097  train_log_mse=0.03255  val_log_mse=6.01234  val_mse=0.005409  max_grad=17.03  patience=12/30
2026-10-07 20:52:17,915  gsv3.training             INFO     [family_holdout:vqe_real_amp] epoch 0098  train_log_mse=0.03352  val_log_mse=6.07364  val_mse=0.005425  max_grad=18.09  patience=13/30
2026-10-07 20:52:39,744  gsv3.training             INFO     [family_holdout:vqe_real_amp] epoch 0099  train_log_mse=0.03222  val_log_mse=6.23113  val_mse=0.005725  max_grad=17.36  patience=14/30
2026-10-07 20:53:01,611  gsv3.training             INFO     [family_holdout:vqe_real_amp] epoch 0100  train_log_mse=0.03466  val_log_mse=5.86878  val_mse=0.005362  max_grad=24.99  patience=15/30
2026-10-07 20:53:23,494  gsv3.training             INFO     [family_holdout:vqe_real_amp] epoch 0101  train_log_mse=0.03441  val_log_mse=5.95615  val_mse=0.005247  max_grad=31.51  patience=16/30
2026-10-07 20:53:45,112  gsv3.training             INFO     [family_holdout:vqe_real_amp] epoch 0102  train_log_mse=0.02736  val_log_mse=6.39200  val_mse=0.005238  max_grad=18.96  patience=17/30
2026-10-07 20:54:07,034  gsv3.training             INFO     [family_holdout:vqe_real_amp] epoch 0103  train_log_mse=0.02900  val_log_mse=5.62770  val_mse=0.006125  max_grad=11.97  patience=18/30
2026-10-07 20:54:29,093  gsv3.training             INFO     [family_holdout:vqe_real_amp] epoch 0104  train_log_mse=0.02889  val_log_mse=6.14868  val_mse=0.006186  max_grad=13.05  patience=19/30
2026-10-07 20:54:50,648  gsv3.training             INFO     [family_holdout:vqe_real_amp] epoch 0105  train_log_mse=0.03405  val_log_mse=6.09516  val_mse=0.006312  max_grad=18.60  patience=20/30
2026-10-07 20:55:12,325  gsv3.training             INFO     [family_holdout:vqe_real_amp] epoch 0106  train_log_mse=0.03628  val_log_mse=5.85513  val_mse=0.005950  max_grad=17.36  patience=21/30
2026-10-07 20:55:34,321  gsv3.training             INFO     [family_holdout:vqe_real_amp] epoch 0107  train_log_mse=0.03419  val_log_mse=5.81157  val_mse=0.006456  max_grad=17.81  patience=22/30
2026-10-07 20:55:56,203  gsv3.training             INFO     [family_holdout:vqe_real_amp] epoch 0108  train_log_mse=0.03063  val_log_mse=5.77670  val_mse=0.005595  max_grad=24.29  patience=23/30
2026-10-07 20:56:18,095  gsv3.training             INFO     [family_holdout:vqe_real_amp] epoch 0109  train_log_mse=0.02856  val_log_mse=5.77890  val_mse=0.005473  max_grad=14.36  patience=24/30
2026-10-07 20:56:39,968  gsv3.training             INFO     [family_holdout:vqe_real_amp] epoch 0110  train_log_mse=0.03037  val_log_mse=6.03679  val_mse=0.005428  max_grad=23.53  patience=25/30
2026-10-07 20:57:02,262  gsv3.training             INFO     [family_holdout:vqe_real_amp] epoch 0111  train_log_mse=0.02912  val_log_mse=5.94651  val_mse=0.005222  max_grad=13.72  patience=26/30
2026-10-07 20:57:24,241  gsv3.training             INFO     [family_holdout:vqe_real_amp] epoch 0112  train_log_mse=0.02794  val_log_mse=6.57948  val_mse=0.006203  max_grad=18.20  patience=27/30
2026-10-07 20:57:46,347  gsv3.training             INFO     [family_holdout:vqe_real_amp] epoch 0113  train_log_mse=0.02920  val_log_mse=5.58491  val_mse=0.005510  max_grad=13.26  patience=28/30
2026-10-07 20:58:08,481  gsv3.training             INFO     [family_holdout:vqe_real_amp] epoch 0114  train_log_mse=0.02799  val_log_mse=6.23691  val_mse=0.005750  max_grad=15.06  patience=29/30
2026-10-07 20:58:30,840  gsv3.training             INFO     [family_holdout:vqe_real_amp] epoch 0115  train_log_mse=0.02969  val_log_mse=5.63120  val_mse=0.005875  max_grad=27.88  patience=30/30
2026-10-07 20:58:34,436  gsv3.experiment           INFO     [vqe_real_amp] TEST  n=2861  MAE=0.0138  R2=0.9945  device-acc=0.822  regret=0.0031
2026-10-07 20:58:34,439  genstudy.io               INFO     Wrote evaluations/generalization_v3/results/xattn_a00/leave_one_family_out/vqe_real_amp/metrics.json
2026-10-07 20:58:34,456  genstudy.io               INFO     Wrote evaluations/generalization_v3/results/xattn_a00/leave_one_family_out/vqe_real_amp/predictions.json
2026-10-07 20:58:34,467  genstudy.io               INFO     Wrote evaluations/generalization_v3/results/xattn_a00/leave_one_family_out/vqe_real_amp/history.json
2026-10-07 20:58:34,512  run_experiment            INFO     [3/10] vqe_su2
2026-10-07 20:58:34,514  gsv3.experiment           INFO     === family_holdout / vqe_su2 ===
2026-10-07 20:58:34,514  gsv3.experiment           INFO     Leave-one-family-out: test = all 2858 'vqe_su2' circuits, train = 14198 circuits from 34 other families.
2026-10-07 20:58:34,516  gsv3.experiment           INFO     train=11301  val=2897 ({'mode': 'family', 'val_families': ['bmw_quark_copula', 'draper_qft_adder', 'dynamic_qft', 'ghz', 'graphstate', 'grover', 'qft', 'qftentangled', 'qpeinexact', 'randomcircuit']})  test=2858
2026-10-07 20:58:34,593  gsv3.training             INFO     [family_holdout:vqe_su2] model=xattn (945113 params) train=11301 val=2897 lr=0.0003 clip=1.0 alpha=0.00
2026-10-07 20:58:56,606  gsv3.training             INFO     [family_holdout:vqe_su2] epoch 0001  train_log_mse=1.78799  val_log_mse=7.92653  val_mse=0.019149  max_grad=2151.25  patience=0/30
2026-10-07 20:59:18,964  gsv3.training             INFO     [family_holdout:vqe_su2] epoch 0002  train_log_mse=0.54570  val_log_mse=7.15487  val_mse=0.009811  max_grad=176.16  patience=0/30
2026-10-07 20:59:41,036  gsv3.training             INFO     [family_holdout:vqe_su2] epoch 0003  train_log_mse=0.27946  val_log_mse=7.10225  val_mse=0.016803  max_grad=153.30  patience=1/30
2026-10-07 21:00:03,001  gsv3.training             INFO     [family_holdout:vqe_su2] epoch 0004  train_log_mse=0.22566  val_log_mse=7.89990  val_mse=0.009342  max_grad=104.36  patience=0/30
2026-10-07 21:00:24,966  gsv3.training             INFO     [family_holdout:vqe_su2] epoch 0005  train_log_mse=0.19212  val_log_mse=7.36081  val_mse=0.013965  max_grad=106.92  patience=1/30
2026-10-07 21:00:46,457  gsv3.training             INFO     [family_holdout:vqe_su2] epoch 0006  train_log_mse=0.18053  val_log_mse=6.94416  val_mse=0.010640  max_grad=82.01  patience=2/30
2026-10-07 21:01:08,369  gsv3.training             INFO     [family_holdout:vqe_su2] epoch 0007  train_log_mse=0.14730  val_log_mse=6.96745  val_mse=0.011442  max_grad=62.28  patience=3/30
2026-10-07 21:01:30,418  gsv3.training             INFO     [family_holdout:vqe_su2] epoch 0008  train_log_mse=0.12278  val_log_mse=7.03748  val_mse=0.010837  max_grad=56.09  patience=4/30
2026-10-07 21:01:52,027  gsv3.training             INFO     [family_holdout:vqe_su2] epoch 0009  train_log_mse=0.13121  val_log_mse=6.43757  val_mse=0.007661  max_grad=85.35  patience=0/30
2026-10-07 21:02:14,558  gsv3.training             INFO     [family_holdout:vqe_su2] epoch 0010  train_log_mse=0.13025  val_log_mse=6.58799  val_mse=0.009305  max_grad=64.45  patience=1/30
2026-10-07 21:02:37,019  gsv3.training             INFO     [family_holdout:vqe_su2] epoch 0011  train_log_mse=0.12353  val_log_mse=6.56071  val_mse=0.008099  max_grad=75.70  patience=2/30
2026-10-07 21:02:58,845  gsv3.training             INFO     [family_holdout:vqe_su2] epoch 0012  train_log_mse=0.09647  val_log_mse=5.55437  val_mse=0.006130  max_grad=62.85  patience=0/30
2026-10-07 21:03:20,566  gsv3.training             INFO     [family_holdout:vqe_su2] epoch 0013  train_log_mse=0.08724  val_log_mse=5.63201  val_mse=0.008990  max_grad=65.57  patience=1/30
2026-10-07 21:03:42,584  gsv3.training             INFO     [family_holdout:vqe_su2] epoch 0014  train_log_mse=0.08387  val_log_mse=6.18979  val_mse=0.007649  max_grad=52.77  patience=2/30
2026-10-07 21:04:04,464  gsv3.training             INFO     [family_holdout:vqe_su2] epoch 0015  train_log_mse=0.07713  val_log_mse=5.99105  val_mse=0.006744  max_grad=30.81  patience=3/30
2026-10-07 21:04:25,916  gsv3.training             INFO     [family_holdout:vqe_su2] epoch 0016  train_log_mse=0.07483  val_log_mse=6.04055  val_mse=0.011574  max_grad=45.84  patience=4/30
2026-10-07 21:04:47,682  gsv3.training             INFO     [family_holdout:vqe_su2] epoch 0017  train_log_mse=0.07647  val_log_mse=5.25310  val_mse=0.007307  max_grad=47.78  patience=5/30
2026-10-07 21:05:09,920  gsv3.training             INFO     [family_holdout:vqe_su2] epoch 0018  train_log_mse=0.09570  val_log_mse=5.00950  val_mse=0.008554  max_grad=53.66  patience=6/30
2026-10-07 21:05:32,199  gsv3.training             INFO     [family_holdout:vqe_su2] epoch 0019  train_log_mse=0.07844  val_log_mse=6.13864  val_mse=0.009685  max_grad=58.20  patience=7/30
2026-10-07 21:05:54,429  gsv3.training             INFO     [family_holdout:vqe_su2] epoch 0020  train_log_mse=0.08181  val_log_mse=5.17229  val_mse=0.010689  max_grad=41.70  patience=8/30
2026-10-07 21:06:16,546  gsv3.training             INFO     [family_holdout:vqe_su2] epoch 0021  train_log_mse=0.08042  val_log_mse=6.02836  val_mse=0.007930  max_grad=62.36  patience=9/30
2026-10-07 21:06:38,511  gsv3.training             INFO     [family_holdout:vqe_su2] epoch 0022  train_log_mse=0.07027  val_log_mse=5.47536  val_mse=0.007734  max_grad=29.10  patience=10/30
2026-10-07 21:07:00,103  gsv3.training             INFO     [family_holdout:vqe_su2] epoch 0023  train_log_mse=0.06552  val_log_mse=5.46878  val_mse=0.007575  max_grad=36.38  patience=11/30
2026-10-07 21:07:22,019  gsv3.training             INFO     [family_holdout:vqe_su2] epoch 0024  train_log_mse=0.06201  val_log_mse=6.03178  val_mse=0.005683  max_grad=55.08  patience=0/30
2026-10-07 21:07:43,915  gsv3.training             INFO     [family_holdout:vqe_su2] epoch 0025  train_log_mse=0.06131  val_log_mse=5.74002  val_mse=0.008826  max_grad=28.86  patience=1/30
2026-10-07 21:08:05,375  gsv3.training             INFO     [family_holdout:vqe_su2] epoch 0026  train_log_mse=0.05531  val_log_mse=5.56264  val_mse=0.007549  max_grad=41.55  patience=2/30
2026-10-07 21:08:28,167  gsv3.training             INFO     [family_holdout:vqe_su2] epoch 0027  train_log_mse=0.05787  val_log_mse=5.58133  val_mse=0.007550  max_grad=32.54  patience=3/30
2026-10-07 21:08:50,678  gsv3.training             INFO     [family_holdout:vqe_su2] epoch 0028  train_log_mse=0.06302  val_log_mse=5.39750  val_mse=0.007621  max_grad=42.53  patience=4/30
2026-10-07 21:09:12,409  gsv3.training             INFO     [family_holdout:vqe_su2] epoch 0029  train_log_mse=0.05847  val_log_mse=5.57690  val_mse=0.007509  max_grad=33.65  patience=5/30
2026-10-07 21:09:34,339  gsv3.training             INFO     [family_holdout:vqe_su2] epoch 0030  train_log_mse=0.05392  val_log_mse=5.71559  val_mse=0.005690  max_grad=38.57  patience=6/30
2026-10-07 21:09:56,376  gsv3.training             INFO     [family_holdout:vqe_su2] epoch 0031  train_log_mse=0.05713  val_log_mse=5.84865  val_mse=0.012023  max_grad=38.84  patience=7/30
2026-10-07 21:10:18,094  gsv3.training             INFO     [family_holdout:vqe_su2] epoch 0032  train_log_mse=0.05535  val_log_mse=4.89356  val_mse=0.007812  max_grad=34.70  patience=8/30
2026-10-07 21:10:39,845  gsv3.training             INFO     [family_holdout:vqe_su2] epoch 0033  train_log_mse=0.06586  val_log_mse=5.13967  val_mse=0.006279  max_grad=46.81  patience=9/30
2026-10-07 21:11:01,791  gsv3.training             INFO     [family_holdout:vqe_su2] epoch 0034  train_log_mse=0.04997  val_log_mse=5.47523  val_mse=0.006776  max_grad=23.46  patience=10/30
2026-10-07 21:11:24,188  gsv3.training             INFO     [family_holdout:vqe_su2] epoch 0035  train_log_mse=0.05541  val_log_mse=5.20589  val_mse=0.008300  max_grad=26.83  patience=11/30
2026-10-07 21:11:46,355  gsv3.training             INFO     [family_holdout:vqe_su2] epoch 0036  train_log_mse=0.05485  val_log_mse=5.52804  val_mse=0.006023  max_grad=32.38  patience=12/30
2026-10-07 21:12:08,569  gsv3.training             INFO     [family_holdout:vqe_su2] epoch 0037  train_log_mse=0.05164  val_log_mse=5.33768  val_mse=0.007267  max_grad=28.47  patience=13/30
2026-10-07 21:12:30,596  gsv3.training             INFO     [family_holdout:vqe_su2] epoch 0038  train_log_mse=0.05352  val_log_mse=5.03914  val_mse=0.006382  max_grad=30.99  patience=14/30
2026-10-07 21:12:52,259  gsv3.training             INFO     [family_holdout:vqe_su2] epoch 0039  train_log_mse=0.05187  val_log_mse=5.36555  val_mse=0.006566  max_grad=29.32  patience=15/30
2026-10-07 21:13:13,985  gsv3.training             INFO     [family_holdout:vqe_su2] epoch 0040  train_log_mse=0.04508  val_log_mse=5.13883  val_mse=0.006522  max_grad=21.22  patience=16/30
2026-10-07 21:13:36,016  gsv3.training             INFO     [family_holdout:vqe_su2] epoch 0041  train_log_mse=0.05000  val_log_mse=5.94630  val_mse=0.005928  max_grad=32.45  patience=17/30
2026-10-07 21:13:57,979  gsv3.training             INFO     [family_holdout:vqe_su2] epoch 0042  train_log_mse=0.04246  val_log_mse=5.01435  val_mse=0.007027  max_grad=30.54  patience=18/30
2026-10-07 21:14:19,730  gsv3.training             INFO     [family_holdout:vqe_su2] epoch 0043  train_log_mse=0.04688  val_log_mse=5.20566  val_mse=0.007761  max_grad=32.78  patience=19/30
2026-10-07 21:14:42,386  gsv3.training             INFO     [family_holdout:vqe_su2] epoch 0044  train_log_mse=0.04380  val_log_mse=4.99429  val_mse=0.006900  max_grad=27.39  patience=20/30
2026-10-07 21:15:04,868  gsv3.training             INFO     [family_holdout:vqe_su2] epoch 0045  train_log_mse=0.04954  val_log_mse=5.49527  val_mse=0.005704  max_grad=46.97  patience=21/30
2026-10-07 21:15:26,477  gsv3.training             INFO     [family_holdout:vqe_su2] epoch 0046  train_log_mse=0.04453  val_log_mse=5.38873  val_mse=0.007042  max_grad=28.90  patience=22/30
2026-10-07 21:15:48,484  gsv3.training             INFO     [family_holdout:vqe_su2] epoch 0047  train_log_mse=0.04297  val_log_mse=5.38655  val_mse=0.006334  max_grad=23.51  patience=23/30
2026-10-07 21:16:10,415  gsv3.training             INFO     [family_holdout:vqe_su2] epoch 0048  train_log_mse=0.03978  val_log_mse=5.89181  val_mse=0.006172  max_grad=15.91  patience=24/30
2026-10-07 21:16:32,198  gsv3.training             INFO     [family_holdout:vqe_su2] epoch 0049  train_log_mse=0.04476  val_log_mse=4.69489  val_mse=0.005412  max_grad=25.10  patience=0/30
2026-10-07 21:16:53,613  gsv3.training             INFO     [family_holdout:vqe_su2] epoch 0050  train_log_mse=0.03989  val_log_mse=4.96301  val_mse=0.006222  max_grad=18.60  patience=1/30
2026-10-07 21:17:15,992  gsv3.training             INFO     [family_holdout:vqe_su2] epoch 0051  train_log_mse=0.04026  val_log_mse=5.08956  val_mse=0.007657  max_grad=24.57  patience=2/30
2026-10-07 21:17:38,609  gsv3.training             INFO     [family_holdout:vqe_su2] epoch 0052  train_log_mse=0.04822  val_log_mse=4.87740  val_mse=0.005615  max_grad=32.11  patience=3/30
2026-10-07 21:18:00,805  gsv3.training             INFO     [family_holdout:vqe_su2] epoch 0053  train_log_mse=0.04299  val_log_mse=4.89820  val_mse=0.007044  max_grad=23.91  patience=4/30
2026-10-07 21:18:22,999  gsv3.training             INFO     [family_holdout:vqe_su2] epoch 0054  train_log_mse=0.04710  val_log_mse=4.84901  val_mse=0.008096  max_grad=42.42  patience=5/30
2026-10-07 21:18:45,253  gsv3.training             INFO     [family_holdout:vqe_su2] epoch 0055  train_log_mse=0.03831  val_log_mse=5.01434  val_mse=0.007057  max_grad=18.35  patience=6/30
2026-10-07 21:19:06,985  gsv3.training             INFO     [family_holdout:vqe_su2] epoch 0056  train_log_mse=0.04453  val_log_mse=4.69591  val_mse=0.006504  max_grad=21.71  patience=7/30
2026-10-07 21:19:29,191  gsv3.training             INFO     [family_holdout:vqe_su2] epoch 0057  train_log_mse=0.04685  val_log_mse=5.59358  val_mse=0.006167  max_grad=21.88  patience=8/30
2026-10-07 21:19:51,383  gsv3.training             INFO     [family_holdout:vqe_su2] epoch 0058  train_log_mse=0.04557  val_log_mse=5.29565  val_mse=0.007386  max_grad=72.57  patience=9/30
2026-10-07 21:20:13,164  gsv3.training             INFO     [family_holdout:vqe_su2] epoch 0059  train_log_mse=0.04028  val_log_mse=5.17675  val_mse=0.006608  max_grad=20.28  patience=10/30
2026-10-07 21:20:35,624  gsv3.training             INFO     [family_holdout:vqe_su2] epoch 0060  train_log_mse=0.03732  val_log_mse=5.13812  val_mse=0.006286  max_grad=18.46  patience=11/30
2026-10-07 21:20:58,299  gsv3.training             INFO     [family_holdout:vqe_su2] epoch 0061  train_log_mse=0.03716  val_log_mse=4.99944  val_mse=0.007075  max_grad=19.22  patience=12/30
2026-10-07 21:21:20,288  gsv3.training             INFO     [family_holdout:vqe_su2] epoch 0062  train_log_mse=0.03646  val_log_mse=5.57518  val_mse=0.007610  max_grad=20.84  patience=13/30
2026-10-07 21:21:41,434  gsv3.training             INFO     [family_holdout:vqe_su2] epoch 0063  train_log_mse=0.03791  val_log_mse=5.38361  val_mse=0.006531  max_grad=21.19  patience=14/30
2026-10-07 21:22:03,398  gsv3.training             INFO     [family_holdout:vqe_su2] epoch 0064  train_log_mse=0.04105  val_log_mse=5.14455  val_mse=0.005998  max_grad=33.58  patience=15/30
2026-10-07 21:22:25,319  gsv3.training             INFO     [family_holdout:vqe_su2] epoch 0065  train_log_mse=0.03416  val_log_mse=4.89364  val_mse=0.006578  max_grad=15.34  patience=16/30
2026-10-07 21:22:47,485  gsv3.training             INFO     [family_holdout:vqe_su2] epoch 0066  train_log_mse=0.03635  val_log_mse=5.09139  val_mse=0.005840  max_grad=16.93  patience=17/30
2026-10-07 21:23:09,667  gsv3.training             INFO     [family_holdout:vqe_su2] epoch 0067  train_log_mse=0.03585  val_log_mse=5.52101  val_mse=0.005533  max_grad=35.07  patience=18/30
2026-10-07 21:23:31,676  gsv3.training             INFO     [family_holdout:vqe_su2] epoch 0068  train_log_mse=0.03717  val_log_mse=5.19239  val_mse=0.005845  max_grad=23.87  patience=19/30
2026-10-07 21:23:53,230  gsv3.training             INFO     [family_holdout:vqe_su2] epoch 0069  train_log_mse=0.03292  val_log_mse=5.58553  val_mse=0.005991  max_grad=14.05  patience=20/30
2026-10-07 21:24:15,166  gsv3.training             INFO     [family_holdout:vqe_su2] epoch 0070  train_log_mse=0.03858  val_log_mse=4.87678  val_mse=0.006788  max_grad=21.22  patience=21/30
2026-10-07 21:24:37,790  gsv3.training             INFO     [family_holdout:vqe_su2] epoch 0071  train_log_mse=0.03409  val_log_mse=5.83714  val_mse=0.005826  max_grad=17.85  patience=22/30
2026-10-07 21:24:59,336  gsv3.training             INFO     [family_holdout:vqe_su2] epoch 0072  train_log_mse=0.03346  val_log_mse=5.39548  val_mse=0.006797  max_grad=28.75  patience=23/30
2026-10-07 21:25:21,284  gsv3.training             INFO     [family_holdout:vqe_su2] epoch 0073  train_log_mse=0.03411  val_log_mse=5.06814  val_mse=0.006091  max_grad=30.34  patience=24/30
2026-10-07 21:25:43,264  gsv3.training             INFO     [family_holdout:vqe_su2] epoch 0074  train_log_mse=0.03774  val_log_mse=5.42622  val_mse=0.005985  max_grad=24.45  patience=25/30
2026-10-07 21:26:05,104  gsv3.training             INFO     [family_holdout:vqe_su2] epoch 0075  train_log_mse=0.03254  val_log_mse=5.44556  val_mse=0.005979  max_grad=14.96  patience=26/30
2026-10-07 21:26:27,708  gsv3.training             INFO     [family_holdout:vqe_su2] epoch 0076  train_log_mse=0.03359  val_log_mse=5.63300  val_mse=0.006001  max_grad=24.44  patience=27/30
2026-10-07 21:26:49,565  gsv3.training             INFO     [family_holdout:vqe_su2] epoch 0077  train_log_mse=0.03361  val_log_mse=4.88789  val_mse=0.006478  max_grad=20.13  patience=28/30
2026-10-07 21:27:11,162  gsv3.training             INFO     [family_holdout:vqe_su2] epoch 0078  train_log_mse=0.03323  val_log_mse=4.96332  val_mse=0.005475  max_grad=19.15  patience=29/30
2026-10-07 21:27:31,888  gsv3.training             INFO     [family_holdout:vqe_su2] epoch 0079  train_log_mse=0.04036  val_log_mse=5.44499  val_mse=0.006264  max_grad=28.61  patience=30/30
2026-10-07 21:27:35,771  gsv3.experiment           INFO     [vqe_su2] TEST  n=2858  MAE=0.0840  R2=0.8718  device-acc=0.773  regret=0.0071
2026-10-07 21:27:35,775  genstudy.io               INFO     Wrote evaluations/generalization_v3/results/xattn_a00/leave_one_family_out/vqe_su2/metrics.json
2026-10-07 21:27:35,791  genstudy.io               INFO     Wrote evaluations/generalization_v3/results/xattn_a00/leave_one_family_out/vqe_su2/predictions.json
2026-10-07 21:27:35,802  genstudy.io               INFO     Wrote evaluations/generalization_v3/results/xattn_a00/leave_one_family_out/vqe_su2/history.json
2026-10-07 21:27:35,848  run_experiment            INFO     [4/10] qaoa
2026-10-07 21:27:35,850  gsv3.experiment           INFO     === family_holdout / qaoa ===
2026-10-07 21:27:35,850  gsv3.experiment           INFO     Leave-one-family-out: test = all 2706 'qaoa' circuits, train = 14350 circuits from 34 other families.
2026-10-07 21:27:35,852  gsv3.experiment           INFO     train=11453  val=2897 ({'mode': 'family', 'val_families': ['bmw_quark_copula', 'draper_qft_adder', 'dynamic_qft', 'ghz', 'graphstate', 'grover', 'qft', 'qftentangled', 'qpeinexact', 'randomcircuit']})  test=2706
2026-10-07 21:27:35,923  gsv3.training             INFO     [family_holdout:qaoa] model=xattn (945113 params) train=11453 val=2897 lr=0.0003 clip=1.0 alpha=0.00
2026-10-07 21:27:57,057  gsv3.training             INFO     [family_holdout:qaoa] epoch 0001  train_log_mse=1.62350  val_log_mse=9.02723  val_mse=0.006145  max_grad=5168.20  patience=0/30
2026-10-07 21:28:18,740  gsv3.training             INFO     [family_holdout:qaoa] epoch 0002  train_log_mse=0.28725  val_log_mse=6.98231  val_mse=0.006987  max_grad=218.01  patience=1/30
2026-10-07 21:28:40,463  gsv3.training             INFO     [family_holdout:qaoa] epoch 0003  train_log_mse=0.29178  val_log_mse=7.89384  val_mse=0.009523  max_grad=475.57  patience=2/30
2026-10-07 21:29:01,696  gsv3.training             INFO     [family_holdout:qaoa] epoch 0004  train_log_mse=0.18235  val_log_mse=5.22706  val_mse=0.008394  max_grad=115.85  patience=3/30
2026-10-07 21:29:22,736  gsv3.training             INFO     [family_holdout:qaoa] epoch 0005  train_log_mse=0.14613  val_log_mse=5.90973  val_mse=0.007501  max_grad=92.13  patience=4/30
2026-10-07 21:29:43,953  gsv3.training             INFO     [family_holdout:qaoa] epoch 0006  train_log_mse=0.09365  val_log_mse=4.44643  val_mse=0.006340  max_grad=39.85  patience=5/30
2026-10-07 21:30:06,120  gsv3.training             INFO     [family_holdout:qaoa] epoch 0007  train_log_mse=0.12776  val_log_mse=4.82668  val_mse=0.007149  max_grad=115.25  patience=6/30
2026-10-07 21:30:27,289  gsv3.training             INFO     [family_holdout:qaoa] epoch 0008  train_log_mse=0.08216  val_log_mse=5.12759  val_mse=0.008904  max_grad=45.36  patience=7/30
2026-10-07 21:30:48,255  gsv3.training             INFO     [family_holdout:qaoa] epoch 0009  train_log_mse=0.07951  val_log_mse=5.20374  val_mse=0.009521  max_grad=47.00  patience=8/30
2026-10-07 21:31:09,581  gsv3.training             INFO     [family_holdout:qaoa] epoch 0010  train_log_mse=0.07991  val_log_mse=4.55922  val_mse=0.008435  max_grad=38.37  patience=9/30
2026-10-07 21:31:31,282  gsv3.training             INFO     [family_holdout:qaoa] epoch 0011  train_log_mse=0.06803  val_log_mse=4.79986  val_mse=0.008604  max_grad=35.62  patience=10/30
2026-10-07 21:31:52,725  gsv3.training             INFO     [family_holdout:qaoa] epoch 0012  train_log_mse=0.06171  val_log_mse=4.40382  val_mse=0.006277  max_grad=31.25  patience=11/30
2026-10-07 21:32:13,858  gsv3.training             INFO     [family_holdout:qaoa] epoch 0013  train_log_mse=0.08289  val_log_mse=4.57513  val_mse=0.005975  max_grad=52.20  patience=0/30
2026-10-07 21:32:35,175  gsv3.training             INFO     [family_holdout:qaoa] epoch 0014  train_log_mse=0.06161  val_log_mse=4.73751  val_mse=0.007566  max_grad=34.22  patience=1/30
2026-10-07 21:32:56,335  gsv3.training             INFO     [family_holdout:qaoa] epoch 0015  train_log_mse=0.05955  val_log_mse=4.45407  val_mse=0.005970  max_grad=32.30  patience=0/30
2026-10-07 21:33:18,289  gsv3.training             INFO     [family_holdout:qaoa] epoch 0016  train_log_mse=0.06018  val_log_mse=4.41716  val_mse=0.006491  max_grad=76.39  patience=1/30
2026-10-07 21:33:39,663  gsv3.training             INFO     [family_holdout:qaoa] epoch 0017  train_log_mse=0.05554  val_log_mse=5.23688  val_mse=0.011034  max_grad=47.82  patience=2/30
2026-10-07 21:34:00,830  gsv3.training             INFO     [family_holdout:qaoa] epoch 0018  train_log_mse=0.05846  val_log_mse=3.97151  val_mse=0.006536  max_grad=49.39  patience=3/30
2026-10-07 21:34:22,030  gsv3.training             INFO     [family_holdout:qaoa] epoch 0019  train_log_mse=0.05028  val_log_mse=4.88771  val_mse=0.008091  max_grad=35.37  patience=4/30
2026-10-07 21:34:43,531  gsv3.training             INFO     [family_holdout:qaoa] epoch 0020  train_log_mse=0.04435  val_log_mse=4.82328  val_mse=0.007891  max_grad=24.62  patience=5/30
2026-10-07 21:35:05,391  gsv3.training             INFO     [family_holdout:qaoa] epoch 0021  train_log_mse=0.05071  val_log_mse=4.85944  val_mse=0.005820  max_grad=33.30  patience=0/30
2026-10-07 21:35:26,581  gsv3.training             INFO     [family_holdout:qaoa] epoch 0022  train_log_mse=0.04320  val_log_mse=4.18107  val_mse=0.006435  max_grad=37.70  patience=1/30
2026-10-07 21:35:47,705  gsv3.training             INFO     [family_holdout:qaoa] epoch 0023  train_log_mse=0.05150  val_log_mse=4.45706  val_mse=0.006592  max_grad=51.20  patience=2/30
2026-10-07 21:36:09,143  gsv3.training             INFO     [family_holdout:qaoa] epoch 0024  train_log_mse=0.04444  val_log_mse=4.23821  val_mse=0.006204  max_grad=29.05  patience=3/30
2026-10-07 21:36:30,769  gsv3.training             INFO     [family_holdout:qaoa] epoch 0025  train_log_mse=0.03929  val_log_mse=4.20001  val_mse=0.006681  max_grad=21.78  patience=4/30
2026-10-07 21:36:52,384  gsv3.training             INFO     [family_holdout:qaoa] epoch 0026  train_log_mse=0.04429  val_log_mse=4.61215  val_mse=0.007383  max_grad=42.14  patience=5/30
2026-10-07 21:37:13,458  gsv3.training             INFO     [family_holdout:qaoa] epoch 0027  train_log_mse=0.03683  val_log_mse=4.47845  val_mse=0.007051  max_grad=23.99  patience=6/30
2026-10-07 21:37:34,573  gsv3.training             INFO     [family_holdout:qaoa] epoch 0028  train_log_mse=0.04171  val_log_mse=4.37216  val_mse=0.006525  max_grad=35.94  patience=7/30
2026-10-07 21:37:55,877  gsv3.training             INFO     [family_holdout:qaoa] epoch 0029  train_log_mse=0.03907  val_log_mse=4.67830  val_mse=0.007877  max_grad=41.78  patience=8/30
2026-10-07 21:38:17,810  gsv3.training             INFO     [family_holdout:qaoa] epoch 0030  train_log_mse=0.04177  val_log_mse=4.12889  val_mse=0.006146  max_grad=46.44  patience=9/30
2026-10-07 21:38:39,007  gsv3.training             INFO     [family_holdout:qaoa] epoch 0031  train_log_mse=0.04256  val_log_mse=4.38250  val_mse=0.006590  max_grad=22.97  patience=10/30
2026-10-07 21:39:00,210  gsv3.training             INFO     [family_holdout:qaoa] epoch 0032  train_log_mse=0.03840  val_log_mse=4.72165  val_mse=0.007139  max_grad=26.58  patience=11/30
2026-10-07 21:39:21,457  gsv3.training             INFO     [family_holdout:qaoa] epoch 0033  train_log_mse=0.03455  val_log_mse=4.36793  val_mse=0.006545  max_grad=16.82  patience=12/30
2026-10-07 21:39:42,883  gsv3.training             INFO     [family_holdout:qaoa] epoch 0034  train_log_mse=0.03507  val_log_mse=4.42405  val_mse=0.006955  max_grad=21.68  patience=13/30
2026-10-07 21:40:04,578  gsv3.training             INFO     [family_holdout:qaoa] epoch 0035  train_log_mse=0.03895  val_log_mse=4.31381  val_mse=0.006800  max_grad=46.93  patience=14/30
2026-10-07 21:40:25,840  gsv3.training             INFO     [family_holdout:qaoa] epoch 0036  train_log_mse=0.03549  val_log_mse=4.43592  val_mse=0.006718  max_grad=16.41  patience=15/30
2026-10-07 21:40:46,940  gsv3.training             INFO     [family_holdout:qaoa] epoch 0037  train_log_mse=0.03803  val_log_mse=4.21139  val_mse=0.006976  max_grad=32.53  patience=16/30
2026-10-07 21:41:08,099  gsv3.training             INFO     [family_holdout:qaoa] epoch 0038  train_log_mse=0.03546  val_log_mse=4.27926  val_mse=0.006427  max_grad=23.83  patience=17/30
2026-10-07 21:41:30,070  gsv3.training             INFO     [family_holdout:qaoa] epoch 0039  train_log_mse=0.03196  val_log_mse=4.52871  val_mse=0.005993  max_grad=21.42  patience=18/30
2026-10-07 21:41:51,532  gsv3.training             INFO     [family_holdout:qaoa] epoch 0040  train_log_mse=0.03590  val_log_mse=4.58476  val_mse=0.007547  max_grad=39.72  patience=19/30
2026-10-07 21:42:12,704  gsv3.training             INFO     [family_holdout:qaoa] epoch 0041  train_log_mse=0.03564  val_log_mse=4.33150  val_mse=0.006012  max_grad=41.32  patience=20/30
2026-10-07 21:42:33,602  gsv3.training             INFO     [family_holdout:qaoa] epoch 0042  train_log_mse=0.03636  val_log_mse=5.00682  val_mse=0.007592  max_grad=25.57  patience=21/30
2026-10-07 21:42:55,287  gsv3.training             INFO     [family_holdout:qaoa] epoch 0043  train_log_mse=0.02983  val_log_mse=4.83588  val_mse=0.008642  max_grad=30.64  patience=22/30
2026-10-07 21:43:17,121  gsv3.training             INFO     [family_holdout:qaoa] epoch 0044  train_log_mse=0.03741  val_log_mse=4.67262  val_mse=0.006847  max_grad=34.01  patience=23/30
ization_v3/results/xattn_a00
2026-10-07 21:42:49,310  gsv2.gpu                  WARNING  No CUDA device available — running on the CPU.
2026-10-07 21:42:49,312  gsv3.model                INFO     Hyper-parameters (/home/atudisco/pred-distr-tool/src/model/best_params.json + v3 defaults): {'device_hidden': 64, 'device_layers': 3, 'fusion_dim': 128, 'qubit_layers': 2, 'attn_heads': 4, 'lap_pe': 8, 'cost_bias_init': -6.0, 'hidden_dim': 142, 'num_conv_wo_resnet': 3, 'num_resnet_layers': 1, 'dropout': 0.0, 'bidirectional': True, 'mlp': [512, 256, 128], 'lr': 0.001, 'readout': 'meanmaxsum'}
2026-10-07 21:42:49,574  gsv3.devices              INFO     Device graphs with 8 Laplacian PE dims: node features 13
2026-10-07 21:42:49,576  genstudy.data             INFO     Loading graph dataset: /home/atudisco/pred-distr-tool/evaluations/generalization_v3/data/graph_dataset_expected_fidelity.pt
: 4, 'lap_pe': 8, 'cost_bias_init': -6.0, 'hidden_dim': 142, 'num_conv_wo_resnet': 3, 'num_resnet_layers': 1, 'dropout': 0.0, 'bidirectional': True, 'mlp': [512, 256, 128], 'lr': 0.001, 'readout': 'meanmaxsum'}
2026-10-07 21:42:48,173  gsv3.model                INFO     Hyper-parameters (/home/atudisco/pred-distr-tool/src/model/best_params.json + v3 defaults): {'device_hidden': 64, 'device_layers': 3, 'fusion_dim': 128, 'qubit_layers': 2, 'attn_heads': 4, 'lap_pe': 8, 'cost_bias_init': -6.0, 'hidden_dim': 142, 'num_conv_wo_resnet': 3, 'num_resnet_layers': 1, 'dropout': 0.0, 'bidirectional': True, 'mlp': [512, 256, 128], 'lr': 0.001, 'readout': 'meanmaxsum'}
2026-10-07 21:42:48,352  gsv3.devices              INFO     Device graphs with 8 Laplacian PE dims: node features 13
2026-10-07 21:42:48,352  gsv3.devices              INFO     Device graphs with 8 Laplacian PE dims: node features 13
2026-10-07 21:42:48,353  genstudy.data             INFO     Loading graph dataset: /home/atudisco/pred-distr-tool/evaluations/generalization_v3/data/graph_dataset_expected_fidelity.pt
2026-10-07 21:42:48,353  genstudy.data             INFO     Loading graph dataset: /home/atudisco/pred-distr-tool/evaluations/generalization_v3/data/graph_dataset_expected_fidelity.pt
2026-10-07 21:42:58,863  genstudy.data             INFO     Loaded 17056 graphs
2026-10-07 21:42:58,918  genstudy.io               INFO     Wrote evaluations/generalization_v3/results/xattn_a00/leave_one_family_out/dataset_summary.json
2026-10-07 21:42:58,920  genstudy.data             INFO     Holding out 10 families: vqe_two_local, vqe_real_amp, vqe_su2, qaoa, randomcircuit, qft, qnn, ae, qftentangled, iqpe
2026-10-07 21:42:58,948  run_experiment            INFO     [1/10] vqe_two_local already done — skipping
2026-10-07 21:42:58,949  run_experiment            INFO     [2/10] vqe_real_amp already done — skipping
2026-10-07 21:42:58,950  run_experiment            INFO     [3/10] vqe_su2 already done — skipping
2026-10-07 21:42:58,950  run_experiment            INFO     [4/10] qaoa
2026-10-07 21:42:58,952  gsv3.experiment           WARNING  [qaoa] locked by another job — skipping
2026-10-07 21:42:58,953  run_experiment            INFO     [5/10] randomcircuit
2026-10-07 21:42:58,954  gsv3.experiment           WARNING  [randomcircuit] locked by another job — skipping
2026-10-07 21:42:58,955  run_experiment            INFO     [6/10] qft
2026-10-07 21:42:58,956  gsv3.experiment           WARNING  [qft] locked by another job — skipping
2026-10-07 21:42:58,957  run_experiment            INFO     [7/10] qnn
2026-10-07 21:42:58,959  gsv3.experiment           INFO     === family_holdout / qnn ===
2026-10-07 21:42:58,959  gsv3.experiment           INFO     Leave-one-family-out: test = all 760 'qnn' circuits, train = 16296 circuits from 34 other families.
2026-10-07 21:42:58,963  gsv3.experiment           INFO     train=12774  val=3522 ({'mode': 'family', 'val_families': ['bmw_quark_cardinality', 'bmw_quark_copula', 'bv', 'draper_qft_adder', 'dynamic_qft', 'ghz', 'graphstate', 'grover', 'iqpe', 'modular_adder', 'qft', 'qftentangled', 'qwalk', 'randomcircuit', 'rg_qft_multiplier', 'shors_nine_qubit_code', 'wstate']})  test=760
2026-10-07 21:42:59,095  gsv3.training             INFO     [family_holdout:qnn] model=xattn (945113 params) train=12774 val=3522 lr=0.0003 clip=1.0 alpha=0.00
amilies: vqe_two_local, vqe_real_amp, vqe_su2, qaoa, randomcircuit, qft, qnn, ae, qftentangled, iqpe
2026-10-07 21:42:54,120  run_experiment            INFO     [1/10] vqe_two_local already done — skipping
2026-10-07 21:42:54,120  run_experiment            INFO     [2/10] vqe_real_amp already done — skipping
2026-10-07 21:42:54,120  run_experiment            INFO     [3/10] vqe_su2 already done — skipping
2026-10-07 21:42:54,121  run_experiment            INFO     [4/10] qaoa
2026-10-07 21:42:54,122  gsv3.experiment           WARNING  [qaoa] locked by another job — skipping
2026-10-07 21:42:54,122  run_experiment            INFO     [5/10] randomcircuit
2026-10-07 21:42:54,123  gsv3.experiment           WARNING  [randomcircuit] locked by another job — skipping
2026-10-07 21:42:54,123  run_experiment            INFO     [6/10] qft
2026-10-07 21:42:54,126  gsv3.experiment           INFO     === family_holdout / qft ===
2026-10-07 21:42:54,126  gsv3.experiment           INFO     Leave-one-family-out: test = all 760 'qft' circuits, train = 16296 circuits from 34 other families.
2026-10-07 21:42:54,128  gsv3.experiment           INFO     train=12774  val=3522 ({'mode': 'family', 'val_families': ['bmw_quark_cardinality', 'bmw_quark_copula', 'bv', 'draper_qft_adder', 'dynamic_qft', 'ghz', 'graphstate', 'grover', 'iqpe', 'modular_adder', 'qftentangled', 'qnn', 'qwalk', 'randomcircuit', 'rg_qft_multiplier', 'shors_nine_qubit_code', 'wstate']})  test=760
2026-10-07 21:42:54,184  gsv3.training             INFO     [family_holdout:randomcircuit] model=xattn (945113 params) train=11927 val=3895 lr=0.0003 clip=1.0 alpha=0.00
2026-10-07 21:42:54,197  gsv3.training             INFO     [family_holdout:qft] model=xattn (945113 params) train=12774 val=3522 lr=0.0003 clip=1.0 alpha=0.00
                                                                                                                                                                                                                                                                                                                                                                                                                                                                                                                                                                                                                                                                                                                                                                                                                                                                                                                                                                                                                                                                                                                                                                                                                                                                                                                                                                                                                                                                                                                                                                                                                                                                                                                                                                                                                                                                                                                                                                                                                                                                                                                                                                                                                                                                                                                                                                                                                                                                                                                                                                                                                                                                                                                                                                                                     2026-10-07 21:44:14,415  gsv3.training             INFO     [family_holdout:randomcircuit] epoch 0001  train_log_mse=3.85968  val_log_mse=4.81264  val_mse=0.026108  max_grad2026-10-07 21:44:42,398  gsv3.training             INFO     [family_holdout:qaoa] epoch 0048  train_log_mse=nan  val_log_mse=nan  val_mse=nan  max_grad=0.00  patience=27/30
2026-10-07 21:45:04,026  gsv3.training             INFO     [family_holdout:qaoa] epoch 0049  train_log_mse=nan  val_log_mse=nan  val_mse=nan  max_grad=0.00  patience=28/30
y_out/run.log
2026-10-07 21:44:55,667  run_experiment            INFO     Command line: evaluations/generalization_v3/scripts/run_experiment.py lofo --model xattn --balance-alpha 0 --lr 3e-4 --grad-clip 1.0 --results-dir evaluations/generalization_v3/results/xattn_a00
2026-10-07 21:44:55,667  gsv2.gpu                  WARNING  No CUDA device available — running on the CPU.
2026-10-07 21:44:55,669  gsv3.model                INFO     Hyper-parameters (/home/atudisco/pred-distr-tool/src/model/best_params.json + v3 defaults): {'device_hidden': 64, 'device_layers': 3, 'fusion_dim': 128, 'qubit_layers': 2, 'attn_heads': 4, 'lap_pe': 8, 'cost_bias_init': -6.0, 'hidden_dim': 142, 'num_conv_wo_resnet': 3, 'num_resnet_layers': 1, 'dropout': 0.0, 'bidirectional': True, 'mlp': [512, 256, 128], 'lr': 0.001, 'readout': 'meanmaxsum'}
2026-10-07 21:44:55,771  gsv3.devices              INFO     Device graphs with 8 Laplacian PE dims: node features 13
2026-10-07 21:44:55,772  genstudy.data             INFO     Loading graph dataset: /home/atudisco/pred-distr-tool/evaluations/generalization_v3/data/graph_dataset_expected_fidelity.pt
2026-10-07 21:44:55,779  genstudy.io               INFO     Logging to evaluations/generalization_v3/results/xattn_a00/leave_one_family_out/run.log
2026-10-07 21:44:55,780  run_experiment            INFO     Command line: evaluations/generalization_v3/scripts/run_experiment.py lofo --model xattn --balance-alpha 0 --lr 3e-4 --grad-clip 1.0 --results-dir evaluations/generalization_v3/results/xattn_a00
2026-10-07 21:44:55,780  gsv2.gpu                  WARNING  No CUDA device available — running on the CPU.
2026-10-07 21:44:55,780  gsv3.model                INFO     Hyper-parameters (/home/atudisco/pred-distr-tool/src/model/best_params.json + v3 defaults): {'device_hidden': 64, 'device_layers': 3, 'fusion_dim': 128, 'qubit_layers': 2, 'attn_heads': 4, 'lap_pe': 8, 'cost_bias_init': -6.0, 'hidden_dim': 142, 'num_conv_wo_resnet': 3, 'num_resnet_layers': 1, 'dropout': 0.0, 'bidirectional': True, 'mlp': [512, 256, 128], 'lr': 0.001, 'readout': 'meanmaxsum'}
2026-10-07 21:44:55,804  gsv3.devices              INFO     Device graphs with 8 Laplacian PE dims: node features 13
2026-10-07 21:44:55,806  genstudy.data             INFO     Loading graph dataset: /home/atudisco/pred-distr-tool/evaluations/generalization_v3/data/graph_dataset_expected_fidelity.pt
2026-10-07 21:45:00,853  genstudy.data             INFO     Loaded 17056 graphs
2026-10-07 21:45:00,886  genstudy.io               INFO     Wrote evaluations/generalization_v3/results/xattn_a00/leave_one_family_out/dataset_summary.json
2026-10-07 21:45:00,886  genstudy.data             INFO     Holding out 10 families: vqe_two_local, vqe_real_amp, vqe_su2, qaoa, randomcircuit, qft, qnn, ae, qftentangled, iqpe
2026-10-07 21:45:00,892  genstudy.data             INFO     Loaded 17056 graphs
2026-10-07 21:45:00,901  run_experiment            INFO     [1/10] vqe_two_local already done — skipping
2026-10-07 21:45:00,902  run_experiment            INFO     [2/10] vqe_real_amp already done — skipping
2026-10-07 21:45:00,903  run_experiment            INFO     [3/10] vqe_su2 already done — skipping
2026-10-07 21:45:00,904  run_experiment            INFO     [4/10] qaoa
2026-10-07 21:45:00,905  gsv3.experiment           WARNING  [qaoa] locked by another job — skipping
2026-10-07 21:45:00,906  run_experiment            INFO     [5/10] randomcircuit
2026-10-07 21:45:00,907  gsv3.experiment           WARNING  [randomcircuit] locked by another job — skipping
2026-10-07 21:45:00,908  run_experiment            INFO     [6/10] qft
2026-10-07 21:45:00,909  gsv3.experiment           WARNING  [qft] locked by another job — skipping
2026-10-07 21:45:00,910  run_experiment            INFO     [7/10] qnn
2026-10-07 21:45:00,911  gsv3.experiment           WARNING  [qnn] locked by another job — skipping
2026-10-07 21:45:00,912  run_experiment            INFO     [8/10] ae
2026-10-07 21:45:00,913  gsv3.experiment           WARNING  [ae] locked by another job — skipping
2026-10-07 21:45:00,913  run_experiment            INFO     [9/10] qftentangled
2026-10-07 21:45:00,916  gsv3.experiment           INFO     === family_holdout / qftentangled ===
2026-10-07 21:45:00,916  gsv3.experiment           INFO     Leave-one-family-out: test = all 746 'qftentangled' circuits, train = 16310 circuits from 34 other families.
2026-10-07 21:45:00,918  gsv3.experiment           INFO     train=12774  val=3536 ({'mode': 'family', 'val_families': ['bmw_quark_cardinality', 'bmw_quark_copula', 'bv', 'draper_qft_adder', 'dynamic_qft', 'ghz', 'graphstate', 'grover', 'iqpe', 'modular_adder', 'qft', 'qnn', 'qwalk', 'randomcircuit', 'rg_qft_multiplier', 'shors_nine_qubit_code', 'wstate']})  test=746
2026-10-07 21:45:00,931  genstudy.io               INFO     Wrote evaluations/generalization_v3/results/xattn_a00/leave_one_family_out/dataset_summary.json
2026-10-07 21:45:00,932  genstudy.data             INFO     Holding out 10 families: vqe_two_local, vqe_real_amp, vqe_su2, qaoa, randomcircuit, qft, qnn, ae, qftentangled, iqpe
2026-10-07 21:45:00,948  run_experiment            INFO     [1/10] vqe_two_local already done — skipping
2026-10-07 21:45:00,948  run_experiment            INFO     [2/10] vqe_real_amp already done — skipping
2026-10-07 21:45:00,949  run_experiment            INFO     [3/10] vqe_su2 already done — skipping
2026-10-07 21:45:00,949  run_experiment            INFO     [4/10] qaoa
2026-10-07 21:45:00,950  gsv3.experiment           WARNING  [qaoa] locked by another job — skipping
2026-10-07 21:45:00,951  run_experiment            INFO     [5/10] randomcircuit
2026-10-07 21:45:00,952  gsv3.experiment           WARNING  [randomcircuit] locked by another job — skipping
2026-10-07 21:45:00,953  run_experiment            INFO     [6/10] qft
2026-10-07 21:45:00,954  gsv3.experiment           WARNING  [qft] locked by another job — skipping
2026-10-07 21:45:00,955  run_experiment            INFO     [7/10] qnn
2026-10-07 21:45:00,956  gsv3.experiment           WARNING  [qnn] locked by another job — skipping
2026-10-07 21:45:00,956  run_experiment            INFO     [8/10] ae
2026-10-07 21:45:00,957  gsv3.experiment           WARNING  [ae] locked by another job — skipping
2026-10-07 21:45:00,958  run_experiment            INFO     [9/10] qftentangled
2026-10-07 21:45:00,959  gsv3.experiment           WARNING  [qftentangled] locked by another job — skipping
2026-10-07 21:45:00,959  run_experiment            INFO     [10/10] iqpe
2026-10-07 21:45:00,962  gsv3.experiment           INFO     === family_holdout / iqpe ===
2026-10-07 21:45:00,962  gsv3.experiment           INFO     Leave-one-family-out: test = all 570 'iqpe' circuits, train = 16486 circuits from 34 other families.
2026-10-07 21:45:00,964  gsv3.experiment           INFO     train=12765  val=3721 ({'mode': 'family', 'val_families': ['bmw_quark_cardinality', 'bmw_quark_copula', 'bv', 'draper_qft_adder', 'dynamic_qft', 'ghz', 'graphstate', 'grover', 'modular_adder', 'multiplier', 'qft', 'qftentangled', 'qnn', 'qwalk', 'randomcircuit', 'rg_qft_multiplier', 'shors_nine_qubit_code', 'vbe_ripple_carry_adder', 'wstate']})  test=570
2026-10-07 21:45:01,011  gsv3.training             INFO     [family_holdout:qftentangled] model=xattn (945113 params) train=12774 val=3536 lr=0.0003 clip=1.0 alpha=0.00
2026-10-07 21:45:01,043  gsv3.training             INFO     [family_holdout:iqpe] model=xattn (945113 params) train=12765 val=3721 lr=0.0003 clip=1.0 alpha=0.00
2026-10-07 21:45:25,444  gsv3.training             INFO     [family_holdout:qaoa] epoch 0050  train_log_mse=nan  val_log_mse=nan  val_mse=nan  max_grad=0.00  patience=29/30
2026-10-07 21:45:46,546  gsv3.training             INFO     [family_holdout:qaoa] epoch 0051  train_log_mse=nan  val_log_mse=nan  val_mse=nan  max_grad=0.00  patience=30/30
2026-10-07 21:45:50,071  gsv3.experime2026-10-07 21:45:47,742  gsv3.training             INFO     [family_holdout:qnn] epoch 0001  train_log_mse=1.82728  val_log_mse=7.14250  val_mse=0.024149  max_grad=3132.83  patience=0/30
ion_v3/results/xattn_a00/leave_one_family_out/qaoa/metrics.json
2026-10-07 21:45:50,091  genstudy.io               INFO     Wrote evaluations/generalization_v3/results/xattn_a00/leave_one_family_out/qaoa/predictions.json
2026-10-07 21:45:50,101  genstudy.io               INFO     Wrote evaluations/generalization_v3/results/xattn_a00/leave_one_family_out/qaoa/history.json
2026-10-07 21:45:50,146  run_experiment            INFO     [5/10] randomcircuit
2026-10-07 21:45:50,148  gsv3.experiment           WARNING  [randomcircuit] locked by another job — skipping
2026-10-07 21:45:50,149  run_experiment            INFO     [6/10] qft
2026-10-07 21:45:50,150  gsv3.experiment           WARNING  [qft] locked by another job — skipping
2026-10-07 21:45:50,151  run_experiment            INFO     [7/10] qnn
2026-10-07 21:45:50,152  gsv3.experiment           WARNING  [qnn] locked by another job — skipping
2026-10-07 21:45:50,153  run_experiment            INFO     [8/10] ae
2026-10-07 21:45:50,154  gsv3.experiment           WARNING  [ae] locked by another job — skipping
2026-10-07 21:45:50,155  run_experiment            INFO     [9/10] qftentangled
2026-10-07 21:45:50,157  gsv3.experiment           WARNING  [qftentangled] locked by another job — skipping
2026-10-07 21:45:50,157  run_experiment            INFO     [10/10] iqpe
2026-10-07 21:45:50,159  gsv3.experiment           WARNING  [iqpe] locked by another job — skipping
2026-10-07 21:45:50,159  run_experiment            WARNING  Splits held by another job (not run here): randomcircuit, qft, qnn, ae, qftentangled, iqpe
2026-10-07 21:45:50,159  run_experiment            INFO     leave_one_family_out finished: 4 complete, 6 skipped
2026-10-07 21:46:55,561  gsv3.training             INFO     [family_holdout:randomcircuit] epoch 0003  train_log_mse=0.27175  val_log_mse=6.42958  val_mse=0.028653  max_grad=118.90  patience=2/30
07 21:46:44,451  gsv3.training             INFO     [family_holdout:qftentangled] epoch 0001  train_log_mse=1.51046  val_log_mse=5.16077  val_mse=0.018865  max_grad=3133.49  patience=0/30
2026-10-07 21:47:24,266  gsv3.training             INFO     [family_holdout:ae] epoch 0002  train_log_mse=0.33298  val_log_mse=4.55662  val_mse=0.012218  max_grad=169.87  patience=0/30

2026-10-07 21:48:15,886  gsv3.training             INFO     [family_holdout:randomcircuit] epoch 0004  train_log_mse=0.21959  val_log_mse=6.67003  val_mse=0.029648  max_grad=126.90  patience=3/30
 21:48:05,764  gsv3.training             INFO     [family_holdout:iqpe] epoch 0002  train_log_mse=0.38179  val_log_mse=9.06496  val_mse=0.012931  max_grad=186.98  patience=0/30
2026-10-07 21:48:50,507  gsv3.training             INFO     [family_holdout:qft] epoch 0004  train_log_mse=0.23378  val_log_mse=5.01107  val_mse=0.016221  max_grad=116.98  patience=0/30
nce=1/30
2026-10-07 21:49:36,808  gsv3.training             INFO     [family_holdout:randomcircuit] epoch 0005  train_log_mse=0.18710  val_log_mse=7.55353  val_mse=0.034569  max_grad=95.17  patie2026-10-02026-10-07 21:50:19,676  gsv3.training             INFO     [family_holdout:qft] epoch 0005  train_log_mse=0.18900  val_log_mse=4.88634  val_mse=0.015579  max_grad=122.30  patien2026-10-2026-10-07 21:50:57,320  gsv3.training             INFO     [family_holdout:randomcircuit] epoch 0006  train_log_mse=0.13553  val_log_mse=8.06912  val_mse=0.038840  max_grad=65.51  patien2026-10-2026-10-07 21:51:47,983  gsv3.training             INFO     [family_holdout:qft] epoch 0006  train_log_mse=0.13876  val_log_mse=4.52261  val_mse=0.014847  max_grad=69.55  patienc2026-10-07 21:52:07,501  gsv3.training             INFO     [family_holdout:qftentangled] epoch 0004  train_log_mse=0.27242  val_log_mse=4.05355  val_mse=0.019774  max_grad=126.16  pati2026-10-072026-10-07 21:52:40,005  gsv3.training             INFO     [family_holdout:iqpe] epoch 0005  train_log_mse=0.21455  val_log_mse=5.04070  val_mse=0.012959  max_grad=97.14  patience=1/3022026-10-07 21:53:51,825  gsv3.training             INFO     [family_holdout:qftentangled] epoch 0005  train_log_mse=0.21850  val_log_mse=3.85519  val_mse=0.016275  max_grad=115.07  patience=0/30
21:53:34,155  gsv3.training             INFO     [family_holdout:ae] epoch 0005  train_log_mse=0.16474  val_log_mse=4.79195  val_mse=0.013119  max_grad=107.45  patience=3/30
ience=0/30
2026-10-07 21:54:44,941  gsv3.training             INFO     [family_holdout:qft] epoch 0008  train_log_mse=0.14598  val_log_mse=4.29416  val_mse=0.017692  max_grad=79.69  patience=2/30

2026-10-07 21:55:05,548  gsv3.training             INFO     [family_holdout:qnn] epoch 0006  train_log_mse=0.18115  val_log_mse=6.53809  val_mse=0.015755  max_grad=94.97  patience=1/30
ence=0/30
2026-10-07 21:55:37,122  gsv3.training             INFO     [family_holdout:qftentangled] epoch 0006  train_log_mse=0.20514  val_log_mse=4.23824  val_mse=0.017684  max_grad=119.49  patience=1/30
2026-10-07 21:55:43,514  gsv3.training             INFO     [family_holdout:iqpe] epoch 0007  train_log_mse=0.14128  val_log_mse=5.43210  val_mse=0.013102  max_grad=81.84  patience=3/30
                                                                                                                                                                                                                                                                                                                                                                                                                                                                                                                                                                                     2026-10-07 21:57:14,889  gsv3.training             INFO     [family_holdout:iqpe] epoch 0008  train_log_mse=0.11256  val_log_mse=4.89282  val_mse=0.013183  max_grad=49.95  patience=4/30
2026-10-07 21:57:24,465  gsv3.training             INFO     [family_holdout:qftentangled] epoch 0007  train_log_mse=0.18678  val_log_mse=3.89019  val_mse=0.015802  max_grad=101.10  patience=0/30
                                                                                                                                                                                                                                                                                                                                                                                                                                                                                                                                                                                     2026-10-07 21:58:46,359  gsv3.training             INFO     [family_holdout:iqpe] epoch 0009  train_log_mse=0.13086  val_log_mse=4.32281  val_mse=0.011392  max_grad=57.36  patience=0/30
2026-10-07 21:59:12,896  gsv3.training             INFO     [family_holdout:qftentangled] epoch 0008  train_log_mse=0.13751  val_log_mse=3.94838  val_mse=0.014625  max_grad=62.77  patience=0/30
 2026-10-07 22:00:18,905  gsv3.training             INFO     [family_holdout:iqpe] epoch 0010  train_log_mse=0.10145  val_log_mse=4.42863  val_mse=0.011441  max_grad=53.92  patience=1/30
                                                                                                                                                                                                  2026-10-07 22:01:04,623  gsv3.training             INFO     [family_holdout:qftentangled] epoch 0009  train_log_mse=0.12140  val_log_mse=3.72089  val_mse=0.015109  max_grad=60.19  patience=1/30
2026-10-07 22:01:51,485  gsv3.training             INFO     [family_holdout:iqpe] epoch 0011  train_log_mse=0.09882  val_log_mse=4.33884  val_mse=0.011274  max_grad=34.25  patience=0/30
2026-10-07 22:02:49,182  gsv3.training             INFO     [family_holdout:qftentangled] epoch 0010  train_log_mse=0.12582  val_log_mse=3.73709  val_mse=0.014902  max_grad=73.26  patience=2/30
2026-10-07 22:03:24,223  gsv3.training             INFO     [family_holdout:iqpe] epoch 0012  train_log_mse=0.09418  val_log_mse=4.58906  val_mse=0.011619  max_grad=50.81  patience=1/30
                                                                                                                                                                                                                                                                                                                                                                                            2026-10-07 22:05:08,232  gsv3.training             INFO     [family_holdout:qft] epoch 0015  train_log_mse=0.07794  val_log_mse=4.32527  val_mse=0.020746  max_grad=54.17  patience=3/30
nce=0/30
2026-10-07 22:04:56,804  gsv3.training             INFO     [family_holdout:iqpe] epoch 0013  train_log_mse=0.08109  val_log_mse=4.20868  val_mse=0.010677  max_grad=40.66  patience=0/30
                                                                                                                                                                                                   2026-10-07 22:06:15,496  gsv3.training             INFO     [family_holdout:qftentangled] epoch 0012  train_log_mse=0.12226  val_log_mse=3.79652  val_mse=0.016615  max_grad=75.71  patience=1/30
2026-10-07 22:06:29,335  gsv3.training             INFO     [family_holdout:iqpe] epoch 0014  train_log_mse=0.09920  val_log_mse=3.90164  val_mse=0.010933  max_grad=53.49  patience=1/30
                                                                                                                                                                                                   2026-10-07 22:08:02,075  gsv3.training             INFO     [family_holdout:iqpe] epoch 0015  train_log_mse=0.08417  val_log_mse=3.96859  val_mse=0.010979  max_grad=40.21  patience=2/30
2026-10-07 22:08:04,347  gsv3.training             INFO     [family_holdout:qftentangled] epoch 0013  train_log_mse=0.10128  val_log_mse=3.53888  val_mse=0.013888  max_grad=72.77  patience=0/30
                                                                                                                                                                                         2026-10-07 22:09:34,417  gsv3.training             INFO     [family_holdout:iqpe] epoch 0016  train_log_mse=0.07359  val_log_mse=4.32646  val_mse=0.011258  max_grad=53.48  patience=3/30
2026-10-07 22:09:51,239  gsv3.training             INFO     [family_holdout:qftentangled] epoch 0014  train_log_mse=0.11053  val_log_mse=3.69358  val_mse=0.014763  max_grad=79.00  patience=1/30
                                                                                                                                                                                          2026-10-07 22:11:06,654  gsv3.training             INFO     [family_holdout:iqpe] epoch 0017  train_log_mse=0.06424  val_log_mse=3.73588  val_mse=0.011365  max_grad=39.44  patience=4/30
2026-10-07 22:11:38,154  gsv3.training             INFO     [family_holdout:qftentangled] epoch 0015  train_log_mse=0.07653  val_log_mse=4.05250  val_mse=0.014325  max_grad=69.39  patience=2/30
2026-10-07 22:12:38,094  gsv3.training             INFO     [family_holdout:iqpe] epoch 0018  train_log_mse=0.06978  val_log_mse=4.04051  val_mse=0.010268  max_grad=42.89  patience=0/30
                                                                                                                                                                                                                                                                                                                                                                                          2026-10-07 22:13:26,391  gsv3.training             INFO     [family_holdout:qftentangled] epoch 0016  train_log_mse=0.08373  val_log_mse=4.10568  val_mse=0.014278  max_grad=50.97  patience=3/30
2026-10-07 22:14:09,716  gsv3.training             INFO     [family_holdout:iqpe] epoch 0019  train_log_mse=0.06339  val_log_mse=3.92545  val_mse=0.012328  max_grad=44.43  patience=1/30
                                                                                                                                                                                                                                                                                                                                                                                                       2026-10-07 22:15:15,646  gsv3.training             INFO     [family_holdout:qftentangled] epoch 0017  train_log_mse=0.09263  val_log_mse=3.72670  val_mse=0.015378  max_grad=60.59  patience=4/30
2026-10-07 22:15:41,581  gsv3.training             INFO     [family_holdout:iqpe] epoch 0020  train_log_mse=0.05804  val_log_mse=3.35376  val_mse=0.012312  max_grad=31.92  patience=2/30
          2026-10-07 22:17:00,634  gsv3.training             INFO     [family_holdout:qft] epoch 0023  train_log_mse=0.06595  val_log_mse=4.38150  val_mse=0.018036  max_grad=46.73  patience=11/30
        2026-10-07 22:17:44,524  gsv3.training             INFO     [family_holdout:randomcircuit] epoch 0026  train_log_mse=0.06658  val_log_mse=6.08082  val_mse=0.021135  max_grad=50.11  patience=13/30
                                                                                                                                                                              2026-10-07 22:18:29,937  gsv3.training             INFO     [family_holdout:qft] epoch 0024  train_log_mse=0.05819  val_log_mse=4.60904  val_mse=0.019014  max_grad=45.94  patience=12/30
2026-10-07 22:19:04,702  gsv3.training             INFO     [family_holdout:randomcircuit] epoch 0027  train_log_mse=0.05962  val_log_mse=6.25329  val_mse=0.024044  max_grad=44.89  patience=14/30
                                                                                                                                                                                        2026-10-07 22:19:59,697  gsv3.training             INFO     [family_holdout:qft] epoch 0025  train_log_mse=0.07592  val_log_mse=4.32956  val_mse=0.020232  max_grad=52.20  patience=13/30
2026-10-07 22:20:25,249  gsv3.training             INFO     [family_holdout:randomcircuit] epoch 0028  train_log_mse=0.05902  val_log_mse=6.06621  val_mse=0.021732  max_grad=44.24  patience=15/30
2026-10-07 22:21:29,332  gsv3.training             INFO     [family_holdout:qft] epoch 0026  train_log_mse=0.06692  val_log_mse=4.72879  val_mse=0.019571  max_grad=49.10  patience=14/30
2026-10-07 22:21:45,600  gsv3.training             INFO     [family_holdout:randomcircuit] epoch 0029  train_log_mse=0.05833  val_log_mse=6.32152  val_mse=0.025324  max_grad=28.11  patience=16/30
                                                                                                                                                                                      2026-10-07 22:22:59,067  gsv3.training             INFO     [family_holdout:qft] epoch 0027  train_log_mse=0.06500  val_log_mse=5.11668  val_mse=0.022332  max_grad=43.71  patience=15/30
2026-10-07 22:23:06,260  gsv3.training             INFO     [family_holdout:randomcircuit] epoch 0030  train_log_mse=0.06876  val_log_mse=6.62541  val_mse=0.024967  max_grad=50.80  patience=17/30
                                                                                                                                                                                                                                                                                                                                                                                  2026-10-07 22:24:26,725  gsv3.training             INFO     [family_holdout:randomcircuit] epoch 0031  train_log_mse=0.06634  val_log_mse=5.57224  val_mse=0.019461  max_grad=51.39  patience=18/30
2026-10-07 22:24:28,366  gsv3.training             INFO     [family_holdout:qft] epoch 0028  train_log_mse=0.06670  val_log_mse=4.44268  val_mse=0.020360  max_grad=60.76  patience=16/30
2026-10-07 22:25:47,360  gsv3.training             INFO     [family_holdout:randomcircuit] epoch 0032  train_log_mse=0.05771  val_log_mse=5.61362  val_mse=0.020990  max_grad=34.34  patience=19/30
2026-10-07 22:25:57,739  gsv3.training             INFO     [family_holdout:qft] epoch 0029  train_log_mse=0.05361  val_log_mse=4.47075  val_mse=0.019516  max_grad=44.21  patience=17/30
                                                                                                                                                                                          2026-10-07 22:27:07,894  gsv3.training             INFO     [family_holdout:randomcircuit] epoch 0033  train_log_mse=0.06122  val_log_mse=5.63478  val_mse=0.021576  max_grad=54.88  patience=20/30
2026-10-07 22:27:27,087  gsv3.training             INFO     [family_holdout:qft] epoch 0030  train_log_mse=0.04808  val_log_mse=4.81997  val_mse=0.021985  max_grad=24.25  patience=18/30
2026-10-07 22:27:42,292  gsv3.training             INFO     [family_holdout:qftentangled] epoch 0024  train_log_mse=0.05927  val_log_mse=4.29764  val_mse=0.015005  max_grad=30.30  patience=11/30
2026-10-07 22:27:58,323  gsv3.training             INFO     [family_holdout:iqpe] epoch 0028  train_log_mse=0.05218  val_log_mse=3.68775  val_mse=0.010561  max_grad=30.80  patience=10/30
                                                                                                                                                                                          2026-10-07 22:29:27,694  gsv3.training             INFO     [family_holdout:qftentangled] epoch 0025  train_log_mse=0.06116  val_log_mse=4.20344  val_mse=0.014623  max_grad=39.95  patience=12/30
2026-10-07 22:29:29,999  gsv3.training             INFO     [family_holdout:iqpe] epoch 0029  train_log_mse=0.04765  val_log_mse=3.81737  val_mse=0.010995  max_grad=23.78  patience=11/30
                                                                                                                                                                                          2026-10-07 22:31:01,901  gsv3.training             INFO     [family_holdout:iqpe] epoch 0030  train_log_mse=0.05302  val_log_mse=3.76439  val_mse=0.012284  max_grad=24.75  patience=12/30
2026-10-07 22:31:15,364  gsv3.training             INFO     [family_holdout:qftentangled] epoch 0026  train_log_mse=0.06682  val_log_mse=3.72413  val_mse=0.017894  max_grad=36.49  patience=13/30
                                                                                                                                                                                        2026-10-07 22:32:33,385  gsv3.training             INFO     [family_holdout:iqpe] epoch 0031  train_log_mse=0.04858  val_log_mse=3.92161  val_mse=0.011016  max_grad=24.60  patience=13/30
         2026-10-07 22:33:02,045  gsv3.training             INFO     [family_holdout:qftentangled] epoch 0027  train_log_mse=0.06794  val_log_mse=4.08273  val_mse=0.014319  max_grad=39.74  patience=14/30
2026-10-07 22:34:04,971  gsv3.training             INFO     [family_holdout:iqpe] epoch 0032  train_log_mse=0.04561  val_log_mse=4.18399  val_mse=0.011789  max_grad=24.39  patience=14/30
         2026-10-07 22:34:48,855  gsv3.training             INFO     [family_holdout:qftentangled] epoch 0028  train_log_mse=0.05908  val_log_mse=4.58860  val_mse=0.016174  max_grad=31.11  patience=15/30
2026-10-07 22:35:36,715  gsv3.training             INFO     [family_holdout:iqpe] epoch 0033  train_log_mse=0.04999  val_log_mse=3.43524  val_mse=0.010644  max_grad=24.30  patience=15/30
                                                                                                                                                                                                                                                                                                                                                                                           2026-10-07 22:36:38,369  gsv3.training             INFO     [family_holdout:qftentangled] epoch 0029  train_log_mse=0.05751  val_log_mse=4.38598  val_mse=0.015959  max_grad=48.10  patience=16/30
                                                                                                                                                                                           2026-10-07 22:37:08,411  gsv3.training             INFO     [family_holdout:iqpe] epoch 0034  train_log_mse=0.05240  val_log_mse=3.93272  val_mse=0.010799  max_grad=40.29  patience=16/30
                                                                                                                                                                                                                                                                                                                                                                                              2026-10-07 22:38:24,011  gsv3.training             INFO     [family_holdout:qftentangled] epoch 0030  train_log_mse=0.06449  val_log_mse=4.62437  val_mse=0.014376  max_grad=50.23  patience=17/30
2026-10-07 22:38:40,655  gsv3.training             INFO     [family_holdout:iqpe] epoch 0035  train_log_mse=0.04484  val_log_mse=3.50681  val_mse=0.010570  max_grad=20.12  patience=17/30
                                                                                                                                                                                                                                                                                                                                                                                              2026-10-07 22:40:11,075  gsv3.training             INFO     [family_holdout:qftentangled] epoch 0031  train_log_mse=0.05362  val_log_mse=4.35999  val_mse=0.015338  max_grad=31.63  patience=18/30
2026-10-07 22:40:12,266  gsv3.training             INFO     [family_holdout:iqpe] epoch 0036  train_log_mse=0.04766  val_log_mse=3.69176  val_mse=0.011000  max_grad=26.48  patience=18/30
                                                                                                                                                                                                                                                                                                                                                                                                                                                                                                                                                                                                                                                                                                                                                                                                                                                                                                                                                                                                                                                                                                                                                                                                                                                                                                                                                                                                                                                                                                                                                                                                                                                                                                                                                                                                                                                                                                                                                                                                                                                                                                                                                                                                                                                                                                                                                                                                                               2026-10-07 22:41:43,956  gsv3.training             INFO     [family_holdout:iqpe] epoch 0037  train_log_mse=0.04598  val_log_mse=4.23062  val_mse=0.010361  max_grad=30.06  patience=19/30
2026-10-07 22:41:56,960  gsv3.training             INFO     [family_holdout:qftentangled] epoch 0032  train_log_mse=0.05848  val_log_mse=4.53114  val_mse=0.016297  max_grad=46.89  patience=19/30
                                                                                                                                                                                 2026-10-07 22:43:10,722  gsv3.training             INFO     [family_holdout:iqpe] epoch 0038  train_log_mse=0.04401  val_log_mse=4.52412  val_mse=0.011411  max_grad=24.21  patience=20/30
2026-10-07 22:43:37,152  gsv3.training             INFO     [family_holdout:qftentangled] epoch 0033  train_log_mse=0.05549  val_log_mse=4.56638  val_mse=0.016193  max_grad=24.38  patience=20/30
2026-10-07 22:44:40,420  gsv3.training             INFO     [family_holdout:iqpe] epoch 0039  train_log_mse=0.04634  val_log_mse=4.20847  val_mse=0.010323  max_grad=24.22  patience=21/30
2026-10-07 22:45:19,256  gsv3.training             INFO     [family_holdout:qftentangled] epoch 0034  train_log_mse=0.05255  val_log_mse=4.10034  val_mse=0.015201  max_grad=29.92  patience=21/30
                                                                                                                                                                                                                                                                                                                                                                                                                                                                                                                                                                                                                                                                                                                                                                                                                                                                                                                                                                                                                                                                                                                                                                                                                                                                                                                                                                                                                          2026-10-07 22:46:12,385  gsv3.training             INFO     [family_holdout:iqpe] epoch 0040  train_log_mse=0.04558  val_log_mse=3.30095  val_mse=0.009773  max_grad=22.86  patience=0/30
2026-10-07 22:47:02,367  gsv3.training             INFO     [family_holdout:qftentangled] epoch 0035  train_log_mse=0.05760  val_log_mse=4.43360  val_mse=0.016640  max_grad=41.11  patience=22/30
2026-10-07 22:47:43,980  gsv3.training             INFO     [family_holdout:iqpe] epoch 0041  train_log_mse=0.04181  val_log_mse=3.26833  val_mse=0.010882  max_grad=25.19  patience=1/30
                                                                                                                                                                                        2026-10-07 22:48:44,596  gsv3.training             INFO     [family_holdout:qftentangled] epoch 0036  train_log_mse=0.05160  val_log_mse=4.98743  val_mse=0.015009  max_grad=34.36  patience=23/30
2026-10-07 22:49:15,577  gsv3.training             INFO     [family_holdout:iqpe] epoch 0042  train_log_mse=0.04398  val_log_mse=4.04029  val_mse=0.010282  max_grad=22.54  patience=2/30
                                                                                                                                                                                          2026-10-07 22:50:29,406  gsv3.training             INFO     [family_holdout:qftentangled] epoch 0037  train_log_mse=0.05289  val_log_mse=4.64631  val_mse=0.014857  max_grad=31.36  patience=24/30
2026-10-07 22:50:47,636  gsv3.training             INFO     [family_holdout:iqpe] epoch 0043  train_log_mse=0.04950  val_log_mse=3.84256  val_mse=0.010441  max_grad=39.99  patience=3/30
                                                                                                                                                                                          2026-10-07 22:52:15,420  gsv3.training             INFO     [family_holdout:qftentangled] epoch 0038  train_log_mse=0.04973  val_log_mse=4.60610  val_mse=0.013347  max_grad=37.38  patience=0/30
2026-10-07 22:52:19,381  gsv3.training             INFO     [family_holdout:iqpe] epoch 0044  train_log_mse=0.04246  val_log_mse=3.96828  val_mse=0.009331  max_grad=22.67  patience=0/30
                                                                                                                                                                                                                                                                                                                                                                                                                                                                                                                                                                                                                                                                                                                                                                                                                                                                                                                                                                                                                                                                                                                                                                                                                                                                                                                                                                                                                                                                                                                                                                                                                                            2026-10-07 22:53:50,936  gsv3.training             INFO     [family_holdout:iqpe] epoch 0045  train_log_mse=0.04432  val_log_mse=3.73449  val_mse=0.011727  max_grad=45.36  patience=1/30
2026-10-07 22:53:57,923  gsv3.training             INFO     [family_holdout:qftentangled] epoch 0039  train_log_mse=0.05323  val_log_mse=4.34012  val_mse=0.014880  max_grad=47.22  patience=1/30
2026-10-07 22:55:22,511  gsv3.training             INFO     [family_holdout:iqpe] epoch 0046  train_log_mse=0.03943  val_log_mse=4.69804  val_mse=0.010022  max_grad=28.72  patience=2/30
2026-10-07 22:55:43,153  gsv3.training             INFO     [family_holdout:qftentangled] epoch 0040  train_log_mse=0.04364  val_log_mse=4.23241  val_mse=0.013606  max_grad=26.26  patience=2/30
                                                                                                                                                                                        2026-10-07 22:56:54,150  gsv3.training             INFO     [family_holdout:iqpe] epoch 0047  train_log_mse=0.03866  val_log_mse=3.49063  val_mse=0.009916  max_grad=19.51  patience=3/30
2026-10-07 22:57:28,132  gsv3.training             INFO     [family_holdout:qftentangled] epoch 0041  train_log_mse=0.04948  val_log_mse=4.87693  val_mse=0.015433  max_grad=34.84  patience=3/30
2026-10-07 22:58:25,866  gsv3.training             INFO     [family_holdout:iqpe] epoch 0048  train_log_mse=0.04197  val_log_mse=3.82519  val_mse=0.010045  max_grad=26.44  patience=4/30
2026-10-07 22:59:13,365  gsv3.training             INFO     [family_holdout:qftentangled] epoch 0042  train_log_mse=0.04295  val_log_mse=4.89577  val_mse=0.015368  max_grad=26.52  patience=4/30
2026-10-07 22:59:57,538  gsv3.training             INFO     [family_holdout:iqpe] epoch 0049  train_log_mse=0.04623  val_log_mse=3.84804  val_mse=0.009540  max_grad=26.75  patience=5/30
2026-10-07 23:00:56,579  gsv3.training             INFO     [family_holdout:qftentangled] epoch 0043  train_log_mse=0.04711  val_log_mse=4.69890  val_mse=0.016821  max_grad=26.41  patience=5/30
2026-10-07 23:01:29,206  gsv3.training             INFO     [family_holdout:iqpe] epoch 0050  train_log_mse=0.04000  val_log_mse=3.61679  val_mse=0.009437  max_grad=27.52  patience=6/30
2026-10-07 23:02:38,848  gsv3.training             INFO     [family_holdout:qftentangled] epoch 0044  train_log_mse=0.05130  val_log_mse=4.83243  val_mse=0.016210  max_grad=30.50  patience=6/30
2026-10-07 23:03:01,015  gsv3.training             INFO     [family_holdout:iqpe] epoch 0051  train_log_mse=0.04106  val_log_mse=3.59499  val_mse=0.009406  max_grad=31.68  patience=7/30
2026-10-07 23:04:27,054  gsv3.training             INFO     [family_holdout:qftentangled] epoch 0045  train_log_mse=0.04980  val_log_mse=4.82112  val_mse=0.016225  max_grad=33.32  patience=7/30
2026-10-07 23:04:32,616  gsv3.training             INFO     [family_holdout:iqpe] epoch 0052  train_log_mse=0.04360  val_log_mse=3.46057  val_mse=0.009777  max_grad=40.76  patience=8/30
                                                                                                                                                                                        2026-10-07 23:06:04,191  gsv3.training             INFO     [family_holdout:iqpe] epoch 0053  train_log_mse=0.03645  val_log_mse=3.73515  val_mse=0.009888  max_grad=22.56  patience=9/30
2026-10-07 23:06:14,158  gsv3.training             INFO     [family_holdout:qftentangled] epoch 0046  train_log_mse=0.04572  val_log_mse=4.88197  val_mse=0.018099  max_grad=32.31  patience=8/30
                                                                                                                                                                                        2026-10-07 23:07:36,019  gsv3.training             INFO     [family_holdout:iqpe] epoch 0054  train_log_mse=0.04038  val_log_mse=3.77817  val_mse=0.009176  max_grad=23.66  patience=0/30
2026-10-07 23:08:02,577  gsv3.training             INFO     [family_holdout:qftentangled] epoch 0047  train_log_mse=0.04692  val_log_mse=4.29511  val_mse=0.016875  max_grad=35.05  patience=9/30
2026-10-07 23:09:08,322  gsv3.training             INFO     [family_holdout:iqpe] epoch 0055  train_log_mse=0.03973  val_log_mse=4.33520  val_mse=0.010207  max_grad=27.46  patience=1/30
2026-10-07 23:09:51,046  gsv3.training             INFO     [family_holdout:qftentangled] epoch 0048  train_log_mse=0.04463  val_log_mse=4.63741  val_mse=0.018282  max_grad=36.72  patience=10/30
2026-10-07 23:10:40,881  gsv3.training             INFO     [family_holdout:iqpe] epoch 0056  train_log_mse=0.03824  val_log_mse=3.56863  val_mse=0.008836  max_grad=23.29  patience=0/30
2026-10-07 23:11:34,665  gsv3.training             INFO     [family_holdout:qftentangled] epoch 0049  train_log_mse=0.04435  val_log_mse=4.68333  val_mse=0.014852  max_grad=35.73  patience=11/30
2026-10-07 23:12:13,787  gsv3.training             INFO     [family_holdout:iqpe] epoch 0057  train_log_mse=0.03407  val_log_mse=3.69430  val_mse=0.009174  max_grad=23.78  patience=1/30
2026-10-07 23:13:17,079  gsv3.training             INFO     [family_holdout:qftentangled] epoch 0050  train_log_mse=0.04253  val_log_mse=4.45564  val_mse=0.015203  max_grad=32.08  patience=12/30
2026-10-07 23:13:46,760  gsv3.training             INFO     [family_holdout:iqpe] epoch 0058  train_log_mse=0.03438  val_log_mse=3.66568  val_mse=0.009453  max_grad=19.69  patience=2/30
2026-10-07 23:15:03,846  gsv3.training             INFO     [family_holdout:qftentangled] epoch 0051  train_log_mse=0.04468  val_log_mse=5.18296  val_mse=0.016866  max_grad=29.17  patience=13/30
2026-10-07 23:15:19,014  gsv3.training             INFO     [family_holdout:iqpe] epoch 0059  train_log_mse=0.03885  val_log_mse=3.66174  val_mse=0.009385  max_grad=24.27  patience=3/30
2026-10-07 23:16:48,294  gsv3.training             INFO     [family_holdout:qftentangled] epoch 0052  train_log_mse=0.04338  val_log_mse=5.26124  val_mse=0.016975  max_grad=21.96  patience=14/30
2026-10-07 23:16:50,995  gsv3.training             INFO     [family_holdout:iqpe] epoch 0060  train_log_mse=0.03634  val_log_mse=3.66692  val_mse=0.009841  max_grad=18.72  patience=4/30
                                                                                                                                                                                        2026-10-07 23:18:22,874  gsv3.training             INFO     [family_holdout:iqpe] epoch 0061  train_log_mse=0.03503  val_log_mse=3.64224  val_mse=0.008985  max_grad=15.65  patience=5/30
2026-10-07 23:18:33,748  gsv3.training             INFO     [family_holdout:qftentangled] epoch 0053  train_log_mse=0.04722  val_log_mse=4.98764  val_mse=0.016864  max_grad=48.27  patience=15/30
                                                                                                                                                                                        2026-10-07 23:19:55,735  gsv3.training             INFO     [family_holdout:iqpe] epoch 0062  train_log_mse=0.03569  val_log_mse=4.11571  val_mse=0.009423  max_grad=22.34  patience=6/30
2026-10-07 23:20:19,738  gsv3.training             INFO     [family_holdout:qftentangled] epoch 0054  train_log_mse=0.03860  val_log_mse=4.76866  val_mse=0.015770  max_grad=23.35  patience=16/30
2026-10-07 23:21:28,284  gsv3.training             INFO     [family_holdout:iqpe] epoch 0063  train_log_mse=0.03427  val_log_mse=3.68851  val_mse=0.009612  max_grad=26.76  patience=7/30
2026-10-07 23:22:07,788  gsv3.training             INFO     [family_holdout:qftentangled] epoch 0055  train_log_mse=0.03973  val_log_mse=4.54132  val_mse=0.017466  max_grad=30.79  patience=17/30
2026-10-07 23:23:00,575  gsv3.training             INFO     [family_holdout:iqpe] epoch 0064  train_log_mse=0.03554  val_log_mse=3.93590  val_mse=0.008900  max_grad=28.88  patience=8/30
2026-10-07 23:23:56,795  gsv3.training             INFO     [family_holdout:qftentangled] epoch 0056  train_log_mse=0.04113  val_log_mse=4.28024  val_mse=0.016842  max_grad=35.63  patience=18/30
2026-10-07 23:24:33,677  gsv3.training             INFO     [family_holdout:iqpe] epoch 0065  train_log_mse=0.03285  val_log_mse=3.74425  val_mse=0.009299  max_grad=13.80  patience=9/30
2026-10-07 23:25:43,901  gsv3.training             INFO     [family_holdout:qftentangled] epoch 0057  train_log_mse=0.04196  val_log_mse=4.68082  val_mse=0.018706  max_grad=33.55  patience=19/30
2026-10-07 23:26:06,401  gsv3.training             INFO     [family_holdout:iqpe] epoch 0066  train_log_mse=0.03766  val_log_mse=3.62828  val_mse=0.009119  max_grad=30.24  patience=10/30
                                                                                                                                                                                        2026-10-07 23:27:30,841  gsv3.training             INFO     [family_holdout:qftentangled] epoch 0058  train_log_mse=0.04291  val_log_mse=3.92454  val_mse=0.016177  max_grad=57.39  patience=20/30
2026-10-07 23:27:38,805  gsv3.training             INFO     [family_holdout:iqpe] epoch 0067  train_log_mse=0.03161  val_log_mse=3.42127  val_mse=0.008956  max_grad=17.83  patience=11/30
                                                                                                                                                                                        2026-10-07 23:29:11,047  gsv3.training             INFO     [family_holdout:iqpe] epoch 0068  train_log_mse=0.03021  val_log_mse=3.38266  val_mse=0.009235  max_grad=19.42  patience=12/30
2026-10-07 23:29:18,377  gsv3.training             INFO     [family_holdout:qftentangled] epoch 0059  train_log_mse=0.03996  val_log_mse=4.17286  val_mse=0.017173  max_grad=27.03  patience=21/30
2026-10-07 23:30:43,393  gsv3.training             INFO     [family_holdout:iqpe] epoch 0069  train_log_mse=0.03444  val_log_mse=3.68865  val_mse=0.009274  max_grad=21.89  patience=13/30
2026-10-07 23:31:06,645  gsv3.training             INFO     [family_holdout:qftentangled] epoch 0060  train_log_mse=0.03903  val_log_mse=5.63735  val_mse=0.019319  max_grad=32.89  patience=22/30
2026-10-07 23:32:15,667  gsv3.training             INFO     [family_holdout:iqpe] epoch 0070  train_log_mse=0.03511  val_log_mse=3.43688  val_mse=0.008684  max_grad=18.18  patience=0/30
2026-10-07 23:32:54,336  gsv3.training             INFO     [family_holdout:qftentangled] epoch 0061  train_log_mse=0.03839  val_log_mse=4.91934  val_mse=0.019352  max_grad=27.97  patience=23/30
2026-10-07 23:33:48,433  gsv3.training             INFO     [family_holdout:iqpe] epoch 0071  train_log_mse=0.03228  val_log_mse=3.78473  val_mse=0.009305  max_grad=18.09  patience=1/30
2026-10-07 23:34:42,667  gsv3.training             INFO     [family_holdout:qftentangled] epoch 0062  train_log_mse=0.03758  val_log_mse=4.58867  val_mse=0.017413  max_grad=20.07  patience=24/30
2026-10-07 23:35:20,986  gsv3.training             INFO     [family_holdout:iqpe] epoch 0072  train_log_mse=0.03220  val_log_mse=4.04537  val_mse=0.008964  max_grad=17.11  patience=2/30
                                                                                                                                                                                        2026-10-07 23:36:30,622  gsv3.training             INFO     [family_holdout:qftentangled] epoch 0063  train_log_mse=0.03440  val_log_mse=5.07449  val_mse=0.018011  max_grad=27.58  patience=25/30
2026-10-07 23:36:53,439  gsv3.training             INFO     [family_holdout:iqpe] epoch 0073  train_log_mse=0.03336  val_log_mse=3.35588  val_mse=0.008942  max_grad=18.25  patience=3/30
                                                                                                                                                                                        2026-10-07 23:38:18,379  gsv3.training             INFO     [family_holdout:qftentangled] epoch 0064  train_log_mse=0.03743  val_log_mse=5.15785  val_mse=0.018560  max_grad=28.73  patience=26/30
2026-10-07 23:38:26,497  gsv3.training             INFO     [family_holdout:iqpe] epoch 0074  train_log_mse=0.03091  val_log_mse=3.50542  val_mse=0.008788  max_grad=22.43  patience=4/30
                                                                                                                                                                                        2026-10-07 23:39:59,410  gsv3.training             INFO     [family_holdout:iqpe] epoch 0075  train_log_mse=0.03283  val_log_mse=3.62631  val_mse=0.008420  max_grad=17.26  patience=0/30
2026-10-07 23:40:02,673  gsv3.training             INFO     [family_holdout:qftentangled] epoch 0065  train_log_mse=0.03704  val_log_mse=5.74726  val_mse=0.021930  max_grad=27.18  patience=27/30
2026-10-07 23:41:32,197  gsv3.training             INFO     [family_holdout:iqpe] epoch 0076  train_log_mse=0.03334  val_log_mse=3.69490  val_mse=0.009139  max_grad=21.35  patience=1/30
2026-10-07 23:41:46,171  gsv3.training             INFO     [family_holdout:qftentangled] epoch 0066  train_log_mse=0.03457  val_log_mse=5.37055  val_mse=0.018611  max_grad=21.16  patience=28/30
2026-10-07 23:43:04,630  gsv3.training             INFO     [family_holdout:iqpe] epoch 0077  train_log_mse=0.03228  val_log_mse=3.54446  val_mse=0.008328  max_grad=16.73  patience=0/30
2026-10-07 23:43:28,895  gsv3.training             INFO     [family_holdout:qftentangled] epoch 0067  train_log_mse=0.03552  val_log_mse=5.48892  val_mse=0.021057  max_grad=24.43  patience=29/30
                                                                                                                                                                                        2026-10-07 23:44:37,511  gsv3.training             INFO     [family_holdout:iqpe] epoch 0078  train_log_mse=0.03464  val_log_mse=3.34595  val_mse=0.009758  max_grad=17.60  patience=1/30
2026-10-07 23:45:11,613  gsv3.training             INFO     [family_holdout:qftentangled] epoch 0068  train_log_mse=0.03519  val_log_mse=4.77566  val_mse=0.020461  max_grad=24.22  patience=30/30
2026-10-07 23:45:13,120  gsv3.experiment           INFO     [qftentangled] TEST  n=746  MAE=0.0793  R2=0.8969  device-acc=0.290  regret=0.0103
2026-10-07 23:45:13,124  genstudy.io               INFO     Wrote evaluations/generalization_v3/results/xattn_a00/leave_one_family_out/qftentangled/metrics.json
2026-10-07 23:45:13,130  genstudy.io               INFO     Wrote evaluations/generalization_v3/results/xattn_a00/leave_one_family_out/qftentangled/predictions.json
2026-10-07 23:45:13,143  genstudy.io               INFO     Wrote evaluations/generalization_v3/results/xattn_a00/leave_one_family_out/qftentangled/history.json
2026-10-07 23:45:13,164  run_experiment            INFO     [10/10] iqpe
2026-10-07 23:45:13,164  gsv3.experiment           WARNING  [iqpe] locked by another job — skipping
2026-10-07 23:45:13,165  run_experiment            WARNING  Splits held by another job (not run here): qaoa, randomcircuit, qft, qnn, ae, iqpe
2026-10-07 23:45:13,165  run_experiment            INFO     leave_one_family_out finished: 4 complete, 6 skipped
2026-10-07 23:46:08,525  gsv3.training             INFO     [family_holdout:iqpe] epoch 0079  train_log_mse=0.03349  val_log_mse=3.45836  val_mse=0.008638  max_grad=17.43  patience=2/30
2026-10-07 23:47:37,655  gsv3.training             INFO     [family_holdout:iqpe] epoch 0080  train_log_mse=0.03019  val_log_mse=3.31041  val_mse=0.008759  max_grad=16.53  patience=3/30
                                                                                                                                                                                        2026-10-07 23:49:06,401  gsv3.training             INFO     [family_holdout:iqpe] epoch 0081  train_log_mse=0.03287  val_log_mse=4.00952  val_mse=0.009734  max_grad=28.09  patience=4/30
                                                                                                                                                                                        2026-10-07 23:50:35,575  gsv3.training             INFO     [family_holdout:iqpe] epoch 0082  train_log_mse=0.03229  val_log_mse=3.60918  val_mse=0.009845  max_grad=18.75  patience=5/30
2026-10-07 23:52:04,689  gsv3.training             INFO     [family_holdout:iqpe] epoch 0083  train_log_mse=0.03072  val_log_mse=3.32107  val_mse=0.009890  max_grad=16.76  patience=6/30
2026-10-07 23:53:33,671  gsv3.training             INFO     [family_holdout:iqpe] epoch 0084  train_log_mse=0.03035  val_log_mse=3.65712  val_mse=0.008240  max_grad=29.24  patience=0/30
                                                                                                                                                                                        2026-10-07 23:55:02,420  gsv3.training             INFO     [family_holdout:iqpe] epoch 0085  train_log_mse=0.03012  val_log_mse=3.70658  val_mse=0.008115  max_grad=22.43  patience=0/30
2026-10-07 23:56:31,126  gsv3.training             INFO     [family_holdout:iqpe] epoch 0086  train_log_mse=0.03138  val_log_mse=3.65575  val_mse=0.010086  max_grad=19.33  patience=1/30
                                                                                                                                                                                        2026-10-07 23:57:59,951  gsv3.training             INFO     [family_holdout:iqpe] epoch 0087  train_log_mse=0.03067  val_log_mse=3.49867  val_mse=0.009185  max_grad=19.73  patience=2/30
                                                                                                                                                                                        2026-10-07 23:59:28,995  gsv3.training             INFO     [family_holdout:iqpe] epoch 0088  train_log_mse=0.03108  val_log_mse=3.60421  val_mse=0.009014  max_grad=18.84  patience=3/30
t            INFO     Command line: evaluations/generalization_v3/scripts/run_experiment.py lofo --model xattn --balance-alpha 0 --lr 3e-4 --grad-clip 1.0 --results-dir evaluations/generalization_v3/results/xattn_a00
2026-10-07 23:59:28,541  gsv2.gpu                  INFO     GPU: NVIDIA A100 80GB PCIe
2026-10-07 23:59:28,542  gsv3.model                INFO     Hyper-parameters (/home/atudisco/pred-distr-tool/src/model/best_params.json + v3 defaults): {'device_hidden': 64, 'device_layers': 3, 'fusion_dim': 128, 'qubit_layers': 2, 'attn_heads': 4, 'lap_pe': 8, 'cost_bias_init': -6.0, 'hidden_dim': 142, 'num_conv_wo_resnet': 3, 'num_resnet_layers': 1, 'dropout': 0.0, 'bidirectional': True, 'mlp': [512, 256, 128], 'lr': 0.001, 'readout': 'meanmaxsum'}
2026-10-07 23:59:28,563  gsv3.devices              INFO     Device graphs with 8 Laplacian PE dims: node features 13
2026-10-07 23:59:28,564  genstudy.data             INFO     Loading graph dataset: /home/atudisco/pred-distr-tool/evaluations/generalization_v3/data/graph_dataset_expected_fidelity.pt
2026-10-07 23:59:31,476  genstudy.data             INFO     Loaded 17056 graphs
2026-10-07 23:59:31,501  genstudy.io               INFO     Wrote evaluations/generalization_v3/results/xattn_a00/leave_one_family_out/dataset_summary.json
2026-10-07 23:59:31,501  genstudy.data             INFO     Holding out 10 families: vqe_two_local, vqe_real_amp, vqe_su2, qaoa, randomcircuit, qft, qnn, ae, qftentangled, iqpe
2026-10-07 23:59:31,518  run_experiment            INFO     [1/10] vqe_two_local already done — skipping
2026-10-07 23:59:31,519  run_experiment            INFO     [2/10] vqe_real_amp already done — skipping
2026-10-07 23:59:31,519  run_experiment            INFO     [3/10] vqe_su2 already done — skipping
2026-10-07 23:59:31,520  run_experiment            INFO     [4/10] qaoa already done — skipping
2026-10-07 23:59:31,521  run_experiment            INFO     [5/10] randomcircuit already done — skipping
2026-10-07 23:59:31,522  run_experiment            INFO     [6/10] qft already done — skipping
2026-10-07 23:59:31,523  run_experiment            INFO     [7/10] qnn already done — skipping
2026-10-07 23:59:31,523  run_experiment            INFO     [8/10] ae
2026-10-07 23:59:31,524  gsv3.experiment           WARNING  [ae] locked by another job — skipping
2026-10-07 23:59:31,525  run_experiment            INFO     [9/10] qftentangled already done — skipping
2026-10-07 23:59:31,526  run_experiment            INFO     [10/10] iqpe
2026-10-07 23:59:31,527  gsv3.experiment           WARNING  [iqpe] locked by another job — skipping
2026-10-07 23:59:31,527  run_experiment            WARNING  Splits held by another job (not run here): ae, iqpe
2026-10-07 23:59:31,527  run_experiment            INFO     leave_one_family_out finished: 8 complete, 2 skipped
2026-10-08 00:00:35,967  gsv3.training             INFO     [family_holdout:ae] epoch 0066  train_log_mse=0.02765  val_log_mse=3.24721  val_mse=0.008371  max_grad=15.55  patience=6/30
2026-10-08 00:00:57,870  gsv3.training             INFO     [family_holdout:iqpe] epoch 0089  train_log_mse=0.03024  val_log_mse=3.39735  val_mse=0.009478  max_grad=15.24  patience=4/30
2026-10-08 00:02:34,151  gsv3.training             INFO     [family_holdout:ae] epoch 0067  train_log_mse=0.02792  val_log_mse=3.17907  val_mse=0.009052  max_grad=16.84  patience=7/30
0
2026-10-08 00:03:56,042  gsv3.training             INFO     [family_holdout:iqpe] epoch 0091  train_log_mse=0.03129  val_log_mse=3.73452  val_mse=0.008878  max_grad=20.36  patience=6/30
2026-10-08 00:04:29,800  gsv3.training             INFO     [family_holdout:ae] epoch 0068  train_log_mse=0.02755  val_log_mse=3.34471  val_mse=0.008073  max_grad=11.78  patience=8/30
2026-10-08 00:05:25,091  gsv3.training             INFO     [family_holdout:iqpe] epoch 0092  train_log_mse=0.03071  val_log_mse=3.64956  val_mse=0.009111  max_grad=16.49  patience=7/30
2026-10-08 00:06:25,814  gsv3.training             INFO     [family_holdout:ae] epoch 0069  train_log_mse=0.02770  val_log_mse=3.41104  val_mse=0.008961  max_grad=17.65  patience=9/30
2026-10-08 00:06:53,999  gsv3.training             INFO     [family_holdout:iqpe] epoch 0093  train_log_mse=0.02822  val_log_mse=3.58051  val_mse=0.008698  max_grad=13.70  patience=8/30
2026-10-08 00:08:21,055  gsv3.training             INFO     [family_holdout:ae] epoch 0070  train_log_mse=0.03006  val_log_mse=3.51232  val_mse=0.009205  max_grad=22.01  patience=10/30

2026-10-08 00:09:51,871  gsv3.training             INFO     [family_holdout:iqpe] epoch 0095  train_log_mse=0.02830  val_log_mse=3.43624  val_mse=0.009292  max_grad=19.44  patience=10/30
2026-10-08 00:10:25,817  gsv3.training             INFO     [family_holdout:ae] epoch 0071  train_log_mse=0.02790  val_log_mse=3.66391  val_mse=0.008927  max_grad=16.45  patience=11/30
                                                                                                                                                                                                                                                                                                                                                                                                                                                                                                                                                                                                                                                                                                                                                                                                                                                                                                                                                                                                                                                                                                                                                                                                                                                                                                                                                                                                                                                                                                                                                                                                                                                                                                                                                                                                                                                                                                                                                                                                                                                                                                                                                                                                                                                                                                                                                                                                                                                                                                                                                                                                                                                                                                                                                                                                                                                                                                                                                                                                                                                                                                                                                                                                                                                                                                                                                         2026-10-08 00:12:21,937  gsv3.training             INFO     [family_holdout:ae] epoch 0072  train_log_mse=0.03111  val_log_mse=3.38747  val_mse=0.008825  max_grad=21.60  patience=12/30
                                                                                                                                                                                           2026-10-08 00:14:20,474  gsv3.training             INFO     [family_holdout:ae] epoch 0073  train_log_mse=0.02802  val_log_mse=3.35906  val_mse=0.008375  max_grad=21.21  patience=13/30
                                                                                                                                                                                             2026-10-08 00:16:19,123  gsv3.training             INFO     [family_holdout:ae] epoch 0074  train_log_mse=0.02771  val_log_mse=3.39230  val_mse=0.008412  max_grad=17.68  patience=14/30
                                                                                                                                                                                           2026-10-08 00:18:19,784  gsv3.training             INFO     [family_holdout:ae] epoch 0075  train_log_mse=0.02772  val_log_mse=3.63239  val_mse=0.008707  max_grad=18.67  patience=15/30
                                                                                                                                                                                           2026-10-08 00:20:18,494  gsv3.training             INFO     [family_holdout:ae] epoch 0076  train_log_mse=0.02982  val_log_mse=3.21762  val_mse=0.008982  max_grad=20.72  patience=16/30
                                                                                                                                                                                             2026-10-08 00:22:17,602  gsv3.training             INFO     [family_holdout:ae] epoch 0077  train_log_mse=0.02923  val_log_mse=3.52703  val_mse=0.008828  max_grad=31.88  patience=17/30
                                                                                                                                                                                           2026-10-08 00:24:13,076  gsv3.training             INFO     [family_holdout:ae] epoch 0078  train_log_mse=0.02976  val_log_mse=3.66305  val_mse=0.008766  max_grad=19.98  patience=18/30
                                                                                                                                                                                                                                                                                                                                                                                      2026-10-08 00:26:15,795  gsv3.training             INFO     [family_holdout:ae] epoch 0079  train_log_mse=0.03339  val_log_mse=3.57358  val_mse=0.008261  max_grad=38.40  patience=19/30
                                                                                                                                                                                           2026-10-08 00:28:16,121  gsv3.training             INFO     [family_holdout:ae] epoch 0080  train_log_mse=0.02638  val_log_mse=3.69327  val_mse=0.008543  max_grad=17.98  patience=20/30
                                                                                                                                                                                           2026-10-08 00:30:13,159  gsv3.training             INFO     [family_holdout:ae] epoch 0081  train_log_mse=0.02586  val_log_mse=3.59451  val_mse=0.008671  max_grad=14.06  patience=21/30
                                                                                                                                                                                                                                                                                                                                                                                      2026-10-08 00:32:22,852  gsv3.training             INFO     [family_holdout:ae] epoch 0082  train_log_mse=0.02782  val_log_mse=3.30726  val_mse=0.008231  max_grad=16.17  patience=22/30
                                                                                                                                                                                           2026-10-08 00:34:19,162  gsv3.training             INFO     [family_holdout:ae] epoch 0083  train_log_mse=0.02673  val_log_mse=3.91156  val_mse=0.008171  max_grad=25.46  patience=23/30
                                                                                                                                                                                           2026-10-08 00:36:16,213  gsv3.training             INFO     [family_holdout:ae] epoch 0084  train_log_mse=0.02686  val_log_mse=3.77221  val_mse=0.007770  max_grad=13.30  patience=0/30
                                                                                                                                                                                              2026-10-08 00:38:25,814  gsv3.training             INFO     [family_holdout:ae] epoch 0085  train_log_mse=0.02437  val_log_mse=3.28093  val_mse=0.008461  max_grad=17.19  patience=1/30
                                                                                                                                                                                                                                                                                                                                                                                                                                                                                                                                                                                                                                                                                                                                                                                                                                                                                                                                                                                                                                                                                          2026-10-08 00:40:47,116  gsv3.training             INFO     [family_holdout:ae] epoch 0086  train_log_mse=0.02598  val_log_mse=3.49076  val_mse=0.008556  max_grad=15.80  patience=2/30
2026-10-08 00:43:05,340  gsv3.training             INFO     [family_holdout:ae] epoch 0087  train_log_mse=0.02634  val_log_mse=3.15475  val_mse=0.007602  max_grad=16.09  patience=0/30
2026-10-08 00:45:19,184  gsv3.training             INFO     [family_holdout:ae] epoch 0088  train_log_mse=0.02828  val_log_mse=3.17403  val_mse=0.008150  max_grad=21.92  patience=1/30
2026-10-08 00:47:18,521  gsv3.training             INFO     [family_holdout:ae] epoch 0089  train_log_mse=0.02625  val_log_mse=3.40524  val_mse=0.007969  max_grad=16.55  patience=2/30
2026-10-08 00:49:15,173  gsv3.training             INFO     [family_holdout:ae] epoch 0090  train_log_mse=0.02615  val_log_mse=3.72352  val_mse=0.008200  max_grad=15.30  patience=3/30
2026-10-08 00:51:14,811  gsv3.training             INFO     [family_holdout:ae] epoch 0091  train_log_mse=0.02523  val_log_mse=3.82525  val_mse=0.007712  max_grad=20.01  patience=4/30
2026-10-08 00:53:22,591  gsv3.training             INFO     [family_holdout:ae] epoch 0092  train_log_mse=0.02598  val_log_mse=3.61411  val_mse=0.007892  max_grad=22.86  patience=5/30
2026-10-08 00:55:18,888  gsv3.training             INFO     [family_holdout:ae] epoch 0093  train_log_mse=0.02676  val_log_mse=3.37899  val_mse=0.007971  max_grad=22.97  patience=6/30
2026-10-08 00:57:14,113  gsv3.training             INFO     [family_holdout:ae] epoch 0094  train_log_mse=0.02667  val_log_mse=3.63306  val_mse=0.008434  max_grad=18.66  patience=7/30
2026-10-08 00:59:14,782  gsv3.training             INFO     [family_holdout:ae] epoch 0095  train_log_mse=0.02380  val_log_mse=3.89844  val_mse=0.008046  max_grad=34.37  patience=8/30
2026-10-08 01:01:21,042  gsv3.training             INFO     [family_holdout:ae] epoch 0096  train_log_mse=0.02449  val_log_mse=3.69587  val_mse=0.008197  max_grad=14.95  patience=9/30
2026-10-08 01:03:16,966  gsv3.training             INFO     [family_holdout:ae] epoch 0097  train_log_mse=0.02385  val_log_mse=3.85010  val_mse=0.007861  max_grad=15.99  patience=10/30
2026-10-08 01:05:12,870  gsv3.training             INFO     [family_holdout:ae] epoch 0098  train_log_mse=0.02518  val_log_mse=3.24375  val_mse=0.008422  max_grad=21.90  patience=11/30
2026-10-08 01:07:11,372  gsv3.training             INFO     [family_holdout:ae] epoch 0099  train_log_mse=0.02422  val_log_mse=3.53181  val_mse=0.007374  max_grad=17.79  patience=0/30
2026-10-08 01:09:07,970  gsv3.training             INFO     [family_holdout:ae] epoch 0100  train_log_mse=0.02663  val_log_mse=3.68495  val_mse=0.007624  max_grad=22.18  patience=1/30
2026-10-08 01:11:18,569  gsv3.training             INFO     [family_holdout:ae] epoch 0101  train_log_mse=0.02525  val_log_mse=3.45092  val_mse=0.007860  max_grad=16.31  patience=2/30
2026-10-08 01:13:20,359  gsv3.training             INFO     [family_holdout:ae] epoch 0102  train_log_mse=0.02400  val_log_mse=3.54254  val_mse=0.007780  max_grad=11.78  patience=3/30
2026-10-08 01:15:16,428  gsv3.training             INFO     [family_holdout:ae] epoch 0103  train_log_mse=0.02466  val_log_mse=3.48427  val_mse=0.008187  max_grad=15.01  patience=4/30
2026-10-08 01:17:10,997  gsv3.training             INFO     [family_holdout:ae] epoch 0104  train_log_mse=0.02284  val_log_mse=3.39389  val_mse=0.008164  max_grad=13.64  patience=5/30
2026-10-08 01:19:10,707  gsv3.training             INFO     [family_holdout:ae] epoch 0105  train_log_mse=0.02528  val_log_mse=3.25959  val_mse=0.007775  max_grad=22.62  patience=6/30
2026-10-08 01:21:07,481  gsv3.training             INFO     [family_holdout:ae] epoch 0106  train_log_mse=0.02332  val_log_mse=3.41064  val_mse=0.007968  max_grad=12.47  patience=7/30
2026-10-08 01:23:23,147  gsv3.training             INFO     [family_holdout:ae] epoch 0107  train_log_mse=0.02403  val_log_mse=3.96335  val_mse=0.007985  max_grad=15.70  patience=8/30
2026-10-08 01:25:27,496  gsv3.training             INFO     [family_holdout:ae] epoch 0108  train_log_mse=0.02589  val_log_mse=3.39353  val_mse=0.007910  max_grad=18.74  patience=9/30
2026-10-08 01:27:21,881  gsv3.training             INFO     [family_holdout:ae] epoch 0109  train_log_mse=0.02462  val_log_mse=3.69087  val_mse=0.007930  max_grad=13.46  patience=10/30
2026-10-08 01:29:22,764  gsv3.training             INFO     [family_holdout:ae] epoch 0110  train_log_mse=0.02387  val_log_mse=3.45265  val_mse=0.007906  max_grad=15.76  patience=11/30
2026-10-08 01:31:19,878  gsv3.training             INFO     [family_holdout:ae] epoch 0111  train_log_mse=0.02252  val_log_mse=3.42839  val_mse=0.008259  max_grad=10.80  patience=12/30
2026-10-08 01:33:19,511  gsv3.training             INFO     [family_holdout:ae] epoch 0112  train_log_mse=0.02297  val_log_mse=3.39309  val_mse=0.007412  max_grad=17.50  patience=13/30
2026-10-08 01:35:32,461  gsv3.training             INFO     [family_holdout:ae] epoch 0113  train_log_mse=0.02205  val_log_mse=3.37650  val_mse=0.007329  max_grad=18.77  patience=0/30
2026-10-08 01:37:28,942  gsv3.training             INFO     [family_holdout:ae] epoch 0114  train_log_mse=0.02328  val_log_mse=3.48836  val_mse=0.007700  max_grad=15.68  patience=1/30
2026-10-08 01:39:24,273  gsv3.training             INFO     [family_holdout:ae] epoch 0115  train_log_mse=0.02248  val_log_mse=3.32703  val_mse=0.008060  max_grad=12.24  patience=2/30
2026-10-08 01:41:20,271  gsv3.training             INFO     [family_holdout:ae] epoch 0116  train_log_mse=0.02353  val_log_mse=3.10541  val_mse=0.008226  max_grad=13.06  patience=3/30
2026-10-08 01:43:20,780  gsv3.training             INFO     [family_holdout:ae] epoch 0117  train_log_mse=0.02429  val_log_mse=3.30126  val_mse=0.007876  max_grad=18.18  patience=4/30
2026-10-08 01:45:38,840  gsv3.training             INFO     [family_holdout:ae] epoch 0118  train_log_mse=0.02463  val_log_mse=3.43509  val_mse=0.008135  max_grad=16.56  patience=5/30
2026-10-08 01:48:02,290  gsv3.training             INFO     [family_holdout:ae] epoch 0119  train_log_mse=0.02326  val_log_mse=3.65162  val_mse=0.007931  max_grad=16.61  patience=6/30
2026-10-08 01:50:08,929  gsv3.training             INFO     [family_holdout:ae] epoch 0120  train_log_mse=0.02523  val_log_mse=3.40309  val_mse=0.007134  max_grad=14.87  patience=0/30
2026-10-08 01:52:06,019  gsv3.training             INFO     [family_holdout:ae] epoch 0121  train_log_mse=0.02208  val_log_mse=3.42865  val_mse=0.007727  max_grad=14.10  patience=1/30
2026-10-08 01:54:02,451  gsv3.training             INFO     [family_holdout:ae] epoch 0122  train_log_mse=0.02354  val_log_mse=3.19688  val_mse=0.007804  max_grad=15.46  patience=2/30
2026-10-08 01:55:59,630  gsv3.training             INFO     [family_holdout:ae] epoch 0123  train_log_mse=0.02180  val_log_mse=3.51244  val_mse=0.007598  max_grad=11.16  patience=3/30
2026-10-08 01:58:14,871  gsv3.training             INFO     [family_holdout:ae] epoch 0124  train_log_mse=0.02156  val_log_mse=3.40268  val_mse=0.007463  max_grad=15.22  patience=4/30
2026-10-08 02:00:20,407  gsv3.training             INFO     [family_holdout:ae] epoch 0125  train_log_mse=0.02209  val_log_mse=3.49427  val_mse=0.007280  max_grad=14.31  patience=5/30
2026-10-08 02:02:22,614  gsv3.training             INFO     [family_holdout:ae] epoch 0126  train_log_mse=0.02252  val_log_mse=3.22850  val_mse=0.007502  max_grad=16.31  patience=6/30
2026-10-08 02:04:32,246  gsv3.training             INFO     [family_holdout:ae] epoch 0127  train_log_mse=0.02090  val_log_mse=3.54072  val_mse=0.007116  max_grad=12.51  patience=0/30
2026-10-08 02:06:29,669  gsv3.training             INFO     [family_holdout:ae] epoch 0128  train_log_mse=0.02480  val_log_mse=3.81029  val_mse=0.007798  max_grad=15.49  patience=1/30
2026-10-08 02:08:24,877  gsv3.training             INFO     [family_holdout:ae] epoch 0129  train_log_mse=0.02320  val_log_mse=3.40259  val_mse=0.007703  max_grad=17.95  patience=2/30
2026-10-08 02:10:18,951  gsv3.training             INFO     [family_holdout:ae] epoch 0130  train_log_mse=0.02247  val_log_mse=3.37959  val_mse=0.007585  max_grad=15.86  patience=3/30
2026-10-08 02:12:17,293  gsv3.training             INFO     [family_holdout:ae] epoch 0131  train_log_mse=0.02115  val_log_mse=3.48224  val_mse=0.008129  max_grad=12.31  patience=4/30
2026-10-08 02:14:24,667  gsv3.training             INFO     [family_holdout:ae] epoch 0132  train_log_mse=0.02202  val_log_mse=3.42712  val_mse=0.007163  max_grad=12.09  patience=5/30
2026-10-08 02:16:37,624  gsv3.training             INFO     [family_holdout:ae] epoch 0133  train_log_mse=0.02365  val_log_mse=3.86834  val_mse=0.007450  max_grad=14.98  patience=6/30
2026-10-08 02:18:45,021  gsv3.training             INFO     [family_holdout:ae] epoch 0134  train_log_mse=0.02248  val_log_mse=3.33057  val_mse=0.007690  max_grad=15.04  patience=7/30
2026-10-08 02:20:42,150  gsv3.training             INFO     [family_holdout:ae] epoch 0135  train_log_mse=0.02157  val_log_mse=3.36319  val_mse=0.007952  max_grad=13.73  patience=8/30
2026-10-08 02:22:38,496  gsv3.training             INFO     [family_holdout:ae] epoch 0136  train_log_mse=0.02105  val_log_mse=3.34415  val_mse=0.007779  max_grad=16.29  patience=9/30
2026-10-08 02:25:05,075  gsv3.training             INFO     [family_holdout:ae] epoch 0137  train_log_mse=0.02286  val_log_mse=3.43671  val_mse=0.007843  max_grad=13.01  patience=10/30
2026-10-08 02:27:14,842  gsv3.training             INFO     [family_holdout:ae] epoch 0138  train_log_mse=0.02095  val_log_mse=3.22128  val_mse=0.007629  max_grad=17.20  patience=11/30
2026-10-08 02:29:10,542  gsv3.training             INFO     [family_holdout:ae] epoch 0139  train_log_mse=0.02153  val_log_mse=3.46864  val_mse=0.007453  max_grad=12.30  patience=12/30
2026-10-08 02:31:07,998  gsv3.training             INFO     [family_holdout:ae] epoch 0140  train_log_mse=0.02115  val_log_mse=3.36004  val_mse=0.007883  max_grad=16.73  patience=13/30
2026-10-08 02:33:10,835  gsv3.training             INFO     [family_holdout:ae] epoch 0141  train_log_mse=0.02108  val_log_mse=3.57920  val_mse=0.007651  max_grad=11.54  patience=14/30
2026-10-08 02:35:06,344  gsv3.training             INFO     [family_holdout:ae] epoch 0142  train_log_mse=0.02021  val_log_mse=3.29946  val_mse=0.007512  max_grad=13.03  patience=15/30
2026-10-08 02:37:01,821  gsv3.training             INFO     [family_holdout:ae] epoch 0143  train_log_mse=0.02047  val_log_mse=3.58006  val_mse=0.007586  max_grad=12.31  patience=16/30
2026-10-08 02:38:59,728  gsv3.training             INFO     [family_holdout:ae] epoch 0144  train_log_mse=0.02177  val_log_mse=3.51345  val_mse=0.008075  max_grad=16.84  patience=17/30
2026-10-08 02:40:56,185  gsv3.training             INFO     [family_holdout:ae] epoch 0145  train_log_mse=0.02169  val_log_mse=3.46776  val_mse=0.007696  max_grad=16.01  patience=18/30
2026-10-08 02:42:52,507  gsv3.training             INFO     [family_holdout:ae] epoch 0146  train_log_mse=0.02101  val_log_mse=3.33927  val_mse=0.008306  max_grad=11.48  patience=19/30
2026-10-08 02:44:48,429  gsv3.training             INFO     [family_holdout:ae] epoch 0147  train_log_mse=0.02062  val_log_mse=3.54918  val_mse=0.007703  max_grad=11.20  patience=20/30
2026-10-08 02:46:50,361  gsv3.training             INFO     [family_holdout:ae] epoch 0148  train_log_mse=0.02140  val_log_mse=3.71263  val_mse=0.007467  max_grad=20.10  patience=21/30
2026-10-08 02:48:46,367  gsv3.training             INFO     [family_holdout:ae] epoch 0149  train_log_mse=0.02097  val_log_mse=3.47762  val_mse=0.007594  max_grad=12.50  patience=22/30
2026-10-08 02:50:45,746  gsv3.training             INFO     [family_holdout:ae] epoch 0150  train_log_mse=0.02270  val_log_mse=3.55057  val_mse=0.007632  max_grad=13.41  patience=23/30
2026-10-08 02:52:40,848  gsv3.training             INFO     [family_holdout:ae] epoch 0151  train_log_mse=0.02074  val_log_mse=3.43131  val_mse=0.007562  max_grad=10.26  patience=24/30
2026-10-08 02:54:51,415  gsv3.training             INFO     [family_holdout:ae] epoch 0152  train_log_mse=0.02024  val_log_mse=3.58543  val_mse=0.007427  max_grad=14.28  patience=25/30
2026-10-08 02:56:46,757  gsv3.training             INFO     [family_holdout:ae] epoch 0153  train_log_mse=0.02005  val_log_mse=3.44605  val_mse=0.007655  max_grad=15.98  patience=26/30
2026-10-08 02:58:43,648  gsv3.training             INFO     [family_holdout:ae] epoch 0154  train_log_mse=0.02015  val_log_mse=3.48677  val_mse=0.007400  max_grad=11.87  patience=27/30
2026-10-08 03:00:39,453  gsv3.training             INFO     [family_holdout:ae] epoch 0155  train_log_mse=0.02108  val_log_mse=3.57768  val_mse=0.007382  max_grad=16.65  patience=28/30
2026-10-08 03:02:48,106  gsv3.training             INFO     [family_holdout:ae] epoch 0156  train_log_mse=0.02069  val_log_mse=3.71379  val_mse=0.007773  max_grad=10.69  patience=29/30
2026-10-08 03:04:52,512  gsv3.training             INFO     [family_holdout:ae] epoch 0157  train_log_mse=0.02059  val_log_mse=3.42964  val_mse=0.007087  max_grad=11.51  patience=0/30
2026-10-08 03:07:01,297  gsv3.training             INFO     [family_holdout:ae] epoch 0158  train_log_mse=0.01976  val_log_mse=3.59020  val_mse=0.007715  max_grad=13.59  patience=1/30
2026-10-08 03:09:22,418  gsv3.training             INFO     [family_holdout:ae] epoch 0159  train_log_mse=0.02048  val_log_mse=3.45845  val_mse=0.007932  max_grad=10.34  patience=2/30
2026-10-08 03:11:21,082  gsv3.training             INFO     [family_holdout:ae] epoch 0160  train_log_mse=0.02194  val_log_mse=3.72691  val_mse=0.007259  max_grad=18.22  patience=3/30
2026-10-08 03:13:15,031  gsv3.training             INFO     [family_holdout:ae] epoch 0161  train_log_mse=0.02257  val_log_mse=3.45129  val_mse=0.008048  max_grad=14.15  patience=4/30
2026-10-08 03:15:19,079  gsv3.training             INFO     [family_holdout:ae] epoch 0162  train_log_mse=0.02045  val_log_mse=3.54781  val_mse=0.007744  max_grad=12.26  patience=5/30
2026-10-08 03:17:39,402  gsv3.training             INFO     [family_holdout:ae] epoch 0163  train_log_mse=0.02076  val_log_mse=3.42857  val_mse=0.007750  max_grad=14.25  patience=6/30
2026-10-08 03:19:36,292  gsv3.training             INFO     [family_holdout:ae] epoch 0164  train_log_mse=0.02002  val_log_mse=3.46697  val_mse=0.007954  max_grad=13.37  patience=7/30
2026-10-08 03:21:40,411  gsv3.training             INFO     [family_holdout:ae] epoch 0165  train_log_mse=0.01879  val_log_mse=3.30673  val_mse=0.007637  max_grad=14.82  patience=8/30
2026-10-08 03:23:47,705  gsv3.training             INFO     [family_holdout:ae] epoch 0166  train_log_mse=0.01994  val_log_mse=3.43882  val_mse=0.007591  max_grad=11.51  patience=9/30
2026-10-08 03:25:43,705  gsv3.training             INFO     [family_holdout:ae] epoch 0167  train_log_mse=0.01959  val_log_mse=3.25583  val_mse=0.007950  max_grad=11.77  patience=10/30
2026-10-08 03:27:57,356  gsv3.training             INFO     [family_holdout:ae] epoch 0168  train_log_mse=0.02031  val_log_mse=3.41856  val_mse=0.007529  max_grad=12.60  patience=11/30
2026-10-08 03:29:53,104  gsv3.training             INFO     [family_holdout:ae] epoch 0169  train_log_mse=0.02011  val_log_mse=3.49021  val_mse=0.007698  max_grad=14.26  patience=12/30
2026-10-08 03:31:48,338  gsv3.training             INFO     [family_holdout:ae] epoch 0170  train_log_mse=0.02081  val_log_mse=3.66434  val_mse=0.007351  max_grad=16.53  patience=13/30
2026-10-08 03:33:48,299  gsv3.training             INFO     [family_holdout:ae] epoch 0171  train_log_mse=0.01976  val_log_mse=3.47560  val_mse=0.007654  max_grad=12.88  patience=14/30
2026-10-08 03:35:43,269  gsv3.training             INFO     [family_holdout:ae] epoch 0172  train_log_mse=0.01931  val_log_mse=3.57544  val_mse=0.007636  max_grad=8.95  patience=15/30
2026-10-08 03:37:36,459  gsv3.training             INFO     [family_holdout:ae] epoch 0173  train_log_mse=0.02006  val_log_mse=3.61539  val_mse=0.007470  max_grad=14.82  patience=16/30
2026-10-08 03:39:38,693  gsv3.training             INFO     [family_holdout:ae] epoch 0174  train_log_mse=0.01893  val_log_mse=3.40269  val_mse=0.007857  max_grad=11.13  patience=17/30
2026-10-08 03:41:34,062  gsv3.training             INFO     [family_holdout:ae] epoch 0175  train_log_mse=0.01915  val_log_mse=3.62658  val_mse=0.007618  max_grad=13.88  patience=18/30
2026-10-08 03:45:36,962  genstudy.io               INFO     Logging to evaluations/generalization_v3/results/xattn_a00/leave_one_family_out/run.log
2026-10-08 03:45:36,962  run_experiment            INFO     Command line: evaluations/generalization_v3/scripts/run_experiment.py lofo --model xattn --balance-alpha 0 --lr 3e-4 --grad-clip 1.0 --results-dir evaluations/generalization_v3/results/xattn_a00
2026-10-08 03:45:36,962  gsv2.gpu                  WARNING  No CUDA device available — running on the CPU.
2026-10-08 03:45:36,963  gsv3.model                INFO     Hyper-parameters (/home/atudisco/pred-distr-tool/src/model/best_params.json + v3 defaults): {'device_hidden': 64, 'device_layers': 3, 'fusion_dim': 128, 'qubit_layers': 2, 'attn_heads': 4, 'lap_pe': 8, 'cost_bias_init': -6.0, 'hidden_dim': 142, 'num_conv_wo_resnet': 3, 'num_resnet_layers': 1, 'dropout': 0.0, 'bidirectional': True, 'mlp': [512, 256, 128], 'lr': 0.001, 'readout': 'meanmaxsum'}
2026-10-08 03:45:36,972  gsv3.devices              INFO     Device graphs with 8 Laplacian PE dims: node features 13
2026-10-08 03:45:36,973  genstudy.data             INFO     Loading graph dataset: /home/atudisco/pred-distr-tool/evaluations/generalization_v3/data/graph_dataset_expected_fidelity.pt
2026-10-08 03:45:40,405  genstudy.data             INFO     Loaded 17056 graphs
2026-10-08 03:45:40,439  genstudy.io               INFO     Wrote evaluations/generalization_v3/results/xattn_a00/leave_one_family_out/dataset_summary.json
2026-10-08 03:45:40,440  genstudy.data             INFO     Holding out 10 families: vqe_two_local, vqe_real_amp, vqe_su2, qaoa, randomcircuit, qft, qnn, ae, qftentangled, iqpe
2026-10-08 03:45:40,456  run_experiment            INFO     [1/10] vqe_two_local already done — skipping
2026-10-08 03:45:40,456  run_experiment            INFO     [2/10] vqe_real_amp already done — skipping
2026-10-08 03:45:40,457  run_experiment            INFO     [3/10] vqe_su2 already done — skipping
2026-10-08 03:45:40,458  run_experiment            INFO     [4/10] qaoa already done — skipping
2026-10-08 03:45:40,458  run_experiment            INFO     [5/10] randomcircuit already done — skipping
2026-10-08 03:45:40,459  run_experiment            INFO     [6/10] qft already done — skipping
2026-10-08 03:45:40,460  run_experiment            INFO     [7/10] qnn already done — skipping
2026-10-08 03:45:40,460  run_experiment            INFO     [8/10] ae
2026-10-08 03:45:40,461  gsv3.experiment           INFO     === family_holdout / ae ===
2026-10-08 03:45:40,461  gsv3.experiment           INFO     Leave-one-family-out: test = all 758 'ae' circuits, train = 16298 circuits from 34 other families.
2026-10-08 03:45:40,463  gsv3.experiment           INFO     train=12614  val=3684 ({'mode': 'family', 'val_families': ['bmw_quark_copula', 'bv', 'cdkm_ripple_carry_adder', 'dynamic_qft', 'full_adder', 'ghz_dynamic', 'grover', 'half_adder', 'modular_adder', 'multiplier', 'qft', 'qftentangled', 'qnn', 'qwalk', 'randomcircuit', 'rg_qft_multiplier', 'shors_nine_qubit_code', 'vbe_ripple_carry_adder', 'wstate']})  test=758
2026-10-08 03:45:40,600  gsv3.training             INFO     [family_holdout:ae] resumed at epoch 175 (best 157, val=0.00709)
2026-10-08 03:45:40,600  gsv3.training             INFO     [family_holdout:ae] model=xattn (945113 params) train=12614 val=3684 lr=0.0003 clip=1.0 alpha=0.00
2026-10-08 03:47:01,425  gsv3.training             INFO     [family_holdout:ae] epoch 0176  train_log_mse=0.01926  val_log_mse=3.68966  val_mse=0.007770  max_grad=13.17  patience=19/30
2026-10-08 03:48:21,941  gsv3.training             INFO     [family_holdout:ae] epoch 0177  train_log_mse=0.02002  val_log_mse=3.42658  val_mse=0.007821  max_grad=11.82  patience=20/30
2026-10-08 03:49:42,621  gsv3.training             INFO     [family_holdout:ae] epoch 0178  train_log_mse=0.01873  val_log_mse=3.67312  val_mse=0.007507  max_grad=9.51  patience=21/30
2026-10-08 03:51:03,456  gsv3.training             INFO     [family_holdout:ae] epoch 0179  train_log_mse=0.01907  val_log_mse=3.66723  val_mse=0.007415  max_grad=9.57  patience=22/30
2026-10-08 03:52:24,027  gsv3.training             INFO     [family_holdout:ae] epoch 0180  train_log_mse=0.01806  val_log_mse=3.51993  val_mse=0.007808  max_grad=10.60  patience=23/30
2026-10-08 03:53:45,071  gsv3.training             INFO     [family_holdout:ae] epoch 0181  train_log_mse=0.01858  val_log_mse=3.70157  val_mse=0.007651  max_grad=10.74  patience=24/30
2026-10-08 03:55:05,843  gsv3.training             INFO     [family_holdout:ae] epoch 0182  train_log_mse=0.01937  val_log_mse=3.38068  val_mse=0.007869  max_grad=13.84  patience=25/30
2026-10-08 03:56:26,744  gsv3.training             INFO     [family_holdout:ae] epoch 0183  train_log_mse=0.01916  val_log_mse=3.42503  val_mse=0.007351  max_grad=11.24  patience=26/30
2026-10-08 03:57:47,358  gsv3.training             INFO     [family_holdout:ae] epoch 0184  train_log_mse=0.01905  val_log_mse=3.58328  val_mse=0.007595  max_grad=12.69  patience=27/30
2026-10-08 03:59:08,436  gsv3.training             INFO     [family_holdout:ae] epoch 0185  train_log_mse=0.01907  val_log_mse=3.73985  val_mse=0.007590  max_grad=10.98  patience=28/30
2026-10-08 04:00:29,005  gsv3.training             INFO     [family_holdout:ae] epoch 0186  train_log_mse=0.01860  val_log_mse=3.45866  val_mse=0.007618  max_grad=12.17  patience=29/30
2026-10-08 04:01:49,806  gsv3.training             INFO     [family_holdout:ae] epoch 0187  train_log_mse=0.01883  val_log_mse=3.59481  val_mse=0.007898  max_grad=9.51  patience=30/30
2026-10-08 04:01:51,655  gsv3.experiment           INFO     [ae] TEST  n=758  MAE=0.0274  R2=0.9706  device-acc=0.748  regret=0.0085
2026-10-08 04:01:51,659  genstudy.io               INFO     Wrote evaluations/generalization_v3/results/xattn_a00/leave_one_family_out/ae/metrics.json
2026-10-08 04:01:51,664  genstudy.io               INFO     Wrote evaluations/generalization_v3/results/xattn_a00/leave_one_family_out/ae/predictions.json
2026-10-08 04:01:51,677  genstudy.io               INFO     Wrote evaluations/generalization_v3/results/xattn_a00/leave_one_family_out/ae/history.json
2026-10-08 04:01:51,694  run_experiment            INFO     [9/10] qftentangled already done — skipping
2026-10-08 04:01:51,695  run_experiment            INFO     [10/10] iqpe already done — skipping
2026-10-08 04:01:51,696  genstudy.io               INFO     Wrote evaluations/generalization_v3/results/xattn_a00/leave_one_family_out/folds.json
2026-10-08 04:01:51,929  genstudy.experiment       INFO     Merged held-out predictions for 16702 circuits
2026-10-08 04:01:51,987  genstudy.io               INFO     Wrote evaluations/generalization_v3/results/xattn_a00/leave_one_family_out/heldout_predictions.json
2026-10-08 04:01:51,989  run_experiment            INFO     leave_one_family_out finished: 10 complete, 0 skipped
2026-10-08 04:02:42,104  genstudy.io               INFO     Logging to evaluations/generalization_v3/results/xattn_a00/leave_one_family_out/run.log
2026-10-08 04:02:42,105  run_experiment            INFO     Command line: evaluations/generalization_v3/scripts/run_experiment.py lofo --model xattn --results-dir evaluations/generalization_v3/results/xattn_a00
2026-10-08 04:02:42,105  gsv2.gpu                  WARNING  No CUDA device available — running on the CPU.
2026-10-08 04:02:42,105  gsv3.model                INFO     Hyper-parameters (/home/atudisco/pred-distr-tool/src/model/best_params.json + v3 defaults): {'device_hidden': 64, 'device_layers': 3, 'fusion_dim': 128, 'qubit_layers': 2, 'attn_heads': 4, 'lap_pe': 8, 'cost_bias_init': -6.0, 'hidden_dim': 142, 'num_conv_wo_resnet': 3, 'num_resnet_layers': 1, 'dropout': 0.0, 'bidirectional': True, 'mlp': [512, 256, 128], 'lr': 0.001, 'readout': 'meanmaxsum'}
2026-10-08 04:02:42,113  gsv3.devices              INFO     Device graphs with 8 Laplacian PE dims: node features 13
2026-10-08 04:02:42,114  genstudy.data             INFO     Loading graph dataset: /home/atudisco/pred-distr-tool/evaluations/generalization_v3/data/graph_dataset_expected_fidelity.pt
2026-10-08 04:02:45,387  genstudy.data             INFO     Loaded 17056 graphs
2026-10-08 04:02:45,412  genstudy.io               INFO     Wrote evaluations/generalization_v3/results/xattn_a00/leave_one_family_out/dataset_summary.json
2026-10-08 04:02:45,413  genstudy.data             INFO     Holding out 10 families: vqe_two_local, vqe_real_amp, vqe_su2, qaoa, randomcircuit, qft, qnn, ae, qftentangled, iqpe
2026-10-08 04:02:45,427  run_experiment            INFO     [1/10] vqe_two_local already done — skipping
2026-10-08 04:02:45,427  run_experiment            INFO     [2/10] vqe_real_amp already done — skipping
2026-10-08 04:02:45,428  run_experiment            INFO     [3/10] vqe_su2 already done — skipping
2026-10-08 04:02:45,428  run_experiment            INFO     [4/10] qaoa already done — skipping
2026-10-08 04:02:45,428  run_experiment            INFO     [5/10] randomcircuit already done — skipping
2026-10-08 04:02:45,429  run_experiment            INFO     [6/10] qft already done — skipping
2026-10-08 04:02:45,429  run_experiment            INFO     [7/10] qnn already done — skipping
2026-10-08 04:02:45,430  run_experiment            INFO     [8/10] ae already done — skipping
2026-10-08 04:02:45,430  run_experiment            INFO     [9/10] qftentangled already done — skipping
2026-10-08 04:02:45,430  run_experiment            INFO     [10/10] iqpe already done — skipping
2026-10-08 04:02:45,432  genstudy.io               INFO     Wrote evaluations/generalization_v3/results/xattn_a00/leave_one_family_out/folds.json
2026-10-08 04:02:45,469  genstudy.experiment       INFO     Merged held-out predictions for 16702 circuits
2026-10-08 04:02:45,523  genstudy.io               INFO     Wrote evaluations/generalization_v3/results/xattn_a00/leave_one_family_out/heldout_predictions.json
2026-10-08 04:02:45,524  run_experiment            INFO     leave_one_family_out finished: 10 complete, 0 skipped
