2026-10-07 19:47:07,410  genstudy.io               INFO     Logging to evaluations/generalization_v3/results/xattn_a05/leave_one_family_out/run.log
2026-10-07 19:47:07,410  run_experiment            INFO     Command line: evaluations/generalization_v3/scripts/run_experiment.py lofo --model xattn --balance-alpha 0.5 --lr 3e-4 --grad-clip 1.0 --results-dir evaluations/generalization_v3/results/xattn_a05
2026-10-07 19:47:07,695  gsv2.gpu                  INFO     GPU: NVIDIA H200
2026-10-07 19:47:07,696  gsv3.model                INFO     Hyper-parameters (/home/atudisco/pred-distr-tool/src/model/best_params.json + v3 defaults): {'device_hidden': 64, 'device_layers': 3, 'fusion_dim': 128, 'qubit_layers': 2, 'attn_heads': 4, 'lap_pe': 8, 'cost_bias_init': -6.0, 'hidden_dim': 142, 'num_conv_wo_resnet': 3, 'num_resnet_layers': 1, 'dropout': 0.0, 'bidirectional': True, 'mlp': [512, 256, 128], 'lr': 0.001, 'readout': 'meanmaxsum'}
2026-10-07 19:47:07,707  gsv3.devices              INFO     Device graphs with 8 Laplacian PE dims: node features 13
2026-10-07 19:47:07,708  genstudy.data             INFO     Loading graph dataset: /home/atudisco/pred-distr-tool/evaluations/generalization_v3/data/graph_dataset_expected_fidelity.pt
2026-10-07 19:47:11,012  genstudy.data             INFO     Loaded 17056 graphs
2026-10-07 19:47:11,039  genstudy.io               INFO     Wrote evaluations/generalization_v3/results/xattn_a05/leave_one_family_out/dataset_summary.json
2026-10-07 19:47:11,040  genstudy.data             INFO     Holding out 10 families: vqe_two_local, vqe_real_amp, vqe_su2, qaoa, randomcircuit, qft, qnn, ae, qftentangled, iqpe
2026-10-07 19:47:11,057  run_experiment            INFO     [1/10] vqe_two_local
2026-10-07 19:47:11,059  gsv3.experiment           INFO     === family_holdout / vqe_two_local ===
2026-10-07 19:47:11,060  gsv3.experiment           INFO     Leave-one-family-out: test = all 3449 'vqe_two_local' circuits, train = 13607 circuits from 34 other families.
2026-10-07 19:47:11,061  gsv3.experiment           INFO     train=10710  val=2897 ({'mode': 'family', 'val_families': ['bmw_quark_copula', 'draper_qft_adder', 'dynamic_qft', 'ghz', 'graphstate', 'grover', 'qft', 'qftentangled', 'qpeinexact', 'randomcircuit']})  test=3449
2026-10-07 19:47:11,567  gsv3.training             INFO     [family_holdout:vqe_two_local] model=xattn (945113 params) train=10710 val=2897 lr=0.0003 clip=1.0 alpha=0.50
2026-10-07 19:47:35,293  gsv3.training             INFO     [family_holdout:vqe_two_local] epoch 0001  train_log_mse=3.56617  val_log_mse=5.26958  val_mse=0.004059  max_grad=8176.23  patience=0/30
2026-10-07 19:47:59,248  gsv3.training             INFO     [family_holdout:vqe_two_local] epoch 0002  train_log_mse=0.52793  val_log_mse=4.70607  val_mse=0.004379  max_grad=198.19  patience=1/30
2026-10-07 19:48:22,786  gsv3.training             INFO     [family_holdout:vqe_two_local] epoch 0003  train_log_mse=0.39033  val_log_mse=5.65546  val_mse=0.003023  max_grad=171.79  patience=0/30
2026-10-07 19:48:46,503  gsv3.training             INFO     [family_holdout:vqe_two_local] epoch 0004  train_log_mse=0.24642  val_log_mse=6.38357  val_mse=0.004456  max_grad=175.31  patience=1/30
2026-10-07 19:49:09,828  gsv3.training             INFO     [family_holdout:vqe_two_local] epoch 0005  train_log_mse=0.27560  val_log_mse=7.86166  val_mse=0.004020  max_grad=112.89  patience=2/30
2026-10-07 19:49:33,629  gsv3.training             INFO     [family_holdout:vqe_two_local] epoch 0006  train_log_mse=0.22086  val_log_mse=5.80584  val_mse=0.004128  max_grad=139.96  patience=3/30
2026-10-07 19:49:57,380  gsv3.training             INFO     [family_holdout:vqe_two_local] epoch 0007  train_log_mse=0.20000  val_log_mse=6.23420  val_mse=0.004708  max_grad=123.23  patience=4/30
2026-10-07 19:50:20,821  gsv3.training             INFO     [family_holdout:vqe_two_local] epoch 0008  train_log_mse=0.18177  val_log_mse=5.46566  val_mse=0.003599  max_grad=92.90  patience=5/30
2026-10-07 19:50:44,933  gsv3.training             INFO     [family_holdout:vqe_two_local] epoch 0009  train_log_mse=0.17617  val_log_mse=5.16287  val_mse=0.003298  max_grad=99.01  patience=6/30
2026-10-07 19:51:08,643  gsv3.training             INFO     [family_holdout:vqe_two_local] epoch 0010  train_log_mse=0.16716  val_log_mse=4.92270  val_mse=0.003903  max_grad=76.85  patience=7/30
2026-10-07 19:51:32,724  gsv3.training             INFO     [family_holdout:vqe_two_local] epoch 0011  train_log_mse=0.13887  val_log_mse=4.21652  val_mse=0.003733  max_grad=80.79  patience=8/30
2026-10-07 19:51:55,840  gsv3.training             INFO     [family_holdout:vqe_two_local] epoch 0012  train_log_mse=0.14756  val_log_mse=5.16062  val_mse=0.003544  max_grad=70.19  patience=9/30
2026-10-07 19:52:19,331  gsv3.training             INFO     [family_holdout:vqe_two_local] epoch 0013  train_log_mse=0.14615  val_log_mse=5.25635  val_mse=0.005412  max_grad=106.23  patience=10/30
2026-10-07 19:52:42,786  gsv3.training             INFO     [family_holdout:vqe_two_local] epoch 0014  train_log_mse=0.09992  val_log_mse=5.26429  val_mse=0.002886  max_grad=58.31  patience=0/30
2026-10-07 19:53:06,708  gsv3.training             INFO     [family_holdout:vqe_two_local] epoch 0015  train_log_mse=0.14060  val_log_mse=6.76837  val_mse=0.002859  max_grad=119.27  patience=0/30
2026-10-07 19:53:30,608  gsv3.training             INFO     [family_holdout:vqe_two_local] epoch 0016  train_log_mse=0.10813  val_log_mse=5.07807  val_mse=0.003907  max_grad=58.53  patience=1/30
2026-10-07 19:53:54,398  gsv3.training             INFO     [family_holdout:vqe_two_local] epoch 0017  train_log_mse=0.10579  val_log_mse=5.50734  val_mse=0.003558  max_grad=71.30  patience=2/30
2026-10-07 19:54:18,452  gsv3.training             INFO     [family_holdout:vqe_two_local] epoch 0018  train_log_mse=0.10985  val_log_mse=5.24857  val_mse=0.003678  max_grad=60.71  patience=3/30
2026-10-07 19:54:42,224  gsv3.training             INFO     [family_holdout:vqe_two_local] epoch 0019  train_log_mse=0.09081  val_log_mse=4.96991  val_mse=0.004061  max_grad=36.07  patience=4/30
2026-10-07 19:55:06,266  gsv3.training             INFO     [family_holdout:vqe_two_local] epoch 0020  train_log_mse=0.09674  val_log_mse=5.98773  val_mse=0.003575  max_grad=35.93  patience=5/30
2026-10-07 19:55:29,270  gsv3.training             INFO     [family_holdout:vqe_two_local] epoch 0021  train_log_mse=0.09503  val_log_mse=5.23367  val_mse=0.003008  max_grad=57.08  patience=6/30
2026-10-07 19:55:52,740  gsv3.training             INFO     [family_holdout:vqe_two_local] epoch 0022  train_log_mse=0.11481  val_log_mse=5.06424  val_mse=0.003760  max_grad=65.24  patience=7/30
2026-10-07 19:56:16,229  gsv3.training             INFO     [family_holdout:vqe_two_local] epoch 0023  train_log_mse=0.08686  val_log_mse=4.83336  val_mse=0.002976  max_grad=40.00  patience=8/30
2026-10-07 19:56:40,209  gsv3.training             INFO     [family_holdout:vqe_two_local] epoch 0024  train_log_mse=0.08204  val_log_mse=5.45042  val_mse=0.003054  max_grad=74.93  patience=9/30
2026-10-07 19:57:03,843  gsv3.training             INFO     [family_holdout:vqe_two_local] epoch 0025  train_log_mse=0.08095  val_log_mse=5.07454  val_mse=0.004261  max_grad=51.91  patience=10/30
2026-10-07 19:57:27,835  gsv3.training             INFO     [family_holdout:vqe_two_local] epoch 0026  train_log_mse=0.07063  val_log_mse=5.19800  val_mse=0.004041  max_grad=68.81  patience=11/30
2026-10-07 19:57:51,561  gsv3.training             INFO     [family_holdout:vqe_two_local] epoch 0027  train_log_mse=0.08525  val_log_mse=4.86122  val_mse=0.003422  max_grad=33.57  patience=12/30
2026-10-07 19:58:15,178  gsv3.training             INFO     [family_holdout:vqe_two_local] epoch 0028  train_log_mse=0.06953  val_log_mse=5.14242  val_mse=0.004225  max_grad=40.11  patience=13/30
2026-10-07 19:58:39,124  gsv3.training             INFO     [family_holdout:vqe_two_local] epoch 0029  train_log_mse=0.07813  val_log_mse=5.26360  val_mse=0.003679  max_grad=37.21  patience=14/30
2026-10-07 19:59:02,318  gsv3.training             INFO     [family_holdout:vqe_two_local] epoch 0030  train_log_mse=0.07077  val_log_mse=5.14630  val_mse=0.003935  max_grad=53.80  patience=15/30
2026-10-07 19:59:25,955  gsv3.training             INFO     [family_holdout:vqe_two_local] epoch 0031  train_log_mse=0.05728  val_log_mse=4.62394  val_mse=0.003801  max_grad=39.06  patience=16/30
2026-10-07 19:59:49,506  gsv3.training             INFO     [family_holdout:vqe_two_local] epoch 0032  train_log_mse=0.07149  val_log_mse=5.06358  val_mse=0.003641  max_grad=87.64  patience=17/30
2026-10-07 20:00:13,657  gsv3.training             INFO     [family_holdout:vqe_two_local] epoch 0033  train_log_mse=0.06604  val_log_mse=4.94482  val_mse=0.004889  max_grad=64.05  patience=18/30
2026-10-07 20:00:36,982  gsv3.training             INFO     [family_holdout:vqe_two_local] epoch 0034  train_log_mse=0.05605  val_log_mse=4.86638  val_mse=0.003743  max_grad=59.01  patience=19/30
2026-10-07 20:01:01,086  gsv3.training             INFO     [family_holdout:vqe_two_local] epoch 0035  train_log_mse=0.07063  val_log_mse=4.71024  val_mse=0.004654  max_grad=33.64  patience=20/30
2026-10-07 20:01:24,668  gsv3.training             INFO     [family_holdout:vqe_two_local] epoch 0036  train_log_mse=0.06068  val_log_mse=4.58906  val_mse=0.003535  max_grad=46.58  patience=21/30
2026-10-07 20:01:48,676  gsv3.training             INFO     [family_holdout:vqe_two_local] epoch 0037  train_log_mse=0.06713  val_log_mse=4.59824  val_mse=0.003898  max_grad=40.92  patience=22/30
2026-10-07 20:02:12,157  gsv3.training             INFO     [family_holdout:vqe_two_local] epoch 0038  train_log_mse=0.05778  val_log_mse=4.98588  val_mse=0.003902  max_grad=31.01  patience=23/30
2026-10-07 20:02:35,462  gsv3.training             INFO     [family_holdout:vqe_two_local] epoch 0039  train_log_mse=0.05481  val_log_mse=4.63972  val_mse=0.004303  max_grad=35.58  patience=24/30
2026-10-07 20:02:58,884  gsv3.training             INFO     [family_holdout:vqe_two_local] epoch 0040  train_log_mse=0.05652  val_log_mse=4.88868  val_mse=0.003723  max_grad=29.88  patience=25/30
2026-10-07 20:03:22,203  gsv3.training             INFO     [family_holdout:vqe_two_local] epoch 0041  train_log_mse=0.05760  val_log_mse=4.95761  val_mse=0.003245  max_grad=36.71  patience=26/30
2026-10-07 20:03:46,230  gsv3.training             INFO     [family_holdout:vqe_two_local] epoch 0042  train_log_mse=0.05111  val_log_mse=4.94938  val_mse=0.003903  max_grad=27.34  patience=27/30
2026-10-07 20:04:09,779  gsv3.training             INFO     [family_holdout:vqe_two_local] epoch 0043  train_log_mse=0.05287  val_log_mse=4.76220  val_mse=0.003656  max_grad=61.07  patience=28/30
2026-10-07 20:04:33,840  gsv3.training             INFO     [family_holdout:vqe_two_local] epoch 0044  train_log_mse=0.05902  val_log_mse=4.74464  val_mse=0.003365  max_grad=36.60  patience=29/30
2026-10-07 20:04:57,493  gsv3.training             INFO     [family_holdout:vqe_two_local] epoch 0045  train_log_mse=0.05492  val_log_mse=4.81099  val_mse=0.003495  max_grad=42.59  patience=30/30
2026-10-07 20:05:02,240  gsv3.experiment           INFO     [vqe_two_local] TEST  n=3449  MAE=0.0855  R2=0.8647  device-acc=0.729  regret=0.0079
2026-10-07 20:05:02,244  genstudy.io               INFO     Wrote evaluations/generalization_v3/results/xattn_a05/leave_one_family_out/vqe_two_local/metrics.json
2026-10-07 20:05:02,264  genstudy.io               INFO     Wrote evaluations/generalization_v3/results/xattn_a05/leave_one_family_out/vqe_two_local/predictions.json
2026-10-07 20:05:02,275  genstudy.io               INFO     Wrote evaluations/generalization_v3/results/xattn_a05/leave_one_family_out/vqe_two_local/history.json
2026-10-07 20:05:02,320  run_experiment            INFO     [2/10] vqe_real_amp
2026-10-07 20:05:02,323  gsv3.experiment           INFO     === family_holdout / vqe_real_amp ===
2026-10-07 20:05:02,323  gsv3.experiment           INFO     Leave-one-family-out: test = all 2861 'vqe_real_amp' circuits, train = 14195 circuits from 34 other families.
2026-10-07 20:05:02,325  gsv3.experiment           INFO     train=11298  val=2897 ({'mode': 'family', 'val_families': ['bmw_quark_copula', 'draper_qft_adder', 'dynamic_qft', 'ghz', 'graphstate', 'grover', 'qft', 'qftentangled', 'qpeinexact', 'randomcircuit']})  test=2861
2026-10-07 20:05:02,392  gsv3.training             INFO     [family_holdout:vqe_real_amp] model=xattn (945113 params) train=11298 val=2897 lr=0.0003 clip=1.0 alpha=0.50
2026-10-07 20:05:26,592  gsv3.training             INFO     [family_holdout:vqe_real_amp] epoch 0001  train_log_mse=3.81105  val_log_mse=7.61438  val_mse=0.004109  max_grad=9292.30  patience=0/30
2026-10-07 20:05:51,310  gsv3.training             INFO     [family_holdout:vqe_real_amp] epoch 0002  train_log_mse=0.56814  val_log_mse=5.27579  val_mse=0.008668  max_grad=324.09  patience=1/30
2026-10-07 20:06:16,251  gsv3.training             INFO     [family_holdout:vqe_real_amp] epoch 0003  train_log_mse=0.36679  val_log_mse=6.76581  val_mse=0.004539  max_grad=171.88  patience=2/30
2026-10-07 20:06:41,281  gsv3.training             INFO     [family_holdout:vqe_real_amp] epoch 0004  train_log_mse=0.28505  val_log_mse=6.17710  val_mse=0.005516  max_grad=138.11  patience=3/30
2026-10-07 20:07:06,212  gsv3.training             INFO     [family_holdout:vqe_real_amp] epoch 0005  train_log_mse=0.23968  val_log_mse=7.28035  val_mse=0.005642  max_grad=94.22  patience=4/30
2026-10-07 20:07:31,292  gsv3.training             INFO     [family_holdout:vqe_real_amp] epoch 0006  train_log_mse=0.21708  val_log_mse=6.04808  val_mse=0.010814  max_grad=111.52  patience=5/30
2026-10-07 20:07:55,527  gsv3.training             INFO     [family_holdout:vqe_real_amp] epoch 0007  train_log_mse=0.22181  val_log_mse=6.19567  val_mse=0.005601  max_grad=104.16  patience=6/30
2026-10-07 20:08:20,161  gsv3.training             INFO     [family_holdout:vqe_real_amp] epoch 0008  train_log_mse=0.14501  val_log_mse=5.78312  val_mse=0.008009  max_grad=70.29  patience=7/30
2026-10-07 20:08:44,870  gsv3.training             INFO     [family_holdout:vqe_real_amp] epoch 0009  train_log_mse=0.16296  val_log_mse=5.60583  val_mse=0.004623  max_grad=93.29  patience=8/30
2026-10-07 20:09:09,582  gsv3.training             INFO     [family_holdout:vqe_real_amp] epoch 0010  train_log_mse=0.13992  val_log_mse=5.67084  val_mse=0.005486  max_grad=72.28  patience=9/30
2026-10-07 20:09:34,531  gsv3.training             INFO     [family_holdout:vqe_real_amp] epoch 0011  train_log_mse=0.13600  val_log_mse=5.58115  val_mse=0.007195  max_grad=72.69  patience=10/30
2026-10-07 20:09:59,317  gsv3.training             INFO     [family_holdout:vqe_real_amp] epoch 0012  train_log_mse=0.12349  val_log_mse=5.42121  val_mse=0.005608  max_grad=62.58  patience=11/30
2026-10-07 20:10:23,776  gsv3.training             INFO     [family_holdout:vqe_real_amp] epoch 0013  train_log_mse=0.11146  val_log_mse=5.72195  val_mse=0.008315  max_grad=41.85  patience=12/30
2026-10-07 20:10:48,391  gsv3.training             INFO     [family_holdout:vqe_real_amp] epoch 0014  train_log_mse=0.12169  val_log_mse=5.57041  val_mse=0.009222  max_grad=72.88  patience=13/30
2026-10-07 20:11:13,405  gsv3.training             INFO     [family_holdout:vqe_real_amp] epoch 0015  train_log_mse=0.11606  val_log_mse=5.36336  val_mse=0.007065  max_grad=53.55  patience=14/30
2026-10-07 20:11:38,663  gsv3.training             INFO     [family_holdout:vqe_real_amp] epoch 0016  train_log_mse=0.10125  val_log_mse=5.31915  val_mse=0.006999  max_grad=36.50  patience=15/30
2026-10-07 20:12:03,402  gsv3.training             INFO     [family_holdout:vqe_real_amp] epoch 0017  train_log_mse=0.10338  val_log_mse=5.06336  val_mse=0.006096  max_grad=56.78  patience=16/30
2026-10-07 20:12:28,594  gsv3.training             INFO     [family_holdout:vqe_real_amp] epoch 0018  train_log_mse=0.09767  val_log_mse=5.38060  val_mse=0.005452  max_grad=43.29  patience=17/30
2026-10-07 20:12:53,172  gsv3.training             INFO     [family_holdout:vqe_real_amp] epoch 0019  train_log_mse=0.09374  val_log_mse=5.01814  val_mse=0.004308  max_grad=40.17  patience=18/30
2026-10-07 20:13:17,388  gsv3.training             INFO     [family_holdout:vqe_real_amp] epoch 0020  train_log_mse=0.09088  val_log_mse=5.42084  val_mse=0.007441  max_grad=43.76  patience=19/30
2026-10-07 20:13:42,077  gsv3.training             INFO     [family_holdout:vqe_real_amp] epoch 0021  train_log_mse=0.08202  val_log_mse=4.90423  val_mse=0.006055  max_grad=31.10  patience=20/30
2026-10-07 20:14:07,199  gsv3.training             INFO     [family_holdout:vqe_real_amp] epoch 0022  train_log_mse=0.09130  val_log_mse=5.67871  val_mse=0.004863  max_grad=48.41  patience=21/30
2026-10-07 20:14:31,822  gsv3.training             INFO     [family_holdout:vqe_real_amp] epoch 0023  train_log_mse=0.08231  val_log_mse=5.32363  val_mse=0.005671  max_grad=83.72  patience=22/30
2026-10-07 20:14:57,105  gsv3.training             INFO     [family_holdout:vqe_real_amp] epoch 0024  train_log_mse=0.07716  val_log_mse=4.86047  val_mse=0.005450  max_grad=36.61  patience=23/30
2026-10-07 20:15:21,930  gsv3.training             INFO     [family_holdout:vqe_real_amp] epoch 0025  train_log_mse=0.08366  val_log_mse=4.86685  val_mse=0.005933  max_grad=40.63  patience=24/30
2026-10-07 20:15:46,526  gsv3.training             INFO     [family_holdout:vqe_real_amp] epoch 0026  train_log_mse=0.07351  val_log_mse=5.03966  val_mse=0.007097  max_grad=32.52  patience=25/30
2026-10-07 20:16:10,744  gsv3.training             INFO     [family_holdout:vqe_real_amp] epoch 0027  train_log_mse=0.08328  val_log_mse=4.98959  val_mse=0.004904  max_grad=37.47  patience=26/30
2026-10-07 20:16:35,142  gsv3.training             INFO     [family_holdout:vqe_real_amp] epoch 0028  train_log_mse=0.07530  val_log_mse=5.13154  val_mse=0.004523  max_grad=51.86  patience=27/30
2026-10-07 20:16:59,963  gsv3.training             INFO     [family_holdout:vqe_real_amp] epoch 0029  train_log_mse=0.06888  val_log_mse=4.68988  val_mse=0.006112  max_grad=61.48  patience=28/30
2026-10-07 20:17:24,907  gsv3.training             INFO     [family_holdout:vqe_real_amp] epoch 0030  train_log_mse=0.07128  val_log_mse=4.81463  val_mse=0.005336  max_grad=43.18  patience=29/30
2026-10-07 20:17:49,847  gsv3.training             INFO     [family_holdout:vqe_real_amp] epoch 0031  train_log_mse=0.06670  val_log_mse=4.85279  val_mse=0.007275  max_grad=29.90  patience=30/30
2026-10-07 20:17:53,788  gsv3.experiment           INFO     [vqe_real_amp] TEST  n=2861  MAE=0.0658  R2=0.9146  device-acc=0.824  regret=0.0055
2026-10-07 20:17:53,792  genstudy.io               INFO     Wrote evaluations/generalization_v3/results/xattn_a05/leave_one_family_out/vqe_real_amp/metrics.json
2026-10-07 20:17:53,808  genstudy.io               INFO     Wrote evaluations/generalization_v3/results/xattn_a05/leave_one_family_out/vqe_real_amp/predictions.json
2026-10-07 20:17:53,819  genstudy.io               INFO     Wrote evaluations/generalization_v3/results/xattn_a05/leave_one_family_out/vqe_real_amp/history.json
2026-10-07 20:17:53,864  run_experiment            INFO     [3/10] vqe_su2
2026-10-07 20:17:53,867  gsv3.experiment           INFO     === family_holdout / vqe_su2 ===
2026-10-07 20:17:53,867  gsv3.experiment           INFO     Leave-one-family-out: test = all 2858 'vqe_su2' circuits, train = 14198 circuits from 34 other families.
2026-10-07 20:17:53,869  gsv3.experiment           INFO     train=11301  val=2897 ({'mode': 'family', 'val_families': ['bmw_quark_copula', 'draper_qft_adder', 'dynamic_qft', 'ghz', 'graphstate', 'grover', 'qft', 'qftentangled', 'qpeinexact', 'randomcircuit']})  test=2858
2026-10-07 20:17:53,952  gsv3.training             INFO     [family_holdout:vqe_su2] model=xattn (945113 params) train=11301 val=2897 lr=0.0003 clip=1.0 alpha=0.50
2026-10-07 20:18:18,449  gsv3.training             INFO     [family_holdout:vqe_su2] epoch 0001  train_log_mse=3.95706  val_log_mse=4.90308  val_mse=0.006600  max_grad=8956.59  patience=0/30
2026-10-07 20:18:43,398  gsv3.training             INFO     [family_holdout:vqe_su2] epoch 0002  train_log_mse=0.64671  val_log_mse=5.44330  val_mse=0.008892  max_grad=442.72  patience=1/30
2026-10-07 20:19:07,411  gsv3.training             INFO     [family_holdout:vqe_su2] epoch 0003  train_log_mse=0.39519  val_log_mse=5.43632  val_mse=0.006122  max_grad=208.22  patience=0/30
2026-10-07 20:19:31,876  gsv3.training             INFO     [family_holdout:vqe_su2] epoch 0004  train_log_mse=0.26612  val_log_mse=5.58866  val_mse=0.009864  max_grad=138.57  patience=1/30
2026-10-07 20:19:56,142  gsv3.training             INFO     [family_holdout:vqe_su2] epoch 0005  train_log_mse=0.21374  val_log_mse=5.31165  val_mse=0.007251  max_grad=103.44  patience=2/30
2026-10-07 20:20:21,146  gsv3.training             INFO     [family_holdout:vqe_su2] epoch 0006  train_log_mse=0.16733  val_log_mse=5.02351  val_mse=0.005634  max_grad=57.03  patience=0/30
2026-10-07 20:20:45,549  gsv3.training             INFO     [family_holdout:vqe_su2] epoch 0007  train_log_mse=0.16761  val_log_mse=4.60996  val_mse=0.005583  max_grad=65.10  patience=0/30
2026-10-07 20:21:10,344  gsv3.training             INFO     [family_holdout:vqe_su2] epoch 0008  train_log_mse=0.14711  val_log_mse=4.68763  val_mse=0.006082  max_grad=50.95  patience=1/30
2026-10-07 20:21:34,739  gsv3.training             INFO     [family_holdout:vqe_su2] epoch 0009  train_log_mse=0.15084  val_log_mse=4.69736  val_mse=0.006541  max_grad=81.02  patience=2/30
2026-10-07 20:21:59,581  gsv3.training             INFO     [family_holdout:vqe_su2] epoch 0010  train_log_mse=0.12980  val_log_mse=4.55826  val_mse=0.005067  max_grad=48.01  patience=0/30
2026-10-07 20:22:24,033  gsv3.training             INFO     [family_holdout:vqe_su2] epoch 0011  train_log_mse=0.11665  val_log_mse=4.37479  val_mse=0.004672  max_grad=77.44  patience=0/30
2026-10-07 20:22:48,497  gsv3.training             INFO     [family_holdout:vqe_su2] epoch 0012  train_log_mse=0.11220  val_log_mse=4.43009  val_mse=0.004758  max_grad=49.43  patience=1/30
2026-10-07 20:23:12,754  gsv3.training             INFO     [family_holdout:vqe_su2] epoch 0013  train_log_mse=0.11508  val_log_mse=4.35101  val_mse=0.005706  max_grad=44.80  patience=2/30
2026-10-07 20:23:37,202  gsv3.training             INFO     [family_holdout:vqe_su2] epoch 0014  train_log_mse=0.10414  val_log_mse=4.25163  val_mse=0.004574  max_grad=80.53  patience=0/30
2026-10-07 20:24:01,888  gsv3.training             INFO     [family_holdout:vqe_su2] epoch 0015  train_log_mse=0.10113  val_log_mse=4.87086  val_mse=0.005867  max_grad=63.60  patience=1/30
2026-10-07 20:24:26,711  gsv3.training             INFO     [family_holdout:vqe_su2] epoch 0016  train_log_mse=0.10052  val_log_mse=4.73221  val_mse=0.005962  max_grad=48.60  patience=2/30
2026-10-07 20:24:51,601  gsv3.training             INFO     [family_holdout:vqe_su2] epoch 0017  train_log_mse=0.08712  val_log_mse=4.09946  val_mse=0.005275  max_grad=30.32  patience=3/30
2026-10-07 20:25:16,394  gsv3.training             INFO     [family_holdout:vqe_su2] epoch 0018  train_log_mse=0.08597  val_log_mse=4.25527  val_mse=0.004703  max_grad=50.75  patience=4/30
2026-10-07 20:25:41,130  gsv3.training             INFO     [family_holdout:vqe_su2] epoch 0019  train_log_mse=0.07960  val_log_mse=4.80670  val_mse=0.006555  max_grad=27.54  patience=5/30
2026-10-07 20:26:05,591  gsv3.training             INFO     [family_holdout:vqe_su2] epoch 0020  train_log_mse=0.07834  val_log_mse=4.48515  val_mse=0.005144  max_grad=52.73  patience=6/30
2026-10-07 20:26:30,078  gsv3.training             INFO     [family_holdout:vqe_su2] epoch 0021  train_log_mse=0.08182  val_log_mse=4.52748  val_mse=0.005270  max_grad=49.71  patience=7/30
2026-10-07 20:26:54,225  gsv3.training             INFO     [family_holdout:vqe_su2] epoch 0022  train_log_mse=0.07999  val_log_mse=4.63918  val_mse=0.005396  max_grad=37.00  patience=8/30
2026-10-07 20:27:19,256  gsv3.training             INFO     [family_holdout:vqe_su2] epoch 0023  train_log_mse=0.07514  val_log_mse=4.66810  val_mse=0.004766  max_grad=32.69  patience=9/30
2026-10-07 20:27:43,985  gsv3.training             INFO     [family_holdout:vqe_su2] epoch 0024  train_log_mse=0.07973  val_log_mse=4.44602  val_mse=0.004413  max_grad=35.35  patience=0/30
2026-10-07 20:28:08,972  gsv3.training             INFO     [family_holdout:vqe_su2] epoch 0025  train_log_mse=0.07694  val_log_mse=4.34201  val_mse=0.005066  max_grad=35.64  patience=1/30
2026-10-07 20:28:33,501  gsv3.training             INFO     [family_holdout:vqe_su2] epoch 0026  train_log_mse=0.08033  val_log_mse=4.65564  val_mse=0.005754  max_grad=45.85  patience=2/30
2026-10-07 20:28:58,356  gsv3.training             INFO     [family_holdout:vqe_su2] epoch 0027  train_log_mse=0.07774  val_log_mse=4.76620  val_mse=0.005000  max_grad=44.89  patience=3/30
2026-10-07 20:29:23,012  gsv3.training             INFO     [family_holdout:vqe_su2] epoch 0028  train_log_mse=0.07041  val_log_mse=4.50953  val_mse=0.004838  max_grad=27.82  patience=4/30
2026-10-07 20:29:47,591  gsv3.training             INFO     [family_holdout:vqe_su2] epoch 0029  train_log_mse=0.07052  val_log_mse=4.44061  val_mse=0.004613  max_grad=37.57  patience=5/30
2026-10-07 20:30:12,074  gsv3.training             INFO     [family_holdout:vqe_su2] epoch 0030  train_log_mse=0.06756  val_log_mse=4.42111  val_mse=0.004219  max_grad=54.04  patience=0/30
2026-10-07 20:30:36,539  gsv3.training             INFO     [family_holdout:vqe_su2] epoch 0031  train_log_mse=0.06203  val_log_mse=4.58426  val_mse=0.004866  max_grad=39.92  patience=1/30
2026-10-07 20:31:01,312  gsv3.training             INFO     [family_holdout:vqe_su2] epoch 0032  train_log_mse=0.06038  val_log_mse=4.14867  val_mse=0.004199  max_grad=36.79  patience=0/30
2026-10-07 20:31:25,924  gsv3.training             INFO     [family_holdout:vqe_su2] epoch 0033  train_log_mse=0.06761  val_log_mse=5.05709  val_mse=0.005839  max_grad=36.42  patience=1/30
2026-10-07 20:31:50,737  gsv3.training             INFO     [family_holdout:vqe_su2] epoch 0034  train_log_mse=0.05409  val_log_mse=4.16881  val_mse=0.004326  max_grad=32.74  patience=2/30
2026-10-07 20:32:15,065  gsv3.training             INFO     [family_holdout:vqe_su2] epoch 0035  train_log_mse=0.05931  val_log_mse=4.59691  val_mse=0.006537  max_grad=24.78  patience=3/30
2026-10-07 20:32:39,767  gsv3.training             INFO     [family_holdout:vqe_su2] epoch 0036  train_log_mse=0.04985  val_log_mse=4.35072  val_mse=0.004496  max_grad=23.21  patience=4/30
2026-10-07 20:33:04,247  gsv3.training             INFO     [family_holdout:vqe_su2] epoch 0037  train_log_mse=0.06077  val_log_mse=4.32759  val_mse=0.004837  max_grad=30.62  patience=5/30
2026-10-07 20:33:29,090  gsv3.training             INFO     [family_holdout:vqe_su2] epoch 0038  train_log_mse=0.05455  val_log_mse=4.55379  val_mse=0.004536  max_grad=37.58  patience=6/30
2026-10-07 20:33:53,608  gsv3.training             INFO     [family_holdout:vqe_su2] epoch 0039  train_log_mse=0.05313  val_log_mse=4.43047  val_mse=0.005242  max_grad=34.26  patience=7/30
2026-10-07 20:34:18,245  gsv3.training             INFO     [family_holdout:vqe_su2] epoch 0040  train_log_mse=0.05334  val_log_mse=4.81282  val_mse=0.005065  max_grad=37.30  patience=8/30
2026-10-07 20:34:42,722  gsv3.training             INFO     [family_holdout:vqe_su2] epoch 0041  train_log_mse=0.05123  val_log_mse=4.63449  val_mse=0.004707  max_grad=23.32  patience=9/30
2026-10-07 20:35:07,506  gsv3.training             INFO     [family_holdout:vqe_su2] epoch 0042  train_log_mse=0.05513  val_log_mse=4.50260  val_mse=0.005054  max_grad=29.54  patience=10/30
2026-10-07 20:35:32,228  gsv3.training             INFO     [family_holdout:vqe_su2] epoch 0043  train_log_mse=0.05652  val_log_mse=5.01015  val_mse=0.005052  max_grad=33.56  patience=11/30
2026-10-07 20:35:56,702  gsv3.training             INFO     [family_holdout:vqe_su2] epoch 0044  train_log_mse=0.07036  val_log_mse=4.87072  val_mse=0.005890  max_grad=29.78  patience=12/30
2026-10-07 20:36:21,488  gsv3.training             INFO     [family_holdout:vqe_su2] epoch 0045  train_log_mse=0.05250  val_log_mse=4.54304  val_mse=0.005003  max_grad=20.46  patience=13/30
2026-10-07 20:36:45,997  gsv3.training             INFO     [family_holdout:vqe_su2] epoch 0046  train_log_mse=0.05316  val_log_mse=4.42991  val_mse=0.005247  max_grad=36.10  patience=14/30
2026-10-07 20:37:10,881  gsv3.training             INFO     [family_holdout:vqe_su2] epoch 0047  train_log_mse=0.06007  val_log_mse=4.62886  val_mse=0.004776  max_grad=23.89  patience=15/30
2026-10-07 20:37:35,391  gsv3.training             INFO     [family_holdout:vqe_su2] epoch 0048  train_log_mse=0.06236  val_log_mse=4.79816  val_mse=0.005143  max_grad=48.09  patience=16/30
2026-10-07 20:38:00,019  gsv3.training             INFO     [family_holdout:vqe_su2] epoch 0049  train_log_mse=0.05327  val_log_mse=5.11000  val_mse=0.005782  max_grad=23.29  patience=17/30
2026-10-07 20:38:24,347  gsv3.training             INFO     [family_holdout:vqe_su2] epoch 0050  train_log_mse=0.05958  val_log_mse=4.56021  val_mse=0.005041  max_grad=35.39  patience=18/30
2026-10-07 20:38:49,200  gsv3.training             INFO     [family_holdout:vqe_su2] epoch 0051  train_log_mse=0.04883  val_log_mse=4.50965  val_mse=0.004759  max_grad=29.20  patience=19/30
2026-10-07 20:39:13,409  gsv3.training             INFO     [family_holdout:vqe_su2] epoch 0052  train_log_mse=0.05590  val_log_mse=4.81766  val_mse=0.005633  max_grad=33.75  patience=20/30
2026-10-07 20:39:38,288  gsv3.training             INFO     [family_holdout:vqe_su2] epoch 0053  train_log_mse=0.05140  val_log_mse=4.60169  val_mse=0.004944  max_grad=27.43  patience=21/30
2026-10-07 20:40:02,949  gsv3.training             INFO     [family_holdout:vqe_su2] epoch 0054  train_log_mse=0.04023  val_log_mse=4.57203  val_mse=0.004610  max_grad=18.84  patience=22/30
2026-10-07 20:40:27,633  gsv3.training             INFO     [family_holdout:vqe_su2] epoch 0055  train_log_mse=0.04334  val_log_mse=4.68275  val_mse=0.004923  max_grad=28.07  patience=23/30
2026-10-07 20:40:52,577  gsv3.training             INFO     [family_holdout:vqe_su2] epoch 0056  train_log_mse=0.04232  val_log_mse=4.66407  val_mse=0.005246  max_grad=20.91  patience=24/30
2026-10-07 20:41:17,156  gsv3.training             INFO     [family_holdout:vqe_su2] epoch 0057  train_log_mse=0.05105  val_log_mse=4.43542  val_mse=0.005156  max_grad=35.28  patience=25/30
2026-10-07 20:41:41,728  gsv3.training             INFO     [family_holdout:vqe_su2] epoch 0058  train_log_mse=0.04872  val_log_mse=4.61597  val_mse=0.004860  max_grad=51.43  patience=26/30
2026-10-07 20:42:05,870  gsv3.training             INFO     [family_holdout:vqe_su2] epoch 0059  train_log_mse=0.04854  val_log_mse=4.67519  val_mse=0.004685  max_grad=34.33  patience=27/30
2026-10-07 20:42:30,710  gsv3.training             INFO     [family_holdout:vqe_su2] epoch 0060  train_log_mse=0.04070  val_log_mse=4.67549  val_mse=0.004382  max_grad=29.07  patience=28/30
2026-10-07 20:42:55,219  gsv3.training             INFO     [family_holdout:vqe_su2] epoch 0061  train_log_mse=0.04175  val_log_mse=4.74855  val_mse=0.005018  max_grad=24.72  patience=29/30
2026-10-07 20:43:19,966  gsv3.training             INFO     [family_holdout:vqe_su2] epoch 0062  train_log_mse=0.04076  val_log_mse=4.41516  val_mse=0.004732  max_grad=28.23  patience=30/30
2026-10-07 20:43:23,971  gsv3.experiment           INFO     [vqe_su2] TEST  n=2858  MAE=0.0766  R2=0.8809  device-acc=0.731  regret=0.0103
2026-10-07 20:43:23,974  genstudy.io               INFO     Wrote evaluations/generalization_v3/results/xattn_a05/leave_one_family_out/vqe_su2/metrics.json
2026-10-07 20:43:23,991  genstudy.io               INFO     Wrote evaluations/generalization_v3/results/xattn_a05/leave_one_family_out/vqe_su2/predictions.json
2026-10-07 20:43:24,001  genstudy.io               INFO     Wrote evaluations/generalization_v3/results/xattn_a05/leave_one_family_out/vqe_su2/history.json
2026-10-07 20:43:24,046  run_experiment            INFO     [4/10] qaoa
2026-10-07 20:43:24,048  gsv3.experiment           INFO     === family_holdout / qaoa ===
2026-10-07 20:43:24,048  gsv3.experiment           INFO     Leave-one-family-out: test = all 2706 'qaoa' circuits, train = 14350 circuits from 34 other families.
2026-10-07 20:43:24,050  gsv3.experiment           INFO     train=11453  val=2897 ({'mode': 'family', 'val_families': ['bmw_quark_copula', 'draper_qft_adder', 'dynamic_qft', 'ghz', 'graphstate', 'grover', 'qft', 'qftentangled', 'qpeinexact', 'randomcircuit']})  test=2706
2026-10-07 20:43:24,125  gsv3.training             INFO     [family_holdout:qaoa] model=xattn (945113 params) train=11453 val=2897 lr=0.0003 clip=1.0 alpha=0.50
2026-10-07 20:43:48,232  gsv3.training             INFO     [family_holdout:qaoa] epoch 0001  train_log_mse=2.34923  val_log_mse=5.59318  val_mse=0.003959  max_grad=7892.50  patience=0/30
2026-10-07 20:44:12,935  gsv3.training             INFO     [family_holdout:qaoa] epoch 0002  train_log_mse=0.37648  val_log_mse=5.71424  val_mse=0.003749  max_grad=266.19  patience=0/30
2026-10-07 20:44:36,934  gsv3.training             INFO     [family_holdout:qaoa] epoch 0003  train_log_mse=0.24133  val_log_mse=5.19681  val_mse=0.005567  max_grad=122.08  patience=1/30
2026-10-07 20:45:01,104  gsv3.training             INFO     [family_holdout:qaoa] epoch 0004  train_log_mse=0.21008  val_log_mse=4.42966  val_mse=0.004331  max_grad=122.93  patience=2/30
2026-10-07 20:45:25,314  gsv3.training             INFO     [family_holdout:qaoa] epoch 0005  train_log_mse=0.18084  val_log_mse=4.37781  val_mse=0.005419  max_grad=87.29  patience=3/30
2026-10-07 20:45:50,143  gsv3.training             INFO     [family_holdout:qaoa] epoch 0006  train_log_mse=0.17452  val_log_mse=4.81792  val_mse=0.005809  max_grad=116.67  patience=4/30
2026-10-07 20:46:14,396  gsv3.training             INFO     [family_holdout:qaoa] epoch 0007  train_log_mse=0.14450  val_log_mse=4.78471  val_mse=0.004006  max_grad=79.97  patience=5/30
2026-10-07 20:46:39,218  gsv3.training             INFO     [family_holdout:qaoa] epoch 0008  train_log_mse=0.14184  val_log_mse=4.24680  val_mse=0.004624  max_grad=66.44  patience=6/30
2026-10-07 20:47:03,502  gsv3.training             INFO     [family_holdout:qaoa] epoch 0009  train_log_mse=0.11818  val_log_mse=4.42439  val_mse=0.004523  max_grad=87.58  patience=7/30
2026-10-07 20:47:28,034  gsv3.training             INFO     [family_holdout:qaoa] epoch 0010  train_log_mse=0.11094  val_log_mse=4.16860  val_mse=0.006608  max_grad=77.51  patience=8/30
2026-10-07 20:47:52,389  gsv3.training             INFO     [family_holdout:qaoa] epoch 0011  train_log_mse=0.09415  val_log_mse=4.73890  val_mse=0.005142  max_grad=49.54  patience=9/30
2026-10-07 20:48:16,382  gsv3.training             INFO     [family_holdout:qaoa] epoch 0012  train_log_mse=0.09230  val_log_mse=3.77987  val_mse=0.005128  max_grad=44.06  patience=10/30
2026-10-07 20:48:40,434  gsv3.training             INFO     [family_holdout:qaoa] epoch 0013  train_log_mse=0.09249  val_log_mse=3.57289  val_mse=0.004948  max_grad=48.95  patience=11/30
2026-10-07 20:49:04,747  gsv3.training             INFO     [family_holdout:qaoa] epoch 0014  train_log_mse=0.10129  val_log_mse=4.29172  val_mse=0.004315  max_grad=72.38  patience=12/30
2026-10-07 20:49:29,542  gsv3.training             INFO     [family_holdout:qaoa] epoch 0015  train_log_mse=0.09175  val_log_mse=4.07534  val_mse=0.005316  max_grad=78.28  patience=13/30
2026-10-07 20:49:53,803  gsv3.training             INFO     [family_holdout:qaoa] epoch 0016  train_log_mse=0.08846  val_log_mse=3.64701  val_mse=0.005527  max_grad=56.81  patience=14/30
2026-10-07 20:50:18,537  gsv3.training             INFO     [family_holdout:qaoa] epoch 0017  train_log_mse=0.08372  val_log_mse=4.18174  val_mse=0.005397  max_grad=37.95  patience=15/30
2026-10-07 20:50:42,954  gsv3.training             INFO     [family_holdout:qaoa] epoch 0018  train_log_mse=0.07285  val_log_mse=4.10258  val_mse=0.004184  max_grad=31.15  patience=16/30
2026-10-07 20:51:07,620  gsv3.training             INFO     [family_holdout:qaoa] epoch 0019  train_log_mse=0.07926  val_log_mse=4.06493  val_mse=0.005629  max_grad=42.75  patience=17/30
2026-10-07 20:51:31,451  gsv3.training             INFO     [family_holdout:qaoa] epoch 0020  train_log_mse=0.06130  val_log_mse=3.97673  val_mse=0.007412  max_grad=43.49  patience=18/30
2026-10-07 20:51:55,661  gsv3.training             INFO     [family_holdout:qaoa] epoch 0021  train_log_mse=0.07194  val_log_mse=3.82670  val_mse=0.004421  max_grad=40.57  patience=19/30
2026-10-07 20:52:19,962  gsv3.training             INFO     [family_holdout:qaoa] epoch 0022  train_log_mse=0.06479  val_log_mse=3.76003  val_mse=0.004570  max_grad=41.09  patience=20/30
2026-10-07 20:52:44,436  gsv3.training             INFO     [family_holdout:qaoa] epoch 0023  train_log_mse=0.06204  val_log_mse=4.21624  val_mse=0.005109  max_grad=31.66  patience=21/30
2026-10-07 20:53:08,937  gsv3.training             INFO     [family_holdout:qaoa] epoch 0024  train_log_mse=0.06521  val_log_mse=4.29751  val_mse=0.004328  max_grad=52.02  patience=22/30
2026-10-07 20:53:33,351  gsv3.training             INFO     [family_holdout:qaoa] epoch 0025  train_log_mse=0.06518  val_log_mse=4.23352  val_mse=0.005356  max_grad=62.76  patience=23/30
2026-10-07 20:53:57,840  gsv3.training             INFO     [family_holdout:qaoa] epoch 0026  train_log_mse=0.05483  val_log_mse=4.12592  val_mse=0.004672  max_grad=45.07  patience=24/30
2026-10-07 20:54:22,024  gsv3.training             INFO     [family_holdout:qaoa] epoch 0027  train_log_mse=0.05357  val_log_mse=4.22991  val_mse=0.005564  max_grad=31.72  patience=25/30
2026-10-07 20:54:46,548  gsv3.training             INFO     [family_holdout:qaoa] epoch 0028  train_log_mse=0.05817  val_log_mse=3.97794  val_mse=0.004509  max_grad=31.74  patience=26/30
2026-10-07 20:55:10,382  gsv3.training             INFO     [family_holdout:qaoa] epoch 0029  train_log_mse=0.05674  val_log_mse=4.17216  val_mse=0.006023  max_grad=47.53  patience=27/30
2026-10-07 20:55:34,658  gsv3.training             INFO     [family_holdout:qaoa] epoch 0030  train_log_mse=0.05417  val_log_mse=4.06754  val_mse=0.005148  max_grad=33.01  patience=28/30
2026-10-07 20:55:58,646  gsv3.training             INFO     [family_holdout:qaoa] epoch 0031  train_log_mse=0.04537  val_log_mse=4.08322  val_mse=0.004323  max_grad=24.55  patience=29/30
2026-10-07 20:56:23,222  gsv3.training             INFO     [family_holdout:qaoa] epoch 0032  train_log_mse=0.05895  val_log_mse=4.22205  val_mse=0.003894  max_grad=54.45  patience=30/30
2026-10-07 20:56:27,119  gsv3.experiment           INFO     [qaoa] TEST  n=2706  MAE=0.0482  R2=0.9496  device-acc=0.418  regret=0.0185
2026-10-07 20:56:27,123  genstudy.io               INFO     Wrote evaluations/generalization_v3/results/xattn_a05/leave_one_family_out/qaoa/metrics.json
2026-10-07 20:56:27,138  genstudy.io               INFO     Wrote evaluations/generalization_v3/results/xattn_a05/leave_one_family_out/qaoa/predictions.json
2026-10-07 20:56:27,149  genstudy.io               INFO     Wrote evaluations/generalization_v3/results/xattn_a05/leave_one_family_out/qaoa/history.json
2026-10-07 20:56:27,194  run_experiment            INFO     [5/10] randomcircuit
2026-10-07 20:56:27,196  gsv3.experiment           INFO     === family_holdout / randomcircuit ===
2026-10-07 20:56:27,196  gsv3.experiment           INFO     Leave-one-family-out: test = all 1234 'randomcircuit' circuits, train = 15822 circuits from 34 other families.
2026-10-07 20:56:27,198  gsv3.experiment           INFO     train=11927  val=3895 ({'mode': 'family', 'val_families': ['ae', 'bmw_quark_cardinality', 'bmw_quark_copula', 'bv', 'cdkm_ripple_carry_adder', 'dj', 'draper_qft_adder', 'dynamic_qft', 'ghz', 'ghz_dynamic', 'graphstate', 'grover', 'half_adder', 'hrs_cumulative_multiplier', 'iqpe', 'modular_adder', 'multiplier', 'qft', 'qftentangled', 'qnn', 'qpeexact', 'qpeinexact', 'qwalk', 'rg_qft_multiplier', 'seven_qubit_steane_code', 'shors_nine_qubit_code', 'vbe_ripple_carry_adder', 'wstate']})  test=1234
2026-10-07 20:56:27,269  gsv3.training             INFO     [family_holdout:randomcircuit] model=xattn (945113 params) train=11927 val=3895 lr=0.0003 clip=1.0 alpha=0.50
2026-10-07 20:56:52,115  gsv3.training             INFO     [family_holdout:randomcircuit] epoch 0001  train_log_mse=3.91932  val_log_mse=6.00603  val_mse=0.030387  max_grad=13026.78  patience=0/30
2026-10-07 20:57:17,440  gsv3.training             INFO     [family_holdout:randomcircuit] epoch 0002  train_log_mse=0.40346  val_log_mse=7.47169  val_mse=0.024721  max_grad=181.26  patience=0/30
2026-10-07 20:57:42,350  gsv3.training             INFO     [family_holdout:randomcircuit] epoch 0003  train_log_mse=0.26563  val_log_mse=7.57386  val_mse=0.023811  max_grad=173.44  patience=0/30
2026-10-07 20:58:07,441  gsv3.training             INFO     [family_holdout:randomcircuit] epoch 0004  train_log_mse=0.23471  val_log_mse=6.57830  val_mse=0.025073  max_grad=108.85  patience=1/30
2026-10-07 20:58:32,205  gsv3.training             INFO     [family_holdout:randomcircuit] epoch 0005  train_log_mse=0.15772  val_log_mse=4.36209  val_mse=0.021976  max_grad=63.88  patience=0/30
2026-10-07 20:58:57,050  gsv3.training             INFO     [family_holdout:randomcircuit] epoch 0006  train_log_mse=0.16776  val_log_mse=6.80331  val_mse=0.026883  max_grad=129.80  patience=1/30
2026-10-07 20:59:22,093  gsv3.training             INFO     [family_holdout:randomcircuit] epoch 0007  train_log_mse=0.13119  val_log_mse=5.09056  val_mse=0.021746  max_grad=78.00  patience=0/30
2026-10-07 20:59:47,441  gsv3.training             INFO     [family_holdout:randomcircuit] epoch 0008  train_log_mse=0.11632  val_log_mse=4.29473  val_mse=0.022139  max_grad=70.64  patience=1/30
2026-10-07 21:00:12,398  gsv3.training             INFO     [family_holdout:randomcircuit] epoch 0009  train_log_mse=0.10689  val_log_mse=5.48542  val_mse=0.023673  max_grad=64.32  patience=2/30
2026-10-07 21:00:37,370  gsv3.training             INFO     [family_holdout:randomcircuit] epoch 0010  train_log_mse=0.09655  val_log_mse=4.44925  val_mse=0.023659  max_grad=59.63  patience=3/30
2026-10-07 21:01:02,016  gsv3.training             INFO     [family_holdout:randomcircuit] epoch 0011  train_log_mse=0.08848  val_log_mse=4.10992  val_mse=0.020999  max_grad=73.75  patience=0/30
2026-10-07 21:01:27,159  gsv3.training             INFO     [family_holdout:randomcircuit] epoch 0012  train_log_mse=0.08633  val_log_mse=5.75395  val_mse=0.024278  max_grad=44.22  patience=1/30
2026-10-07 21:01:51,845  gsv3.training             INFO     [family_holdout:randomcircuit] epoch 0013  train_log_mse=0.08829  val_log_mse=5.49889  val_mse=0.021873  max_grad=44.00  patience=2/30
2026-10-07 21:02:16,525  gsv3.training             INFO     [family_holdout:randomcircuit] epoch 0014  train_log_mse=0.06902  val_log_mse=4.10332  val_mse=0.024317  max_grad=37.57  patience=3/30
2026-10-07 21:02:41,569  gsv3.training             INFO     [family_holdout:randomcircuit] epoch 0015  train_log_mse=0.07424  val_log_mse=4.28576  val_mse=0.022775  max_grad=33.13  patience=4/30
2026-10-07 21:03:06,759  gsv3.training             INFO     [family_holdout:randomcircuit] epoch 0016  train_log_mse=0.06857  val_log_mse=5.41117  val_mse=0.027470  max_grad=45.56  patience=5/30
2026-10-07 21:03:31,811  gsv3.training             INFO     [family_holdout:randomcircuit] epoch 0017  train_log_mse=0.06787  val_log_mse=4.02388  val_mse=0.025435  max_grad=46.47  patience=6/30
2026-10-07 21:03:56,706  gsv3.training             INFO     [family_holdout:randomcircuit] epoch 0018  train_log_mse=0.06173  val_log_mse=4.12183  val_mse=0.023325  max_grad=32.01  patience=7/30
2026-10-07 21:04:21,950  gsv3.training             INFO     [family_holdout:randomcircuit] epoch 0019  train_log_mse=0.06400  val_log_mse=3.93108  val_mse=0.022198  max_grad=35.09  patience=8/30
2026-10-07 21:04:46,459  gsv3.training             INFO     [family_holdout:randomcircuit] epoch 0020  train_log_mse=0.06142  val_log_mse=4.12822  val_mse=0.023793  max_grad=30.94  patience=9/30
2026-10-07 21:05:11,310  gsv3.training             INFO     [family_holdout:randomcircuit] epoch 0021  train_log_mse=0.06068  val_log_mse=3.28791  val_mse=0.023330  max_grad=33.13  patience=10/30
2026-10-07 21:05:36,124  gsv3.training             INFO     [family_holdout:randomcircuit] epoch 0022  train_log_mse=0.05333  val_log_mse=3.69402  val_mse=0.023760  max_grad=32.29  patience=11/30
2026-10-07 21:06:01,351  gsv3.training             INFO     [family_holdout:randomcircuit] epoch 0023  train_log_mse=0.05610  val_log_mse=4.39957  val_mse=0.025002  max_grad=30.01  patience=12/30
2026-10-07 21:06:26,075  gsv3.training             INFO     [family_holdout:randomcircuit] epoch 0024  train_log_mse=0.04916  val_log_mse=3.57466  val_mse=0.022465  max_grad=22.57  patience=13/30
2026-10-07 21:06:51,207  gsv3.training             INFO     [family_holdout:randomcircuit] epoch 0025  train_log_mse=0.05554  val_log_mse=3.63553  val_mse=0.021226  max_grad=45.97  patience=14/30
2026-10-07 21:07:15,966  gsv3.training             INFO     [family_holdout:randomcircuit] epoch 0026  train_log_mse=0.06322  val_log_mse=3.57831  val_mse=0.021808  max_grad=34.70  patience=15/30
2026-10-07 21:07:40,973  gsv3.training             INFO     [family_holdout:randomcircuit] epoch 0027  train_log_mse=0.05992  val_log_mse=3.61553  val_mse=0.020518  max_grad=44.69  patience=0/30
2026-10-07 21:08:05,337  gsv3.training             INFO     [family_holdout:randomcircuit] epoch 0028  train_log_mse=0.05616  val_log_mse=3.16560  val_mse=0.022740  max_grad=29.40  patience=1/30
2026-10-07 21:08:30,705  gsv3.training             INFO     [family_holdout:randomcircuit] epoch 0029  train_log_mse=0.05126  val_log_mse=3.37929  val_mse=0.020384  max_grad=24.78  patience=0/30
2026-10-07 21:08:55,587  gsv3.training             INFO     [family_holdout:randomcircuit] epoch 0030  train_log_mse=0.05052  val_log_mse=3.85926  val_mse=0.020088  max_grad=35.24  patience=0/30
2026-10-07 21:09:20,984  gsv3.training             INFO     [family_holdout:randomcircuit] epoch 0031  train_log_mse=0.05733  val_log_mse=3.49312  val_mse=0.022050  max_grad=37.73  patience=1/30
2026-10-07 21:09:45,869  gsv3.training             INFO     [family_holdout:randomcircuit] epoch 0032  train_log_mse=0.05054  val_log_mse=3.71171  val_mse=0.024557  max_grad=33.91  patience=2/30
2026-10-07 21:10:11,070  gsv3.training             INFO     [family_holdout:randomcircuit] epoch 0033  train_log_mse=0.04682  val_log_mse=3.62484  val_mse=0.022663  max_grad=25.21  patience=3/30
2026-10-07 21:10:36,269  gsv3.training             INFO     [family_holdout:randomcircuit] epoch 0034  train_log_mse=0.04523  val_log_mse=3.86077  val_mse=0.024254  max_grad=26.86  patience=4/30
2026-10-07 21:11:00,586  gsv3.training             INFO     [family_holdout:randomcircuit] epoch 0035  train_log_mse=0.05858  val_log_mse=4.16812  val_mse=0.025396  max_grad=71.84  patience=5/30
2026-10-07 21:11:25,355  gsv3.training             INFO     [family_holdout:randomcircuit] epoch 0036  train_log_mse=0.04965  val_log_mse=3.65664  val_mse=0.023251  max_grad=31.94  patience=6/30
2026-10-07 21:11:50,249  gsv3.training             INFO     [family_holdout:randomcircuit] epoch 0037  train_log_mse=0.04710  val_log_mse=3.69206  val_mse=0.024051  max_grad=28.53  patience=7/30
2026-10-07 21:12:15,394  gsv3.training             INFO     [family_holdout:randomcircuit] epoch 0038  train_log_mse=0.04675  val_log_mse=3.40335  val_mse=0.022732  max_grad=32.42  patience=8/30
2026-10-07 21:12:40,180  gsv3.training             INFO     [family_holdout:randomcircuit] epoch 0039  train_log_mse=0.04569  val_log_mse=3.83292  val_mse=0.024669  max_grad=28.99  patience=9/30
2026-10-07 21:13:05,475  gsv3.training             INFO     [family_holdout:randomcircuit] epoch 0040  train_log_mse=0.04334  val_log_mse=3.26627  val_mse=0.023952  max_grad=31.36  patience=10/30
2026-10-07 21:13:30,316  gsv3.training             INFO     [family_holdout:randomcircuit] epoch 0041  train_log_mse=0.04282  val_log_mse=3.00095  val_mse=0.022128  max_grad=33.51  patience=11/30
2026-10-07 21:13:55,403  gsv3.training             INFO     [family_holdout:randomcircuit] epoch 0042  train_log_mse=0.04378  val_log_mse=3.39672  val_mse=0.022651  max_grad=27.60  patience=12/30
2026-10-07 21:14:19,682  gsv3.training             INFO     [family_holdout:randomcircuit] epoch 0043  train_log_mse=0.04223  val_log_mse=3.42452  val_mse=0.022434  max_grad=21.60  patience=13/30
2026-10-07 21:14:45,136  gsv3.training             INFO     [family_holdout:randomcircuit] epoch 0044  train_log_mse=0.03893  val_log_mse=3.46795  val_mse=0.021774  max_grad=26.10  patience=14/30
2026-10-07 21:15:09,940  gsv3.training             INFO     [family_holdout:randomcircuit] epoch 0045  train_log_mse=0.04044  val_log_mse=2.99185  val_mse=0.024004  max_grad=21.74  patience=15/30
2026-10-07 21:15:35,236  gsv3.training             INFO     [family_holdout:randomcircuit] epoch 0046  train_log_mse=0.04155  val_log_mse=3.30632  val_mse=0.023621  max_grad=21.29  patience=16/30
2026-10-07 21:16:00,386  gsv3.training             INFO     [family_holdout:randomcircuit] epoch 0047  train_log_mse=0.04047  val_log_mse=2.93013  val_mse=0.022789  max_grad=24.63  patience=17/30
2026-10-07 21:16:25,768  gsv3.training             INFO     [family_holdout:randomcircuit] epoch 0048  train_log_mse=0.04657  val_log_mse=3.27480  val_mse=0.023454  max_grad=33.23  patience=18/30
2026-10-07 21:16:50,642  gsv3.training             INFO     [family_holdout:randomcircuit] epoch 0049  train_log_mse=0.04052  val_log_mse=3.15096  val_mse=0.022485  max_grad=22.69  patience=19/30
2026-10-07 21:17:15,836  gsv3.training             INFO     [family_holdout:randomcircuit] epoch 0050  train_log_mse=0.04301  val_log_mse=3.33827  val_mse=0.023521  max_grad=33.78  patience=20/30
2026-10-07 21:17:40,847  gsv3.training             INFO     [family_holdout:randomcircuit] epoch 0051  train_log_mse=0.04379  val_log_mse=3.65787  val_mse=0.022643  max_grad=29.73  patience=21/30
2026-10-07 21:18:06,388  gsv3.training             INFO     [family_holdout:randomcircuit] epoch 0052  train_log_mse=0.03923  val_log_mse=3.21454  val_mse=0.023947  max_grad=23.59  patience=22/30
2026-10-07 21:18:31,330  gsv3.training             INFO     [family_holdout:randomcircuit] epoch 0053  train_log_mse=0.03398  val_log_mse=3.45088  val_mse=0.024173  max_grad=21.16  patience=23/30
2026-10-07 21:18:56,397  gsv3.training             INFO     [family_holdout:randomcircuit] epoch 0054  train_log_mse=0.03726  val_log_mse=3.32715  val_mse=0.022778  max_grad=22.32  patience=24/30
2026-10-07 21:19:21,574  gsv3.training             INFO     [family_holdout:randomcircuit] epoch 0055  train_log_mse=0.03723  val_log_mse=3.54348  val_mse=0.022979  max_grad=20.46  patience=25/30
2026-10-07 21:19:46,822  gsv3.training             INFO     [family_holdout:randomcircuit] epoch 0056  train_log_mse=0.03769  val_log_mse=3.18761  val_mse=0.023909  max_grad=24.21  patience=26/30
2026-10-07 21:20:11,639  gsv3.training             INFO     [family_holdout:randomcircuit] epoch 0057  train_log_mse=0.03487  val_log_mse=3.45008  val_mse=0.022947  max_grad=18.93  patience=27/30
2026-10-07 21:20:36,407  gsv3.training             INFO     [family_holdout:randomcircuit] epoch 0058  train_log_mse=0.03485  val_log_mse=3.41438  val_mse=0.024240  max_grad=18.72  patience=28/30
2026-10-07 21:21:01,494  gsv3.training             INFO     [family_holdout:randomcircuit] epoch 0059  train_log_mse=0.03848  val_log_mse=3.38459  val_mse=0.023682  max_grad=22.79  patience=29/30
2026-10-07 21:21:26,419  gsv3.training             INFO     [family_holdout:randomcircuit] epoch 0060  train_log_mse=0.03951  val_log_mse=3.35173  val_mse=0.022948  max_grad=30.73  patience=30/30
2026-10-07 21:21:28,682  gsv3.experiment           INFO     [randomcircuit] TEST  n=1234  MAE=0.0597  R2=0.8781  device-acc=0.691  regret=0.0097
2026-10-07 21:21:28,685  genstudy.io               INFO     Wrote evaluations/generalization_v3/results/xattn_a05/leave_one_family_out/randomcircuit/metrics.json
2026-10-07 21:21:28,694  genstudy.io               INFO     Wrote evaluations/generalization_v3/results/xattn_a05/leave_one_family_out/randomcircuit/predictions.json
2026-10-07 21:21:28,704  genstudy.io               INFO     Wrote evaluations/generalization_v3/results/xattn_a05/leave_one_family_out/randomcircuit/history.json
2026-10-07 21:21:28,750  run_experiment            INFO     [6/10] qft
2026-10-07 21:21:28,753  gsv3.experiment           INFO     === family_holdout / qft ===
2026-10-07 21:21:28,753  gsv3.experiment           INFO     Leave-one-family-out: test = all 760 'qft' circuits, train = 16296 circuits from 34 other families.
2026-10-07 21:21:28,755  gsv3.experiment           INFO     train=12774  val=3522 ({'mode': 'family', 'val_families': ['bmw_quark_cardinality', 'bmw_quark_copula', 'bv', 'draper_qft_adder', 'dynamic_qft', 'ghz', 'graphstate', 'grover', 'iqpe', 'modular_adder', 'qftentangled', 'qnn', 'qwalk', 'randomcircuit', 'rg_qft_multiplier', 'shors_nine_qubit_code', 'wstate']})  test=760
2026-10-07 21:21:28,830  gsv3.training             INFO     [family_holdout:qft] model=xattn (945113 params) train=12774 val=3522 lr=0.0003 clip=1.0 alpha=0.50
2026-10-07 21:21:56,127  gsv3.training             INFO     [family_holdout:qft] epoch 0001  train_log_mse=1.40586  val_log_mse=5.22115  val_mse=0.024732  max_grad=594.63  patience=0/30
2026-10-07 21:22:23,911  gsv3.training             INFO     [family_holdout:qft] epoch 0002  train_log_mse=0.60027  val_log_mse=4.76863  val_mse=0.021787  max_grad=212.15  patience=0/30
2026-10-07 21:22:51,188  gsv3.training             INFO     [family_holdout:qft] epoch 0003  train_log_mse=0.37594  val_log_mse=6.04386  val_mse=0.027651  max_grad=222.04  patience=1/30
2026-10-07 21:23:18,943  gsv3.training             INFO     [family_holdout:qft] epoch 0004  train_log_mse=0.26528  val_log_mse=4.85658  val_mse=0.024983  max_grad=125.26  patience=2/30
2026-10-07 21:23:47,410  gsv3.training             INFO     [family_holdout:qft] epoch 0005  train_log_mse=0.25671  val_log_mse=7.51983  val_mse=0.027044  max_grad=112.57  patience=3/30
2026-10-07 21:24:14,833  gsv3.training             INFO     [family_holdout:qft] epoch 0006  train_log_mse=0.18575  val_log_mse=5.68716  val_mse=0.023722  max_grad=75.64  patience=4/30
2026-10-07 21:24:42,582  gsv3.training             INFO     [family_holdout:qft] epoch 0007  train_log_mse=0.17556  val_log_mse=6.16934  val_mse=0.024388  max_grad=94.90  patience=5/30
2026-10-07 21:25:10,867  gsv3.training             INFO     [family_holdout:qft] epoch 0008  train_log_mse=0.16056  val_log_mse=6.32038  val_mse=0.022905  max_grad=99.06  patience=6/30
2026-10-07 21:25:38,721  gsv3.training             INFO     [family_holdout:qft] epoch 0009  train_log_mse=0.15102  val_log_mse=5.18442  val_mse=0.021971  max_grad=82.20  patience=7/30
2026-10-07 21:26:05,408  gsv3.training             INFO     [family_holdout:qft] epoch 0010  train_log_mse=0.14904  val_log_mse=5.49425  val_mse=0.024308  max_grad=78.00  patience=8/30
2026-10-07 21:26:33,545  gsv3.training             INFO     [family_holdout:qft] epoch 0011  train_log_mse=0.12327  val_log_mse=5.42121  val_mse=0.024029  max_grad=80.76  patience=9/30
2026-10-07 21:27:01,409  gsv3.training             INFO     [family_holdout:qft] epoch 0012  train_log_mse=0.11806  val_log_mse=5.39179  val_mse=0.021250  max_grad=58.65  patience=0/30
2026-10-07 21:27:29,332  gsv3.training             INFO     [family_holdout:qft] epoch 0013  train_log_mse=0.09887  val_log_mse=6.27724  val_mse=0.027682  max_grad=42.73  patience=1/30
2026-10-07 21:27:56,205  gsv3.training             INFO     [family_holdout:qft] epoch 0014  train_log_mse=0.11026  val_log_mse=4.73620  val_mse=0.025438  max_grad=70.82  patience=2/30
2026-10-07 21:28:22,557  gsv3.training             INFO     [family_holdout:qft] epoch 0015  train_log_mse=0.10039  val_log_mse=5.24941  val_mse=0.024428  max_grad=46.13  patience=3/30
2026-10-07 21:28:49,949  gsv3.training             INFO     [family_holdout:qft] epoch 0016  train_log_mse=0.10158  val_log_mse=5.30402  val_mse=0.019871  max_grad=48.53  patience=0/30
2026-10-07 21:29:17,442  gsv3.training             INFO     [family_holdout:qft] epoch 0017  train_log_mse=0.08535  val_log_mse=5.78156  val_mse=0.025560  max_grad=45.55  patience=1/30
2026-10-07 21:29:44,186  gsv3.training             INFO     [family_holdout:qft] epoch 0018  train_log_mse=0.07902  val_log_mse=6.54560  val_mse=0.026800  max_grad=41.38  patience=2/30
2026-10-07 21:30:11,708  gsv3.training             INFO     [family_holdout:qft] epoch 0019  train_log_mse=0.07765  val_log_mse=5.61741  val_mse=0.028661  max_grad=43.61  patience=3/30
2026-10-07 21:30:39,175  gsv3.training             INFO     [family_holdout:qft] epoch 0020  train_log_mse=0.07950  val_log_mse=5.42935  val_mse=0.025351  max_grad=34.67  patience=4/30
2026-10-07 21:31:06,391  gsv3.training             INFO     [family_holdout:qft] epoch 0021  train_log_mse=0.07606  val_log_mse=5.41263  val_mse=0.026093  max_grad=33.74  patience=5/30
2026-10-07 21:31:33,584  gsv3.training             INFO     [family_holdout:qft] epoch 0022  train_log_mse=0.08387  val_log_mse=5.58864  val_mse=0.027274  max_grad=72.31  patience=6/30
2026-10-07 21:32:01,045  gsv3.training             INFO     [family_holdout:qft] epoch 0023  train_log_mse=0.07353  val_log_mse=5.19638  val_mse=0.023027  max_grad=38.70  patience=7/30
2026-10-07 21:32:28,270  gsv3.training             INFO     [family_holdout:qft] epoch 0024  train_log_mse=0.07365  val_log_mse=5.25702  val_mse=0.027423  max_grad=36.52  patience=8/30
2026-10-07 21:32:55,434  gsv3.training             INFO     [family_holdout:qft] epoch 0025  train_log_mse=0.07118  val_log_mse=5.71782  val_mse=0.026436  max_grad=40.59  patience=9/30
2026-10-07 21:33:22,844  gsv3.training             INFO     [family_holdout:qft] epoch 0026  train_log_mse=0.06925  val_log_mse=4.95132  val_mse=0.020046  max_grad=53.33  patience=10/30
2026-10-07 21:33:50,312  gsv3.training             INFO     [family_holdout:qft] epoch 0027  train_log_mse=0.06869  val_log_mse=5.01310  val_mse=0.022559  max_grad=49.28  patience=11/30
2026-10-07 21:34:17,862  gsv3.training             INFO     [family_holdout:qft] epoch 0028  train_log_mse=0.06457  val_log_mse=5.39046  val_mse=0.020544  max_grad=57.97  patience=12/30
2026-10-07 21:34:44,694  gsv3.training             INFO     [family_holdout:qft] epoch 0029  train_log_mse=0.06474  val_log_mse=5.81488  val_mse=0.027305  max_grad=29.74  patience=13/30
2026-10-07 21:35:12,082  gsv3.training             INFO     [family_holdout:qft] epoch 0030  train_log_mse=0.06295  val_log_mse=4.98146  val_mse=0.023817  max_grad=43.09  patience=14/30
2026-10-07 21:35:39,530  gsv3.training             INFO     [family_holdout:qft] epoch 0031  train_log_mse=0.06563  val_log_mse=5.82609  val_mse=0.027417  max_grad=34.34  patience=15/30
2026-10-07 21:36:06,826  gsv3.training             INFO     [family_holdout:qft] epoch 0032  train_log_mse=0.06489  val_log_mse=5.15507  val_mse=0.025470  max_grad=33.49  patience=16/30
2026-10-07 21:36:33,756  gsv3.training             INFO     [family_holdout:qft] epoch 0033  train_log_mse=0.06521  val_log_mse=5.03380  val_mse=0.023623  max_grad=53.73  patience=17/30
2026-10-07 21:37:01,192  gsv3.training             INFO     [family_holdout:qft] epoch 0034  train_log_mse=0.06102  val_log_mse=4.96375  val_mse=0.024144  max_grad=26.21  patience=18/30
2026-10-07 21:37:28,553  gsv3.training             INFO     [family_holdout:qft] epoch 0035  train_log_mse=0.06229  val_log_mse=5.58031  val_mse=0.023713  max_grad=27.60  patience=19/30
2026-10-07 21:37:55,525  gsv3.training             INFO     [family_holdout:qft] epoch 0036  train_log_mse=0.05939  val_log_mse=5.64699  val_mse=0.024443  max_grad=30.64  patience=20/30
2026-10-07 21:38:22,714  gsv3.training             INFO     [family_holdout:qft] epoch 0037  train_log_mse=0.06105  val_log_mse=5.51996  val_mse=0.022474  max_grad=47.50  patience=21/30
2026-10-07 21:38:50,111  gsv3.training             INFO     [family_holdout:qft] epoch 0038  train_log_mse=0.05703  val_log_mse=5.77875  val_mse=0.026216  max_grad=42.04  patience=22/30
2026-10-07 21:39:17,430  gsv3.training             INFO     [family_holdout:qft] epoch 0039  train_log_mse=0.05783  val_log_mse=6.15266  val_mse=0.027000  max_grad=41.42  patience=23/30
2026-10-07 21:39:44,232  gsv3.training             INFO     [family_holdout:qft] epoch 0040  train_log_mse=0.05807  val_log_mse=5.01621  val_mse=0.023219  max_grad=55.01  patience=24/30
2026-10-07 21:40:11,803  gsv3.training             INFO     [family_holdout:qft] epoch 0041  train_log_mse=0.05919  val_log_mse=5.82318  val_mse=0.024034  max_grad=33.89  patience=25/30
2026-10-07 21:40:39,207  gsv3.training             INFO     [family_holdout:qft] epoch 0042  train_log_mse=0.05527  val_log_mse=6.50316  val_mse=0.027967  max_grad=27.72  patience=26/30
2026-10-07 21:41:06,335  gsv3.training             INFO     [family_holdout:qft] epoch 0043  train_log_mse=0.05236  val_log_mse=5.11665  val_mse=0.020387  max_grad=34.50  patience=27/30
2026-10-07 21:41:33,498  gsv3.training             INFO     [family_holdout:qft] epoch 0044  train_log_mse=0.05643  val_log_mse=4.87536  val_mse=0.022768  max_grad=46.85  patience=28/30
2026-10-07 21:42:00,902  gsv3.training             INFO     [family_holdout:qft] epoch 0045  train_log_mse=0.05411  val_log_mse=5.15957  val_mse=0.023581  max_grad=38.17  patience=29/30
2026-10-07 21:42:28,354  gsv3.training             INFO     [family_holdout:qft] epoch 0046  train_log_mse=0.05010  val_log_mse=5.03479  val_mse=0.021202  max_grad=24.16  patience=30/30
2026-10-07 21:42:29,526  gsv3.experiment           INFO     [qft] TEST  n=760  MAE=0.0517  R2=0.9527  device-acc=0.683  regret=0.0101
2026-10-07 21:42:29,534  genstudy.io               INFO     Wrote evaluations/generalization_v3/results/xattn_a05/leave_one_family_out/qft/metrics.json
2026-10-07 21:42:29,548  genstudy.io               INFO     Wrote evaluations/generalization_v3/results/xattn_a05/leave_one_family_out/qft/predictions.json
2026-10-07 21:42:29,561  genstudy.io               INFO     Wrote evaluations/generalization_v3/results/xattn_a05/leave_one_family_out/qft/history.json
2026-10-07 21:42:29,613  run_experiment            INFO     [7/10] qnn
2026-10-07 21:42:29,621  gsv3.experiment           INFO     === family_holdout / qnn ===
2026-10-07 21:42:29,621  gsv3.experiment           INFO     Leave-one-family-out: test = all 760 'qnn' circuits, train = 16296 circuits from 34 other families.
2026-10-07 21:42:29,623  gsv3.experiment           INFO     train=12774  val=3522 ({'mode': 'family', 'val_families': ['bmw_quark_cardinality', 'bmw_quark_copula', 'bv', 'draper_qft_adder', 'dynamic_qft', 'ghz', 'graphstate', 'grover', 'iqpe', 'modular_adder', 'qft', 'qftentangled', 'qwalk', 'randomcircuit', 'rg_qft_multiplier', 'shors_nine_qubit_code', 'wstate']})  test=760
2026-10-07 21:42:29,705  gsv3.training             INFO     [family_holdout:qnn] model=xattn (945113 params) train=12774 val=3522 lr=0.0003 clip=1.0 alpha=0.50
2026-10-07 21:42:56,022  gsv3.training             INFO     [family_holdout:qnn] epoch 0001  train_log_mse=1.49945  val_log_mse=9.83114  val_mse=0.023974  max_grad=418.49  patience=0/30
                                                                                                                                                                                                                                                                                                                                                                                                                                                                                                                                                                                                                                                                                                                                            2026-10-07 21:43:23,223  gsv3.training             INFO     [family_holdout:qnn] epoch 0002  train_log_mse=0.58939  val_log_mse=10.18224  val_mse=0.020779  max_grad=463.08  patience=0/30
2026-10-07 21:43:50,591  gsv3.training             INFO     [family_holdout:qnn] epoch 0003  train_log_mse=0.32564  val_log_mse=9.35156  val_mse=0.021007  max_grad=182.86  patience=1/30
rcuit, qft, qnn, ae, qftentangled, iqpe
2026-10-07 21:42:57,982  run_experiment            INFO     [1/10] vqe_two_local already done — skipping
2026-10-07 21:42:57,983  run_experiment            INFO     [2/10] vqe_real_amp already done — skipping
2026-10-07 21:42:57,984  run_experiment            INFO     [3/10] vqe_su2 already done — skipping
2026-10-07 21:42:57,985  run_experiment            INFO     [4/10] qaoa already done — skipping
2026-10-07 21:42:57,986  run_experiment            INFO     [5/10] randomcircuit already done — skipping
2026-10-07 21:42:57,986  run_experiment            INFO     [6/10] qft already done — skipping
2026-10-07 21:42:57,987  run_experiment            INFO     [7/10] qnn
2026-10-07 21:42:57,988  gsv3.experiment           WARNING  [qnn] locked by another job — skipping
2026-10-07 21:42:57,989  run_experiment            INFO     [8/10] ae
2026-10-07 21:42:57,991  gsv3.experiment           INFO     === family_holdout / ae ===
2026-10-07 21:42:57,991  gsv3.experiment           INFO     Leave-one-family-out: test = all 758 'ae' circuits, train = 16298 circuits from 34 other families.
2026-10-07 21:42:57,993  gsv3.experiment           INFO     train=12614  val=3684 ({'mode': 'family', 'val_families': ['bmw_quark_copula', 'bv', 'cdkm_ripple_carry_adder', 'dynamic_qft', 'full_adder', 'ghz_dynamic', 'grover', 'half_adder', 'modular_adder', 'multiplier', 'qft', 'qftentangled', 'qnn', 'qwalk', 'randomcircuit', 'rg_qft_multiplier', 'shors_nine_qubit_code', 'vbe_ripple_carry_adder', 'wstate']})  test=758
2026-10-07 21:42:58,064  gsv3.training             INFO     [family_holdout:ae] model=xattn (945113 params) train=12614 val=3684 lr=0.0003 clip=1.0 alpha=0.50
21:43:00,298  gsv3.training             INFO     [family_holdout:qftentangled] model=xattn (945113 params) train=12774 val=3536 lr=0.0003 clip=1.0 alpha=0.50
be_ripple_carry_adder', 'wstate']})  test=570
2026-10-07 21:43:00,369  gsv3.training             INFO     [family_holdout:iqpe] model=xattn (945113 params) train=12765 val=3721 lr=0.0003 clip=1.0 alpha=0.50
FO     [4/10] qaoa already done — skipping
2026-10-07 21:43:00,999  run_experiment            INFO     [5/10] randomcircuit already done — skipping
2026-10-07 21:43:00,999  run_experiment            INFO     [6/10] qft already done — skipping
2026-10-07 21:43:01,000  run_experiment            INFO     [7/10] qnn
2026-10-07 21:43:01,001  gsv3.experiment           WARNING  [qnn] locked by another job — skipping
2026-10-07 21:43:01,001  run_experiment            INFO     [8/10] ae
2026-10-07 21:43:01,002  gsv3.experiment           WARNING  [ae] locked by another job — skipping
2026-10-07 21:43:01,003  run_experiment            INFO     [9/10] qftentangled
2026-10-07 21:43:01,004  gsv3.experiment           WARNING  [qftentangled] locked by another job — skipping
2026-10-07 21:43:01,005  run_experiment            INFO     [10/10] iqpe
2026-10-07 21:43:01,006  gsv3.experiment           WARNING  [iqpe] locked by another job — skipping
2026-10-07 21:43:01,006  run_experiment            WARNING  Splits held by another job (not run here): qnn, ae, qftentangled, iqpe
2026-10-07 21:43:01,006  run_experiment            INFO     leave_one_family_out finished: 6 complete, 4 skipped
2026-10-07 21:43:01,010  run_experiment            INFO     [1/10] vqe_two_local already done — skipping
2026-10-07 21:43:01,010  run_experiment            INFO     [2/10] vqe_real_amp already done — skipping
2026-10-07 21:43:01,010  run_experiment            INFO     [3/10] vqe_su2 already done — skipping
2026-10-07 21:43:01,010  run_experiment            INFO     [4/10] qaoa already done — skipping
2026-10-07 21:43:01,010  run_experiment            INFO     [5/10] randomcircuit already done — skipping
2026-10-07 21:43:01,010  run_experiment            INFO     [6/10] qft already done — skipping
2026-10-07 21:43:01,010  run_experiment            INFO     [7/10] qnn
2026-10-07 21:43:01,011  gsv3.experiment           WARNING  [qnn] locked by another job — skipping
2026-10-07 21:43:01,012  run_experiment            INFO     [8/10] ae
2026-10-07 21:43:01,013  gsv3.experiment           WARNING  [ae] locked by another job — skipping
2026-10-07 21:43:01,014  run_experiment            INFO     [9/10] qftentangled
2026-10-07 21:43:01,015  gsv3.experiment           WARNING  [qftentangled] locked by another job — skipping
2026-10-07 21:43:01,016  run_experiment            INFO     [10/10] iqpe
2026-10-07 21:43:01,017  gsv3.experiment           WARNING  [iqpe] locked by another job — skipping
2026-10-07 21:43:01,017  run_experiment            WARNING  Splits held by another job (not run here): qnn, ae, qftentangled, iqpe
2026-10-07 21:43:01,017  run_experiment            INFO     leave_one_family_out finished: 6 complete, 4 skipped
2026-10-07 21:44:14,231  gsv3.training             INFO     [family_holdout:ae] epoch 0001  train_log_mse=1.48816  val_log_mse=4.62963  val_mse=0.014174  max_grad=481.54  patience=0/30

2026-10-07 21:45:25,594  gsv3.training             INFO     [family_holdout:ae] epoch 0002  train_log_mse=0.56056  val_log_mse=3.71419  val_mse=0.017442  max_grad=302.79  patience=1/30

2026-10-07 21:45:12,091  gsv3.training             INFO     [family_holdout:qnn] epoch 0006  train_log_mse=0.19602  val_log_mse=6.92188  val_mse=0.016010  max_grad=89.95  patience=0/30
neralization_v3/results/xattn_a05
2026-10-07 21:44:55,679  gsv2.gpu                  WARNING  No CUDA device available — running on the CPU.
2026-10-07 21:44:55,680  gsv3.model                INFO     Hyper-parameters (/home/atudisco/pred-distr-tool/src/model/best_params.json + v3 defaults): {'device_hidden': 64, 'device_layers': 3, 'fusion_dim': 128, 'qubit_layers': 2, 'attn_heads': 4, 'lap_pe': 8, 'cost_bias_init': -6.0, 'hidden_dim': 142, 'num_conv_wo_resnet': 3, 'num_resnet_layers': 1, 'dropout': 0.0, 'bidirectional': True, 'mlp': [512, 256, 128], 'lr': 0.001, 'readout': 'meanmaxsum'}
2026-10-07 21:44:55,771  gsv3.devices              INFO     Device graphs with 8 Laplacian PE dims: node features 13
2026-10-07 21:44:55,772  genstudy.data             INFO     Loading graph dataset: /home/atudisco/pred-distr-tool/evaluations/generalization_v3/data/graph_dataset_expected_fidelity.pt
2026-10-07 21:45:00,886  genstudy.data             INFO     Loaded 17056 graphs
2026-10-07 21:45:00,917  genstudy.io               INFO     Wrote evaluations/generalization_v3/results/xattn_a05/leave_one_family_out/dataset_summary.json
2026-10-07 21:45:00,918  genstudy.data             INFO     Holding out 10 families: vqe_two_local, vqe_real_amp, vqe_su2, qaoa, randomcircuit, qft, qnn, ae, qftentangled, iqpe
2026-10-07 21:45:00,933  run_experiment            INFO     [1/10] vqe_two_local already done — skipping
2026-10-07 21:45:00,934  run_experiment            INFO     [2/10] vqe_real_amp already done — skipping
2026-10-07 21:45:00,935  run_experiment            INFO     [3/10] vqe_su2 already done — skipping
2026-10-07 21:45:00,936  run_experiment            INFO     [4/10] qaoa already done — skipping
2026-10-07 21:45:00,937  run_experiment            INFO     [5/10] randomcircuit already done — skipping
2026-10-07 21:45:00,937  run_experiment            INFO     [6/10] qft already done — skipping
2026-10-07 21:45:00,938  run_experiment            INFO     [7/10] qnn
2026-10-07 21:45:00,939  gsv3.experiment           WARNING  [qnn] locked by another job — skipping
2026-10-07 21:45:00,940  run_experiment            INFO     [8/10] ae
2026-10-07 21:45:00,941  gsv3.experiment           WARNING  [ae] locked by another job — skipping
2026-10-07 21:45:00,942  run_experiment            INFO     [9/10] qftentangled
2026-10-07 21:45:00,943  gsv3.experiment           WARNING  [qftentangled] locked by another job — skipping
2026-10-07 21:45:00,943  run_experiment            INFO     [10/10] iqpe
2026-10-07 21:45:00,944  gsv3.experiment           WARNING  [iqpe] locked by another job — skipping
2026-10-07 21:45:00,945  run_experiment            WARNING  Splits held by another job (not run here): qnn, ae, qftentangled, iqpe
2026-10-07 21:45:00,945  run_experiment            INFO     leave_one_family_out finished: 6 complete, 4 skipped
2026-10-07 21:46:39,486  gsv3.training             INFO     [family_holdout:ae] epoch 0003  train_log_mse=0.30761  val_log_mse=3.63285  val_mse=0.015669  max_grad=145.10  patience=2/30
                                                                                                                                                                                                                                                                                                                                                                                                                                                                                                                                                                                                                                                                                                                                                                    2026-10-07 21:47:57,924  gsv3.training             INFO     [family_holdout:ae] epoch 0004  train_log_mse=0.20510  val_log_mse=3.55256  val_mse=0.014955  max_grad=95.68  patience=3/30
                                                                                                                                                                                                                                                                                                                                                                                                                                                                                                                                                                             2026-10-07 21:49:16,561  gsv3.training             INFO     [family_holdout:ae] epoch 0005  train_log_mse=0.17643  val_log_mse=3.49516  val_mse=0.014465  max_grad=91.19  patience=4/30
                                                                                                                                                                                            2026-10-07 21:50:39,315  gsv3.training             INFO     [family_holdout:ae] epoch 0006  train_log_mse=0.13881  val_log_mse=3.52721  val_mse=0.013304  max_grad=88.62  patience=0/30
                                                                                                                                                                                                                                                                                                                                                                                                                                                                                                                                                                                2026-10-07 21:51:57,742  gsv3.training             INFO     [family_holdout:ae] epoch 0007  train_log_mse=0.11698  val_log_mse=3.44695  val_mse=0.012464  max_grad=67.37  patience=0/30
                                                                                                                                                                                                                                                                                                                                                                                      2026-10-07 21:53:14,659  gsv3.training             INFO     [family_holdout:ae] epoch 0008  train_log_mse=0.12365  val_log_mse=3.29010  val_mse=0.013258  max_grad=61.60  patience=1/30
   2026-10-07 21:54:33,636  gsv3.training             INFO     [family_holdout:ae] epoch 0009  train_log_mse=0.09868  val_log_mse=3.15150  val_mse=0.012825  max_grad=53.93  patience=2/30

2026-10-07 21:53:49,934  gsv3.training             INFO     [family_holdout:qnn] epoch 0027  train_log_mse=0.08215  val_log_mse=6.87226  val_mse=0.019198  max_grad=48.92  patience=21/30
2026-10-07 21:54:10,350  gsv3.training             INFO     [family_holdout:qnn] epoch 0028  train_log_mse=0.07735  val_log_mse=6.20763  val_mse=0.017478  max_grad=43.30  patience=22/30
2026-10-07 21:54:30,547  gsv3.training             INFO     [family_holdout:qnn] epoch 0029  train_log_mse=0.07117  val_log_mse=6.47019  val_mse=0.017716  max_grad=46.20  patience=23/30
2026-10-07 21:54:51,141  gsv3.training             INFO     [family_holdout:qnn] epoch 0030  train_log_mse=0.06665  val_log_mse=6.55819  val_mse=0.018011  max_grad=29.85  patience=24/30
2026-10-07 21:55:11,622  gsv3.training             INFO     [family_holdout:qnn] epoch 0031  train_log_mse=0.06346  val_log_mse=6.99962  val_mse=0.019025  max_grad=35.80  patience=25/30
2026-10-07 21:55:31,851  gsv3.training             INFO     [family_holdout:qnn] epoch 0032  train_log_mse=0.07353  val_log_mse=6.17019  val_mse=0.019028  max_grad=44.17  patience=26/30
2026-10-07 21:55:51,501  gsv3.training             INFO     [family_holdout:qnn] epoch 0033  train_log_mse=0.05762  val_log_mse=6.51188  val_mse=0.018707  max_grad=41.59  patience=27/30
2026-10-07 21:56:06,386  gsv3.training             INFO     [family_holdout:qnn] epoch 0034  train_log_mse=0.06437  val_log_mse=6.73258  val_mse=0.019578  max_grad=45.86  patience=28/30
2026-10-07 21:56:20,940  gsv3.training             INFO     [family_holdout:qnn] epoch 0035  train_log_mse=0.06609  val_log_mse=6.81940  val_mse=0.018199  max_grad=57.23  patience=29/30
2026-10-07 21:56:35,401  gsv3.training             INFO     [family_holdout:qnn] epoch 0036  train_log_mse=0.05721  val_log_mse=6.35520  val_mse=0.018944  max_grad=39.79  patience=30/30
2026-10-07 21:56:36,107  gsv3.experiment           INFO     [qnn] TEST  n=760  MAE=0.1538  R2=0.3094  device-acc=0.882  regret=0.0021
2026-10-07 21:56:36,110  genstudy.io               INFO     Wrote evaluations/generalization_v3/results/xattn_a05/leave_one_family_out/qnn/metrics.json
2026-10-07 21:56:36,116  genstudy.io               INFO     Wrote evaluations/generalization_v3/results/xattn_a05/leave_one_family_out/qnn/predictions.json
2026-10-07 21:56:36,126  genstudy.io               INFO     Wrote evaluations/generalization_v3/results/xattn_a05/leave_one_family_out/qnn/history.json
2026-10-07 21:56:36,171  run_experiment            INFO     [8/10] ae
2026-10-07 21:56:36,172  gsv3.experiment           WARNING  [ae] locked by another job — skipping
2026-10-07 21:56:36,173  run_experiment            INFO     [9/10] qftentangled
2026-10-07 21:56:36,174  gsv3.experiment           WARNING  [qftentangled] locked by another job — skipping
2026-10-07 21:56:36,174  run_experiment            INFO     [10/10] iqpe
2026-10-07 21:56:36,175  gsv3.experiment           WARNING  [iqpe] locked by another job — skipping
2026-10-07 21:56:36,176  run_experiment            WARNING  Splits held by another job (not run here): ae, qftentangled, iqpe
2026-10-07 21:56:36,176  run_experiment            INFO     leave_one_family_out finished: 7 complete, 3 skipped
2026-10-07 21:57:10,365  gsv3.training             INFO     [family_holdout:ae] epoch 0011  train_log_mse=0.10636  val_log_mse=3.38443  val_mse=0.011948  max_grad=74.49  patience=0/30
2026-10-07 21:58:06,522  gsv3.training             INFO     [family_holdout:iqpe] epoch 0006  train_log_mse=0.18827  val_log_mse=8.97201  val_mse=0.011482  max_grad=102.42  patience=0/30
2026-10-07 21:58:29,396  gsv3.training             INFO     [family_holdout:ae] epoch 0012  train_log_mse=0.09189  val_log_mse=4.04614  val_mse=0.012231  max_grad=70.96  patience=1/30
ience=1/30
2026-10-07 21:59:48,163  gsv3.training             INFO     [family_holdout:ae] epoch 0013  train_log_mse=0.08326  val_log_mse=3.46877  val_mse=0.012671  max_grad=64.95  patience=2/30
2026-10-07 22:00:04,579  gsv3.training             INFO     [family_holdout:iqpe] epoch 0007  train_log_mse=0.15132  val_log_mse=6.09526  val_mse=0.009296  max_grad=70.04  patience=0/30
2026-10-07 22:01:09,906  gsv3.training             INFO     [family_holdout:ae] epoch 0014  train_log_mse=0.08273  val_log_mse=3.47518  val_mse=0.010968  max_grad=45.57  patience=0/30
2026-10-07 22:02:11,715  gsv3.training             INFO     [family_holdout:qftentangled] epoch 0005  train_log_mse=0.22069  val_log_mse=5.00776  val_mse=0.021917  max_grad=116.14  patience=0/30
                                                                                                                                                                                                                                                                                                                                                                                                                                                                                                                                                                                                                                                                                                                                                                                                                                                                                                                                                                                                                                                                                                                                                    2026-10-07 22:07:22,409  gsv3.training             INFO     [family_holdout:qftentangled] epoch 0006  train_log_mse=0.17139  val_log_mse=6.15003  val_mse=0.022078  max_grad=60.86  patience=1/30
                                                                                                                                                                                                                                                                                                                                                                                                                                                                                                                                                                          2026-10-07 22:10:07,503  gsv3.training             INFO     [family_holdout:qftentangled] epoch 0007  train_log_mse=0.18289  val_log_mse=6.24223  val_mse=0.023782  max_grad=108.44  patience=2/30
                                                                                                                                                                                                                                                                                                                                                                                                                                                                                                                                                                                                                                                                                                                                                           2026-10-07 22:14:36,069  gsv3.training             INFO     [family_holdout:qftentangled] epoch 0008  train_log_mse=0.18255  val_log_mse=4.61819  val_mse=0.023120  max_grad=114.65  patience=3/30
2026-10-07 22:15:17,969  gsv3.training             INFO     [family_holdout:ae] epoch 0025  train_log_mse=0.05311  val_log_mse=3.51361  val_mse=0.012752  max_grad=34.80  patience=6/30
2026-10-07 22:15:53,438  gsv3.training             INFO     [family_holdout:iqpe] epoch 0015  train_log_mse=0.09778  val_log_mse=4.77864  val_mse=0.008973  max_grad=52.56  patience=6/30
2026-10-07 22:16:30,144  gsv3.training             INFO     [family_holdout:ae] epoch 0026  train_log_mse=0.05977  val_log_mse=3.56369  val_mse=0.012415  max_grad=70.13  patience=7/30
2026-10-07 22:17:41,171  gsv3.training             INFO     [family_holdout:ae] epoch 0027  train_log_mse=0.05752  val_log_mse=3.65175  val_mse=0.012661  max_grad=41.59  patience=8/30
2026-10-07 22:17:54,803  gsv3.training             INFO     [family_holdout:iqpe] epoch 0016  train_log_mse=0.07800  val_log_mse=4.75808  val_mse=0.009118  max_grad=58.00  patience=7/30
2026-10-07 22:18:52,781  gsv3.training             INFO     [family_holdout:ae] epoch 0028  train_log_mse=0.05643  val_log_mse=3.40946  val_mse=0.011312  max_grad=43.46  patience=9/30
2026-10-07 22:20:04,055  gsv3.training             INFO     [family_holdout:ae] epoch 0029  train_log_mse=0.04468  val_log_mse=3.80677  val_mse=0.011898  max_grad=31.68  patience=10/30
 2026-10-07 22:21:14,214  gsv3.training             INFO     [family_holdout:ae] epoch 0030  train_log_mse=0.05025  val_log_mse=3.25699  val_mse=0.011559  max_grad=28.45  patience=11/30
                                                                                                                                                                                                   2026-10-07 22:22:24,665  gsv3.training             INFO     [family_holdout:ae] epoch 0031  train_log_mse=0.05736  val_log_mse=3.27323  val_mse=0.011532  max_grad=32.51  patience=12/30
2026-10-07 22:23:36,678  gsv3.training             INFO     [family_holdout:ae] epoch 0032  train_log_mse=0.05384  val_log_mse=3.42420  val_mse=0.012075  max_grad=38.66  patience=13/30
                                                                                                                                                                                                  2026-10-07 22:24:50,227  gsv3.training             INFO     [family_holdout:ae] epoch 0033  train_log_mse=0.04897  val_log_mse=3.57982  val_mse=0.011806  max_grad=33.71  patience=14/30
2026-10-07 22:26:02,162  gsv3.training             INFO     [family_holdout:ae] epoch 0034  train_log_mse=0.05075  val_log_mse=3.64372  val_mse=0.010973  max_grad=33.76  patience=15/30
2026-10-07 22:27:12,762  gsv3.training             INFO     [family_holdout:ae] epoch 0035  train_log_mse=0.05202  val_log_mse=3.40089  val_mse=0.011394  max_grad=31.83  patience=16/30
                                                                                                                                                                                                      2026-10-07 22:28:24,636  gsv3.training             INFO     [family_holdout:ae] epoch 0036  train_log_mse=0.04202  val_log_mse=3.44090  val_mse=0.011418  max_grad=33.59  patience=17/30
2026-10-07 22:29:36,339  gsv3.training             INFO     [family_holdout:ae] epoch 0037  train_log_mse=0.04256  val_log_mse=3.43881  val_mse=0.011190  max_grad=31.60  patience=18/30
2026-10-07 22:30:48,626  gsv3.training             INFO     [family_holdout:ae] epoch 0038  train_log_mse=0.04034  val_log_mse=3.35865  val_mse=0.011293  max_grad=21.66  patience=19/30
                                                                                                                                                                                                    2026-10-07 22:32:04,015  gsv3.training             INFO     [family_holdout:ae] epoch 0039  train_log_mse=0.04399  val_log_mse=3.36375  val_mse=0.010771  max_grad=28.53  patience=0/30
                                                                                                                                                                                                     2026-10-07 22:33:15,633  gsv3.training             INFO     [family_holdout:ae] epoch 0040  train_log_mse=0.03811  val_log_mse=3.65214  val_mse=0.011381  max_grad=20.45  patience=1/30
                                                                                                                                                                                           2026-10-07 22:34:30,976  gsv3.training             INFO     [family_holdout:ae] epoch 0041  train_log_mse=0.04327  val_log_mse=3.57341  val_mse=0.011373  max_grad=28.48  patience=2/30
2026-10-07 22:35:42,629  gsv3.training             INFO     [family_holdout:ae] epoch 0042  train_log_mse=0.04042  val_log_mse=3.75116  val_mse=0.011205  max_grad=20.28  patience=3/30
                                                                                                                                                                                                     2026-10-07 22:36:55,956  gsv3.training             INFO     [family_holdout:ae] epoch 0043  train_log_mse=0.04090  val_log_mse=3.46361  val_mse=0.011094  max_grad=27.36  patience=4/30
2026-10-07 22:38:07,802  gsv3.training             INFO     [family_holdout:ae] epoch 0044  train_log_mse=0.04038  val_log_mse=3.67061  val_mse=0.010671  max_grad=41.94  patience=0/30
   2026-10-07 22:39:18,877  gsv3.training             INFO     [family_holdout:ae] epoch 0045  train_log_mse=0.04834  val_log_mse=3.72916  val_mse=0.011075  max_grad=55.36  patience=1/30
2026-10-07 22:40:31,781  gsv3.training             INFO     [family_holdout:ae] epoch 0046  train_log_mse=0.03384  val_log_mse=3.28245  val_mse=0.011159  max_grad=25.82  patience=2/30
   2026-10-07 22:41:44,981  gsv3.training             INFO     [family_holdout:ae] epoch 0047  train_log_mse=0.03390  val_log_mse=3.37246  val_mse=0.010545  max_grad=23.04  patience=0/30
2026-10-07 22:42:57,065  gsv3.training             INFO     [family_holdout:ae] epoch 0048  train_log_mse=0.03540  val_log_mse=3.84907  val_mse=0.010424  max_grad=22.75  patience=0/30
                                                                                                                                                                                                     2026-10-07 22:44:07,572  gsv3.training             INFO     [family_holdout:ae] epoch 0049  train_log_mse=0.03932  val_log_mse=3.86098  val_mse=0.010720  max_grad=28.51  patience=1/30
                                                                                                                                                                                           2026-10-07 22:45:19,954  gsv3.training             INFO     [family_holdout:ae] epoch 0050  train_log_mse=0.03892  val_log_mse=3.85809  val_mse=0.010895  max_grad=30.64  patience=2/30
2026-10-07 22:46:30,008  gsv3.training             INFO     [family_holdout:ae] epoch 0051  train_log_mse=0.03714  val_log_mse=3.40975  val_mse=0.011196  max_grad=38.27  patience=3/30
           2026-10-07 22:47:42,777  gsv3.training             INFO     [family_holdout:ae] epoch 0052  train_log_mse=0.03300  val_log_mse=3.39097  val_mse=0.011288  max_grad=24.66  patience=4/30
                                                                                                                                                                                           2026-10-07 22:48:59,215  gsv3.training             INFO     [family_holdout:ae] epoch 0053  train_log_mse=0.03519  val_log_mse=3.35568  val_mse=0.010805  max_grad=27.21  patience=5/30
                                                                                                                                                                                                  2026-10-07 22:50:09,580  gsv3.training             INFO     [family_holdout:ae] epoch 0054  train_log_mse=0.03893  val_log_mse=3.80702  val_mse=0.011400  max_grad=27.58  patience=6/30
   2026-10-07 22:51:20,188  gsv3.training             INFO     [family_holdout:ae] epoch 0055  train_log_mse=0.03979  val_log_mse=3.34796  val_mse=0.010969  max_grad=23.60  patience=7/30
2026-10-07 22:52:30,656  gsv3.training             INFO     [family_holdout:ae] epoch 0056  train_log_mse=0.03064  val_log_mse=3.29923  val_mse=0.010792  max_grad=32.63  patience=8/30
          2026-10-07 22:53:41,509  gsv3.training             INFO     [family_holdout:ae] epoch 0057  train_log_mse=0.03339  val_log_mse=3.49660  val_mse=0.011408  max_grad=17.80  patience=9/30
2026-10-07 22:54:51,939  gsv3.training             INFO     [family_holdout:ae] epoch 0058  train_log_mse=0.03992  val_log_mse=3.52924  val_mse=0.011047  max_grad=27.61  patience=10/30
  2026-10-07 22:56:05,445  gsv3.training             INFO     [family_holdout:ae] epoch 0059  train_log_mse=0.03250  val_log_mse=3.52472  val_mse=0.011303  max_grad=27.39  patience=11/30
2026-10-07 22:57:17,389  gsv3.training             INFO     [family_holdout:ae] epoch 0060  train_log_mse=0.02898  val_log_mse=3.49861  val_mse=0.011828  max_grad=18.86  patience=12/30
2026-10-07 22:58:30,533  gsv3.training             INFO     [family_holdout:ae] epoch 0061  train_log_mse=0.03019  val_log_mse=3.48797  val_mse=0.010869  max_grad=24.97  patience=13/30
  2026-10-07 22:59:42,825  gsv3.training             INFO     [family_holdout:ae] epoch 0062  train_log_mse=0.03284  val_log_mse=3.84706  val_mse=0.011138  max_grad=25.60  patience=14/30
2026-10-07 23:00:52,699  gsv3.training             INFO     [family_holdout:ae] epoch 0063  train_log_mse=0.02883  val_log_mse=3.53144  val_mse=0.011308  max_grad=22.06  patience=15/30
         2026-10-07 23:02:05,494  gsv3.training             INFO     [family_holdout:ae] epoch 0064  train_log_mse=0.02967  val_log_mse=3.44446  val_mse=0.011580  max_grad=22.68  patience=16/30
2026-10-07 23:03:17,340  gsv3.training             INFO     [family_holdout:ae] epoch 0065  train_log_mse=0.03344  val_log_mse=3.64908  val_mse=0.011394  max_grad=29.73  patience=17/30
                                                                                                                                                                                                                                                                                                                                                                                                                                                                                                                                                                                                                                                                                                                                                                                                                                                                                                                                                                                                                                                                2026-10-07 23:04:30,260  gsv3.training             INFO     [family_holdout:ae] epoch 0066  train_log_mse=0.03461  val_log_mse=3.48404  val_mse=0.010726  max_grad=26.58  patience=18/30
2026-10-07 23:05:40,626  gsv3.training             INFO     [family_holdout:ae] epoch 0067  train_log_mse=0.03094  val_log_mse=3.77658  val_mse=0.011263  max_grad=22.97  patience=19/30
2026-10-07 23:06:52,310  gsv3.training             INFO     [family_holdout:ae] epoch 0068  train_log_mse=0.02889  val_log_mse=3.63059  val_mse=0.010478  max_grad=20.41  patience=20/30
2026-10-07 23:08:02,473  gsv3.training             INFO     [family_holdout:ae] epoch 0069  train_log_mse=0.02960  val_log_mse=3.50397  val_mse=0.010570  max_grad=19.50  patience=21/30
         2026-10-07 23:09:11,683  gsv3.training             INFO     [family_holdout:ae] epoch 0070  train_log_mse=0.02619  val_log_mse=3.51243  val_mse=0.010599  max_grad=24.87  patience=22/30
2026-10-07 23:10:21,715  gsv3.training             INFO     [family_holdout:ae] epoch 0071  train_log_mse=0.03237  val_log_mse=3.49306  val_mse=0.011615  max_grad=24.65  patience=23/30
2026-10-07 23:11:32,308  gsv3.training             INFO     [family_holdout:ae] epoch 0072  train_log_mse=0.03398  val_log_mse=3.66020  val_mse=0.010616  max_grad=26.26  patience=24/30
2026-10-07 23:12:43,583  gsv3.training             INFO     [family_holdout:ae] epoch 0073  train_log_mse=0.03370  val_log_mse=3.59465  val_mse=0.010646  max_grad=26.75  patience=25/30
2026-10-07 23:13:56,428  gsv3.training             INFO     [family_holdout:ae] epoch 0074  train_log_mse=0.03159  val_log_mse=4.10864  val_mse=0.010473  max_grad=26.32  patience=26/30
         2026-10-07 23:15:10,161  gsv3.training             INFO     [family_holdout:ae] epoch 0075  train_log_mse=0.02997  val_log_mse=3.48814  val_mse=0.010399  max_grad=22.60  patience=0/30
2026-10-07 23:16:23,679  gsv3.training             INFO     [family_holdout:ae] epoch 0076  train_log_mse=0.03335  val_log_mse=3.50035  val_mse=0.011516  max_grad=35.46  patience=1/30
                                                                                                                                                                                                  2026-10-07 23:17:39,978  gsv3.training             INFO     [family_holdout:ae] epoch 0077  train_log_mse=0.02998  val_log_mse=3.55723  val_mse=0.010592  max_grad=22.96  patience=2/30
2026-10-07 23:18:52,383  gsv3.training             INFO     [family_holdout:ae] epoch 0078  train_log_mse=0.02694  val_log_mse=3.26588  val_mse=0.011363  max_grad=19.25  patience=3/30
2026-10-07 23:20:03,737  gsv3.training             INFO     [family_holdout:ae] epoch 0079  train_log_mse=0.03135  val_log_mse=3.58613  val_mse=0.010754  max_grad=21.72  patience=4/30
          2026-10-07 23:21:13,110  gsv3.training             INFO     [family_holdout:ae] epoch 0080  train_log_mse=0.03103  val_log_mse=3.79398  val_mse=0.011112  max_grad=29.07  patience=5/30
                                                                                                                                                                                                  2026-10-07 23:22:25,679  gsv3.training             INFO     [family_holdout:ae] epoch 0081  train_log_mse=0.02747  val_log_mse=3.68014  val_mse=0.010962  max_grad=14.50  patience=6/30
2026-10-07 23:23:40,589  gsv3.training             INFO     [family_holdout:ae] epoch 0082  train_log_mse=0.02689  val_log_mse=3.41851  val_mse=0.010293  max_grad=18.43  patience=0/30
2026-10-07 23:24:50,546  gsv3.training             INFO     [family_holdout:ae] epoch 0083  train_log_mse=0.02826  val_log_mse=3.45841  val_mse=0.010958  max_grad=23.36  patience=1/30
2026-10-07 23:26:00,845  gsv3.training             INFO     [family_holdout:ae] epoch 0084  train_log_mse=0.03119  val_log_mse=3.61084  val_mse=0.011136  max_grad=24.54  patience=2/30
          2026-10-07 23:27:09,979  gsv3.training             INFO     [family_holdout:ae] epoch 0085  train_log_mse=0.02806  val_log_mse=3.65498  val_mse=0.011033  max_grad=21.44  patience=3/30
2026-10-07 23:28:22,740  gsv3.training             INFO     [family_holdout:ae] epoch 0086  train_log_mse=0.02792  val_log_mse=3.58977  val_mse=0.010356  max_grad=24.25  patience=4/30
2026-10-07 23:29:33,582  gsv3.training             INFO     [family_holdout:ae] epoch 0087  train_log_mse=0.02939  val_log_mse=3.61938  val_mse=0.010936  max_grad=25.40  patience=5/30
2026-10-07 23:30:47,253  gsv3.training             INFO     [family_holdout:ae] epoch 0088  train_log_mse=0.02631  val_log_mse=3.51515  val_mse=0.010465  max_grad=29.77  patience=6/30
2026-10-07 23:31:59,537  gsv3.training             INFO     [family_holdout:ae] epoch 0089  train_log_mse=0.02540  val_log_mse=3.31804  val_mse=0.010417  max_grad=24.70  patience=7/30
2026-10-07 23:33:11,596  gsv3.training             INFO     [family_holdout:ae] epoch 0090  train_log_mse=0.02540  val_log_mse=3.70436  val_mse=0.011126  max_grad=19.68  patience=8/30
           2026-10-07 23:34:23,243  gsv3.training             INFO     [family_holdout:ae] epoch 0091  train_log_mse=0.02664  val_log_mse=3.92736  val_mse=0.010735  max_grad=23.21  patience=9/30
2026-10-07 23:35:36,283  gsv3.training             INFO     [family_holdout:ae] epoch 0092  train_log_mse=0.02622  val_log_mse=3.61253  val_mse=0.010471  max_grad=23.96  patience=10/30
                                                                                                                                                                                                   2026-10-07 23:36:48,382  gsv3.training             INFO     [family_holdout:ae] epoch 0093  train_log_mse=0.02729  val_log_mse=3.52831  val_mse=0.010557  max_grad=25.73  patience=11/30
2026-10-07 23:38:01,879  gsv3.training             INFO     [family_holdout:ae] epoch 0094  train_log_mse=0.02737  val_log_mse=3.41266  val_mse=0.010258  max_grad=25.81  patience=0/30
2026-10-07 23:39:13,923  gsv3.training             INFO     [family_holdout:ae] epoch 0095  train_log_mse=0.02661  val_log_mse=3.73982  val_mse=0.010288  max_grad=20.43  patience=1/30
2026-10-07 23:40:27,560  gsv3.training             INFO     [family_holdout:ae] epoch 0096  train_log_mse=0.02652  val_log_mse=3.64944  val_mse=0.010959  max_grad=27.26  patience=2/30
2026-10-07 23:41:39,193  gsv3.training             INFO     [family_holdout:ae] epoch 0097  train_log_mse=0.02252  val_log_mse=3.57612  val_mse=0.010263  max_grad=14.94  patience=3/30
                                                                                                                                                                                                   2026-10-07 23:42:51,739  gsv3.training             INFO     [family_holdout:ae] epoch 0098  train_log_mse=0.02409  val_log_mse=3.68311  val_mse=0.010412  max_grad=26.25  patience=4/30
2026-10-07 23:44:03,862  gsv3.training             INFO     [family_holdout:ae] epoch 0099  train_log_mse=0.02496  val_log_mse=3.91881  val_mse=0.011046  max_grad=18.33  patience=5/30
2026-10-07 23:45:18,305  gsv3.training             INFO     [family_holdout:ae] epoch 0100  train_log_mse=0.02695  val_log_mse=3.57163  val_mse=0.010882  max_grad=19.88  patience=6/30
                                                                                                                                                                                                   2026-10-07 23:46:32,771  gsv3.training             INFO     [family_holdout:ae] epoch 0101  train_log_mse=0.02353  val_log_mse=3.73270  val_mse=0.010504  max_grad=19.53  patience=7/30
2026-10-07 23:47:48,165  gsv3.training             INFO     [family_holdout:ae] epoch 0102  train_log_mse=0.02734  val_log_mse=3.66581  val_mse=0.010385  max_grad=22.48  patience=8/30
2026-10-07 23:49:04,040  gsv3.training             INFO     [family_holdout:ae] epoch 0103  train_log_mse=0.02317  val_log_mse=3.63255  val_mse=0.010653  max_grad=17.33  patience=9/30
2026-10-07 23:50:15,415  gsv3.training             INFO     [family_holdout:ae] epoch 0104  train_log_mse=0.02269  val_log_mse=3.70324  val_mse=0.010270  max_grad=15.52  patience=10/30
                                                                                                                                                                                                   2026-10-07 23:51:26,513  gsv3.training             INFO     [family_holdout:ae] epoch 0105  train_log_mse=0.02443  val_log_mse=3.64627  val_mse=0.011139  max_grad=19.24  patience=11/30
2026-10-07 23:52:37,848  gsv3.training             INFO     [family_holdout:ae] epoch 0106  train_log_mse=0.02566  val_log_mse=3.70719  val_mse=0.011838  max_grad=19.02  patience=12/30
2026-10-07 23:53:50,150  gsv3.training             INFO     [family_holdout:ae] epoch 0107  train_log_mse=0.02475  val_log_mse=3.72369  val_mse=0.010903  max_grad=22.16  patience=13/30
2026-10-07 23:55:01,417  gsv3.training             INFO     [family_holdout:ae] epoch 0108  train_log_mse=0.02794  val_log_mse=3.66636  val_mse=0.010988  max_grad=23.24  patience=14/30
                                                                                                                                                                                                   2026-10-07 23:56:12,651  gsv3.training             INFO     [family_holdout:ae] epoch 0109  train_log_mse=0.02418  val_log_mse=3.52981  val_mse=0.010380  max_grad=21.46  patience=15/30
2026-10-07 23:57:24,398  gsv3.training             INFO     [family_holdout:ae] epoch 0110  train_log_mse=0.02565  val_log_mse=3.51482  val_mse=0.010690  max_grad=18.28  patience=16/30
2026-10-07 23:58:37,960  gsv3.training             INFO     [family_holdout:ae] epoch 0111  train_log_mse=0.02454  val_log_mse=3.70527  val_mse=0.010868  max_grad=22.13  patience=17/30
2026-10-07 23:59:02,145  gsv3.training             INFO     [family_holdout:qftentangled] epoch 0035  train_log_mse=0.06760  val_log_mse=4.12813  val_mse=0.021292  max_grad=31.76  patience=17/30
2026-10-07 23:59:28,441  genstudy.io               INFO     Logging to evaluations/generalization_v3/results/xattn_a05/leave_one_family_out/run.log
2026-10-07 23:59:28,441  run_experiment            INFO     Command line: evaluations/generalization_v3/scripts/run_experiment.py lofo --model xattn --balance-alpha 0.5 --lr 3e-4 --grad-clip 1.0 --results-dir evaluations/generalization_v3/results/xattn_a05
2026-10-07 23:59:28,610  gsv2.gpu                  INFO     GPU: NVIDIA A100 80GB PCIe
2026-10-07 23:59:28,611  gsv3.model                INFO     Hyper-parameters (/home/atudisco/pred-distr-tool/src/model/best_params.json + v3 defaults): {'device_hidden': 64, 'device_layers': 3, 'fusion_dim': 128, 'qubit_layers': 2, 'attn_heads': 4, 'lap_pe': 8, 'cost_bias_init': -6.0, 'hidden_dim': 142, 'num_conv_wo_resnet': 3, 'num_resnet_layers': 1, 'dropout': 0.0, 'bidirectional': True, 'mlp': [512, 256, 128], 'lr': 0.001, 'readout': 'meanmaxsum'}
2026-10-07 23:59:28,630  gsv3.devices              INFO     Device graphs with 8 Laplacian PE dims: node features 13
2026-10-07 23:59:28,630  genstudy.data             INFO     Loading graph dataset: /home/atudisco/pred-distr-tool/evaluations/generalization_v3/data/graph_dataset_expected_fidelity.pt
2026-10-07 23:59:31,627  genstudy.data             INFO     Loaded 17056 graphs
2026-10-07 23:59:31,656  genstudy.io               INFO     Wrote evaluations/generalization_v3/results/xattn_a05/leave_one_family_out/dataset_summary.json
2026-10-07 23:59:31,657  genstudy.data             INFO     Holding out 10 families: vqe_two_local, vqe_real_amp, vqe_su2, qaoa, randomcircuit, qft, qnn, ae, qftentangled, iqpe
2026-10-07 23:59:31,671  run_experiment            INFO     [1/10] vqe_two_local already done — skipping
2026-10-07 23:59:31,671  run_experiment            INFO     [2/10] vqe_real_amp already done — skipping
2026-10-07 23:59:31,672  run_experiment            INFO     [3/10] vqe_su2 already done — skipping
2026-10-07 23:59:31,673  run_experiment            INFO     [4/10] qaoa already done — skipping
2026-10-07 23:59:31,673  run_experiment            INFO     [5/10] randomcircuit already done — skipping
2026-10-07 23:59:31,675  run_experiment            INFO     [6/10] qft already done — skipping
2026-10-07 23:59:31,675  run_experiment            INFO     [7/10] qnn already done — skipping
2026-10-07 23:59:31,676  run_experiment            INFO     [8/10] ae
2026-10-07 23:59:31,677  gsv3.experiment           WARNING  [ae] locked by another job — skipping
2026-10-07 23:59:31,678  run_experiment            INFO     [9/10] qftentangled
2026-10-07 23:59:31,679  gsv3.experiment           WARNING  [qftentangled] locked by another job — skipping
2026-10-07 23:59:31,680  run_experiment            INFO     [10/10] iqpe already done — skipping
2026-10-07 23:59:31,680  run_experiment            WARNING  Splits held by another job (not run here): ae, qftentangled
2026-10-07 23:59:31,680  run_experiment            INFO     leave_one_family_out finished: 8 complete, 2 skipped
2026-10-07 23:59:52,208  gsv3.training             INFO     [family_holdout:ae] epoch 0112  train_log_mse=0.02584  val_log_mse=3.80065  val_mse=0.010541  max_grad=22.95  patience=18/30
2026-10-08 00:01:05,016  gsv3.training             INFO     [family_holdout:ae] epoch 0113  train_log_mse=0.02506  val_log_mse=3.58955  val_mse=0.010587  max_grad=23.15  patience=19/30
2026-10-08 00:02:17,572  gsv3.training             INFO     [family_holdout:ae] epoch 0114  train_log_mse=0.02211  val_log_mse=3.51673  val_mse=0.010288  max_grad=13.48  patience=20/30
2026-10-08 00:03:31,913  gsv3.training             INFO     [family_holdout:ae] epoch 0115  train_log_mse=0.02250  val_log_mse=3.60364  val_mse=0.010068  max_grad=17.07  patience=0/30
ence=0/30
2026-10-08 00:04:44,949  gsv3.training             INFO     [family_holdout:ae] epoch 0116  train_log_mse=0.02333  val_log_mse=3.26684  val_mse=0.010574  max_grad=36.48  patience=1/30
2026-10-08 00:05:56,013  gsv3.training             INFO     [family_holdout:ae] epoch 0117  train_log_mse=0.02695  val_log_mse=3.46823  val_mse=0.009513  max_grad=25.90  patience=0/30
2026-10-08 00:07:07,476  gsv3.training             INFO     [family_holdout:ae] epoch 0118  train_log_mse=0.02675  val_log_mse=3.62735  val_mse=0.009761  max_grad=29.27  patience=1/30
2026-10-08 00:08:19,142  gsv3.training             INFO     [family_holdout:ae] epoch 0119  train_log_mse=0.02400  val_log_mse=3.55971  val_mse=0.010073  max_grad=16.79  patience=2/30
          2026-10-08 00:09:29,206  gsv3.training             INFO     [family_holdout:ae] epoch 0120  train_log_mse=0.02043  val_log_mse=3.42972  val_mse=0.010548  max_grad=15.91  patience=3/30
2026-10-08 00:10:39,383  gsv3.training             INFO     [family_holdout:ae] epoch 0121  train_log_mse=0.02508  val_log_mse=3.68956  val_mse=0.010548  max_grad=27.07  patience=4/30
2026-10-08 00:11:49,843  gsv3.training             INFO     [family_holdout:ae] epoch 0122  train_log_mse=0.02202  val_log_mse=3.78378  val_mse=0.009988  max_grad=16.60  patience=5/30
                                                                                                                                                                                                                                                                                                                                                                                                                                                                                                                                                                                                                                                                                                                                                                                                                                                                                                                                                                                                                                                                                                                                                                                                                                                                                                2026-10-08 00:13:00,591  gsv3.training             INFO     [family_holdout:ae] epoch 0123  train_log_mse=0.02090  val_log_mse=3.75098  val_mse=0.010633  max_grad=16.76  patience=6/30
                                                                                                                                                                                                                                                                                                                                                                                                                                                                                                                                                                                                                                                                                                                                                                                                                                                                                                                                                                                                                                                                                                                                                                                                                                                                                                                                                                                                                                                                                                                                                                                                                                                                                                  2026-10-08 00:14:11,280  gsv3.training             INFO     [family_holdout:ae] epoch 0124  train_log_mse=0.02311  val_log_mse=3.61355  val_mse=0.010409  max_grad=13.94  patience=7/30
2026-10-08 00:15:24,782  gsv3.training             INFO     [family_holdout:ae] epoch 0125  train_log_mse=0.02154  val_log_mse=3.57016  val_mse=0.010605  max_grad=18.19  patience=8/30
          2026-10-08 00:16:35,917  gsv3.training             INFO     [family_holdout:ae] epoch 0126  train_log_mse=0.02249  val_log_mse=3.81292  val_mse=0.009587  max_grad=17.18  patience=9/30
2026-10-08 00:17:47,677  gsv3.training             INFO     [family_holdout:ae] epoch 0127  train_log_mse=0.02371  val_log_mse=3.71759  val_mse=0.010756  max_grad=17.41  patience=10/30
                                                                                                                                                                                                  2026-10-08 00:19:03,777  gsv3.training             INFO     [family_holdout:ae] epoch 0128  train_log_mse=0.02317  val_log_mse=3.47932  val_mse=0.010667  max_grad=16.66  patience=11/30
2026-10-08 00:20:17,132  gsv3.training             INFO     [family_holdout:ae] epoch 0129  train_log_mse=0.02278  val_log_mse=3.63063  val_mse=0.011240  max_grad=17.88  patience=12/30
2026-10-08 00:21:30,847  gsv3.training             INFO     [family_holdout:ae] epoch 0130  train_log_mse=0.02119  val_log_mse=3.62582  val_mse=0.009763  max_grad=20.62  patience=13/30
                                                                                                                                                                                                  2026-10-08 00:22:43,151  gsv3.training             INFO     [family_holdout:ae] epoch 0131  train_log_mse=0.02133  val_log_mse=3.49473  val_mse=0.010770  max_grad=16.40  patience=14/30
2026-10-08 00:23:54,828  gsv3.training             INFO     [family_holdout:ae] epoch 0132  train_log_mse=0.02135  val_log_mse=3.56770  val_mse=0.010366  max_grad=20.13  patience=15/30
                                                                                                                                                                                                  2026-10-08 00:25:09,571  gsv3.training             INFO     [family_holdout:ae] epoch 0133  train_log_mse=0.02256  val_log_mse=3.51199  val_mse=0.010005  max_grad=15.16  patience=16/30
2026-10-08 00:26:22,290  gsv3.training             INFO     [family_holdout:ae] epoch 0134  train_log_mse=0.02312  val_log_mse=3.52247  val_mse=0.009889  max_grad=34.45  patience=17/30
2026-10-08 00:27:33,368  gsv3.training             INFO     [family_holdout:ae] epoch 0135  train_log_mse=0.02556  val_log_mse=3.40964  val_mse=0.010166  max_grad=20.63  patience=18/30
2026-10-08 00:28:45,287  gsv3.training             INFO     [family_holdout:ae] epoch 0136  train_log_mse=0.02430  val_log_mse=3.40063  val_mse=0.010184  max_grad=13.30  patience=19/30
2026-10-08 00:30:00,052  gsv3.training             INFO     [family_holdout:ae] epoch 0137  train_log_mse=0.02103  val_log_mse=3.60988  val_mse=0.009998  max_grad=15.25  patience=20/30
2026-10-08 00:31:12,971  gsv3.training             INFO     [family_holdout:ae] epoch 0138  train_log_mse=0.01995  val_log_mse=3.58136  val_mse=0.010029  max_grad=25.04  patience=21/30
2026-10-08 00:32:24,566  gsv3.training             INFO     [family_holdout:ae] epoch 0139  train_log_mse=0.02059  val_log_mse=3.67950  val_mse=0.009409  max_grad=21.77  patience=0/30
                                                                                                                                                                                                  2026-10-08 00:33:36,173  gsv3.training             INFO     [family_holdout:ae] epoch 0140  train_log_mse=0.02322  val_log_mse=3.58596  val_mse=0.010469  max_grad=64.50  patience=1/30
2026-10-08 00:34:49,213  gsv3.training             INFO     [family_holdout:ae] epoch 0141  train_log_mse=0.02032  val_log_mse=3.55171  val_mse=0.010423  max_grad=16.15  patience=2/30
2026-10-08 00:36:02,225  gsv3.training             INFO     [family_holdout:ae] epoch 0142  train_log_mse=0.02289  val_log_mse=3.66015  val_mse=0.010269  max_grad=18.67  patience=3/30
          2026-10-08 00:37:13,874  gsv3.training             INFO     [family_holdout:ae] epoch 0143  train_log_mse=0.02175  val_log_mse=3.45195  val_mse=0.010597  max_grad=22.58  patience=4/30
2026-10-08 00:38:26,762  gsv3.training             INFO     [family_holdout:ae] epoch 0144  train_log_mse=0.02262  val_log_mse=3.62697  val_mse=0.010049  max_grad=20.59  patience=5/30
2026-10-08 00:39:39,233  gsv3.training             INFO     [family_holdout:ae] epoch 0145  train_log_mse=0.02012  val_log_mse=3.54515  val_mse=0.009709  max_grad=18.09  patience=6/30
2026-10-08 00:40:51,762  gsv3.training             INFO     [family_holdout:ae] epoch 0146  train_log_mse=0.02078  val_log_mse=3.55615  val_mse=0.010509  max_grad=22.50  patience=7/30
                                                                                                                                                                                                  2026-10-08 00:42:03,397  gsv3.training             INFO     [family_holdout:ae] epoch 0147  train_log_mse=0.01976  val_log_mse=3.47194  val_mse=0.010096  max_grad=17.27  patience=8/30
2026-10-08 00:43:14,191  gsv3.training             INFO     [family_holdout:ae] epoch 0148  train_log_mse=0.01894  val_log_mse=3.50687  val_mse=0.010283  max_grad=13.70  patience=9/30
2026-10-08 00:44:25,464  gsv3.training             INFO     [family_holdout:ae] epoch 0149  train_log_mse=0.02024  val_log_mse=3.71075  val_mse=0.010509  max_grad=15.18  patience=10/30
2026-10-08 00:45:37,959  gsv3.training             INFO     [family_holdout:ae] epoch 0150  train_log_mse=0.02094  val_log_mse=3.61470  val_mse=0.009988  max_grad=15.13  patience=11/30
2026-10-08 00:46:51,605  gsv3.training             INFO     [family_holdout:ae] epoch 0151  train_log_mse=0.02061  val_log_mse=3.69265  val_mse=0.009321  max_grad=17.91  patience=0/30
2026-10-08 00:48:06,698  gsv3.training             INFO     [family_holdout:ae] epoch 0152  train_log_mse=0.02050  val_log_mse=3.73706  val_mse=0.010154  max_grad=15.17  patience=1/30
2026-10-08 00:49:21,163  gsv3.training             INFO     [family_holdout:ae] epoch 0153  train_log_mse=0.02126  val_log_mse=3.58611  val_mse=0.010205  max_grad=19.23  patience=2/30
2026-10-08 00:50:37,282  gsv3.training             INFO     [family_holdout:ae] epoch 0154  train_log_mse=0.02097  val_log_mse=3.50802  val_mse=0.009804  max_grad=25.16  patience=3/30
2026-10-08 00:51:49,908  gsv3.training             INFO     [family_holdout:ae] epoch 0155  train_log_mse=0.02186  val_log_mse=3.56906  val_mse=0.009788  max_grad=40.16  patience=4/30
2026-10-08 00:53:06,458  gsv3.training             INFO     [family_holdout:ae] epoch 0156  train_log_mse=0.02986  val_log_mse=3.59481  val_mse=0.012038  max_grad=69.99  patience=5/30
           2026-10-08 00:54:19,012  gsv3.training             INFO     [family_holdout:ae] epoch 0157  train_log_mse=0.02096  val_log_mse=3.72493  val_mse=0.011495  max_grad=18.22  patience=6/30
2026-10-08 00:55:31,262  gsv3.training             INFO     [family_holdout:ae] epoch 0158  train_log_mse=0.02280  val_log_mse=3.50095  val_mse=0.011074  max_grad=18.87  patience=7/30
2026-10-08 00:56:42,301  gsv3.training             INFO     [family_holdout:ae] epoch 0159  train_log_mse=0.01931  val_log_mse=3.50175  val_mse=0.010759  max_grad=17.55  patience=8/30
2026-10-08 00:57:56,289  gsv3.training             INFO     [family_holdout:ae] epoch 0160  train_log_mse=0.01851  val_log_mse=3.77321  val_mse=0.011175  max_grad=11.32  patience=9/30
2026-10-08 00:59:07,694  gsv3.training             INFO     [family_holdout:ae] epoch 0161  train_log_mse=0.01935  val_log_mse=3.92918  val_mse=0.011383  max_grad=13.16  patience=10/30
                                                                                                                                                                                                   2026-10-08 01:00:22,667  gsv3.training             INFO     [family_holdout:ae] epoch 0162  train_log_mse=0.02012  val_log_mse=3.70720  val_mse=0.011562  max_grad=18.72  patience=11/30
2026-10-08 01:01:37,686  gsv3.training             INFO     [family_holdout:ae] epoch 0163  train_log_mse=0.02094  val_log_mse=3.97316  val_mse=0.010924  max_grad=77.36  patience=12/30
2026-10-08 01:02:49,900  gsv3.training             INFO     [family_holdout:ae] epoch 0164  train_log_mse=0.02094  val_log_mse=3.66223  val_mse=0.010727  max_grad=15.91  patience=13/30
                                                                                                                                                                                                   2026-10-08 01:04:01,162  gsv3.training             INFO     [family_holdout:ae] epoch 0165  train_log_mse=0.01937  val_log_mse=3.70000  val_mse=0.010918  max_grad=16.53  patience=14/30
2026-10-08 01:05:12,145  gsv3.training             INFO     [family_holdout:ae] epoch 0166  train_log_mse=0.01990  val_log_mse=3.67508  val_mse=0.010523  max_grad=19.50  patience=15/30
2026-10-08 01:06:23,651  gsv3.training             INFO     [family_holdout:ae] epoch 0167  train_log_mse=0.01848  val_log_mse=3.77815  val_mse=0.010651  max_grad=17.19  patience=16/30
2026-10-08 01:07:34,320  gsv3.training             INFO     [family_holdout:ae] epoch 0168  train_log_mse=0.02152  val_log_mse=3.38048  val_mse=0.010222  max_grad=19.00  patience=17/30
2026-10-08 01:08:47,649  gsv3.training             INFO     [family_holdout:ae] epoch 0169  train_log_mse=0.01874  val_log_mse=3.73803  val_mse=0.010658  max_grad=15.65  patience=18/30
                                                                                                                                                                                                   2026-10-08 01:10:04,398  gsv3.training             INFO     [family_holdout:ae] epoch 0170  train_log_mse=0.02116  val_log_mse=3.69833  val_mse=0.010493  max_grad=15.31  patience=19/30
2026-10-08 01:11:18,751  gsv3.training             INFO     [family_holdout:ae] epoch 0171  train_log_mse=0.02097  val_log_mse=3.50747  val_mse=0.010857  max_grad=16.77  patience=20/30
2026-10-08 01:12:34,647  gsv3.training             INFO     [family_holdout:ae] epoch 0172  train_log_mse=0.02088  val_log_mse=3.48787  val_mse=0.010631  max_grad=18.74  patience=21/30
          2026-10-08 01:13:51,703  gsv3.training             INFO     [family_holdout:ae] epoch 0173  train_log_mse=0.01944  val_log_mse=3.50045  val_mse=0.010253  max_grad=15.11  patience=22/30
2026-10-08 01:15:07,611  gsv3.training             INFO     [family_holdout:ae] epoch 0174  train_log_mse=0.01898  val_log_mse=3.60081  val_mse=0.010274  max_grad=18.34  patience=23/30
2026-10-08 01:16:21,957  gsv3.training             INFO     [family_holdout:ae] epoch 0175  train_log_mse=0.01975  val_log_mse=3.62116  val_mse=0.010720  max_grad=12.12  patience=24/30
          2026-10-08 01:17:36,385  gsv3.training             INFO     [family_holdout:ae] epoch 0176  train_log_mse=0.01922  val_log_mse=3.77574  val_mse=0.010317  max_grad=15.83  patience=25/30
2026-10-08 01:18:48,898  gsv3.training             INFO     [family_holdout:ae] epoch 0177  train_log_mse=0.02099  val_log_mse=3.70963  val_mse=0.010367  max_grad=15.73  patience=26/30
2026-10-08 01:20:04,181  gsv3.training             INFO     [family_holdout:ae] epoch 0178  train_log_mse=0.01779  val_log_mse=3.56435  val_mse=0.010217  max_grad=12.85  patience=27/30
2026-10-08 01:21:17,629  gsv3.training             INFO     [family_holdout:ae] epoch 0179  train_log_mse=0.01955  val_log_mse=3.66037  val_mse=0.010707  max_grad=28.96  patience=28/30
2026-10-08 01:22:28,714  gsv3.training             INFO     [family_holdout:ae] epoch 0180  train_log_mse=0.01762  val_log_mse=3.54914  val_mse=0.010875  max_grad=12.81  patience=29/30
2026-10-08 01:23:41,999  gsv3.training             INFO     [family_holdout:ae] epoch 0181  train_log_mse=0.01827  val_log_mse=3.66149  val_mse=0.010519  max_grad=15.04  patience=30/30
2026-10-08 01:23:43,931  gsv3.experiment           INFO     [ae] TEST  n=758  MAE=0.0359  R2=0.9657  device-acc=0.665  regret=0.0072
2026-10-08 01:23:43,935  genstudy.io               INFO     Wrote evaluations/generalization_v3/results/xattn_a05/leave_one_family_out/ae/metrics.json
2026-10-08 01:23:43,940  genstudy.io               INFO     Wrote evaluations/generalization_v3/results/xattn_a05/leave_one_family_out/ae/predictions.json
2026-10-08 01:23:43,951  genstudy.io               INFO     Wrote evaluations/generalization_v3/results/xattn_a05/leave_one_family_out/ae/history.json
2026-10-08 01:23:43,967  run_experiment            INFO     [9/10] qftentangled
2026-10-08 01:23:43,968  gsv3.experiment           WARNING  [qftentangled] locked by another job — skipping
2026-10-08 01:23:43,968  run_experiment            INFO     [10/10] iqpe already done — skipping
2026-10-08 01:23:43,968  run_experiment            WARNING  Splits held by another job (not run here): qnn, qftentangled
2026-10-08 01:23:43,968  run_experiment            INFO     leave_one_family_out finished: 8 complete, 2 skipped
2026-10-08 01:25:00,478  gsv3.training             INFO     [family_holdout:qftentangled] epoch 0057  train_log_mse=0.04534  val_log_mse=3.90918  val_mse=0.025277  max_grad=32.75  patience=20/30
2026-10-08 01:27:19,984  gsv3.training             INFO     [family_holdout:qftentangled] epoch 0058  train_log_mse=0.05097  val_log_mse=4.00961  val_mse=0.024717  max_grad=32.96  patience=21/30
2026-10-08 01:29:26,411  gsv3.training             INFO     [family_holdout:qftentangled] epoch 0059  train_log_mse=0.04695  val_log_mse=3.85889  val_mse=0.023472  max_grad=24.19  patience=22/30
2026-10-08 01:32:03,542  gsv3.training             INFO     [family_holdout:qftentangled] epoch 0060  train_log_mse=0.04890  val_log_mse=3.99151  val_mse=0.025329  max_grad=27.23  patience=23/30
2026-10-08 01:34:18,440  gsv3.training             INFO     [family_holdout:qftentangled] epoch 0061  train_log_mse=0.04382  val_log_mse=4.08555  val_mse=0.023980  max_grad=26.74  patience=24/30
2026-10-08 01:36:38,778  gsv3.training             INFO     [family_holdout:qftentangled] epoch 0062  train_log_mse=0.04338  val_log_mse=3.88273  val_mse=0.022214  max_grad=22.29  patience=25/30
2026-10-08 01:39:22,497  gsv3.training             INFO     [family_holdout:qftentangled] epoch 0063  train_log_mse=0.04049  val_log_mse=4.17770  val_mse=0.024225  max_grad=20.59  patience=26/30
2026-10-08 01:42:00,783  gsv3.training             INFO     [family_holdout:qftentangled] epoch 0064  train_log_mse=0.04599  val_log_mse=3.89200  val_mse=0.024274  max_grad=28.34  patience=27/30
2026-10-08 01:44:27,300  gsv3.training             INFO     [family_holdout:qftentangled] epoch 0065  train_log_mse=0.04435  val_log_mse=4.15547  val_mse=0.024068  max_grad=52.28  patience=28/30
2026-10-08 01:50:07,383  gsv3.training             INFO     [family_holdout:qftentangled] epoch 0066  train_log_mse=0.04871  val_log_mse=3.63200  val_mse=0.024167  max_grad=29.75  patience=29/30
2026-10-08 01:53:09,803  gsv3.training             INFO     [family_holdout:qftentangled] epoch 0067  train_log_mse=0.04756  val_log_mse=3.94467  val_mse=0.021918  max_grad=49.49  patience=30/30
2026-10-08 01:53:12,038  gsv3.experiment           INFO     [qftentangled] TEST  n=746  MAE=0.0667  R2=0.9236  device-acc=0.338  regret=0.0073
2026-10-08 01:53:12,044  genstudy.io               INFO     Wrote evaluations/generalization_v3/results/xattn_a05/leave_one_family_out/qftentangled/metrics.json
2026-10-08 01:53:12,053  genstudy.io               INFO     Wrote evaluations/generalization_v3/results/xattn_a05/leave_one_family_out/qftentangled/predictions.json
2026-10-08 01:53:12,075  genstudy.io               INFO     Wrote evaluations/generalization_v3/results/xattn_a05/leave_one_family_out/qftentangled/history.json
2026-10-08 01:53:12,132  run_experiment            INFO     [10/10] iqpe already done — skipping
2026-10-08 01:53:12,133  run_experiment            WARNING  Splits held by another job (not run here): qnn, ae
2026-10-08 01:53:12,133  run_experiment            INFO     leave_one_family_out finished: 8 complete, 2 skipped
2026-10-08 04:02:32,420  genstudy.io               INFO     Logging to evaluations/generalization_v3/results/xattn_a05/leave_one_family_out/run.log
2026-10-08 04:02:32,420  run_experiment            INFO     Command line: evaluations/generalization_v3/scripts/run_experiment.py lofo --model xattn --results-dir evaluations/generalization_v3/results/xattn_a05
2026-10-08 04:02:32,421  gsv2.gpu                  WARNING  No CUDA device available — running on the CPU.
2026-10-08 04:02:32,421  gsv3.model                INFO     Hyper-parameters (/home/atudisco/pred-distr-tool/src/model/best_params.json + v3 defaults): {'device_hidden': 64, 'device_layers': 3, 'fusion_dim': 128, 'qubit_layers': 2, 'attn_heads': 4, 'lap_pe': 8, 'cost_bias_init': -6.0, 'hidden_dim': 142, 'num_conv_wo_resnet': 3, 'num_resnet_layers': 1, 'dropout': 0.0, 'bidirectional': True, 'mlp': [512, 256, 128], 'lr': 0.001, 'readout': 'meanmaxsum'}
2026-10-08 04:02:32,430  gsv3.devices              INFO     Device graphs with 8 Laplacian PE dims: node features 13
2026-10-08 04:02:32,431  genstudy.data             INFO     Loading graph dataset: /home/atudisco/pred-distr-tool/evaluations/generalization_v3/data/graph_dataset_expected_fidelity.pt
2026-10-08 04:02:35,796  genstudy.data             INFO     Loaded 17056 graphs
2026-10-08 04:02:35,833  genstudy.io               INFO     Wrote evaluations/generalization_v3/results/xattn_a05/leave_one_family_out/dataset_summary.json
2026-10-08 04:02:35,834  genstudy.data             INFO     Holding out 10 families: vqe_two_local, vqe_real_amp, vqe_su2, qaoa, randomcircuit, qft, qnn, ae, qftentangled, iqpe
2026-10-08 04:02:35,849  run_experiment            INFO     [1/10] vqe_two_local already done — skipping
2026-10-08 04:02:35,849  run_experiment            INFO     [2/10] vqe_real_amp already done — skipping
2026-10-08 04:02:35,849  run_experiment            INFO     [3/10] vqe_su2 already done — skipping
2026-10-08 04:02:35,849  run_experiment            INFO     [4/10] qaoa already done — skipping
2026-10-08 04:02:35,850  run_experiment            INFO     [5/10] randomcircuit already done — skipping
2026-10-08 04:02:35,850  run_experiment            INFO     [6/10] qft already done — skipping
2026-10-08 04:02:35,850  run_experiment            INFO     [7/10] qnn already done — skipping
2026-10-08 04:02:35,850  run_experiment            INFO     [8/10] ae already done — skipping
2026-10-08 04:02:35,850  run_experiment            INFO     [9/10] qftentangled already done — skipping
2026-10-08 04:02:35,850  run_experiment            INFO     [10/10] iqpe already done — skipping
2026-10-08 04:02:35,853  genstudy.io               INFO     Wrote evaluations/generalization_v3/results/xattn_a05/leave_one_family_out/folds.json
2026-10-08 04:02:36,187  genstudy.experiment       INFO     Merged held-out predictions for 16702 circuits
2026-10-08 04:02:36,242  genstudy.io               INFO     Wrote evaluations/generalization_v3/results/xattn_a05/leave_one_family_out/heldout_predictions.json
2026-10-08 04:02:36,243  run_experiment            INFO     leave_one_family_out finished: 10 complete, 0 skipped
