2026-10-07 18:33:02,817  genstudy.io               INFO     Logging to evaluations/generalization_v3/results/pooled_stab_a05/leave_one_family_out/run.log
2026-10-07 18:33:02,818  run_experiment            INFO     Command line: evaluations/generalization_v3/scripts/run_experiment.py lofo --model pooled --balance-alpha 0.5 --lr 3e-4 --grad-clip 1.0 --results-dir evaluations/generalization_v3/results/pooled_stab_a05
2026-10-07 18:33:03,114  gsv2.gpu                  INFO     GPU: NVIDIA H200
2026-10-07 18:33:03,115  gsv3.model                INFO     Hyper-parameters (/home/atudisco/pred-distr-tool/src/model/best_params.json + v3 defaults): {'device_hidden': 64, 'device_layers': 3, 'fusion_dim': 128, 'qubit_layers': 2, 'attn_heads': 4, 'lap_pe': 8, 'cost_bias_init': -6.0, 'hidden_dim': 142, 'num_conv_wo_resnet': 3, 'num_resnet_layers': 1, 'dropout': 0.0, 'bidirectional': True, 'mlp': [512, 256, 128], 'lr': 0.001, 'readout': 'meanmaxsum'}
2026-10-07 18:33:03,122  genstudy.data             INFO     Loading graph dataset: /home/atudisco/compileCircuits/graph_dataset_expected_fidelity.pt
2026-10-07 18:33:05,947  genstudy.data             INFO     Loaded 17056 graphs
2026-10-07 18:33:05,977  genstudy.io               INFO     Wrote evaluations/generalization_v3/results/pooled_stab_a05/leave_one_family_out/dataset_summary.json
2026-10-07 18:33:05,977  genstudy.data             INFO     Holding out 10 families: vqe_two_local, vqe_real_amp, vqe_su2, qaoa, randomcircuit, qft, qnn, ae, qftentangled, iqpe
2026-10-07 18:33:05,991  run_experiment            INFO     [1/10] vqe_two_local
2026-10-07 18:33:05,994  gsv3.experiment           INFO     === family_holdout / vqe_two_local ===
2026-10-07 18:33:05,994  gsv3.experiment           INFO     Leave-one-family-out: test = all 3449 'vqe_two_local' circuits, train = 13607 circuits from 34 other families.
2026-10-07 18:33:05,995  gsv3.experiment           INFO     train=10710  val=2897 ({'mode': 'family', 'val_families': ['bmw_quark_copula', 'draper_qft_adder', 'dynamic_qft', 'ghz', 'graphstate', 'grover', 'qft', 'qftentangled', 'qpeinexact', 'randomcircuit']})  test=3449
2026-10-07 18:33:06,132  gsv3.training             INFO     [family_holdout:vqe_two_local] model=pooled (601177 params) train=10710 val=2897 lr=0.0003 clip=1.0 alpha=0.50
2026-10-07 18:33:20,795  gsv3.training             INFO     [family_holdout:vqe_two_local] epoch 0001  train_log_mse=6.91761  val_log_mse=5.18019  val_mse=0.008239  max_grad=60572.51  patience=0/30
2026-10-07 18:33:34,735  gsv3.training             INFO     [family_holdout:vqe_two_local] epoch 0002  train_log_mse=0.60119  val_log_mse=4.70967  val_mse=0.008956  max_grad=1016.26  patience=1/30
2026-10-07 18:33:49,928  gsv3.training             INFO     [family_holdout:vqe_two_local] epoch 0003  train_log_mse=0.31481  val_log_mse=3.28101  val_mse=0.016839  max_grad=570.07  patience=2/30
2026-10-07 18:34:03,974  gsv3.training             INFO     [family_holdout:vqe_two_local] epoch 0004  train_log_mse=0.16918  val_log_mse=3.46280  val_mse=0.012040  max_grad=220.71  patience=3/30
2026-10-07 18:34:17,805  gsv3.training             INFO     [family_holdout:vqe_two_local] epoch 0005  train_log_mse=0.19624  val_log_mse=3.17070  val_mse=0.014436  max_grad=162.61  patience=4/30
2026-10-07 18:34:32,883  gsv3.training             INFO     [family_holdout:vqe_two_local] epoch 0006  train_log_mse=0.15189  val_log_mse=3.96180  val_mse=0.006053  max_grad=195.31  patience=0/30
2026-10-07 18:34:47,081  gsv3.training             INFO     [family_holdout:vqe_two_local] epoch 0007  train_log_mse=0.12721  val_log_mse=3.73864  val_mse=0.008767  max_grad=98.40  patience=1/30
2026-10-07 18:35:00,922  gsv3.training             INFO     [family_holdout:vqe_two_local] epoch 0008  train_log_mse=0.12089  val_log_mse=3.02284  val_mse=0.006726  max_grad=127.53  patience=2/30
2026-10-07 18:35:15,751  gsv3.training             INFO     [family_holdout:vqe_two_local] epoch 0009  train_log_mse=0.13611  val_log_mse=2.47600  val_mse=0.009139  max_grad=126.19  patience=3/30
2026-10-07 18:35:29,989  gsv3.training             INFO     [family_holdout:vqe_two_local] epoch 0010  train_log_mse=0.10700  val_log_mse=3.04323  val_mse=0.009535  max_grad=97.90  patience=4/30
2026-10-07 18:35:43,880  gsv3.training             INFO     [family_holdout:vqe_two_local] epoch 0011  train_log_mse=0.08778  val_log_mse=2.50095  val_mse=0.008457  max_grad=75.09  patience=5/30
2026-10-07 18:35:58,466  gsv3.training             INFO     [family_holdout:vqe_two_local] epoch 0012  train_log_mse=0.08288  val_log_mse=1.93918  val_mse=0.005023  max_grad=66.42  patience=0/30
2026-10-07 18:36:13,203  gsv3.training             INFO     [family_holdout:vqe_two_local] epoch 0013  train_log_mse=0.08319  val_log_mse=2.23514  val_mse=0.009835  max_grad=64.76  patience=1/30
2026-10-07 18:36:27,245  gsv3.training             INFO     [family_holdout:vqe_two_local] epoch 0014  train_log_mse=0.07560  val_log_mse=2.57778  val_mse=0.006939  max_grad=68.85  patience=2/30
2026-10-07 18:36:41,862  gsv3.training             INFO     [family_holdout:vqe_two_local] epoch 0015  train_log_mse=0.07204  val_log_mse=2.03071  val_mse=0.006058  max_grad=67.16  patience=3/30
2026-10-07 18:36:56,362  gsv3.training             INFO     [family_holdout:vqe_two_local] epoch 0016  train_log_mse=0.07746  val_log_mse=2.23252  val_mse=0.007443  max_grad=98.60  patience=4/30
2026-10-07 18:37:10,555  gsv3.training             INFO     [family_holdout:vqe_two_local] epoch 0017  train_log_mse=0.05815  val_log_mse=1.66833  val_mse=0.007644  max_grad=54.20  patience=5/30
2026-10-07 18:37:25,187  gsv3.training             INFO     [family_holdout:vqe_two_local] epoch 0018  train_log_mse=0.05864  val_log_mse=2.46579  val_mse=0.006667  max_grad=63.51  patience=6/30
2026-10-07 18:37:39,251  gsv3.training             INFO     [family_holdout:vqe_two_local] epoch 0019  train_log_mse=0.05641  val_log_mse=2.11544  val_mse=0.008339  max_grad=44.47  patience=7/30
2026-10-07 18:37:53,631  gsv3.training             INFO     [family_holdout:vqe_two_local] epoch 0020  train_log_mse=0.05523  val_log_mse=1.81656  val_mse=0.005113  max_grad=36.40  patience=8/30
2026-10-07 18:38:08,120  gsv3.training             INFO     [family_holdout:vqe_two_local] epoch 0021  train_log_mse=0.05083  val_log_mse=1.61168  val_mse=0.006570  max_grad=46.43  patience=9/30
2026-10-07 18:38:22,023  gsv3.training             INFO     [family_holdout:vqe_two_local] epoch 0022  train_log_mse=0.05669  val_log_mse=1.86052  val_mse=0.005321  max_grad=63.29  patience=10/30
2026-10-07 18:38:36,615  gsv3.training             INFO     [family_holdout:vqe_two_local] epoch 0023  train_log_mse=0.04742  val_log_mse=1.88955  val_mse=0.006112  max_grad=36.26  patience=11/30
2026-10-07 18:38:50,967  gsv3.training             INFO     [family_holdout:vqe_two_local] epoch 0024  train_log_mse=0.05168  val_log_mse=1.93334  val_mse=0.008255  max_grad=52.05  patience=12/30
2026-10-07 18:39:04,855  gsv3.training             INFO     [family_holdout:vqe_two_local] epoch 0025  train_log_mse=0.05574  val_log_mse=1.61262  val_mse=0.006499  max_grad=55.55  patience=13/30
2026-10-07 18:39:19,544  gsv3.training             INFO     [family_holdout:vqe_two_local] epoch 0026  train_log_mse=0.05500  val_log_mse=1.46365  val_mse=0.004988  max_grad=49.60  patience=0/30
2026-10-07 18:39:33,797  gsv3.training             INFO     [family_holdout:vqe_two_local] epoch 0027  train_log_mse=0.05146  val_log_mse=1.59341  val_mse=0.005945  max_grad=45.80  patience=1/30
2026-10-07 18:39:47,750  gsv3.training             INFO     [family_holdout:vqe_two_local] epoch 0028  train_log_mse=0.05017  val_log_mse=2.04163  val_mse=0.005820  max_grad=53.37  patience=2/30
2026-10-07 18:40:02,348  gsv3.training             INFO     [family_holdout:vqe_two_local] epoch 0029  train_log_mse=0.04818  val_log_mse=1.54363  val_mse=0.006775  max_grad=35.62  patience=3/30
2026-10-07 18:40:16,670  gsv3.training             INFO     [family_holdout:vqe_two_local] epoch 0030  train_log_mse=0.04384  val_log_mse=1.42725  val_mse=0.004728  max_grad=36.21  patience=0/30
2026-10-07 18:40:30,652  gsv3.training             INFO     [family_holdout:vqe_two_local] epoch 0031  train_log_mse=0.04153  val_log_mse=1.46228  val_mse=0.005616  max_grad=28.90  patience=1/30
2026-10-07 18:40:45,186  gsv3.training             INFO     [family_holdout:vqe_two_local] epoch 0032  train_log_mse=0.04608  val_log_mse=1.56679  val_mse=0.005732  max_grad=38.37  patience=2/30
2026-10-07 18:40:59,597  gsv3.training             INFO     [family_holdout:vqe_two_local] epoch 0033  train_log_mse=0.04148  val_log_mse=1.70799  val_mse=0.006630  max_grad=31.02  patience=3/30
2026-10-07 18:41:13,610  gsv3.training             INFO     [family_holdout:vqe_two_local] epoch 0034  train_log_mse=0.04126  val_log_mse=1.56660  val_mse=0.005345  max_grad=32.97  patience=4/30
2026-10-07 18:41:28,052  gsv3.training             INFO     [family_holdout:vqe_two_local] epoch 0035  train_log_mse=0.04384  val_log_mse=1.28082  val_mse=0.005499  max_grad=45.11  patience=5/30
2026-10-07 18:41:42,465  gsv3.training             INFO     [family_holdout:vqe_two_local] epoch 0036  train_log_mse=0.04289  val_log_mse=1.40217  val_mse=0.005755  max_grad=40.63  patience=6/30
2026-10-07 18:41:56,395  gsv3.training             INFO     [family_holdout:vqe_two_local] epoch 0037  train_log_mse=0.05055  val_log_mse=1.39469  val_mse=0.006761  max_grad=35.69  patience=7/30
2026-10-07 18:42:10,885  gsv3.training             INFO     [family_holdout:vqe_two_local] epoch 0038  train_log_mse=0.03916  val_log_mse=1.59701  val_mse=0.005632  max_grad=31.77  patience=8/30
2026-10-07 18:42:25,442  gsv3.training             INFO     [family_holdout:vqe_two_local] epoch 0039  train_log_mse=0.04076  val_log_mse=1.44830  val_mse=0.005083  max_grad=22.86  patience=9/30
2026-10-07 18:42:39,500  gsv3.training             INFO     [family_holdout:vqe_two_local] epoch 0040  train_log_mse=0.04020  val_log_mse=1.44941  val_mse=0.006245  max_grad=24.63  patience=10/30
2026-10-07 18:42:54,135  gsv3.training             INFO     [family_holdout:vqe_two_local] epoch 0041  train_log_mse=0.03751  val_log_mse=1.38339  val_mse=0.006351  max_grad=29.25  patience=11/30
2026-10-07 18:43:08,495  gsv3.training             INFO     [family_holdout:vqe_two_local] epoch 0042  train_log_mse=0.03787  val_log_mse=1.37748  val_mse=0.006193  max_grad=31.44  patience=12/30
2026-10-07 18:43:22,689  gsv3.training             INFO     [family_holdout:vqe_two_local] epoch 0043  train_log_mse=0.03747  val_log_mse=1.40368  val_mse=0.005633  max_grad=51.24  patience=13/30
2026-10-07 18:43:37,209  gsv3.training             INFO     [family_holdout:vqe_two_local] epoch 0044  train_log_mse=0.04092  val_log_mse=1.54590  val_mse=0.007107  max_grad=32.85  patience=14/30
2026-10-07 18:43:51,259  gsv3.training             INFO     [family_holdout:vqe_two_local] epoch 0045  train_log_mse=0.03450  val_log_mse=1.34162  val_mse=0.004786  max_grad=26.56  patience=15/30
2026-10-07 18:44:05,440  gsv3.training             INFO     [family_holdout:vqe_two_local] epoch 0046  train_log_mse=0.03715  val_log_mse=1.35336  val_mse=0.005584  max_grad=31.09  patience=16/30
2026-10-07 18:44:19,542  gsv3.training             INFO     [family_holdout:vqe_two_local] epoch 0047  train_log_mse=0.03708  val_log_mse=1.72108  val_mse=0.006344  max_grad=28.99  patience=17/30
2026-10-07 18:44:32,826  gsv3.training             INFO     [family_holdout:vqe_two_local] epoch 0048  train_log_mse=0.03644  val_log_mse=1.64939  val_mse=0.006692  max_grad=33.13  patience=18/30
2026-10-07 18:44:46,842  gsv3.training             INFO     [family_holdout:vqe_two_local] epoch 0049  train_log_mse=0.03748  val_log_mse=1.23650  val_mse=0.006443  max_grad=34.23  patience=19/30
2026-10-07 18:45:00,570  gsv3.training             INFO     [family_holdout:vqe_two_local] epoch 0050  train_log_mse=0.03424  val_log_mse=1.23713  val_mse=0.005456  max_grad=21.84  patience=20/30
2026-10-07 18:45:13,909  gsv3.training             INFO     [family_holdout:vqe_two_local] epoch 0051  train_log_mse=0.03387  val_log_mse=1.40821  val_mse=0.005911  max_grad=39.66  patience=21/30
2026-10-07 18:45:28,039  gsv3.training             INFO     [family_holdout:vqe_two_local] epoch 0052  train_log_mse=0.03537  val_log_mse=1.28517  val_mse=0.005184  max_grad=39.01  patience=22/30
2026-10-07 18:45:41,227  gsv3.training             INFO     [family_holdout:vqe_two_local] epoch 0053  train_log_mse=0.03652  val_log_mse=1.44590  val_mse=0.005565  max_grad=43.69  patience=23/30
2026-10-07 18:45:54,843  gsv3.training             INFO     [family_holdout:vqe_two_local] epoch 0054  train_log_mse=0.03355  val_log_mse=1.11597  val_mse=0.005582  max_grad=30.93  patience=24/30
2026-10-07 18:46:08,865  gsv3.training             INFO     [family_holdout:vqe_two_local] epoch 0055  train_log_mse=0.03209  val_log_mse=1.13514  val_mse=0.005046  max_grad=26.90  patience=25/30
2026-10-07 18:46:22,308  gsv3.training             INFO     [family_holdout:vqe_two_local] epoch 0056  train_log_mse=0.03604  val_log_mse=1.50594  val_mse=0.005888  max_grad=29.86  patience=26/30
2026-10-07 18:46:35,999  gsv3.training             INFO     [family_holdout:vqe_two_local] epoch 0057  train_log_mse=0.03398  val_log_mse=1.45977  val_mse=0.005276  max_grad=28.11  patience=27/30
2026-10-07 18:46:49,759  gsv3.training             INFO     [family_holdout:vqe_two_local] epoch 0058  train_log_mse=0.03322  val_log_mse=1.45647  val_mse=0.005436  max_grad=22.54  patience=28/30
2026-10-07 18:47:02,925  gsv3.training             INFO     [family_holdout:vqe_two_local] epoch 0059  train_log_mse=0.03651  val_log_mse=1.43451  val_mse=0.005670  max_grad=28.03  patience=29/30
2026-10-07 18:47:16,898  gsv3.training             INFO     [family_holdout:vqe_two_local] epoch 0060  train_log_mse=0.02962  val_log_mse=1.42949  val_mse=0.005530  max_grad=21.79  patience=30/30
2026-10-07 18:47:19,648  gsv3.experiment           INFO     [vqe_two_local] TEST  n=3449  MAE=0.0822  R2=0.8693  device-acc=0.577  regret=0.0125
2026-10-07 18:47:19,652  genstudy.io               INFO     Wrote evaluations/generalization_v3/results/pooled_stab_a05/leave_one_family_out/vqe_two_local/metrics.json
2026-10-07 18:47:19,671  genstudy.io               INFO     Wrote evaluations/generalization_v3/results/pooled_stab_a05/leave_one_family_out/vqe_two_local/predictions.json
2026-10-07 18:47:19,682  genstudy.io               INFO     Wrote evaluations/generalization_v3/results/pooled_stab_a05/leave_one_family_out/vqe_two_local/history.json
2026-10-07 18:47:19,715  run_experiment            INFO     [2/10] vqe_real_amp
2026-10-07 18:47:19,718  gsv3.experiment           INFO     === family_holdout / vqe_real_amp ===
2026-10-07 18:47:19,718  gsv3.experiment           INFO     Leave-one-family-out: test = all 2861 'vqe_real_amp' circuits, train = 14195 circuits from 34 other families.
2026-10-07 18:47:19,720  gsv3.experiment           INFO     train=11298  val=2897 ({'mode': 'family', 'val_families': ['bmw_quark_copula', 'draper_qft_adder', 'dynamic_qft', 'ghz', 'graphstate', 'grover', 'qft', 'qftentangled', 'qpeinexact', 'randomcircuit']})  test=2861
2026-10-07 18:47:19,774  gsv3.training             INFO     [family_holdout:vqe_real_amp] model=pooled (601177 params) train=11298 val=2897 lr=0.0003 clip=1.0 alpha=0.50
2026-10-07 18:47:34,401  gsv3.training             INFO     [family_holdout:vqe_real_amp] epoch 0001  train_log_mse=5.74426  val_log_mse=6.43898  val_mse=0.009048  max_grad=50515.88  patience=0/30
2026-10-07 18:47:48,277  gsv3.training             INFO     [family_holdout:vqe_real_amp] epoch 0002  train_log_mse=0.45487  val_log_mse=2.38790  val_mse=0.006723  max_grad=569.35  patience=0/30
2026-10-07 18:48:02,215  gsv3.training             INFO     [family_holdout:vqe_real_amp] epoch 0003  train_log_mse=0.27774  val_log_mse=3.44956  val_mse=0.012474  max_grad=303.88  patience=1/30
2026-10-07 18:48:16,974  gsv3.training             INFO     [family_holdout:vqe_real_amp] epoch 0004  train_log_mse=0.19552  val_log_mse=2.34502  val_mse=0.008390  max_grad=228.99  patience=2/30
2026-10-07 18:48:30,707  gsv3.training             INFO     [family_holdout:vqe_real_amp] epoch 0005  train_log_mse=0.14759  val_log_mse=2.73950  val_mse=0.011763  max_grad=148.67  patience=3/30
2026-10-07 18:48:44,476  gsv3.training             INFO     [family_holdout:vqe_real_amp] epoch 0006  train_log_mse=0.12934  val_log_mse=1.89913  val_mse=0.010601  max_grad=107.56  patience=4/30
2026-10-07 18:48:59,231  gsv3.training             INFO     [family_holdout:vqe_real_amp] epoch 0007  train_log_mse=0.12911  val_log_mse=2.81967  val_mse=0.012963  max_grad=160.10  patience=5/30
2026-10-07 18:49:13,287  gsv3.training             INFO     [family_holdout:vqe_real_amp] epoch 0008  train_log_mse=0.09941  val_log_mse=2.33725  val_mse=0.005699  max_grad=101.66  patience=0/30
2026-10-07 18:49:27,205  gsv3.training             INFO     [family_holdout:vqe_real_amp] epoch 0009  train_log_mse=0.09924  val_log_mse=1.66782  val_mse=0.005999  max_grad=104.79  patience=1/30
2026-10-07 18:49:42,147  gsv3.training             INFO     [family_holdout:vqe_real_amp] epoch 0010  train_log_mse=0.09842  val_log_mse=2.05268  val_mse=0.006924  max_grad=96.05  patience=2/30
2026-10-07 18:49:56,016  gsv3.training             INFO     [family_holdout:vqe_real_amp] epoch 0011  train_log_mse=0.08061  val_log_mse=2.92448  val_mse=0.010045  max_grad=65.78  patience=3/30
2026-10-07 18:50:09,691  gsv3.training             INFO     [family_holdout:vqe_real_amp] epoch 0012  train_log_mse=0.07898  val_log_mse=1.68119  val_mse=0.007831  max_grad=69.89  patience=4/30
2026-10-07 18:50:24,587  gsv3.training             INFO     [family_holdout:vqe_real_amp] epoch 0013  train_log_mse=0.07483  val_log_mse=1.97400  val_mse=0.006284  max_grad=73.79  patience=5/30
2026-10-07 18:50:38,396  gsv3.training             INFO     [family_holdout:vqe_real_amp] epoch 0014  train_log_mse=0.06675  val_log_mse=2.19006  val_mse=0.008635  max_grad=58.36  patience=6/30
2026-10-07 18:50:52,067  gsv3.training             INFO     [family_holdout:vqe_real_amp] epoch 0015  train_log_mse=0.07823  val_log_mse=1.81734  val_mse=0.006030  max_grad=88.27  patience=7/30
2026-10-07 18:51:06,984  gsv3.training             INFO     [family_holdout:vqe_real_amp] epoch 0016  train_log_mse=0.06480  val_log_mse=2.00785  val_mse=0.007699  max_grad=59.66  patience=8/30
2026-10-07 18:51:20,696  gsv3.training             INFO     [family_holdout:vqe_real_amp] epoch 0017  train_log_mse=0.06586  val_log_mse=2.51086  val_mse=0.009196  max_grad=46.16  patience=9/30
2026-10-07 18:51:34,474  gsv3.training             INFO     [family_holdout:vqe_real_amp] epoch 0018  train_log_mse=0.06645  val_log_mse=1.34776  val_mse=0.006238  max_grad=43.05  patience=10/30
2026-10-07 18:51:49,660  gsv3.training             INFO     [family_holdout:vqe_real_amp] epoch 0019  train_log_mse=0.05965  val_log_mse=1.87467  val_mse=0.006377  max_grad=74.47  patience=11/30
2026-10-07 18:52:03,592  gsv3.training             INFO     [family_holdout:vqe_real_amp] epoch 0020  train_log_mse=0.05292  val_log_mse=1.67107  val_mse=0.006496  max_grad=54.77  patience=12/30
2026-10-07 18:52:17,450  gsv3.training             INFO     [family_holdout:vqe_real_amp] epoch 0021  train_log_mse=0.05166  val_log_mse=1.42350  val_mse=0.007194  max_grad=38.16  patience=13/30
2026-10-07 18:52:32,408  gsv3.training             INFO     [family_holdout:vqe_real_amp] epoch 0022  train_log_mse=0.05612  val_log_mse=1.52982  val_mse=0.006918  max_grad=48.06  patience=14/30
2026-10-07 18:52:46,303  gsv3.training             INFO     [family_holdout:vqe_real_amp] epoch 0023  train_log_mse=0.05156  val_log_mse=1.95083  val_mse=0.008030  max_grad=51.32  patience=15/30
2026-10-07 18:53:00,248  gsv3.training             INFO     [family_holdout:vqe_real_amp] epoch 0024  train_log_mse=0.05166  val_log_mse=1.64418  val_mse=0.010134  max_grad=59.34  patience=16/30
2026-10-07 18:53:15,109  gsv3.training             INFO     [family_holdout:vqe_real_amp] epoch 0025  train_log_mse=0.04544  val_log_mse=1.58559  val_mse=0.006356  max_grad=36.00  patience=17/30
2026-10-07 18:53:29,140  gsv3.training             INFO     [family_holdout:vqe_real_amp] epoch 0026  train_log_mse=0.04988  val_log_mse=1.42183  val_mse=0.006174  max_grad=36.89  patience=18/30
2026-10-07 18:53:42,970  gsv3.training             INFO     [family_holdout:vqe_real_amp] epoch 0027  train_log_mse=0.04786  val_log_mse=1.67132  val_mse=0.006842  max_grad=43.66  patience=19/30
2026-10-07 18:53:58,074  gsv3.training             INFO     [family_holdout:vqe_real_amp] epoch 0028  train_log_mse=0.04834  val_log_mse=2.08851  val_mse=0.009854  max_grad=41.66  patience=20/30
2026-10-07 18:54:12,076  gsv3.training             INFO     [family_holdout:vqe_real_amp] epoch 0029  train_log_mse=0.04449  val_log_mse=1.23781  val_mse=0.006849  max_grad=73.79  patience=21/30
2026-10-07 18:54:26,126  gsv3.training             INFO     [family_holdout:vqe_real_amp] epoch 0030  train_log_mse=0.04764  val_log_mse=1.19191  val_mse=0.004687  max_grad=53.21  patience=0/30
2026-10-07 18:54:41,304  gsv3.training             INFO     [family_holdout:vqe_real_amp] epoch 0031  train_log_mse=0.04353  val_log_mse=1.89348  val_mse=0.008503  max_grad=36.65  patience=1/30
2026-10-07 18:54:55,333  gsv3.training             INFO     [family_holdout:vqe_real_amp] epoch 0032  train_log_mse=0.04440  val_log_mse=1.67596  val_mse=0.006172  max_grad=57.91  patience=2/30
2026-10-07 18:55:09,177  gsv3.training             INFO     [family_holdout:vqe_real_amp] epoch 0033  train_log_mse=0.04106  val_log_mse=1.36257  val_mse=0.006576  max_grad=40.40  patience=3/30
2026-10-07 18:55:24,124  gsv3.training             INFO     [family_holdout:vqe_real_amp] epoch 0034  train_log_mse=0.04283  val_log_mse=1.86963  val_mse=0.007543  max_grad=33.95  patience=4/30
2026-10-07 18:55:37,842  gsv3.training             INFO     [family_holdout:vqe_real_amp] epoch 0035  train_log_mse=0.04484  val_log_mse=1.34570  val_mse=0.007381  max_grad=42.92  patience=5/30
2026-10-07 18:55:51,805  gsv3.training             INFO     [family_holdout:vqe_real_amp] epoch 0036  train_log_mse=0.04140  val_log_mse=1.23493  val_mse=0.005049  max_grad=30.18  patience=6/30
2026-10-07 18:56:06,546  gsv3.training             INFO     [family_holdout:vqe_real_amp] epoch 0037  train_log_mse=0.03960  val_log_mse=1.62780  val_mse=0.006132  max_grad=33.21  patience=7/30
2026-10-07 18:56:20,766  gsv3.training             INFO     [family_holdout:vqe_real_amp] epoch 0038  train_log_mse=0.03676  val_log_mse=1.45751  val_mse=0.006090  max_grad=32.55  patience=8/30
2026-10-07 18:56:34,713  gsv3.training             INFO     [family_holdout:vqe_real_amp] epoch 0039  train_log_mse=0.03995  val_log_mse=1.32037  val_mse=0.005968  max_grad=28.64  patience=9/30
2026-10-07 18:56:49,471  gsv3.training             INFO     [family_holdout:vqe_real_amp] epoch 0040  train_log_mse=0.04092  val_log_mse=1.11850  val_mse=0.005099  max_grad=37.92  patience=10/30
2026-10-07 18:57:03,670  gsv3.training             INFO     [family_holdout:vqe_real_amp] epoch 0041  train_log_mse=0.03374  val_log_mse=1.06703  val_mse=0.004684  max_grad=31.43  patience=0/30
2026-10-07 18:57:17,522  gsv3.training             INFO     [family_holdout:vqe_real_amp] epoch 0042  train_log_mse=0.04014  val_log_mse=1.47075  val_mse=0.006564  max_grad=33.82  patience=1/30
2026-10-07 18:57:32,322  gsv3.training             INFO     [family_holdout:vqe_real_amp] epoch 0043  train_log_mse=0.03599  val_log_mse=1.36312  val_mse=0.007163  max_grad=26.52  patience=2/30
2026-10-07 18:57:46,618  gsv3.training             INFO     [family_holdout:vqe_real_amp] epoch 0044  train_log_mse=0.03839  val_log_mse=1.23284  val_mse=0.005238  max_grad=21.94  patience=3/30
2026-10-07 18:58:00,564  gsv3.training             INFO     [family_holdout:vqe_real_amp] epoch 0045  train_log_mse=0.03411  val_log_mse=1.47382  val_mse=0.007532  max_grad=24.58  patience=4/30
2026-10-07 18:58:15,083  gsv3.training             INFO     [family_holdout:vqe_real_amp] epoch 0046  train_log_mse=0.03304  val_log_mse=1.43482  val_mse=0.005519  max_grad=24.92  patience=5/30
2026-10-07 18:58:29,545  gsv3.training             INFO     [family_holdout:vqe_real_amp] epoch 0047  train_log_mse=0.03869  val_log_mse=1.22979  val_mse=0.005427  max_grad=33.37  patience=6/30
2026-10-07 18:58:43,478  gsv3.training             INFO     [family_holdout:vqe_real_amp] epoch 0048  train_log_mse=0.03646  val_log_mse=0.95771  val_mse=0.004822  max_grad=35.77  patience=7/30
2026-10-07 18:58:57,817  gsv3.training             INFO     [family_holdout:vqe_real_amp] epoch 0049  train_log_mse=0.03657  val_log_mse=1.71223  val_mse=0.007969  max_grad=48.86  patience=8/30
2026-10-07 18:59:12,269  gsv3.training             INFO     [family_holdout:vqe_real_amp] epoch 0050  train_log_mse=0.03888  val_log_mse=1.38222  val_mse=0.005178  max_grad=54.88  patience=9/30
2026-10-07 18:59:26,243  gsv3.training             INFO     [family_holdout:vqe_real_amp] epoch 0051  train_log_mse=0.03843  val_log_mse=1.41337  val_mse=0.006408  max_grad=26.91  patience=10/30
2026-10-07 18:59:40,657  gsv3.training             INFO     [family_holdout:vqe_real_amp] epoch 0052  train_log_mse=0.03283  val_log_mse=1.65757  val_mse=0.005839  max_grad=25.93  patience=11/30
2026-10-07 18:59:55,212  gsv3.training             INFO     [family_holdout:vqe_real_amp] epoch 0053  train_log_mse=0.03125  val_log_mse=1.41928  val_mse=0.005841  max_grad=22.07  patience=12/30
2026-10-07 19:00:09,209  gsv3.training             INFO     [family_holdout:vqe_real_amp] epoch 0054  train_log_mse=0.03102  val_log_mse=1.10979  val_mse=0.004806  max_grad=25.21  patience=13/30
2026-10-07 19:00:23,772  gsv3.training             INFO     [family_holdout:vqe_real_amp] epoch 0055  train_log_mse=0.03162  val_log_mse=1.51350  val_mse=0.008053  max_grad=23.11  patience=14/30
2026-10-07 19:00:38,377  gsv3.training             INFO     [family_holdout:vqe_real_amp] epoch 0056  train_log_mse=0.03132  val_log_mse=1.07535  val_mse=0.005320  max_grad=22.89  patience=15/30
2026-10-07 19:00:52,446  gsv3.training             INFO     [family_holdout:vqe_real_amp] epoch 0057  train_log_mse=0.03255  val_log_mse=1.43639  val_mse=0.005350  max_grad=26.19  patience=16/30
2026-10-07 19:01:06,907  gsv3.training             INFO     [family_holdout:vqe_real_amp] epoch 0058  train_log_mse=0.03434  val_log_mse=1.20629  val_mse=0.005452  max_grad=28.12  patience=17/30
2026-10-07 19:01:21,443  gsv3.training             INFO     [family_holdout:vqe_real_amp] epoch 0059  train_log_mse=0.03188  val_log_mse=1.39908  val_mse=0.005037  max_grad=35.27  patience=18/30
2026-10-07 19:01:35,573  gsv3.training             INFO     [family_holdout:vqe_real_amp] epoch 0060  train_log_mse=0.03102  val_log_mse=1.22705  val_mse=0.005402  max_grad=23.38  patience=19/30
2026-10-07 19:01:50,008  gsv3.training             INFO     [family_holdout:vqe_real_amp] epoch 0061  train_log_mse=0.03089  val_log_mse=1.33783  val_mse=0.006262  max_grad=19.58  patience=20/30
2026-10-07 19:02:04,326  gsv3.training             INFO     [family_holdout:vqe_real_amp] epoch 0062  train_log_mse=0.02963  val_log_mse=1.52899  val_mse=0.005612  max_grad=66.28  patience=21/30
2026-10-07 19:02:18,495  gsv3.training             INFO     [family_holdout:vqe_real_amp] epoch 0063  train_log_mse=0.03140  val_log_mse=1.37035  val_mse=0.005618  max_grad=25.19  patience=22/30
2026-10-07 19:02:32,924  gsv3.training             INFO     [family_holdout:vqe_real_amp] epoch 0064  train_log_mse=0.03171  val_log_mse=1.41801  val_mse=0.006689  max_grad=20.88  patience=23/30
2026-10-07 19:02:47,176  gsv3.training             INFO     [family_holdout:vqe_real_amp] epoch 0065  train_log_mse=0.03082  val_log_mse=1.37836  val_mse=0.005740  max_grad=39.12  patience=24/30
2026-10-07 19:03:01,425  gsv3.training             INFO     [family_holdout:vqe_real_amp] epoch 0066  train_log_mse=0.03036  val_log_mse=1.36146  val_mse=0.005908  max_grad=22.49  patience=25/30
2026-10-07 19:03:15,860  gsv3.training             INFO     [family_holdout:vqe_real_amp] epoch 0067  train_log_mse=0.03115  val_log_mse=1.45719  val_mse=0.005720  max_grad=25.80  patience=26/30
2026-10-07 19:03:29,991  gsv3.training             INFO     [family_holdout:vqe_real_amp] epoch 0068  train_log_mse=0.03180  val_log_mse=1.57411  val_mse=0.005504  max_grad=25.33  patience=27/30
2026-10-07 19:03:44,437  gsv3.training             INFO     [family_holdout:vqe_real_amp] epoch 0069  train_log_mse=0.03074  val_log_mse=1.67603  val_mse=0.005929  max_grad=21.87  patience=28/30
2026-10-07 19:03:58,767  gsv3.training             INFO     [family_holdout:vqe_real_amp] epoch 0070  train_log_mse=0.03275  val_log_mse=1.55242  val_mse=0.005685  max_grad=27.34  patience=29/30
2026-10-07 19:04:13,059  gsv3.training             INFO     [family_holdout:vqe_real_amp] epoch 0071  train_log_mse=0.02884  val_log_mse=1.23354  val_mse=0.005429  max_grad=21.03  patience=30/30
2026-10-07 19:04:16,085  gsv3.experiment           INFO     [vqe_real_amp] TEST  n=2861  MAE=0.0299  R2=0.9810  device-acc=0.767  regret=0.0038
2026-10-07 19:04:16,089  genstudy.io               INFO     Wrote evaluations/generalization_v3/results/pooled_stab_a05/leave_one_family_out/vqe_real_amp/metrics.json
2026-10-07 19:04:16,106  genstudy.io               INFO     Wrote evaluations/generalization_v3/results/pooled_stab_a05/leave_one_family_out/vqe_real_amp/predictions.json
2026-10-07 19:04:16,118  genstudy.io               INFO     Wrote evaluations/generalization_v3/results/pooled_stab_a05/leave_one_family_out/vqe_real_amp/history.json
2026-10-07 19:04:16,157  run_experiment            INFO     [3/10] vqe_su2
2026-10-07 19:04:16,160  gsv3.experiment           INFO     === family_holdout / vqe_su2 ===
2026-10-07 19:04:16,160  gsv3.experiment           INFO     Leave-one-family-out: test = all 2858 'vqe_su2' circuits, train = 14198 circuits from 34 other families.
2026-10-07 19:04:16,161  gsv3.experiment           INFO     train=11301  val=2897 ({'mode': 'family', 'val_families': ['bmw_quark_copula', 'draper_qft_adder', 'dynamic_qft', 'ghz', 'graphstate', 'grover', 'qft', 'qftentangled', 'qpeinexact', 'randomcircuit']})  test=2858
2026-10-07 19:04:16,218  gsv3.training             INFO     [family_holdout:vqe_su2] model=pooled (601177 params) train=11301 val=2897 lr=0.0003 clip=1.0 alpha=0.50
2026-10-07 19:04:30,339  gsv3.training             INFO     [family_holdout:vqe_su2] epoch 0001  train_log_mse=5.37872  val_log_mse=5.22703  val_mse=0.010141  max_grad=49551.84  patience=0/30
2026-10-07 19:04:44,403  gsv3.training             INFO     [family_holdout:vqe_su2] epoch 0002  train_log_mse=0.53496  val_log_mse=3.40878  val_mse=0.007276  max_grad=1085.78  patience=0/30
2026-10-07 19:04:59,031  gsv3.training             INFO     [family_holdout:vqe_su2] epoch 0003  train_log_mse=0.29010  val_log_mse=2.28331  val_mse=0.007127  max_grad=336.85  patience=0/30
2026-10-07 19:05:13,309  gsv3.training             INFO     [family_holdout:vqe_su2] epoch 0004  train_log_mse=0.18238  val_log_mse=2.38868  val_mse=0.008578  max_grad=193.24  patience=1/30
2026-10-07 19:05:27,504  gsv3.training             INFO     [family_holdout:vqe_su2] epoch 0005  train_log_mse=0.14946  val_log_mse=1.66276  val_mse=0.006083  max_grad=217.89  patience=0/30
2026-10-07 19:05:42,049  gsv3.training             INFO     [family_holdout:vqe_su2] epoch 0006  train_log_mse=0.12675  val_log_mse=1.85056  val_mse=0.010655  max_grad=216.09  patience=1/30
2026-10-07 19:05:56,103  gsv3.training             INFO     [family_holdout:vqe_su2] epoch 0007  train_log_mse=0.10801  val_log_mse=2.34966  val_mse=0.019048  max_grad=128.26  patience=2/30
2026-10-07 19:06:10,574  gsv3.training             INFO     [family_holdout:vqe_su2] epoch 0008  train_log_mse=0.09661  val_log_mse=1.56203  val_mse=0.006767  max_grad=86.08  patience=3/30
2026-10-07 19:06:25,144  gsv3.training             INFO     [family_holdout:vqe_su2] epoch 0009  train_log_mse=0.09698  val_log_mse=1.82664  val_mse=0.006082  max_grad=141.71  patience=0/30
2026-10-07 19:06:39,156  gsv3.training             INFO     [family_holdout:vqe_su2] epoch 0010  train_log_mse=0.08204  val_log_mse=1.27391  val_mse=0.005627  max_grad=89.07  patience=0/30
2026-10-07 19:06:53,749  gsv3.training             INFO     [family_holdout:vqe_su2] epoch 0011  train_log_mse=0.08031  val_log_mse=1.99366  val_mse=0.013535  max_grad=107.17  patience=1/30
2026-10-07 19:07:08,221  gsv3.training             INFO     [family_holdout:vqe_su2] epoch 0012  train_log_mse=0.08050  val_log_mse=1.79339  val_mse=0.005819  max_grad=78.48  patience=2/30
2026-10-07 19:07:22,123  gsv3.training             INFO     [family_holdout:vqe_su2] epoch 0013  train_log_mse=0.07239  val_log_mse=2.08276  val_mse=0.006006  max_grad=73.65  patience=3/30
2026-10-07 19:07:36,720  gsv3.training             INFO     [family_holdout:vqe_su2] epoch 0014  train_log_mse=0.05964  val_log_mse=1.45869  val_mse=0.005916  max_grad=51.03  patience=4/30
2026-10-07 19:07:51,301  gsv3.training             INFO     [family_holdout:vqe_su2] epoch 0015  train_log_mse=0.06507  val_log_mse=1.30912  val_mse=0.005149  max_grad=69.99  patience=0/30
2026-10-07 19:08:05,280  gsv3.training             INFO     [family_holdout:vqe_su2] epoch 0016  train_log_mse=0.06160  val_log_mse=1.39542  val_mse=0.007033  max_grad=52.28  patience=1/30
2026-10-07 19:08:19,595  gsv3.training             INFO     [family_holdout:vqe_su2] epoch 0017  train_log_mse=0.05660  val_log_mse=1.25451  val_mse=0.005644  max_grad=59.53  patience=2/30
2026-10-07 19:08:34,247  gsv3.training             INFO     [family_holdout:vqe_su2] epoch 0018  train_log_mse=0.05574  val_log_mse=1.06245  val_mse=0.005205  max_grad=53.95  patience=3/30
2026-10-07 19:08:48,174  gsv3.training             INFO     [family_holdout:vqe_su2] epoch 0019  train_log_mse=0.05550  val_log_mse=1.58319  val_mse=0.008084  max_grad=46.73  patience=4/30
2026-10-07 19:09:02,306  gsv3.training             INFO     [family_holdout:vqe_su2] epoch 0020  train_log_mse=0.04992  val_log_mse=1.02588  val_mse=0.004961  max_grad=60.69  patience=0/30
2026-10-07 19:09:17,178  gsv3.training             INFO     [family_holdout:vqe_su2] epoch 0021  train_log_mse=0.05517  val_log_mse=1.49786  val_mse=0.006373  max_grad=44.62  patience=1/30
2026-10-07 19:09:31,150  gsv3.training             INFO     [family_holdout:vqe_su2] epoch 0022  train_log_mse=0.05154  val_log_mse=1.22200  val_mse=0.006723  max_grad=42.90  patience=2/30
2026-10-07 19:09:45,313  gsv3.training             INFO     [family_holdout:vqe_su2] epoch 0023  train_log_mse=0.04900  val_log_mse=1.50708  val_mse=0.006509  max_grad=45.73  patience=3/30
2026-10-07 19:10:00,233  gsv3.training             INFO     [family_holdout:vqe_su2] epoch 0024  train_log_mse=0.04514  val_log_mse=1.19645  val_mse=0.005511  max_grad=32.83  patience=4/30
2026-10-07 19:10:14,361  gsv3.training             INFO     [family_holdout:vqe_su2] epoch 0025  train_log_mse=0.04402  val_log_mse=1.42408  val_mse=0.005481  max_grad=45.51  patience=5/30
2026-10-07 19:10:28,407  gsv3.training             INFO     [family_holdout:vqe_su2] epoch 0026  train_log_mse=0.04315  val_log_mse=1.54584  val_mse=0.006252  max_grad=50.74  patience=6/30
2026-10-07 19:10:43,413  gsv3.training             INFO     [family_holdout:vqe_su2] epoch 0027  train_log_mse=0.04321  val_log_mse=1.18072  val_mse=0.005222  max_grad=41.04  patience=7/30
2026-10-07 19:10:57,687  gsv3.training             INFO     [family_holdout:vqe_su2] epoch 0028  train_log_mse=0.04416  val_log_mse=1.22966  val_mse=0.005796  max_grad=73.63  patience=8/30
2026-10-07 19:11:11,596  gsv3.training             INFO     [family_holdout:vqe_su2] epoch 0029  train_log_mse=0.04323  val_log_mse=1.41412  val_mse=0.004987  max_grad=44.02  patience=9/30
2026-10-07 19:11:26,544  gsv3.training             INFO     [family_holdout:vqe_su2] epoch 0030  train_log_mse=0.04361  val_log_mse=1.05061  val_mse=0.005340  max_grad=33.51  patience=10/30
2026-10-07 19:11:40,745  gsv3.training             INFO     [family_holdout:vqe_su2] epoch 0031  train_log_mse=0.03802  val_log_mse=1.25720  val_mse=0.004886  max_grad=33.16  patience=0/30
2026-10-07 19:11:54,783  gsv3.training             INFO     [family_holdout:vqe_su2] epoch 0032  train_log_mse=0.04073  val_log_mse=1.07428  val_mse=0.005030  max_grad=39.04  patience=1/30
2026-10-07 19:12:09,344  gsv3.training             INFO     [family_holdout:vqe_su2] epoch 0033  train_log_mse=0.03950  val_log_mse=1.16711  val_mse=0.005108  max_grad=28.81  patience=2/30
2026-10-07 19:12:23,714  gsv3.training             INFO     [family_holdout:vqe_su2] epoch 0034  train_log_mse=0.03833  val_log_mse=1.46703  val_mse=0.005264  max_grad=29.44  patience=3/30
2026-10-07 19:12:37,594  gsv3.training             INFO     [family_holdout:vqe_su2] epoch 0035  train_log_mse=0.04041  val_log_mse=1.24537  val_mse=0.005513  max_grad=42.74  patience=4/30
2026-10-07 19:12:52,106  gsv3.training             INFO     [family_holdout:vqe_su2] epoch 0036  train_log_mse=0.03671  val_log_mse=1.05854  val_mse=0.005355  max_grad=25.59  patience=5/30
2026-10-07 19:13:06,950  gsv3.training             INFO     [family_holdout:vqe_su2] epoch 0037  train_log_mse=0.03842  val_log_mse=1.19982  val_mse=0.005217  max_grad=36.37  patience=6/30
2026-10-07 19:13:20,877  gsv3.training             INFO     [family_holdout:vqe_su2] epoch 0038  train_log_mse=0.03601  val_log_mse=1.12108  val_mse=0.006340  max_grad=43.25  patience=7/30
2026-10-07 19:13:35,084  gsv3.training             INFO     [family_holdout:vqe_su2] epoch 0039  train_log_mse=0.03733  val_log_mse=1.35157  val_mse=0.005956  max_grad=35.35  patience=8/30
2026-10-07 19:13:49,835  gsv3.training             INFO     [family_holdout:vqe_su2] epoch 0040  train_log_mse=0.04100  val_log_mse=1.13844  val_mse=0.005035  max_grad=34.62  patience=9/30
2026-10-07 19:14:03,732  gsv3.training             INFO     [family_holdout:vqe_su2] epoch 0041  train_log_mse=0.03533  val_log_mse=1.31374  val_mse=0.005204  max_grad=27.66  patience=10/30
2026-10-07 19:14:17,768  gsv3.training             INFO     [family_holdout:vqe_su2] epoch 0042  train_log_mse=0.03932  val_log_mse=1.49215  val_mse=0.005915  max_grad=30.11  patience=11/30
2026-10-07 19:14:32,705  gsv3.training             INFO     [family_holdout:vqe_su2] epoch 0043  train_log_mse=0.03544  val_log_mse=1.02109  val_mse=0.005340  max_grad=37.00  patience=12/30
2026-10-07 19:14:46,632  gsv3.training             INFO     [family_holdout:vqe_su2] epoch 0044  train_log_mse=0.03618  val_log_mse=1.10760  val_mse=0.005326  max_grad=30.47  patience=13/30
2026-10-07 19:15:00,497  gsv3.training             INFO     [family_holdout:vqe_su2] epoch 0045  train_log_mse=0.03678  val_log_mse=0.91999  val_mse=0.005971  max_grad=32.06  patience=14/30
2026-10-07 19:15:15,691  gsv3.training             INFO     [family_holdout:vqe_su2] epoch 0046  train_log_mse=0.03410  val_log_mse=1.16929  val_mse=0.005727  max_grad=28.31  patience=15/30
2026-10-07 19:15:29,595  gsv3.training             INFO     [family_holdout:vqe_su2] epoch 0047  train_log_mse=0.03467  val_log_mse=1.20141  val_mse=0.005603  max_grad=29.82  patience=16/30
2026-10-07 19:15:43,552  gsv3.training             INFO     [family_holdout:vqe_su2] epoch 0048  train_log_mse=0.03303  val_log_mse=1.25191  val_mse=0.005372  max_grad=27.96  patience=17/30
2026-10-07 19:15:58,577  gsv3.training             INFO     [family_holdout:vqe_su2] epoch 0049  train_log_mse=0.03452  val_log_mse=1.22128  val_mse=0.004979  max_grad=29.86  patience=18/30
2026-10-07 19:16:12,503  gsv3.training             INFO     [family_holdout:vqe_su2] epoch 0050  train_log_mse=0.03453  val_log_mse=0.89858  val_mse=0.004768  max_grad=26.91  patience=0/30
2026-10-07 19:16:26,372  gsv3.training             INFO     [family_holdout:vqe_su2] epoch 0051  train_log_mse=0.03386  val_log_mse=0.91780  val_mse=0.004723  max_grad=23.42  patience=0/30
2026-10-07 19:16:41,336  gsv3.training             INFO     [family_holdout:vqe_su2] epoch 0052  train_log_mse=0.03432  val_log_mse=1.27994  val_mse=0.005210  max_grad=35.84  patience=1/30
2026-10-07 19:16:55,109  gsv3.training             INFO     [family_holdout:vqe_su2] epoch 0053  train_log_mse=0.03248  val_log_mse=1.36588  val_mse=0.005826  max_grad=32.34  patience=2/30
2026-10-07 19:17:08,824  gsv3.training             INFO     [family_holdout:vqe_su2] epoch 0054  train_log_mse=0.03046  val_log_mse=1.54813  val_mse=0.006270  max_grad=19.47  patience=3/30
2026-10-07 19:17:23,724  gsv3.training             INFO     [family_holdout:vqe_su2] epoch 0055  train_log_mse=0.03491  val_log_mse=1.12041  val_mse=0.005174  max_grad=32.89  patience=4/30
2026-10-07 19:17:37,609  gsv3.training             INFO     [family_holdout:vqe_su2] epoch 0056  train_log_mse=0.03040  val_log_mse=0.99031  val_mse=0.004795  max_grad=18.66  patience=5/30
2026-10-07 19:17:51,300  gsv3.training             INFO     [family_holdout:vqe_su2] epoch 0057  train_log_mse=0.03174  val_log_mse=0.96793  val_mse=0.005406  max_grad=23.84  patience=6/30
2026-10-07 19:18:06,404  gsv3.training             INFO     [family_holdout:vqe_su2] epoch 0058  train_log_mse=0.03415  val_log_mse=1.21370  val_mse=0.005651  max_grad=32.58  patience=7/30
2026-10-07 19:18:20,365  gsv3.training             INFO     [family_holdout:vqe_su2] epoch 0059  train_log_mse=0.03226  val_log_mse=1.50026  val_mse=0.006717  max_grad=29.82  patience=8/30
2026-10-07 19:18:34,285  gsv3.training             INFO     [family_holdout:vqe_su2] epoch 0060  train_log_mse=0.03039  val_log_mse=1.47814  val_mse=0.005588  max_grad=23.24  patience=9/30
2026-10-07 19:18:49,366  gsv3.training             INFO     [family_holdout:vqe_su2] epoch 0061  train_log_mse=0.02930  val_log_mse=1.19123  val_mse=0.005349  max_grad=18.11  patience=10/30
2026-10-07 19:19:03,581  gsv3.training             INFO     [family_holdout:vqe_su2] epoch 0062  train_log_mse=0.03192  val_log_mse=1.18825  val_mse=0.005375  max_grad=27.45  patience=11/30
2026-10-07 19:19:17,572  gsv3.training             INFO     [family_holdout:vqe_su2] epoch 0063  train_log_mse=0.03176  val_log_mse=0.99005  val_mse=0.005237  max_grad=35.46  patience=12/30
2026-10-07 19:19:32,616  gsv3.training             INFO     [family_holdout:vqe_su2] epoch 0064  train_log_mse=0.03264  val_log_mse=1.13670  val_mse=0.004847  max_grad=25.12  patience=13/30
2026-10-07 19:19:47,037  gsv3.training             INFO     [family_holdout:vqe_su2] epoch 0065  train_log_mse=0.02936  val_log_mse=0.89051  val_mse=0.005126  max_grad=21.76  patience=14/30
2026-10-07 19:20:01,009  gsv3.training             INFO     [family_holdout:vqe_su2] epoch 0066  train_log_mse=0.03013  val_log_mse=1.09768  val_mse=0.005001  max_grad=29.53  patience=15/30
2026-10-07 19:20:15,564  gsv3.training             INFO     [family_holdout:vqe_su2] epoch 0067  train_log_mse=0.03047  val_log_mse=0.88903  val_mse=0.004952  max_grad=29.80  patience=16/30
2026-10-07 19:20:30,040  gsv3.training             INFO     [family_holdout:vqe_su2] epoch 0068  train_log_mse=0.02714  val_log_mse=0.96022  val_mse=0.004838  max_grad=25.12  patience=17/30
2026-10-07 19:20:44,124  gsv3.training             INFO     [family_holdout:vqe_su2] epoch 0069  train_log_mse=0.02678  val_log_mse=1.05817  val_mse=0.005038  max_grad=23.67  patience=18/30
2026-10-07 19:20:58,819  gsv3.training             INFO     [family_holdout:vqe_su2] epoch 0070  train_log_mse=0.02975  val_log_mse=1.05514  val_mse=0.005796  max_grad=20.90  patience=19/30
2026-10-07 19:21:13,300  gsv3.training             INFO     [family_holdout:vqe_su2] epoch 0071  train_log_mse=0.02910  val_log_mse=0.97453  val_mse=0.004932  max_grad=31.11  patience=20/30
2026-10-07 19:21:27,186  gsv3.training             INFO     [family_holdout:vqe_su2] epoch 0072  train_log_mse=0.02895  val_log_mse=1.31096  val_mse=0.005576  max_grad=17.19  patience=21/30
2026-10-07 19:21:41,669  gsv3.training             INFO     [family_holdout:vqe_su2] epoch 0073  train_log_mse=0.02720  val_log_mse=1.20532  val_mse=0.005346  max_grad=29.22  patience=22/30
2026-10-07 19:21:56,368  gsv3.training             INFO     [family_holdout:vqe_su2] epoch 0074  train_log_mse=0.02643  val_log_mse=1.18351  val_mse=0.005117  max_grad=24.61  patience=23/30
2026-10-07 19:22:10,429  gsv3.training             INFO     [family_holdout:vqe_su2] epoch 0075  train_log_mse=0.02738  val_log_mse=1.09891  val_mse=0.005062  max_grad=19.97  patience=24/30
2026-10-07 19:22:25,078  gsv3.training             INFO     [family_holdout:vqe_su2] epoch 0076  train_log_mse=0.02799  val_log_mse=0.97593  val_mse=0.005185  max_grad=19.25  patience=25/30
2026-10-07 19:22:39,716  gsv3.training             INFO     [family_holdout:vqe_su2] epoch 0077  train_log_mse=0.02980  val_log_mse=1.14155  val_mse=0.005773  max_grad=39.12  patience=26/30
2026-10-07 19:22:53,867  gsv3.training             INFO     [family_holdout:vqe_su2] epoch 0078  train_log_mse=0.02772  val_log_mse=1.04902  val_mse=0.005651  max_grad=23.53  patience=27/30
2026-10-07 19:23:08,176  gsv3.training             INFO     [family_holdout:vqe_su2] epoch 0079  train_log_mse=0.02708  val_log_mse=1.03573  val_mse=0.005179  max_grad=19.14  patience=28/30
2026-10-07 19:23:22,601  gsv3.training             INFO     [family_holdout:vqe_su2] epoch 0080  train_log_mse=0.02631  val_log_mse=1.05020  val_mse=0.005419  max_grad=22.73  patience=29/30
2026-10-07 19:23:36,995  gsv3.training             INFO     [family_holdout:vqe_su2] epoch 0081  train_log_mse=0.02961  val_log_mse=1.13232  val_mse=0.005458  max_grad=21.60  patience=30/30
2026-10-07 19:23:40,040  gsv3.experiment           INFO     [vqe_su2] TEST  n=2858  MAE=0.1448  R2=0.6217  device-acc=0.457  regret=0.0324
2026-10-07 19:23:40,044  genstudy.io               INFO     Wrote evaluations/generalization_v3/results/pooled_stab_a05/leave_one_family_out/vqe_su2/metrics.json
2026-10-07 19:23:40,064  genstudy.io               INFO     Wrote evaluations/generalization_v3/results/pooled_stab_a05/leave_one_family_out/vqe_su2/predictions.json
2026-10-07 19:23:40,077  genstudy.io               INFO     Wrote evaluations/generalization_v3/results/pooled_stab_a05/leave_one_family_out/vqe_su2/history.json
2026-10-07 19:23:40,112  run_experiment            INFO     [4/10] qaoa
2026-10-07 19:23:40,115  gsv3.experiment           INFO     === family_holdout / qaoa ===
2026-10-07 19:23:40,115  gsv3.experiment           INFO     Leave-one-family-out: test = all 2706 'qaoa' circuits, train = 14350 circuits from 34 other families.
2026-10-07 19:23:40,117  gsv3.experiment           INFO     train=11453  val=2897 ({'mode': 'family', 'val_families': ['bmw_quark_copula', 'draper_qft_adder', 'dynamic_qft', 'ghz', 'graphstate', 'grover', 'qft', 'qftentangled', 'qpeinexact', 'randomcircuit']})  test=2706
2026-10-07 19:23:40,176  gsv3.training             INFO     [family_holdout:qaoa] model=pooled (601177 params) train=11453 val=2897 lr=0.0003 clip=1.0 alpha=0.50
2026-10-07 19:23:53,961  gsv3.training             INFO     [family_holdout:qaoa] epoch 0001  train_log_mse=3.31348  val_log_mse=6.27481  val_mse=0.009909  max_grad=25285.84  patience=0/30
2026-10-07 19:24:08,758  gsv3.training             INFO     [family_holdout:qaoa] epoch 0002  train_log_mse=0.42250  val_log_mse=8.32737  val_mse=0.005635  max_grad=992.54  patience=0/30
2026-10-07 19:24:23,316  gsv3.training             INFO     [family_holdout:qaoa] epoch 0003  train_log_mse=0.33624  val_log_mse=6.44437  val_mse=0.018760  max_grad=737.65  patience=1/30
2026-10-07 19:24:37,331  gsv3.training             INFO     [family_holdout:qaoa] epoch 0004  train_log_mse=0.18814  val_log_mse=6.23720  val_mse=0.007683  max_grad=193.39  patience=2/30
2026-10-07 19:24:51,592  gsv3.training             INFO     [family_holdout:qaoa] epoch 0005  train_log_mse=0.19402  val_log_mse=4.60696  val_mse=0.008159  max_grad=231.28  patience=3/30
2026-10-07 19:25:05,979  gsv3.training             INFO     [family_holdout:qaoa] epoch 0006  train_log_mse=0.14912  val_log_mse=5.01783  val_mse=0.006300  max_grad=199.94  patience=4/30
2026-10-07 19:25:20,241  gsv3.training             INFO     [family_holdout:qaoa] epoch 0007  train_log_mse=0.12703  val_log_mse=5.36327  val_mse=0.011671  max_grad=237.23  patience=5/30
2026-10-07 19:25:34,841  gsv3.training             INFO     [family_holdout:qaoa] epoch 0008  train_log_mse=0.14007  val_log_mse=4.53898  val_mse=0.008697  max_grad=154.36  patience=6/30
2026-10-07 19:25:48,883  gsv3.training             INFO     [family_holdout:qaoa] epoch 0009  train_log_mse=0.09750  val_log_mse=6.26471  val_mse=0.005190  max_grad=93.60  patience=0/30
2026-10-07 19:26:03,226  gsv3.training             INFO     [family_holdout:qaoa] epoch 0010  train_log_mse=0.10220  val_log_mse=5.23863  val_mse=0.010421  max_grad=108.43  patience=1/30
2026-10-07 19:26:17,891  gsv3.training             INFO     [family_holdout:qaoa] epoch 0011  train_log_mse=0.08618  val_log_mse=4.78287  val_mse=0.005081  max_grad=120.36  patience=0/30
2026-10-07 19:26:31,947  gsv3.training             INFO     [family_holdout:qaoa] epoch 0012  train_log_mse=0.08594  val_log_mse=4.17610  val_mse=0.007321  max_grad=99.65  patience=1/30
2026-10-07 19:26:46,568  gsv3.training             INFO     [family_holdout:qaoa] epoch 0013  train_log_mse=0.07537  val_log_mse=3.96028  val_mse=0.005670  max_grad=76.26  patience=2/30
2026-10-07 19:27:01,091  gsv3.training             INFO     [family_holdout:qaoa] epoch 0014  train_log_mse=0.05968  val_log_mse=4.30107  val_mse=0.006195  max_grad=59.87  patience=3/30
2026-10-07 19:27:15,129  gsv3.training             INFO     [family_holdout:qaoa] epoch 0015  train_log_mse=0.06443  val_log_mse=3.39620  val_mse=0.005638  max_grad=68.16  patience=4/30
2026-10-07 19:27:29,749  gsv3.training             INFO     [family_holdout:qaoa] epoch 0016  train_log_mse=0.06014  val_log_mse=3.82629  val_mse=0.006829  max_grad=49.84  patience=5/30
2026-10-07 19:27:44,128  gsv3.training             INFO     [family_holdout:qaoa] epoch 0017  train_log_mse=0.05481  val_log_mse=4.30937  val_mse=0.007652  max_grad=59.72  patience=6/30
2026-10-07 19:27:58,255  gsv3.training             INFO     [family_holdout:qaoa] epoch 0018  train_log_mse=0.05200  val_log_mse=3.53729  val_mse=0.006279  max_grad=56.30  patience=7/30
2026-10-07 19:28:12,802  gsv3.training             INFO     [family_holdout:qaoa] epoch 0019  train_log_mse=0.05030  val_log_mse=4.27681  val_mse=0.008055  max_grad=82.38  patience=8/30
2026-10-07 19:28:27,355  gsv3.training             INFO     [family_holdout:qaoa] epoch 0020  train_log_mse=0.04683  val_log_mse=3.35254  val_mse=0.006437  max_grad=46.60  patience=9/30
2026-10-07 19:28:41,656  gsv3.training             INFO     [family_holdout:qaoa] epoch 0021  train_log_mse=0.05562  val_log_mse=3.83343  val_mse=0.006652  max_grad=63.84  patience=10/30
2026-10-07 19:28:55,993  gsv3.training             INFO     [family_holdout:qaoa] epoch 0022  train_log_mse=0.04267  val_log_mse=3.50558  val_mse=0.006940  max_grad=32.98  patience=11/30
2026-10-07 19:29:10,560  gsv3.training             INFO     [family_holdout:qaoa] epoch 0023  train_log_mse=0.04730  val_log_mse=3.25910  val_mse=0.007670  max_grad=54.15  patience=12/30
2026-10-07 19:29:25,080  gsv3.training             INFO     [family_holdout:qaoa] epoch 0024  train_log_mse=0.04425  val_log_mse=3.34580  val_mse=0.008315  max_grad=45.69  patience=13/30
2026-10-07 19:29:39,238  gsv3.training             INFO     [family_holdout:qaoa] epoch 0025  train_log_mse=0.04397  val_log_mse=3.72636  val_mse=0.006576  max_grad=42.75  patience=14/30
2026-10-07 19:29:53,798  gsv3.training             INFO     [family_holdout:qaoa] epoch 0026  train_log_mse=0.04133  val_log_mse=3.73956  val_mse=0.008196  max_grad=42.25  patience=15/30
2026-10-07 19:30:08,513  gsv3.training             INFO     [family_holdout:qaoa] epoch 0027  train_log_mse=0.03729  val_log_mse=3.48540  val_mse=0.006313  max_grad=39.66  patience=16/30
2026-10-07 19:30:22,636  gsv3.training             INFO     [family_holdout:qaoa] epoch 0028  train_log_mse=0.03790  val_log_mse=3.12985  val_mse=0.007166  max_grad=43.23  patience=17/30
2026-10-07 19:30:37,173  gsv3.training             INFO     [family_holdout:qaoa] epoch 0029  train_log_mse=0.04031  val_log_mse=3.42696  val_mse=0.007556  max_grad=31.14  patience=18/30
2026-10-07 19:30:51,908  gsv3.training             INFO     [family_holdout:qaoa] epoch 0030  train_log_mse=0.03600  val_log_mse=3.00021  val_mse=0.006231  max_grad=41.19  patience=19/30
2026-10-07 19:31:06,035  gsv3.training             INFO     [family_holdout:qaoa] epoch 0031  train_log_mse=0.03962  val_log_mse=3.47583  val_mse=0.007597  max_grad=62.84  patience=20/30
2026-10-07 19:31:20,288  gsv3.training             INFO     [family_holdout:qaoa] epoch 0032  train_log_mse=0.04085  val_log_mse=3.01420  val_mse=0.006776  max_grad=46.52  patience=21/30
2026-10-07 19:31:35,307  gsv3.training             INFO     [family_holdout:qaoa] epoch 0033  train_log_mse=0.03858  val_log_mse=3.01218  val_mse=0.007291  max_grad=36.26  patience=22/30
2026-10-07 19:31:49,420  gsv3.training             INFO     [family_holdout:qaoa] epoch 0034  train_log_mse=0.04001  val_log_mse=2.72414  val_mse=0.007217  max_grad=46.16  patience=23/30
2026-10-07 19:32:03,497  gsv3.training             INFO     [family_holdout:qaoa] epoch 0035  train_log_mse=0.03688  val_log_mse=3.34580  val_mse=0.006563  max_grad=39.86  patience=24/30
2026-10-07 19:32:18,458  gsv3.training             INFO     [family_holdout:qaoa] epoch 0036  train_log_mse=0.03634  val_log_mse=3.87096  val_mse=0.007176  max_grad=33.46  patience=25/30
2026-10-07 19:32:32,739  gsv3.training             INFO     [family_holdout:qaoa] epoch 0037  train_log_mse=0.03275  val_log_mse=3.27164  val_mse=0.006191  max_grad=30.01  patience=26/30
2026-10-07 19:32:46,826  gsv3.training             INFO     [family_holdout:qaoa] epoch 0038  train_log_mse=0.03155  val_log_mse=2.77407  val_mse=0.005134  max_grad=36.61  patience=27/30
2026-10-07 19:33:01,750  gsv3.training             INFO     [family_holdout:qaoa] epoch 0039  train_log_mse=0.03538  val_log_mse=3.10211  val_mse=0.006737  max_grad=36.80  patience=28/30
2026-10-07 19:33:16,104  gsv3.training             INFO     [family_holdout:qaoa] epoch 0040  train_log_mse=0.03565  val_log_mse=3.65264  val_mse=0.008175  max_grad=37.85  patience=29/30
2026-10-07 19:33:30,278  gsv3.training             INFO     [family_holdout:qaoa] epoch 0041  train_log_mse=0.03093  val_log_mse=3.15108  val_mse=0.007986  max_grad=26.47  patience=30/30
2026-10-07 19:33:33,169  gsv3.experiment           INFO     [qaoa] TEST  n=2706  MAE=0.0576  R2=0.9147  device-acc=0.181  regret=0.0249
2026-10-07 19:33:33,173  genstudy.io               INFO     Wrote evaluations/generalization_v3/results/pooled_stab_a05/leave_one_family_out/qaoa/metrics.json
2026-10-07 19:33:33,191  genstudy.io               INFO     Wrote evaluations/generalization_v3/results/pooled_stab_a05/leave_one_family_out/qaoa/predictions.json
2026-10-07 19:33:33,202  genstudy.io               INFO     Wrote evaluations/generalization_v3/results/pooled_stab_a05/leave_one_family_out/qaoa/history.json
2026-10-07 19:33:33,233  run_experiment            INFO     [5/10] randomcircuit
2026-10-07 19:33:33,235  gsv3.experiment           INFO     === family_holdout / randomcircuit ===
2026-10-07 19:33:33,235  gsv3.experiment           INFO     Leave-one-family-out: test = all 1234 'randomcircuit' circuits, train = 15822 circuits from 34 other families.
2026-10-07 19:33:33,238  gsv3.experiment           INFO     train=11927  val=3895 ({'mode': 'family', 'val_families': ['ae', 'bmw_quark_cardinality', 'bmw_quark_copula', 'bv', 'cdkm_ripple_carry_adder', 'dj', 'draper_qft_adder', 'dynamic_qft', 'ghz', 'ghz_dynamic', 'graphstate', 'grover', 'half_adder', 'hrs_cumulative_multiplier', 'iqpe', 'modular_adder', 'multiplier', 'qft', 'qftentangled', 'qnn', 'qpeexact', 'qpeinexact', 'qwalk', 'rg_qft_multiplier', 'seven_qubit_steane_code', 'shors_nine_qubit_code', 'vbe_ripple_carry_adder', 'wstate']})  test=1234
2026-10-07 19:33:33,306  gsv3.training             INFO     [family_holdout:randomcircuit] model=pooled (601177 params) train=11927 val=3895 lr=0.0003 clip=1.0 alpha=0.50
2026-10-07 19:33:48,946  gsv3.training             INFO     [family_holdout:randomcircuit] epoch 0001  train_log_mse=5.87561  val_log_mse=3.90489  val_mse=0.039232  max_grad=62557.02  patience=0/30
2026-10-07 19:34:05,025  gsv3.training             INFO     [family_holdout:randomcircuit] epoch 0002  train_log_mse=0.42600  val_log_mse=4.01407  val_mse=0.036000  max_grad=777.50  patience=0/30
2026-10-07 19:34:20,984  gsv3.training             INFO     [family_holdout:randomcircuit] epoch 0003  train_log_mse=0.34189  val_log_mse=3.82745  val_mse=0.036870  max_grad=582.40  patience=1/30
2026-10-07 19:34:36,349  gsv3.training             INFO     [family_holdout:randomcircuit] epoch 0004  train_log_mse=0.22589  val_log_mse=4.01859  val_mse=0.034532  max_grad=509.51  patience=0/30
2026-10-07 19:34:51,763  gsv3.training             INFO     [family_holdout:randomcircuit] epoch 0005  train_log_mse=0.22074  val_log_mse=3.52938  val_mse=0.040831  max_grad=441.24  patience=1/30
2026-10-07 19:35:08,079  gsv3.training             INFO     [family_holdout:randomcircuit] epoch 0006  train_log_mse=0.14566  val_log_mse=3.38452  val_mse=0.038857  max_grad=187.61  patience=2/30
2026-10-07 19:35:24,155  gsv3.training             INFO     [family_holdout:randomcircuit] epoch 0007  train_log_mse=0.13302  val_log_mse=3.19880  val_mse=0.034524  max_grad=148.66  patience=0/30
2026-10-07 19:35:39,619  gsv3.training             INFO     [family_holdout:randomcircuit] epoch 0008  train_log_mse=0.10787  val_log_mse=3.45356  val_mse=0.031444  max_grad=139.83  patience=0/30
2026-10-07 19:35:55,016  gsv3.training             INFO     [family_holdout:randomcircuit] epoch 0009  train_log_mse=0.09877  val_log_mse=3.07582  val_mse=0.033390  max_grad=136.25  patience=1/30
2026-10-07 19:36:11,192  gsv3.training             INFO     [family_holdout:randomcircuit] epoch 0010  train_log_mse=0.08484  val_log_mse=3.05191  val_mse=0.039584  max_grad=106.22  patience=2/30
2026-10-07 19:36:27,074  gsv3.training             INFO     [family_holdout:randomcircuit] epoch 0011  train_log_mse=0.08332  val_log_mse=3.40620  val_mse=0.032611  max_grad=110.98  patience=3/30
2026-10-07 19:36:42,568  gsv3.training             INFO     [family_holdout:randomcircuit] epoch 0012  train_log_mse=0.07257  val_log_mse=2.83675  val_mse=0.033513  max_grad=86.48  patience=4/30
2026-10-07 19:36:58,092  gsv3.training             INFO     [family_holdout:randomcircuit] epoch 0013  train_log_mse=0.07010  val_log_mse=2.98242  val_mse=0.033497  max_grad=90.84  patience=5/30
2026-10-07 19:37:14,320  gsv3.training             INFO     [family_holdout:randomcircuit] epoch 0014  train_log_mse=0.06194  val_log_mse=3.12285  val_mse=0.030659  max_grad=88.04  patience=0/30
2026-10-07 19:37:30,238  gsv3.training             INFO     [family_holdout:randomcircuit] epoch 0015  train_log_mse=0.06327  val_log_mse=2.98917  val_mse=0.034062  max_grad=69.14  patience=1/30
2026-10-07 19:37:45,743  gsv3.training             INFO     [family_holdout:randomcircuit] epoch 0016  train_log_mse=0.06920  val_log_mse=2.83571  val_mse=0.034447  max_grad=104.96  patience=2/30
2026-10-07 19:38:01,108  gsv3.training             INFO     [family_holdout:randomcircuit] epoch 0017  train_log_mse=0.05692  val_log_mse=2.77990  val_mse=0.032694  max_grad=81.45  patience=3/30
2026-10-07 19:38:17,386  gsv3.training             INFO     [family_holdout:randomcircuit] epoch 0018  train_log_mse=0.05838  val_log_mse=2.92518  val_mse=0.033150  max_grad=65.15  patience=4/30
2026-10-07 19:38:33,359  gsv3.training             INFO     [family_holdout:randomcircuit] epoch 0019  train_log_mse=0.05658  val_log_mse=2.79264  val_mse=0.032292  max_grad=63.90  patience=5/30
2026-10-07 19:38:48,949  gsv3.training             INFO     [family_holdout:randomcircuit] epoch 0020  train_log_mse=0.05191  val_log_mse=2.80130  val_mse=0.032528  max_grad=46.44  patience=6/30
2026-10-07 19:39:04,439  gsv3.training             INFO     [family_holdout:randomcircuit] epoch 0021  train_log_mse=0.05309  val_log_mse=2.99972  val_mse=0.031192  max_grad=61.55  patience=7/30
2026-10-07 19:39:20,234  gsv3.training             INFO     [family_holdout:randomcircuit] epoch 0022  train_log_mse=0.05386  val_log_mse=2.86660  val_mse=0.033888  max_grad=59.37  patience=8/30
2026-10-07 19:39:36,267  gsv3.training             INFO     [family_holdout:randomcircuit] epoch 0023  train_log_mse=0.04518  val_log_mse=2.70543  val_mse=0.036690  max_grad=57.75  patience=9/30
2026-10-07 19:39:51,691  gsv3.training             INFO     [family_holdout:randomcircuit] epoch 0024  train_log_mse=0.04878  val_log_mse=3.00519  val_mse=0.032018  max_grad=40.37  patience=10/30
2026-10-07 19:40:06,433  gsv3.training             INFO     [family_holdout:randomcircuit] epoch 0025  train_log_mse=0.04923  val_log_mse=2.86209  val_mse=0.030503  max_grad=38.61  patience=0/30
2026-10-07 19:40:19,161  gsv3.training             INFO     [family_holdout:randomcircuit] epoch 0026  train_log_mse=0.05164  val_log_mse=2.83962  val_mse=0.032777  max_grad=57.32  patience=1/30
2026-10-07 19:40:35,317  gsv3.training             INFO     [family_holdout:randomcircuit] epoch 0027  train_log_mse=0.04477  val_log_mse=2.78810  val_mse=0.031229  max_grad=35.97  patience=2/30
2026-10-07 19:40:51,174  gsv3.training             INFO     [family_holdout:randomcircuit] epoch 0028  train_log_mse=0.04570  val_log_mse=2.75704  val_mse=0.031787  max_grad=38.86  patience=3/30
2026-10-07 19:41:07,347  gsv3.training             INFO     [family_holdout:randomcircuit] epoch 0029  train_log_mse=0.04100  val_log_mse=2.68487  val_mse=0.036675  max_grad=34.02  patience=4/30
2026-10-07 19:41:24,023  gsv3.training             INFO     [family_holdout:randomcircuit] epoch 0030  train_log_mse=0.04172  val_log_mse=2.68972  val_mse=0.033018  max_grad=45.70  patience=5/30
2026-10-07 19:41:40,381  gsv3.training             INFO     [family_holdout:randomcircuit] epoch 0031  train_log_mse=0.04337  val_log_mse=2.68630  val_mse=0.032162  max_grad=33.81  patience=6/30
2026-10-07 19:41:56,164  gsv3.training             INFO     [family_holdout:randomcircuit] epoch 0032  train_log_mse=0.03827  val_log_mse=2.72693  val_mse=0.031279  max_grad=32.62  patience=7/30
2026-10-07 19:42:12,440  gsv3.training             INFO     [family_holdout:randomcircuit] epoch 0033  train_log_mse=0.04112  val_log_mse=2.74497  val_mse=0.032850  max_grad=54.86  patience=8/30
2026-10-07 19:42:29,182  gsv3.training             INFO     [family_holdout:randomcircuit] epoch 0034  train_log_mse=0.03761  val_log_mse=2.85536  val_mse=0.029250  max_grad=30.33  patience=0/30
2026-10-07 19:42:45,800  gsv3.training             INFO     [family_holdout:randomcircuit] epoch 0035  train_log_mse=0.03559  val_log_mse=2.75739  val_mse=0.029932  max_grad=35.22  patience=1/30
2026-10-07 19:43:01,768  gsv3.training             INFO     [family_holdout:randomcircuit] epoch 0036  train_log_mse=0.03838  val_log_mse=2.73969  val_mse=0.032162  max_grad=48.84  patience=2/30
2026-10-07 19:43:17,609  gsv3.training             INFO     [family_holdout:randomcircuit] epoch 0037  train_log_mse=0.04317  val_log_mse=2.55713  val_mse=0.033639  max_grad=36.87  patience=3/30
2026-10-07 19:43:34,003  gsv3.training             INFO     [family_holdout:randomcircuit] epoch 0038  train_log_mse=0.04162  val_log_mse=2.78898  val_mse=0.031889  max_grad=71.15  patience=4/30
2026-10-07 19:43:50,775  gsv3.training             INFO     [family_holdout:randomcircuit] epoch 0039  train_log_mse=0.03511  val_log_mse=2.60923  val_mse=0.029779  max_grad=31.65  patience=5/30
2026-10-07 19:44:06,697  gsv3.training             INFO     [family_holdout:randomcircuit] epoch 0040  train_log_mse=0.03476  val_log_mse=2.75755  val_mse=0.030548  max_grad=36.72  patience=6/30
2026-10-07 19:44:22,696  gsv3.training             INFO     [family_holdout:randomcircuit] epoch 0041  train_log_mse=0.03593  val_log_mse=2.78289  val_mse=0.028626  max_grad=35.42  patience=0/30
2026-10-07 19:44:38,975  gsv3.training             INFO     [family_holdout:randomcircuit] epoch 0042  train_log_mse=0.03697  val_log_mse=2.64341  val_mse=0.029732  max_grad=31.65  patience=1/30
2026-10-07 19:44:55,793  gsv3.training             INFO     [family_holdout:randomcircuit] epoch 0043  train_log_mse=0.03498  val_log_mse=2.70003  val_mse=0.029691  max_grad=28.68  patience=2/30
2026-10-07 19:45:11,777  gsv3.training             INFO     [family_holdout:randomcircuit] epoch 0044  train_log_mse=0.03136  val_log_mse=2.65242  val_mse=0.030489  max_grad=23.32  patience=3/30
2026-10-07 19:45:27,620  gsv3.training             INFO     [family_holdout:randomcircuit] epoch 0045  train_log_mse=0.03080  val_log_mse=2.79234  val_mse=0.030460  max_grad=25.65  patience=4/30
2026-10-07 19:45:43,913  gsv3.training             INFO     [family_holdout:randomcircuit] epoch 0046  train_log_mse=0.03337  val_log_mse=2.60030  val_mse=0.031540  max_grad=36.05  patience=5/30
2026-10-07 19:46:00,633  gsv3.training             INFO     [family_holdout:randomcircuit] epoch 0047  train_log_mse=0.03296  val_log_mse=2.69385  val_mse=0.028396  max_grad=21.80  patience=0/30
2026-10-07 19:46:16,664  gsv3.training             INFO     [family_holdout:randomcircuit] epoch 0048  train_log_mse=0.03305  val_log_mse=2.64714  val_mse=0.030190  max_grad=24.10  patience=1/30
2026-10-07 19:46:32,932  gsv3.training             INFO     [family_holdout:randomcircuit] epoch 0049  train_log_mse=0.03080  val_log_mse=2.52262  val_mse=0.031294  max_grad=29.30  patience=2/30
2026-10-07 19:46:49,565  gsv3.training             INFO     [family_holdout:randomcircuit] epoch 0050  train_log_mse=0.03300  val_log_mse=2.73503  val_mse=0.029859  max_grad=25.69  patience=3/30
2026-10-07 19:47:03,465  gsv3.training             INFO     [family_holdout:randomcircuit] epoch 0051  train_log_mse=0.03106  val_log_mse=2.59467  val_mse=0.030522  max_grad=48.02  patience=4/30
2026-10-07 19:47:17,727  gsv3.training             INFO     [family_holdout:randomcircuit] epoch 0052  train_log_mse=0.03015  val_log_mse=2.52247  val_mse=0.028488  max_grad=32.70  patience=5/30
2026-10-07 19:47:33,850  gsv3.training             INFO     [family_holdout:randomcircuit] epoch 0053  train_log_mse=0.02932  val_log_mse=2.54214  val_mse=0.032532  max_grad=28.54  patience=6/30
2026-10-07 19:47:50,125  gsv3.training             INFO     [family_holdout:randomcircuit] epoch 0054  train_log_mse=0.03274  val_log_mse=2.60954  val_mse=0.029389  max_grad=25.75  patience=7/30
2026-10-07 19:48:06,014  gsv3.training             INFO     [family_holdout:randomcircuit] epoch 0055  train_log_mse=0.03369  val_log_mse=2.65776  val_mse=0.030476  max_grad=29.22  patience=8/30
2026-10-07 19:48:22,697  gsv3.training             INFO     [family_holdout:randomcircuit] epoch 0056  train_log_mse=0.03086  val_log_mse=2.73064  val_mse=0.030373  max_grad=35.00  patience=9/30
2026-10-07 19:48:39,132  gsv3.training             INFO     [family_holdout:randomcircuit] epoch 0057  train_log_mse=0.02849  val_log_mse=2.74366  val_mse=0.030947  max_grad=20.64  patience=10/30
2026-10-07 19:48:55,087  gsv3.training             INFO     [family_holdout:randomcircuit] epoch 0058  train_log_mse=0.02931  val_log_mse=2.67265  val_mse=0.030406  max_grad=20.91  patience=11/30
2026-10-07 19:49:10,815  gsv3.training             INFO     [family_holdout:randomcircuit] epoch 0059  train_log_mse=0.02992  val_log_mse=2.60529  val_mse=0.030959  max_grad=20.35  patience=12/30
2026-10-07 19:49:27,867  gsv3.training             INFO     [family_holdout:randomcircuit] epoch 0060  train_log_mse=0.02845  val_log_mse=2.70176  val_mse=0.031445  max_grad=24.30  patience=13/30
2026-10-07 19:49:44,250  gsv3.training             INFO     [family_holdout:randomcircuit] epoch 0061  train_log_mse=0.02993  val_log_mse=2.70346  val_mse=0.031202  max_grad=28.75  patience=14/30
2026-10-07 19:50:00,237  gsv3.training             INFO     [family_holdout:randomcircuit] epoch 0062  train_log_mse=0.02796  val_log_mse=2.66948  val_mse=0.031025  max_grad=23.11  patience=15/30
2026-10-07 19:50:16,719  gsv3.training             INFO     [family_holdout:randomcircuit] epoch 0063  train_log_mse=0.02755  val_log_mse=2.75517  val_mse=0.033666  max_grad=29.81  patience=16/30
2026-10-07 19:50:33,034  gsv3.training             INFO     [family_holdout:randomcircuit] epoch 0064  train_log_mse=0.02670  val_log_mse=2.76570  val_mse=0.029875  max_grad=23.40  patience=17/30
2026-10-07 19:50:49,382  gsv3.training             INFO     [family_holdout:randomcircuit] epoch 0065  train_log_mse=0.02654  val_log_mse=2.67733  val_mse=0.030072  max_grad=21.58  patience=18/30
2026-10-07 19:51:05,622  gsv3.training             INFO     [family_holdout:randomcircuit] epoch 0066  train_log_mse=0.02710  val_log_mse=2.62663  val_mse=0.030467  max_grad=17.00  patience=19/30
2026-10-07 19:51:21,652  gsv3.training             INFO     [family_holdout:randomcircuit] epoch 0067  train_log_mse=0.03054  val_log_mse=2.67815  val_mse=0.032723  max_grad=36.20  patience=20/30
2026-10-07 19:51:37,679  gsv3.training             INFO     [family_holdout:randomcircuit] epoch 0068  train_log_mse=0.02885  val_log_mse=2.58981  val_mse=0.032902  max_grad=22.90  patience=21/30
2026-10-07 19:51:54,706  gsv3.training             INFO     [family_holdout:randomcircuit] epoch 0069  train_log_mse=0.02832  val_log_mse=2.46962  val_mse=0.031557  max_grad=20.47  patience=22/30
2026-10-07 19:52:11,005  gsv3.training             INFO     [family_holdout:randomcircuit] epoch 0070  train_log_mse=0.02685  val_log_mse=2.55871  val_mse=0.029577  max_grad=23.08  patience=23/30
2026-10-07 19:52:27,097  gsv3.training             INFO     [family_holdout:randomcircuit] epoch 0071  train_log_mse=0.02667  val_log_mse=2.65194  val_mse=0.029417  max_grad=21.54  patience=24/30
2026-10-07 19:52:43,045  gsv3.training             INFO     [family_holdout:randomcircuit] epoch 0072  train_log_mse=0.02888  val_log_mse=2.62475  val_mse=0.030323  max_grad=21.15  patience=25/30
2026-10-07 19:53:00,085  gsv3.training             INFO     [family_holdout:randomcircuit] epoch 0073  train_log_mse=0.02681  val_log_mse=2.68793  val_mse=0.029839  max_grad=20.33  patience=26/30
2026-10-07 19:53:16,115  gsv3.training             INFO     [family_holdout:randomcircuit] epoch 0074  train_log_mse=0.02761  val_log_mse=2.63178  val_mse=0.027842  max_grad=17.84  patience=0/30
2026-10-07 19:53:32,051  gsv3.training             INFO     [family_holdout:randomcircuit] epoch 0075  train_log_mse=0.02646  val_log_mse=2.59166  val_mse=0.028604  max_grad=22.79  patience=1/30
2026-10-07 19:53:48,528  gsv3.training             INFO     [family_holdout:randomcircuit] epoch 0076  train_log_mse=0.02721  val_log_mse=2.56618  val_mse=0.027814  max_grad=24.54  patience=0/30
2026-10-07 19:54:04,784  gsv3.training             INFO     [family_holdout:randomcircuit] epoch 0077  train_log_mse=0.02713  val_log_mse=2.62719  val_mse=0.028257  max_grad=25.58  patience=1/30
2026-10-07 19:54:21,106  gsv3.training             INFO     [family_holdout:randomcircuit] epoch 0078  train_log_mse=0.02723  val_log_mse=2.49454  val_mse=0.030295  max_grad=23.99  patience=2/30
2026-10-07 19:54:37,600  gsv3.training             INFO     [family_holdout:randomcircuit] epoch 0079  train_log_mse=0.02644  val_log_mse=2.63584  val_mse=0.030674  max_grad=20.10  patience=3/30
2026-10-07 19:54:53,522  gsv3.training             INFO     [family_holdout:randomcircuit] epoch 0080  train_log_mse=0.02447  val_log_mse=2.79573  val_mse=0.027874  max_grad=19.68  patience=4/30
2026-10-07 19:55:09,536  gsv3.training             INFO     [family_holdout:randomcircuit] epoch 0081  train_log_mse=0.02711  val_log_mse=2.54720  val_mse=0.033852  max_grad=32.60  patience=5/30
2026-10-07 19:55:26,577  gsv3.training             INFO     [family_holdout:randomcircuit] epoch 0082  train_log_mse=0.02402  val_log_mse=2.66976  val_mse=0.030462  max_grad=17.67  patience=6/30
2026-10-07 19:55:42,770  gsv3.training             INFO     [family_holdout:randomcircuit] epoch 0083  train_log_mse=0.02579  val_log_mse=2.69924  val_mse=0.027910  max_grad=29.73  patience=7/30
2026-10-07 19:55:58,662  gsv3.training             INFO     [family_holdout:randomcircuit] epoch 0084  train_log_mse=0.02546  val_log_mse=2.48508  val_mse=0.028899  max_grad=19.52  patience=8/30
2026-10-07 19:56:14,843  gsv3.training             INFO     [family_holdout:randomcircuit] epoch 0085  train_log_mse=0.02502  val_log_mse=2.60890  val_mse=0.029184  max_grad=16.77  patience=9/30
2026-10-07 19:56:31,859  gsv3.training             INFO     [family_holdout:randomcircuit] epoch 0086  train_log_mse=0.02493  val_log_mse=2.62868  val_mse=0.029629  max_grad=20.53  patience=10/30
2026-10-07 19:56:47,798  gsv3.training             INFO     [family_holdout:randomcircuit] epoch 0087  train_log_mse=0.02471  val_log_mse=2.65409  val_mse=0.029717  max_grad=25.19  patience=11/30
2026-10-07 19:57:03,826  gsv3.training             INFO     [family_holdout:randomcircuit] epoch 0088  train_log_mse=0.02783  val_log_mse=2.78803  val_mse=0.028594  max_grad=29.30  patience=12/30
2026-10-07 19:57:20,233  gsv3.training             INFO     [family_holdout:randomcircuit] epoch 0089  train_log_mse=0.02526  val_log_mse=2.56460  val_mse=0.029150  max_grad=21.90  patience=13/30
2026-10-07 19:57:36,583  gsv3.training             INFO     [family_holdout:randomcircuit] epoch 0090  train_log_mse=0.02459  val_log_mse=2.61367  val_mse=0.028625  max_grad=16.50  patience=14/30
2026-10-07 19:57:52,744  gsv3.training             INFO     [family_holdout:randomcircuit] epoch 0091  train_log_mse=0.02565  val_log_mse=2.77155  val_mse=0.030725  max_grad=17.59  patience=15/30
2026-10-07 19:58:09,136  gsv3.training             INFO     [family_holdout:randomcircuit] epoch 0092  train_log_mse=0.02381  val_log_mse=2.68549  val_mse=0.029045  max_grad=21.59  patience=16/30
2026-10-07 19:58:24,963  gsv3.training             INFO     [family_holdout:randomcircuit] epoch 0093  train_log_mse=0.02423  val_log_mse=2.69809  val_mse=0.029904  max_grad=16.78  patience=17/30
2026-10-07 19:58:41,104  gsv3.training             INFO     [family_holdout:randomcircuit] epoch 0094  train_log_mse=0.02598  val_log_mse=2.74116  val_mse=0.027994  max_grad=17.90  patience=18/30
2026-10-07 19:58:57,942  gsv3.training             INFO     [family_holdout:randomcircuit] epoch 0095  train_log_mse=0.02444  val_log_mse=2.71183  val_mse=0.028720  max_grad=17.78  patience=19/30
2026-10-07 19:59:13,801  gsv3.training             INFO     [family_holdout:randomcircuit] epoch 0096  train_log_mse=0.02419  val_log_mse=2.69639  val_mse=0.028519  max_grad=19.01  patience=20/30
2026-10-07 19:59:29,816  gsv3.training             INFO     [family_holdout:randomcircuit] epoch 0097  train_log_mse=0.02583  val_log_mse=2.65775  val_mse=0.029041  max_grad=25.36  patience=21/30
2026-10-07 19:59:46,333  gsv3.training             INFO     [family_holdout:randomcircuit] epoch 0098  train_log_mse=0.02387  val_log_mse=2.67151  val_mse=0.027272  max_grad=18.49  patience=0/30
2026-10-07 20:00:02,925  gsv3.training             INFO     [family_holdout:randomcircuit] epoch 0099  train_log_mse=0.02461  val_log_mse=2.59510  val_mse=0.027517  max_grad=19.98  patience=1/30
2026-10-07 20:00:18,920  gsv3.training             INFO     [family_holdout:randomcircuit] epoch 0100  train_log_mse=0.02494  val_log_mse=2.66456  val_mse=0.030360  max_grad=16.90  patience=2/30
2026-10-07 20:00:35,063  gsv3.training             INFO     [family_holdout:randomcircuit] epoch 0101  train_log_mse=0.02389  val_log_mse=2.58364  val_mse=0.028272  max_grad=23.53  patience=3/30
2026-10-07 20:00:51,295  gsv3.training             INFO     [family_holdout:randomcircuit] epoch 0102  train_log_mse=0.02577  val_log_mse=2.71780  val_mse=0.028875  max_grad=27.00  patience=4/30
2026-10-07 20:01:08,002  gsv3.training             INFO     [family_holdout:randomcircuit] epoch 0103  train_log_mse=0.02395  val_log_mse=2.55161  val_mse=0.029639  max_grad=19.57  patience=5/30
2026-10-07 20:01:23,962  gsv3.training             INFO     [family_holdout:randomcircuit] epoch 0104  train_log_mse=0.02180  val_log_mse=2.64009  val_mse=0.028485  max_grad=23.24  patience=6/30
2026-10-07 20:01:40,212  gsv3.training             INFO     [family_holdout:randomcircuit] epoch 0105  train_log_mse=0.02471  val_log_mse=2.64407  val_mse=0.028533  max_grad=15.23  patience=7/30
2026-10-07 20:01:56,191  gsv3.training             INFO     [family_holdout:randomcircuit] epoch 0106  train_log_mse=0.02198  val_log_mse=2.68471  val_mse=0.028862  max_grad=16.94  patience=8/30
2026-10-07 20:02:12,592  gsv3.training             INFO     [family_holdout:randomcircuit] epoch 0107  train_log_mse=0.02372  val_log_mse=2.77790  val_mse=0.028665  max_grad=20.06  patience=9/30
2026-10-07 20:02:29,436  gsv3.training             INFO     [family_holdout:randomcircuit] epoch 0108  train_log_mse=0.02530  val_log_mse=2.72555  val_mse=0.027515  max_grad=19.60  patience=10/30
2026-10-07 20:02:45,448  gsv3.training             INFO     [family_holdout:randomcircuit] epoch 0109  train_log_mse=0.02367  val_log_mse=2.51223  val_mse=0.033592  max_grad=14.29  patience=11/30
2026-10-07 20:03:01,409  gsv3.training             INFO     [family_holdout:randomcircuit] epoch 0110  train_log_mse=0.02431  val_log_mse=2.55712  val_mse=0.028406  max_grad=19.41  patience=12/30
2026-10-07 20:03:18,260  gsv3.training             INFO     [family_holdout:randomcircuit] epoch 0111  train_log_mse=0.02269  val_log_mse=2.66017  val_mse=0.030584  max_grad=13.23  patience=13/30
2026-10-07 20:03:34,622  gsv3.training             INFO     [family_holdout:randomcircuit] epoch 0112  train_log_mse=0.02456  val_log_mse=2.60383  val_mse=0.027888  max_grad=22.55  patience=14/30
2026-10-07 20:03:50,580  gsv3.training             INFO     [family_holdout:randomcircuit] epoch 0113  train_log_mse=0.02215  val_log_mse=2.59959  val_mse=0.029974  max_grad=16.73  patience=15/30
2026-10-07 20:04:07,030  gsv3.training             INFO     [family_holdout:randomcircuit] epoch 0114  train_log_mse=0.02343  val_log_mse=2.70756  val_mse=0.030010  max_grad=20.40  patience=16/30
2026-10-07 20:04:23,323  gsv3.training             INFO     [family_holdout:randomcircuit] epoch 0115  train_log_mse=0.02225  val_log_mse=2.63985  val_mse=0.030132  max_grad=29.05  patience=17/30
2026-10-07 20:04:39,950  gsv3.training             INFO     [family_holdout:randomcircuit] epoch 0116  train_log_mse=0.02265  val_log_mse=2.55248  val_mse=0.029121  max_grad=19.12  patience=18/30
2026-10-07 20:04:56,085  gsv3.training             INFO     [family_holdout:randomcircuit] epoch 0117  train_log_mse=0.02347  val_log_mse=2.64943  val_mse=0.030157  max_grad=15.15  patience=19/30
2026-10-07 20:05:11,657  gsv3.training             INFO     [family_holdout:randomcircuit] epoch 0118  train_log_mse=0.02200  val_log_mse=2.76307  val_mse=0.027049  max_grad=16.97  patience=0/30
2026-10-07 20:05:27,521  gsv3.training             INFO     [family_holdout:randomcircuit] epoch 0119  train_log_mse=0.02254  val_log_mse=2.79506  val_mse=0.028457  max_grad=21.09  patience=1/30
2026-10-07 20:05:44,716  gsv3.training             INFO     [family_holdout:randomcircuit] epoch 0120  train_log_mse=0.02217  val_log_mse=2.68985  val_mse=0.029310  max_grad=24.47  patience=2/30
2026-10-07 20:06:00,734  gsv3.training             INFO     [family_holdout:randomcircuit] epoch 0121  train_log_mse=0.02237  val_log_mse=2.89855  val_mse=0.027944  max_grad=19.18  patience=3/30
2026-10-07 20:06:16,613  gsv3.training             INFO     [family_holdout:randomcircuit] epoch 0122  train_log_mse=0.02303  val_log_mse=2.68108  val_mse=0.029725  max_grad=18.95  patience=4/30
2026-10-07 20:06:33,113  gsv3.training             INFO     [family_holdout:randomcircuit] epoch 0123  train_log_mse=0.02348  val_log_mse=2.70473  val_mse=0.030992  max_grad=24.20  patience=5/30
2026-10-07 20:06:49,710  gsv3.training             INFO     [family_holdout:randomcircuit] epoch 0124  train_log_mse=0.02297  val_log_mse=2.73768  val_mse=0.028856  max_grad=24.32  patience=6/30
2026-10-07 20:07:05,821  gsv3.training             INFO     [family_holdout:randomcircuit] epoch 0125  train_log_mse=0.02314  val_log_mse=2.60553  val_mse=0.027701  max_grad=35.32  patience=7/30
2026-10-07 20:07:22,300  gsv3.training             INFO     [family_holdout:randomcircuit] epoch 0126  train_log_mse=0.02141  val_log_mse=2.56428  val_mse=0.028181  max_grad=13.62  patience=8/30
2026-10-07 20:07:38,080  gsv3.training             INFO     [family_holdout:randomcircuit] epoch 0127  train_log_mse=0.02489  val_log_mse=2.62901  val_mse=0.028907  max_grad=29.99  patience=9/30
2026-10-07 20:07:54,940  gsv3.training             INFO     [family_holdout:randomcircuit] epoch 0128  train_log_mse=0.02251  val_log_mse=2.79597  val_mse=0.030512  max_grad=23.41  patience=10/30
2026-10-07 20:08:12,281  gsv3.training             INFO     [family_holdout:randomcircuit] epoch 0129  train_log_mse=0.02222  val_log_mse=2.65231  val_mse=0.029541  max_grad=18.49  patience=11/30
2026-10-07 20:08:28,793  gsv3.training             INFO     [family_holdout:randomcircuit] epoch 0130  train_log_mse=0.02121  val_log_mse=2.60267  val_mse=0.028849  max_grad=19.36  patience=12/30
2026-10-07 20:08:45,140  gsv3.training             INFO     [family_holdout:randomcircuit] epoch 0131  train_log_mse=0.02327  val_log_mse=2.51235  val_mse=0.028187  max_grad=25.26  patience=13/30
2026-10-07 20:09:02,053  gsv3.training             INFO     [family_holdout:randomcircuit] epoch 0132  train_log_mse=0.02215  val_log_mse=2.59853  val_mse=0.029398  max_grad=14.22  patience=14/30
2026-10-07 20:09:18,723  gsv3.training             INFO     [family_holdout:randomcircuit] epoch 0133  train_log_mse=0.02037  val_log_mse=2.57848  val_mse=0.031682  max_grad=17.07  patience=15/30
2026-10-07 20:09:34,883  gsv3.training             INFO     [family_holdout:randomcircuit] epoch 0134  train_log_mse=0.02354  val_log_mse=2.64354  val_mse=0.028488  max_grad=26.57  patience=16/30
2026-10-07 20:09:51,266  gsv3.training             INFO     [family_holdout:randomcircuit] epoch 0135  train_log_mse=0.02094  val_log_mse=2.48552  val_mse=0.028499  max_grad=19.11  patience=17/30
2026-10-07 20:10:07,138  gsv3.training             INFO     [family_holdout:randomcircuit] epoch 0136  train_log_mse=0.02298  val_log_mse=2.63310  val_mse=0.028467  max_grad=22.20  patience=18/30
2026-10-07 20:10:23,614  gsv3.training             INFO     [family_holdout:randomcircuit] epoch 0137  train_log_mse=0.02319  val_log_mse=2.74116  val_mse=0.027899  max_grad=26.04  patience=19/30
2026-10-07 20:10:40,392  gsv3.training             INFO     [family_holdout:randomcircuit] epoch 0138  train_log_mse=0.02272  val_log_mse=2.80840  val_mse=0.026732  max_grad=15.79  patience=0/30
2026-10-07 20:10:56,290  gsv3.training             INFO     [family_holdout:randomcircuit] epoch 0139  train_log_mse=0.02227  val_log_mse=2.66766  val_mse=0.028342  max_grad=21.11  patience=1/30
2026-10-07 20:11:12,424  gsv3.training             INFO     [family_holdout:randomcircuit] epoch 0140  train_log_mse=0.02225  val_log_mse=2.67570  val_mse=0.029676  max_grad=29.33  patience=2/30
2026-10-07 20:11:29,161  gsv3.training             INFO     [family_holdout:randomcircuit] epoch 0141  train_log_mse=0.02071  val_log_mse=2.73031  val_mse=0.027907  max_grad=20.41  patience=3/30
2026-10-07 20:11:45,761  gsv3.training             INFO     [family_holdout:randomcircuit] epoch 0142  train_log_mse=0.02053  val_log_mse=2.57372  val_mse=0.029223  max_grad=15.53  patience=4/30
2026-10-07 20:12:01,901  gsv3.training             INFO     [family_holdout:randomcircuit] epoch 0143  train_log_mse=0.02282  val_log_mse=2.77849  val_mse=0.029583  max_grad=25.69  patience=5/30
2026-10-07 20:12:18,201  gsv3.training             INFO     [family_holdout:randomcircuit] epoch 0144  train_log_mse=0.02010  val_log_mse=2.90534  val_mse=0.032582  max_grad=17.21  patience=6/30
2026-10-07 20:12:34,058  gsv3.training             INFO     [family_holdout:randomcircuit] epoch 0145  train_log_mse=0.02358  val_log_mse=2.72045  val_mse=0.031197  max_grad=17.96  patience=7/30
2026-10-07 20:12:51,540  gsv3.training             INFO     [family_holdout:randomcircuit] epoch 0146  train_log_mse=0.02149  val_log_mse=2.66037  val_mse=0.028569  max_grad=18.91  patience=8/30
2026-10-07 20:13:07,839  gsv3.training             INFO     [family_holdout:randomcircuit] epoch 0147  train_log_mse=0.02331  val_log_mse=2.89392  val_mse=0.031128  max_grad=18.61  patience=9/30
2026-10-07 20:13:23,829  gsv3.training             INFO     [family_holdout:randomcircuit] epoch 0148  train_log_mse=0.02100  val_log_mse=2.86691  val_mse=0.027830  max_grad=20.98  patience=10/30
2026-10-07 20:13:40,123  gsv3.training             INFO     [family_holdout:randomcircuit] epoch 0149  train_log_mse=0.02255  val_log_mse=2.60392  val_mse=0.028293  max_grad=22.21  patience=11/30
2026-10-07 20:13:57,036  gsv3.training             INFO     [family_holdout:randomcircuit] epoch 0150  train_log_mse=0.02221  val_log_mse=2.71761  val_mse=0.027445  max_grad=20.30  patience=12/30
2026-10-07 20:14:13,198  gsv3.training             INFO     [family_holdout:randomcircuit] epoch 0151  train_log_mse=0.02148  val_log_mse=2.61353  val_mse=0.027208  max_grad=20.71  patience=13/30
2026-10-07 20:14:29,464  gsv3.training             INFO     [family_holdout:randomcircuit] epoch 0152  train_log_mse=0.02273  val_log_mse=2.72486  val_mse=0.028728  max_grad=28.53  patience=14/30
2026-10-07 20:14:45,590  gsv3.training             INFO     [family_holdout:randomcircuit] epoch 0153  train_log_mse=0.02062  val_log_mse=2.68640  val_mse=0.030769  max_grad=18.17  patience=15/30
2026-10-07 20:15:01,933  gsv3.training             INFO     [family_holdout:randomcircuit] epoch 0154  train_log_mse=0.01990  val_log_mse=2.64230  val_mse=0.030212  max_grad=15.87  patience=16/30
2026-10-07 20:15:18,757  gsv3.training             INFO     [family_holdout:randomcircuit] epoch 0155  train_log_mse=0.02033  val_log_mse=2.69260  val_mse=0.025939  max_grad=13.00  patience=0/30
2026-10-07 20:15:34,819  gsv3.training             INFO     [family_holdout:randomcircuit] epoch 0156  train_log_mse=0.02185  val_log_mse=2.89501  val_mse=0.029111  max_grad=23.98  patience=1/30
2026-10-07 20:15:50,604  gsv3.training             INFO     [family_holdout:randomcircuit] epoch 0157  train_log_mse=0.02016  val_log_mse=2.73528  val_mse=0.030687  max_grad=16.72  patience=2/30
2026-10-07 20:16:07,351  gsv3.training             INFO     [family_holdout:randomcircuit] epoch 0158  train_log_mse=0.02146  val_log_mse=2.67398  val_mse=0.028917  max_grad=20.16  patience=3/30
2026-10-07 20:16:22,787  gsv3.training             INFO     [family_holdout:randomcircuit] epoch 0159  train_log_mse=0.02073  val_log_mse=2.68699  val_mse=0.026732  max_grad=22.80  patience=4/30
2026-10-07 20:16:38,639  gsv3.training             INFO     [family_holdout:randomcircuit] epoch 0160  train_log_mse=0.02075  val_log_mse=2.72458  val_mse=0.029542  max_grad=28.39  patience=5/30
2026-10-07 20:16:55,464  gsv3.training             INFO     [family_holdout:randomcircuit] epoch 0161  train_log_mse=0.02241  val_log_mse=2.64550  val_mse=0.028475  max_grad=34.59  patience=6/30
2026-10-07 20:17:11,775  gsv3.training             INFO     [family_holdout:randomcircuit] epoch 0162  train_log_mse=0.02087  val_log_mse=2.84441  val_mse=0.030652  max_grad=22.25  patience=7/30
2026-10-07 20:17:27,653  gsv3.training             INFO     [family_holdout:randomcircuit] epoch 0163  train_log_mse=0.02172  val_log_mse=2.73094  val_mse=0.028262  max_grad=16.36  patience=8/30
2026-10-07 20:17:44,165  gsv3.training             INFO     [family_holdout:randomcircuit] epoch 0164  train_log_mse=0.02177  val_log_mse=2.66715  val_mse=0.027527  max_grad=23.74  patience=9/30
2026-10-07 20:18:00,041  gsv3.training             INFO     [family_holdout:randomcircuit] epoch 0165  train_log_mse=0.02186  val_log_mse=2.88111  val_mse=0.030558  max_grad=26.93  patience=10/30
2026-10-07 20:18:16,384  gsv3.training             INFO     [family_holdout:randomcircuit] epoch 0166  train_log_mse=0.02044  val_log_mse=2.75923  val_mse=0.031730  max_grad=21.65  patience=11/30
2026-10-07 20:18:32,385  gsv3.training             INFO     [family_holdout:randomcircuit] epoch 0167  train_log_mse=0.02125  val_log_mse=2.73881  val_mse=0.028508  max_grad=25.01  patience=12/30
2026-10-07 20:18:48,198  gsv3.training             INFO     [family_holdout:randomcircuit] epoch 0168  train_log_mse=0.02064  val_log_mse=2.41940  val_mse=0.027752  max_grad=16.37  patience=13/30
2026-10-07 20:19:05,159  gsv3.training             INFO     [family_holdout:randomcircuit] epoch 0169  train_log_mse=0.01979  val_log_mse=2.74113  val_mse=0.030431  max_grad=26.52  patience=14/30
2026-10-07 20:19:21,270  gsv3.training             INFO     [family_holdout:randomcircuit] epoch 0170  train_log_mse=0.01973  val_log_mse=2.67123  val_mse=0.028176  max_grad=16.65  patience=15/30
2026-10-07 20:19:37,098  gsv3.training             INFO     [family_holdout:randomcircuit] epoch 0171  train_log_mse=0.02251  val_log_mse=2.78325  val_mse=0.030843  max_grad=32.82  patience=16/30
2026-10-07 20:19:53,353  gsv3.training             INFO     [family_holdout:randomcircuit] epoch 0172  train_log_mse=0.02087  val_log_mse=2.61614  val_mse=0.027853  max_grad=19.85  patience=17/30
2026-10-07 20:20:10,025  gsv3.training             INFO     [family_holdout:randomcircuit] epoch 0173  train_log_mse=0.02289  val_log_mse=2.58821  val_mse=0.027803  max_grad=24.76  patience=18/30
2026-10-07 20:20:25,703  gsv3.training             INFO     [family_holdout:randomcircuit] epoch 0174  train_log_mse=0.01872  val_log_mse=2.66470  val_mse=0.029577  max_grad=17.98  patience=19/30
2026-10-07 20:20:42,492  gsv3.training             INFO     [family_holdout:randomcircuit] epoch 0175  train_log_mse=0.02032  val_log_mse=2.73162  val_mse=0.030722  max_grad=19.37  patience=20/30
2026-10-07 20:20:59,201  gsv3.training             INFO     [family_holdout:randomcircuit] epoch 0176  train_log_mse=0.02074  val_log_mse=2.77454  val_mse=0.032306  max_grad=19.41  patience=21/30
2026-10-07 20:21:15,937  gsv3.training             INFO     [family_holdout:randomcircuit] epoch 0177  train_log_mse=0.02067  val_log_mse=2.63269  val_mse=0.026804  max_grad=25.36  patience=22/30
2026-10-07 20:21:32,271  gsv3.training             INFO     [family_holdout:randomcircuit] epoch 0178  train_log_mse=0.02295  val_log_mse=2.89342  val_mse=0.031943  max_grad=28.16  patience=23/30
2026-10-07 20:21:48,382  gsv3.training             INFO     [family_holdout:randomcircuit] epoch 0179  train_log_mse=0.02192  val_log_mse=2.80922  val_mse=0.032600  max_grad=24.29  patience=24/30
2026-10-07 20:22:04,540  gsv3.training             INFO     [family_holdout:randomcircuit] epoch 0180  train_log_mse=0.01962  val_log_mse=2.63183  val_mse=0.028632  max_grad=16.65  patience=25/30
2026-10-07 20:22:21,487  gsv3.training             INFO     [family_holdout:randomcircuit] epoch 0181  train_log_mse=0.02297  val_log_mse=2.75261  val_mse=0.031450  max_grad=20.48  patience=26/30
2026-10-07 20:22:37,621  gsv3.training             INFO     [family_holdout:randomcircuit] epoch 0182  train_log_mse=0.01990  val_log_mse=2.76483  val_mse=0.031128  max_grad=15.60  patience=27/30
2026-10-07 20:22:53,539  gsv3.training             INFO     [family_holdout:randomcircuit] epoch 0183  train_log_mse=0.02001  val_log_mse=2.57271  val_mse=0.030090  max_grad=19.55  patience=28/30
2026-10-07 20:23:10,274  gsv3.training             INFO     [family_holdout:randomcircuit] epoch 0184  train_log_mse=0.02086  val_log_mse=2.73008  val_mse=0.030943  max_grad=16.14  patience=29/30
2026-10-07 20:23:26,688  gsv3.training             INFO     [family_holdout:randomcircuit] epoch 0185  train_log_mse=0.02098  val_log_mse=2.63787  val_mse=0.028876  max_grad=21.33  patience=30/30
2026-10-07 20:23:28,181  gsv3.experiment           INFO     [randomcircuit] TEST  n=1234  MAE=0.0588  R2=0.8824  device-acc=0.283  regret=0.0068
2026-10-07 20:23:28,184  genstudy.io               INFO     Wrote evaluations/generalization_v3/results/pooled_stab_a05/leave_one_family_out/randomcircuit/metrics.json
2026-10-07 20:23:28,192  genstudy.io               INFO     Wrote evaluations/generalization_v3/results/pooled_stab_a05/leave_one_family_out/randomcircuit/predictions.json
2026-10-07 20:23:28,205  genstudy.io               INFO     Wrote evaluations/generalization_v3/results/pooled_stab_a05/leave_one_family_out/randomcircuit/history.json
2026-10-07 20:23:28,235  run_experiment            INFO     [6/10] qft
2026-10-07 20:23:28,238  gsv3.experiment           INFO     === family_holdout / qft ===
2026-10-07 20:23:28,238  gsv3.experiment           INFO     Leave-one-family-out: test = all 760 'qft' circuits, train = 16296 circuits from 34 other families.
2026-10-07 20:23:28,241  gsv3.experiment           INFO     train=12774  val=3522 ({'mode': 'family', 'val_families': ['bmw_quark_cardinality', 'bmw_quark_copula', 'bv', 'draper_qft_adder', 'dynamic_qft', 'ghz', 'graphstate', 'grover', 'iqpe', 'modular_adder', 'qftentangled', 'qnn', 'qwalk', 'randomcircuit', 'rg_qft_multiplier', 'shors_nine_qubit_code', 'wstate']})  test=760
2026-10-07 20:23:28,302  gsv3.training             INFO     [family_holdout:qft] model=pooled (601177 params) train=12774 val=3522 lr=0.0003 clip=1.0 alpha=0.50
2026-10-07 20:23:44,670  gsv3.training             INFO     [family_holdout:qft] epoch 0001  train_log_mse=5.39706  val_log_mse=7.21855  val_mse=0.062030  max_grad=58798.45  patience=0/30
2026-10-07 20:24:01,225  gsv3.training             INFO     [family_holdout:qft] epoch 0002  train_log_mse=0.41219  val_log_mse=3.82978  val_mse=0.044180  max_grad=1028.41  patience=0/30
2026-10-07 20:24:18,162  gsv3.training             INFO     [family_holdout:qft] epoch 0003  train_log_mse=0.24741  val_log_mse=3.35555  val_mse=0.052895  max_grad=298.26  patience=1/30
2026-10-07 20:24:35,250  gsv3.training             INFO     [family_holdout:qft] epoch 0004  train_log_mse=0.16966  val_log_mse=4.19266  val_mse=0.048210  max_grad=232.31  patience=2/30
2026-10-07 20:24:51,629  gsv3.training             INFO     [family_holdout:qft] epoch 0005  train_log_mse=0.14683  val_log_mse=3.15555  val_mse=0.052069  max_grad=174.53  patience=3/30
2026-10-07 20:25:08,722  gsv3.training             INFO     [family_holdout:qft] epoch 0006  train_log_mse=0.11375  val_log_mse=3.27725  val_mse=0.052956  max_grad=126.50  patience=4/30
2026-10-07 20:25:25,122  gsv3.training             INFO     [family_holdout:qft] epoch 0007  train_log_mse=0.10258  val_log_mse=3.14268  val_mse=0.052039  max_grad=126.05  patience=5/30
2026-10-07 20:25:42,163  gsv3.training             INFO     [family_holdout:qft] epoch 0008  train_log_mse=0.09369  val_log_mse=3.43693  val_mse=0.052754  max_grad=105.19  patience=6/30
2026-10-07 20:25:59,045  gsv3.training             INFO     [family_holdout:qft] epoch 0009  train_log_mse=0.09567  val_log_mse=3.65640  val_mse=0.051916  max_grad=118.40  patience=7/30
2026-10-07 20:26:15,583  gsv3.training             INFO     [family_holdout:qft] epoch 0010  train_log_mse=0.08409  val_log_mse=3.68082  val_mse=0.058926  max_grad=101.04  patience=8/30
2026-10-07 20:26:31,985  gsv3.training             INFO     [family_holdout:qft] epoch 0011  train_log_mse=0.08524  val_log_mse=3.08662  val_mse=0.054370  max_grad=66.66  patience=9/30
2026-10-07 20:26:49,895  gsv3.training             INFO     [family_holdout:qft] epoch 0012  train_log_mse=0.07053  val_log_mse=3.38589  val_mse=0.053164  max_grad=61.04  patience=10/30
2026-10-07 20:27:06,471  gsv3.training             INFO     [family_holdout:qft] epoch 0013  train_log_mse=0.05850  val_log_mse=3.23906  val_mse=0.051026  max_grad=48.41  patience=11/30
2026-10-07 20:27:22,927  gsv3.training             INFO     [family_holdout:qft] epoch 0014  train_log_mse=0.07105  val_log_mse=2.44796  val_mse=0.042021  max_grad=97.71  patience=0/30
2026-10-07 20:27:39,880  gsv3.training             INFO     [family_holdout:qft] epoch 0015  train_log_mse=0.07847  val_log_mse=2.44473  val_mse=0.041084  max_grad=82.18  patience=0/30
2026-10-07 20:27:57,022  gsv3.training             INFO     [family_holdout:qft] epoch 0016  train_log_mse=0.06358  val_log_mse=2.98368  val_mse=0.056002  max_grad=88.34  patience=1/30
2026-10-07 20:28:13,390  gsv3.training             INFO     [family_holdout:qft] epoch 0017  train_log_mse=0.05661  val_log_mse=3.11144  val_mse=0.050248  max_grad=40.17  patience=2/30
2026-10-07 20:28:30,352  gsv3.training             INFO     [family_holdout:qft] epoch 0018  train_log_mse=0.05702  val_log_mse=2.51726  val_mse=0.044195  max_grad=42.52  patience=3/30
2026-10-07 20:28:47,036  gsv3.training             INFO     [family_holdout:qft] epoch 0019  train_log_mse=0.05680  val_log_mse=2.50514  val_mse=0.047464  max_grad=74.78  patience=4/30
2026-10-07 20:29:04,197  gsv3.training             INFO     [family_holdout:qft] epoch 0020  train_log_mse=0.05197  val_log_mse=2.56738  val_mse=0.045270  max_grad=37.16  patience=5/30
2026-10-07 20:29:21,081  gsv3.training             INFO     [family_holdout:qft] epoch 0021  train_log_mse=0.05092  val_log_mse=2.28212  val_mse=0.041846  max_grad=38.64  patience=6/30
2026-10-07 20:29:37,720  gsv3.training             INFO     [family_holdout:qft] epoch 0022  train_log_mse=0.05383  val_log_mse=2.73313  val_mse=0.042077  max_grad=36.81  patience=7/30
2026-10-07 20:29:53,988  gsv3.training             INFO     [family_holdout:qft] epoch 0023  train_log_mse=0.04667  val_log_mse=2.75136  val_mse=0.046638  max_grad=32.37  patience=8/30
2026-10-07 20:30:11,329  gsv3.training             INFO     [family_holdout:qft] epoch 0024  train_log_mse=0.04935  val_log_mse=2.69679  val_mse=0.047413  max_grad=51.99  patience=9/30
2026-10-07 20:30:29,044  gsv3.training             INFO     [family_holdout:qft] epoch 0025  train_log_mse=0.05191  val_log_mse=2.44480  val_mse=0.040723  max_grad=46.52  patience=0/30
2026-10-07 20:30:46,192  gsv3.training             INFO     [family_holdout:qft] epoch 0026  train_log_mse=0.05106  val_log_mse=2.97780  val_mse=0.044293  max_grad=47.37  patience=1/30
2026-10-07 20:31:03,336  gsv3.training             INFO     [family_holdout:qft] epoch 0027  train_log_mse=0.04361  val_log_mse=2.21557  val_mse=0.036846  max_grad=30.57  patience=0/30
2026-10-07 20:31:20,716  gsv3.training             INFO     [family_holdout:qft] epoch 0028  train_log_mse=0.04519  val_log_mse=3.41351  val_mse=0.044626  max_grad=31.76  patience=1/30
2026-10-07 20:31:37,656  gsv3.training             INFO     [family_holdout:qft] epoch 0029  train_log_mse=0.05054  val_log_mse=2.58267  val_mse=0.046905  max_grad=46.97  patience=2/30
2026-10-07 20:31:54,143  gsv3.training             INFO     [family_holdout:qft] epoch 0030  train_log_mse=0.04483  val_log_mse=2.66588  val_mse=0.043461  max_grad=26.96  patience=3/30
2026-10-07 20:32:11,194  gsv3.training             INFO     [family_holdout:qft] epoch 0031  train_log_mse=0.04256  val_log_mse=2.48378  val_mse=0.038877  max_grad=34.50  patience=4/30
2026-10-07 20:32:27,762  gsv3.training             INFO     [family_holdout:qft] epoch 0032  train_log_mse=0.04287  val_log_mse=2.59414  val_mse=0.039095  max_grad=51.19  patience=5/30
2026-10-07 20:32:45,005  gsv3.training             INFO     [family_holdout:qft] epoch 0033  train_log_mse=0.04045  val_log_mse=2.55574  val_mse=0.043957  max_grad=24.68  patience=6/30
2026-10-07 20:33:01,848  gsv3.training             INFO     [family_holdout:qft] epoch 0034  train_log_mse=0.04372  val_log_mse=2.79710  val_mse=0.045727  max_grad=35.94  patience=7/30
2026-10-07 20:33:18,643  gsv3.training             INFO     [family_holdout:qft] epoch 0035  train_log_mse=0.04187  val_log_mse=2.62174  val_mse=0.040351  max_grad=30.83  patience=8/30
2026-10-07 20:33:35,154  gsv3.training             INFO     [family_holdout:qft] epoch 0036  train_log_mse=0.04241  val_log_mse=3.04435  val_mse=0.050163  max_grad=31.56  patience=9/30
2026-10-07 20:33:52,634  gsv3.training             INFO     [family_holdout:qft] epoch 0037  train_log_mse=0.03979  val_log_mse=2.54434  val_mse=0.039847  max_grad=40.36  patience=10/30
2026-10-07 20:34:09,485  gsv3.training             INFO     [family_holdout:qft] epoch 0038  train_log_mse=0.04060  val_log_mse=2.50256  val_mse=0.044984  max_grad=27.30  patience=11/30
2026-10-07 20:34:26,057  gsv3.training             INFO     [family_holdout:qft] epoch 0039  train_log_mse=0.04008  val_log_mse=2.66406  val_mse=0.044113  max_grad=31.14  patience=12/30
2026-10-07 20:34:42,676  gsv3.training             INFO     [family_holdout:qft] epoch 0040  train_log_mse=0.03945  val_log_mse=2.71290  val_mse=0.044162  max_grad=26.32  patience=13/30
2026-10-07 20:35:00,536  gsv3.training             INFO     [family_holdout:qft] epoch 0041  train_log_mse=0.04020  val_log_mse=2.81255  val_mse=0.043285  max_grad=26.44  patience=14/30
2026-10-07 20:35:17,278  gsv3.training             INFO     [family_holdout:qft] epoch 0042  train_log_mse=0.03845  val_log_mse=3.42757  val_mse=0.049946  max_grad=22.40  patience=15/30
2026-10-07 20:35:33,738  gsv3.training             INFO     [family_holdout:qft] epoch 0043  train_log_mse=0.04043  val_log_mse=2.86742  val_mse=0.041560  max_grad=36.11  patience=16/30
2026-10-07 20:35:50,771  gsv3.training             INFO     [family_holdout:qft] epoch 0044  train_log_mse=0.03854  val_log_mse=3.00637  val_mse=0.047884  max_grad=29.05  patience=17/30
2026-10-07 20:36:07,804  gsv3.training             INFO     [family_holdout:qft] epoch 0045  train_log_mse=0.03533  val_log_mse=2.66650  val_mse=0.046187  max_grad=22.16  patience=18/30
2026-10-07 20:36:24,396  gsv3.training             INFO     [family_holdout:qft] epoch 0046  train_log_mse=0.03526  val_log_mse=2.58419  val_mse=0.040714  max_grad=22.75  patience=19/30
2026-10-07 20:36:41,384  gsv3.training             INFO     [family_holdout:qft] epoch 0047  train_log_mse=0.03644  val_log_mse=2.57640  val_mse=0.041701  max_grad=29.38  patience=20/30
2026-10-07 20:36:57,787  gsv3.training             INFO     [family_holdout:qft] epoch 0048  train_log_mse=0.03539  val_log_mse=2.60122  val_mse=0.042728  max_grad=28.99  patience=21/30
2026-10-07 20:37:14,748  gsv3.training             INFO     [family_holdout:qft] epoch 0049  train_log_mse=0.03469  val_log_mse=2.67124  val_mse=0.042502  max_grad=27.58  patience=22/30
2026-10-07 20:37:32,049  gsv3.training             INFO     [family_holdout:qft] epoch 0050  train_log_mse=0.03273  val_log_mse=2.67701  val_mse=0.038198  max_grad=23.27  patience=23/30
2026-10-07 20:37:48,548  gsv3.training             INFO     [family_holdout:qft] epoch 0051  train_log_mse=0.03346  val_log_mse=2.31495  val_mse=0.037578  max_grad=28.62  patience=24/30
2026-10-07 20:38:05,024  gsv3.training             INFO     [family_holdout:qft] epoch 0052  train_log_mse=0.03214  val_log_mse=2.61186  val_mse=0.043846  max_grad=21.20  patience=25/30
2026-10-07 20:38:22,105  gsv3.training             INFO     [family_holdout:qft] epoch 0053  train_log_mse=0.03529  val_log_mse=2.58641  val_mse=0.042972  max_grad=24.97  patience=26/30
2026-10-07 20:38:39,215  gsv3.training             INFO     [family_holdout:qft] epoch 0054  train_log_mse=0.03204  val_log_mse=2.67887  val_mse=0.041777  max_grad=19.84  patience=27/30
2026-10-07 20:38:55,590  gsv3.training             INFO     [family_holdout:qft] epoch 0055  train_log_mse=0.03459  val_log_mse=2.51520  val_mse=0.041409  max_grad=29.31  patience=28/30
2026-10-07 20:39:12,211  gsv3.training             INFO     [family_holdout:qft] epoch 0056  train_log_mse=0.03301  val_log_mse=2.54897  val_mse=0.039874  max_grad=27.32  patience=29/30
2026-10-07 20:39:29,324  gsv3.training             INFO     [family_holdout:qft] epoch 0057  train_log_mse=0.03229  val_log_mse=2.59853  val_mse=0.040064  max_grad=24.01  patience=30/30
2026-10-07 20:39:30,098  gsv3.experiment           INFO     [qft] TEST  n=760  MAE=0.0617  R2=0.9148  device-acc=0.836  regret=0.0039
2026-10-07 20:39:30,102  genstudy.io               INFO     Wrote evaluations/generalization_v3/results/pooled_stab_a05/leave_one_family_out/qft/metrics.json
2026-10-07 20:39:30,108  genstudy.io               INFO     Wrote evaluations/generalization_v3/results/pooled_stab_a05/leave_one_family_out/qft/predictions.json
2026-10-07 20:39:30,119  genstudy.io               INFO     Wrote evaluations/generalization_v3/results/pooled_stab_a05/leave_one_family_out/qft/history.json
2026-10-07 20:39:30,151  run_experiment            INFO     [7/10] qnn
2026-10-07 20:39:30,154  gsv3.experiment           INFO     === family_holdout / qnn ===
2026-10-07 20:39:30,154  gsv3.experiment           INFO     Leave-one-family-out: test = all 760 'qnn' circuits, train = 16296 circuits from 34 other families.
2026-10-07 20:39:30,156  gsv3.experiment           INFO     train=12774  val=3522 ({'mode': 'family', 'val_families': ['bmw_quark_cardinality', 'bmw_quark_copula', 'bv', 'draper_qft_adder', 'dynamic_qft', 'ghz', 'graphstate', 'grover', 'iqpe', 'modular_adder', 'qft', 'qftentangled', 'qwalk', 'randomcircuit', 'rg_qft_multiplier', 'shors_nine_qubit_code', 'wstate']})  test=760
2026-10-07 20:39:30,212  gsv3.training             INFO     [family_holdout:qnn] model=pooled (601177 params) train=12774 val=3522 lr=0.0003 clip=1.0 alpha=0.50
2026-10-07 20:39:47,633  gsv3.training             INFO     [family_holdout:qnn] epoch 0001  train_log_mse=5.40763  val_log_mse=7.99396  val_mse=0.043846  max_grad=58798.36  patience=0/30
2026-10-07 20:40:04,281  gsv3.training             INFO     [family_holdout:qnn] epoch 0002  train_log_mse=0.47676  val_log_mse=7.91850  val_mse=0.032242  max_grad=767.51  patience=0/30
2026-10-07 20:40:21,412  gsv3.training             INFO     [family_holdout:qnn] epoch 0003  train_log_mse=0.26072  val_log_mse=6.19781  val_mse=0.032918  max_grad=290.35  patience=1/30
2026-10-07 20:40:37,787  gsv3.training             INFO     [family_holdout:qnn] epoch 0004  train_log_mse=0.15665  val_log_mse=3.96931  val_mse=0.032034  max_grad=172.53  patience=0/30
2026-10-07 20:40:54,959  gsv3.training             INFO     [family_holdout:qnn] epoch 0005  train_log_mse=0.13043  val_log_mse=3.98264  val_mse=0.032338  max_grad=144.15  patience=1/30
2026-10-07 20:41:11,881  gsv3.training             INFO     [family_holdout:qnn] epoch 0006  train_log_mse=0.12909  val_log_mse=4.74428  val_mse=0.031953  max_grad=147.04  patience=0/30
2026-10-07 20:41:28,328  gsv3.training             INFO     [family_holdout:qnn] epoch 0007  train_log_mse=0.11440  val_log_mse=4.60004  val_mse=0.030659  max_grad=160.30  patience=0/30
2026-10-07 20:41:44,666  gsv3.training             INFO     [family_holdout:qnn] epoch 0008  train_log_mse=0.10254  val_log_mse=3.45067  val_mse=0.030896  max_grad=141.76  patience=1/30
2026-10-07 20:42:02,414  gsv3.training             INFO     [family_holdout:qnn] epoch 0009  train_log_mse=0.07909  val_log_mse=3.19220  val_mse=0.030272  max_grad=67.93  patience=0/30
2026-10-07 20:42:19,394  gsv3.training             INFO     [family_holdout:qnn] epoch 0010  train_log_mse=0.07777  val_log_mse=2.90826  val_mse=0.033207  max_grad=71.04  patience=1/30
2026-10-07 20:42:36,041  gsv3.training             INFO     [family_holdout:qnn] epoch 0011  train_log_mse=0.06661  val_log_mse=3.21059  val_mse=0.032120  max_grad=54.79  patience=2/30
2026-10-07 20:42:52,943  gsv3.training             INFO     [family_holdout:qnn] epoch 0012  train_log_mse=0.05667  val_log_mse=3.19685  val_mse=0.031477  max_grad=51.22  patience=3/30
2026-10-07 20:43:10,126  gsv3.training             INFO     [family_holdout:qnn] epoch 0013  train_log_mse=0.05470  val_log_mse=2.93405  val_mse=0.031304  max_grad=53.78  patience=4/30
2026-10-07 20:43:26,440  gsv3.training             INFO     [family_holdout:qnn] epoch 0014  train_log_mse=0.06777  val_log_mse=3.01107  val_mse=0.031628  max_grad=58.40  patience=5/30
2026-10-07 20:43:43,362  gsv3.training             INFO     [family_holdout:qnn] epoch 0015  train_log_mse=0.06486  val_log_mse=3.23235  val_mse=0.033974  max_grad=56.92  patience=6/30
2026-10-07 20:43:59,568  gsv3.training             INFO     [family_holdout:qnn] epoch 0016  train_log_mse=0.06280  val_log_mse=3.36394  val_mse=0.031766  max_grad=69.17  patience=7/30
2026-10-07 20:44:16,042  gsv3.training             INFO     [family_holdout:qnn] epoch 0017  train_log_mse=0.05181  val_log_mse=3.85626  val_mse=0.033348  max_grad=44.59  patience=8/30
2026-10-07 20:44:33,133  gsv3.training             INFO     [family_holdout:qnn] epoch 0018  train_log_mse=0.06002  val_log_mse=3.10392  val_mse=0.031889  max_grad=86.14  patience=9/30
2026-10-07 20:44:49,831  gsv3.training             INFO     [family_holdout:qnn] epoch 0019  train_log_mse=0.05656  val_log_mse=2.94768  val_mse=0.031873  max_grad=62.26  patience=10/30
2026-10-07 20:45:06,419  gsv3.training             INFO     [family_holdout:qnn] epoch 0020  train_log_mse=0.04930  val_log_mse=2.97829  val_mse=0.030804  max_grad=72.07  patience=11/30
2026-10-07 20:45:23,426  gsv3.training             INFO     [family_holdout:qnn] epoch 0021  train_log_mse=0.04701  val_log_mse=2.97976  val_mse=0.031379  max_grad=40.14  patience=12/30
2026-10-07 20:45:40,735  gsv3.training             INFO     [family_holdout:qnn] epoch 0022  train_log_mse=0.04791  val_log_mse=2.72622  val_mse=0.032384  max_grad=38.07  patience=13/30
2026-10-07 20:45:56,999  gsv3.training             INFO     [family_holdout:qnn] epoch 0023  train_log_mse=0.04963  val_log_mse=3.02416  val_mse=0.032536  max_grad=36.87  patience=14/30
2026-10-07 20:46:13,424  gsv3.training             INFO     [family_holdout:qnn] epoch 0024  train_log_mse=0.04743  val_log_mse=2.78257  val_mse=0.031011  max_grad=40.16  patience=15/30
2026-10-07 20:46:29,905  gsv3.training             INFO     [family_holdout:qnn] epoch 0025  train_log_mse=0.04497  val_log_mse=3.00888  val_mse=0.030785  max_grad=34.06  patience=16/30
2026-10-07 20:46:46,847  gsv3.training             INFO     [family_holdout:qnn] epoch 0026  train_log_mse=0.05008  val_log_mse=2.81825  val_mse=0.030672  max_grad=53.25  patience=17/30
2026-10-07 20:47:03,389  gsv3.training             INFO     [family_holdout:qnn] epoch 0027  train_log_mse=0.04391  val_log_mse=3.25255  val_mse=0.030328  max_grad=37.90  patience=18/30
2026-10-07 20:47:20,033  gsv3.training             INFO     [family_holdout:qnn] epoch 0028  train_log_mse=0.04557  val_log_mse=3.11448  val_mse=0.029971  max_grad=37.53  patience=0/30
2026-10-07 20:47:36,338  gsv3.training             INFO     [family_holdout:qnn] epoch 0029  train_log_mse=0.04620  val_log_mse=2.83454  val_mse=0.031077  max_grad=44.25  patience=1/30
2026-10-07 20:47:53,142  gsv3.training             INFO     [family_holdout:qnn] epoch 0030  train_log_mse=0.04249  val_log_mse=2.95392  val_mse=0.030770  max_grad=29.85  patience=2/30
2026-10-07 20:48:10,106  gsv3.training             INFO     [family_holdout:qnn] epoch 0031  train_log_mse=0.04179  val_log_mse=2.80717  val_mse=0.030905  max_grad=53.22  patience=3/30
2026-10-07 20:48:26,371  gsv3.training             INFO     [family_holdout:qnn] epoch 0032  train_log_mse=0.04090  val_log_mse=3.22740  val_mse=0.031143  max_grad=63.71  patience=4/30
2026-10-07 20:48:42,476  gsv3.training             INFO     [family_holdout:qnn] epoch 0033  train_log_mse=0.03769  val_log_mse=2.76610  val_mse=0.031042  max_grad=39.06  patience=5/30
2026-10-07 20:48:59,630  gsv3.training             INFO     [family_holdout:qnn] epoch 0034  train_log_mse=0.04301  val_log_mse=3.05043  val_mse=0.030373  max_grad=33.06  patience=6/30
2026-10-07 20:49:16,133  gsv3.training             INFO     [family_holdout:qnn] epoch 0035  train_log_mse=0.04363  val_log_mse=3.44659  val_mse=0.030808  max_grad=31.85  patience=7/30
2026-10-07 20:49:32,473  gsv3.training             INFO     [family_holdout:qnn] epoch 0036  train_log_mse=0.03927  val_log_mse=2.91881  val_mse=0.032489  max_grad=34.87  patience=8/30
2026-10-07 20:49:49,313  gsv3.training             INFO     [family_holdout:qnn] epoch 0037  train_log_mse=0.03916  val_log_mse=2.76517  val_mse=0.030988  max_grad=45.55  patience=9/30
2026-10-07 20:50:05,886  gsv3.training             INFO     [family_holdout:qnn] epoch 0038  train_log_mse=0.03964  val_log_mse=2.80972  val_mse=0.031545  max_grad=24.49  patience=10/30
2026-10-07 20:50:22,714  gsv3.training             INFO     [family_holdout:qnn] epoch 0039  train_log_mse=0.03694  val_log_mse=2.93091  val_mse=0.030425  max_grad=25.70  patience=11/30
2026-10-07 20:50:39,462  gsv3.training             INFO     [family_holdout:qnn] epoch 0040  train_log_mse=0.03878  val_log_mse=2.80133  val_mse=0.030707  max_grad=36.54  patience=12/30
2026-10-07 20:50:56,273  gsv3.training             INFO     [family_holdout:qnn] epoch 0041  train_log_mse=0.03791  val_log_mse=3.16424  val_mse=0.031062  max_grad=41.92  patience=13/30
2026-10-07 20:51:13,088  gsv3.training             INFO     [family_holdout:qnn] epoch 0042  train_log_mse=0.03860  val_log_mse=2.99824  val_mse=0.031445  max_grad=34.90  patience=14/30
2026-10-07 20:51:30,290  gsv3.training             INFO     [family_holdout:qnn] epoch 0043  train_log_mse=0.03683  val_log_mse=2.98096  val_mse=0.030284  max_grad=31.55  patience=15/30
2026-10-07 20:51:46,770  gsv3.training             INFO     [family_holdout:qnn] epoch 0044  train_log_mse=0.03776  val_log_mse=3.06995  val_mse=0.031328  max_grad=35.88  patience=16/30
2026-10-07 20:52:03,149  gsv3.training             INFO     [family_holdout:qnn] epoch 0045  train_log_mse=0.03823  val_log_mse=3.01579  val_mse=0.031801  max_grad=30.49  patience=17/30
2026-10-07 20:52:19,346  gsv3.training             INFO     [family_holdout:qnn] epoch 0046  train_log_mse=0.03694  val_log_mse=3.04025  val_mse=0.030767  max_grad=34.86  patience=18/30
2026-10-07 20:52:36,676  gsv3.training             INFO     [family_holdout:qnn] epoch 0047  train_log_mse=0.03196  val_log_mse=3.02790  val_mse=0.031466  max_grad=27.08  patience=19/30
2026-10-07 20:52:53,119  gsv3.training             INFO     [family_holdout:qnn] epoch 0048  train_log_mse=0.03437  val_log_mse=2.90913  val_mse=0.031144  max_grad=29.44  patience=20/30
2026-10-07 20:53:09,469  gsv3.training             INFO     [family_holdout:qnn] epoch 0049  train_log_mse=0.03423  val_log_mse=2.78284  val_mse=0.030406  max_grad=25.52  patience=21/30
2026-10-07 20:53:26,369  gsv3.training             INFO     [family_holdout:qnn] epoch 0050  train_log_mse=0.03080  val_log_mse=2.98242  val_mse=0.030312  max_grad=23.48  patience=22/30
2026-10-07 20:53:43,064  gsv3.training             INFO     [family_holdout:qnn] epoch 0051  train_log_mse=0.03202  val_log_mse=2.84078  val_mse=0.030346  max_grad=23.15  patience=23/30
2026-10-07 20:53:59,702  gsv3.training             INFO     [family_holdout:qnn] epoch 0052  train_log_mse=0.03220  val_log_mse=2.84846  val_mse=0.031510  max_grad=28.97  patience=24/30
2026-10-07 20:54:16,526  gsv3.training             INFO     [family_holdout:qnn] epoch 0053  train_log_mse=0.03259  val_log_mse=3.07627  val_mse=0.031013  max_grad=27.74  patience=25/30
2026-10-07 20:54:32,962  gsv3.training             INFO     [family_holdout:qnn] epoch 0054  train_log_mse=0.03124  val_log_mse=3.10809  val_mse=0.031279  max_grad=23.05  patience=26/30
2026-10-07 20:54:49,492  gsv3.training             INFO     [family_holdout:qnn] epoch 0055  train_log_mse=0.03190  val_log_mse=3.02920  val_mse=0.031470  max_grad=23.34  patience=27/30
2026-10-07 20:55:07,138  gsv3.training             INFO     [family_holdout:qnn] epoch 0056  train_log_mse=0.03374  val_log_mse=2.89353  val_mse=0.030374  max_grad=28.42  patience=28/30
2026-10-07 20:55:23,717  gsv3.training             INFO     [family_holdout:qnn] epoch 0057  train_log_mse=0.03126  val_log_mse=3.05555  val_mse=0.031168  max_grad=28.13  patience=29/30
2026-10-07 20:55:39,990  gsv3.training             INFO     [family_holdout:qnn] epoch 0058  train_log_mse=0.03282  val_log_mse=2.87064  val_mse=0.032323  max_grad=21.66  patience=30/30
2026-10-07 20:55:40,869  gsv3.experiment           INFO     [qnn] TEST  n=760  MAE=0.2315  R2=-0.7759  device-acc=0.570  regret=0.0136
2026-10-07 20:55:40,873  genstudy.io               INFO     Wrote evaluations/generalization_v3/results/pooled_stab_a05/leave_one_family_out/qnn/metrics.json
2026-10-07 20:55:40,880  genstudy.io               INFO     Wrote evaluations/generalization_v3/results/pooled_stab_a05/leave_one_family_out/qnn/predictions.json
2026-10-07 20:55:40,891  genstudy.io               INFO     Wrote evaluations/generalization_v3/results/pooled_stab_a05/leave_one_family_out/qnn/history.json
2026-10-07 20:55:40,922  run_experiment            INFO     [8/10] ae
2026-10-07 20:55:40,924  gsv3.experiment           INFO     === family_holdout / ae ===
2026-10-07 20:55:40,924  gsv3.experiment           INFO     Leave-one-family-out: test = all 758 'ae' circuits, train = 16298 circuits from 34 other families.
2026-10-07 20:55:40,926  gsv3.experiment           INFO     train=12614  val=3684 ({'mode': 'family', 'val_families': ['bmw_quark_copula', 'bv', 'cdkm_ripple_carry_adder', 'dynamic_qft', 'full_adder', 'ghz_dynamic', 'grover', 'half_adder', 'modular_adder', 'multiplier', 'qft', 'qftentangled', 'qnn', 'qwalk', 'randomcircuit', 'rg_qft_multiplier', 'shors_nine_qubit_code', 'vbe_ripple_carry_adder', 'wstate']})  test=758
2026-10-07 20:55:40,987  gsv3.training             INFO     [family_holdout:ae] model=pooled (601177 params) train=12614 val=3684 lr=0.0003 clip=1.0 alpha=0.50
2026-10-07 20:55:57,338  gsv3.training             INFO     [family_holdout:ae] epoch 0001  train_log_mse=5.03159  val_log_mse=4.85739  val_mse=0.023455  max_grad=44271.65  patience=0/30
2026-10-07 20:56:14,581  gsv3.training             INFO     [family_holdout:ae] epoch 0002  train_log_mse=0.42177  val_log_mse=3.10716  val_mse=0.022326  max_grad=829.12  patience=0/30
2026-10-07 20:56:30,711  gsv3.training             INFO     [family_holdout:ae] epoch 0003  train_log_mse=0.23264  val_log_mse=1.88606  val_mse=0.024499  max_grad=363.79  patience=1/30
2026-10-07 20:56:48,074  gsv3.training             INFO     [family_holdout:ae] epoch 0004  train_log_mse=0.17566  val_log_mse=3.16823  val_mse=0.023910  max_grad=316.52  patience=2/30
2026-10-07 20:57:04,816  gsv3.training             INFO     [family_holdout:ae] epoch 0005  train_log_mse=0.10488  val_log_mse=2.36489  val_mse=0.023089  max_grad=116.07  patience=3/30
2026-10-07 20:57:22,120  gsv3.training             INFO     [family_holdout:ae] epoch 0006  train_log_mse=0.11906  val_log_mse=3.11137  val_mse=0.027416  max_grad=122.66  patience=4/30
2026-10-07 20:57:39,880  gsv3.training             INFO     [family_holdout:ae] epoch 0007  train_log_mse=0.09667  val_log_mse=2.95454  val_mse=0.019722  max_grad=90.82  patience=0/30
2026-10-07 20:57:57,154  gsv3.training             INFO     [family_holdout:ae] epoch 0008  train_log_mse=0.08549  val_log_mse=2.01034  val_mse=0.025070  max_grad=70.64  patience=1/30
2026-10-07 20:58:13,690  gsv3.training             INFO     [family_holdout:ae] epoch 0009  train_log_mse=0.08463  val_log_mse=1.94582  val_mse=0.022157  max_grad=75.33  patience=2/30
2026-10-07 20:58:30,603  gsv3.training             INFO     [family_holdout:ae] epoch 0010  train_log_mse=0.07466  val_log_mse=1.84729  val_mse=0.021288  max_grad=80.63  patience=3/30
2026-10-07 20:58:47,409  gsv3.training             INFO     [family_holdout:ae] epoch 0011  train_log_mse=0.07699  val_log_mse=1.66970  val_mse=0.023003  max_grad=96.88  patience=4/30
2026-10-07 20:59:03,789  gsv3.training             INFO     [family_holdout:ae] epoch 0012  train_log_mse=0.05936  val_log_mse=1.72167  val_mse=0.020883  max_grad=60.50  patience=5/30
2026-10-07 20:59:20,326  gsv3.training             INFO     [family_holdout:ae] epoch 0013  train_log_mse=0.06088  val_log_mse=1.68555  val_mse=0.020247  max_grad=62.93  patience=6/30
2026-10-07 20:59:37,746  gsv3.training             INFO     [family_holdout:ae] epoch 0014  train_log_mse=0.04843  val_log_mse=1.62204  val_mse=0.018236  max_grad=48.26  patience=0/30
2026-10-07 20:59:54,366  gsv3.training             INFO     [family_holdout:ae] epoch 0015  train_log_mse=0.05252  val_log_mse=1.95138  val_mse=0.019876  max_grad=70.99  patience=1/30
2026-10-07 21:00:11,135  gsv3.training             INFO     [family_holdout:ae] epoch 0016  train_log_mse=0.05519  val_log_mse=1.37325  val_mse=0.019203  max_grad=65.72  patience=2/30
2026-10-07 21:00:28,130  gsv3.training             INFO     [family_holdout:ae] epoch 0017  train_log_mse=0.04941  val_log_mse=1.66151  val_mse=0.023199  max_grad=58.38  patience=3/30
2026-10-07 21:00:44,974  gsv3.training             INFO     [family_holdout:ae] epoch 0018  train_log_mse=0.05288  val_log_mse=1.68321  val_mse=0.019813  max_grad=41.67  patience=4/30
2026-10-07 21:01:01,954  gsv3.training             INFO     [family_holdout:ae] epoch 0019  train_log_mse=0.04847  val_log_mse=1.49328  val_mse=0.020178  max_grad=62.43  patience=5/30
2026-10-07 21:01:19,271  gsv3.training             INFO     [family_holdout:ae] epoch 0020  train_log_mse=0.04634  val_log_mse=1.62582  val_mse=0.023872  max_grad=53.66  patience=6/30
2026-10-07 21:01:35,751  gsv3.training             INFO     [family_holdout:ae] epoch 0021  train_log_mse=0.04829  val_log_mse=1.58715  val_mse=0.018475  max_grad=41.78  patience=7/30
2026-10-07 21:01:52,114  gsv3.training             INFO     [family_holdout:ae] epoch 0022  train_log_mse=0.04007  val_log_mse=1.56661  val_mse=0.017726  max_grad=35.55  patience=0/30
2026-10-07 21:02:10,287  gsv3.training             INFO     [family_holdout:ae] epoch 0023  train_log_mse=0.04641  val_log_mse=1.51324  val_mse=0.020999  max_grad=54.99  patience=1/30
2026-10-07 21:02:26,953  gsv3.training             INFO     [family_holdout:ae] epoch 0024  train_log_mse=0.04354  val_log_mse=1.56921  val_mse=0.018549  max_grad=60.68  patience=2/30
2026-10-07 21:02:43,307  gsv3.training             INFO     [family_holdout:ae] epoch 0025  train_log_mse=0.04021  val_log_mse=1.26288  val_mse=0.020219  max_grad=35.03  patience=3/30
2026-10-07 21:03:00,496  gsv3.training             INFO     [family_holdout:ae] epoch 0026  train_log_mse=0.03837  val_log_mse=1.67534  val_mse=0.017646  max_grad=32.93  patience=0/30
2026-10-07 21:03:17,405  gsv3.training             INFO     [family_holdout:ae] epoch 0027  train_log_mse=0.04084  val_log_mse=1.67309  val_mse=0.017476  max_grad=40.61  patience=0/30
2026-10-07 21:03:34,006  gsv3.training             INFO     [family_holdout:ae] epoch 0028  train_log_mse=0.03721  val_log_mse=1.38399  val_mse=0.018414  max_grad=32.46  patience=1/30
2026-10-07 21:03:51,369  gsv3.training             INFO     [family_holdout:ae] epoch 0029  train_log_mse=0.03542  val_log_mse=1.44889  val_mse=0.017604  max_grad=29.20  patience=2/30
2026-10-07 21:04:07,901  gsv3.training             INFO     [family_holdout:ae] epoch 0030  train_log_mse=0.03600  val_log_mse=1.43031  val_mse=0.016092  max_grad=28.25  patience=0/30
2026-10-07 21:04:24,593  gsv3.training             INFO     [family_holdout:ae] epoch 0031  train_log_mse=0.03471  val_log_mse=1.80710  val_mse=0.018124  max_grad=40.13  patience=1/30
2026-10-07 21:04:42,137  gsv3.training             INFO     [family_holdout:ae] epoch 0032  train_log_mse=0.03824  val_log_mse=1.59626  val_mse=0.016573  max_grad=37.23  patience=2/30
2026-10-07 21:04:59,285  gsv3.training             INFO     [family_holdout:ae] epoch 0033  train_log_mse=0.03594  val_log_mse=1.48899  val_mse=0.020169  max_grad=31.97  patience=3/30
2026-10-07 21:05:16,229  gsv3.training             INFO     [family_holdout:ae] epoch 0034  train_log_mse=0.03636  val_log_mse=1.55289  val_mse=0.016830  max_grad=30.91  patience=4/30
2026-10-07 21:05:33,411  gsv3.training             INFO     [family_holdout:ae] epoch 0035  train_log_mse=0.03586  val_log_mse=1.69189  val_mse=0.016859  max_grad=35.34  patience=5/30
2026-10-07 21:05:50,696  gsv3.training             INFO     [family_holdout:ae] epoch 0036  train_log_mse=0.03406  val_log_mse=1.66061  val_mse=0.019472  max_grad=54.94  patience=6/30
2026-10-07 21:06:07,147  gsv3.training             INFO     [family_holdout:ae] epoch 0037  train_log_mse=0.03412  val_log_mse=1.49984  val_mse=0.017979  max_grad=30.02  patience=7/30
2026-10-07 21:06:23,928  gsv3.training             INFO     [family_holdout:ae] epoch 0038  train_log_mse=0.03286  val_log_mse=1.60183  val_mse=0.015741  max_grad=27.82  patience=0/30
2026-10-07 21:06:40,739  gsv3.training             INFO     [family_holdout:ae] epoch 0039  train_log_mse=0.03164  val_log_mse=1.53095  val_mse=0.019249  max_grad=34.66  patience=1/30
2026-10-07 21:06:57,900  gsv3.training             INFO     [family_holdout:ae] epoch 0040  train_log_mse=0.03346  val_log_mse=1.44871  val_mse=0.017492  max_grad=28.75  patience=2/30
2026-10-07 21:07:15,165  gsv3.training             INFO     [family_holdout:ae] epoch 0041  train_log_mse=0.03311  val_log_mse=1.37095  val_mse=0.018718  max_grad=35.63  patience=3/30
2026-10-07 21:07:32,280  gsv3.training             INFO     [family_holdout:ae] epoch 0042  train_log_mse=0.02938  val_log_mse=1.58459  val_mse=0.017969  max_grad=24.86  patience=4/30
2026-10-07 21:07:48,796  gsv3.training             INFO     [family_holdout:ae] epoch 0043  train_log_mse=0.03201  val_log_mse=1.45089  val_mse=0.017410  max_grad=35.64  patience=5/30
2026-10-07 21:08:05,290  gsv3.training             INFO     [family_holdout:ae] epoch 0044  train_log_mse=0.03083  val_log_mse=1.44662  val_mse=0.014604  max_grad=25.95  patience=0/30
2026-10-07 21:08:23,514  gsv3.training             INFO     [family_holdout:ae] epoch 0045  train_log_mse=0.03070  val_log_mse=1.41370  val_mse=0.017922  max_grad=26.87  patience=1/30
2026-10-07 21:08:40,029  gsv3.training             INFO     [family_holdout:ae] epoch 0046  train_log_mse=0.02789  val_log_mse=1.36954  val_mse=0.016028  max_grad=26.67  patience=2/30
2026-10-07 21:08:56,561  gsv3.training             INFO     [family_holdout:ae] epoch 0047  train_log_mse=0.02771  val_log_mse=1.36222  val_mse=0.015899  max_grad=27.22  patience=3/30
2026-10-07 21:09:13,734  gsv3.training             INFO     [family_holdout:ae] epoch 0048  train_log_mse=0.02919  val_log_mse=1.48577  val_mse=0.016392  max_grad=24.98  patience=4/30
2026-10-07 21:09:30,788  gsv3.training             INFO     [family_holdout:ae] epoch 0049  train_log_mse=0.02877  val_log_mse=1.43872  val_mse=0.016414  max_grad=37.93  patience=5/30
2026-10-07 21:09:47,351  gsv3.training             INFO     [family_holdout:ae] epoch 0050  train_log_mse=0.02886  val_log_mse=1.31864  val_mse=0.018405  max_grad=18.46  patience=6/30
2026-10-07 21:10:04,551  gsv3.training             INFO     [family_holdout:ae] epoch 0051  train_log_mse=0.02859  val_log_mse=1.20137  val_mse=0.015853  max_grad=45.61  patience=7/30
2026-10-07 21:10:20,839  gsv3.training             INFO     [family_holdout:ae] epoch 0052  train_log_mse=0.02550  val_log_mse=1.39009  val_mse=0.015930  max_grad=19.25  patience=8/30
2026-10-07 21:10:37,603  gsv3.training             INFO     [family_holdout:ae] epoch 0053  train_log_mse=0.02724  val_log_mse=1.36513  val_mse=0.019168  max_grad=23.03  patience=9/30
2026-10-07 21:10:55,098  gsv3.training             INFO     [family_holdout:ae] epoch 0054  train_log_mse=0.02600  val_log_mse=1.39497  val_mse=0.016115  max_grad=19.84  patience=10/30
2026-10-07 21:11:11,720  gsv3.training             INFO     [family_holdout:ae] epoch 0055  train_log_mse=0.02801  val_log_mse=1.50489  val_mse=0.018537  max_grad=18.86  patience=11/30
2026-10-07 21:11:28,138  gsv3.training             INFO     [family_holdout:ae] epoch 0056  train_log_mse=0.02590  val_log_mse=1.67377  val_mse=0.015728  max_grad=23.33  patience=12/30
2026-10-07 21:11:45,590  gsv3.training             INFO     [family_holdout:ae] epoch 0057  train_log_mse=0.02750  val_log_mse=1.68019  val_mse=0.015167  max_grad=27.31  patience=13/30
2026-10-07 21:12:02,634  gsv3.training             INFO     [family_holdout:ae] epoch 0058  train_log_mse=0.02539  val_log_mse=1.30397  val_mse=0.016729  max_grad=21.76  patience=14/30
2026-10-07 21:12:19,005  gsv3.training             INFO     [family_holdout:ae] epoch 0059  train_log_mse=0.03046  val_log_mse=1.57307  val_mse=0.018545  max_grad=37.15  patience=15/30
2026-10-07 21:12:36,668  gsv3.training             INFO     [family_holdout:ae] epoch 0060  train_log_mse=0.02569  val_log_mse=1.57094  val_mse=0.015604  max_grad=16.90  patience=16/30
2026-10-07 21:12:53,355  gsv3.training             INFO     [family_holdout:ae] epoch 0061  train_log_mse=0.02563  val_log_mse=1.39201  val_mse=0.015846  max_grad=20.70  patience=17/30
2026-10-07 21:13:10,320  gsv3.training             INFO     [family_holdout:ae] epoch 0062  train_log_mse=0.02618  val_log_mse=1.48195  val_mse=0.014706  max_grad=21.12  patience=18/30
2026-10-07 21:13:27,411  gsv3.training             INFO     [family_holdout:ae] epoch 0063  train_log_mse=0.02358  val_log_mse=1.30106  val_mse=0.014733  max_grad=18.52  patience=19/30
2026-10-07 21:13:44,189  gsv3.training             INFO     [family_holdout:ae] epoch 0064  train_log_mse=0.02339  val_log_mse=1.31433  val_mse=0.015627  max_grad=15.06  patience=20/30
2026-10-07 21:14:00,718  gsv3.training             INFO     [family_holdout:ae] epoch 0065  train_log_mse=0.02514  val_log_mse=1.41734  val_mse=0.015053  max_grad=27.12  patience=21/30
2026-10-07 21:14:17,936  gsv3.training             INFO     [family_holdout:ae] epoch 0066  train_log_mse=0.02597  val_log_mse=1.25662  val_mse=0.015937  max_grad=16.52  patience=22/30
2026-10-07 21:14:34,934  gsv3.training             INFO     [family_holdout:ae] epoch 0067  train_log_mse=0.02386  val_log_mse=1.49384  val_mse=0.017076  max_grad=19.70  patience=23/30
2026-10-07 21:14:51,367  gsv3.training             INFO     [family_holdout:ae] epoch 0068  train_log_mse=0.02660  val_log_mse=1.34919  val_mse=0.016138  max_grad=22.40  patience=24/30
2026-10-07 21:15:08,131  gsv3.training             INFO     [family_holdout:ae] epoch 0069  train_log_mse=0.02654  val_log_mse=1.37968  val_mse=0.017015  max_grad=19.41  patience=25/30
2026-10-07 21:15:25,303  gsv3.training             INFO     [family_holdout:ae] epoch 0070  train_log_mse=0.02294  val_log_mse=1.42329  val_mse=0.014678  max_grad=18.97  patience=26/30
2026-10-07 21:15:42,225  gsv3.training             INFO     [family_holdout:ae] epoch 0071  train_log_mse=0.02427  val_log_mse=1.55069  val_mse=0.014838  max_grad=25.07  patience=27/30
2026-10-07 21:15:58,983  gsv3.training             INFO     [family_holdout:ae] epoch 0072  train_log_mse=0.02335  val_log_mse=1.43822  val_mse=0.015419  max_grad=21.40  patience=28/30
2026-10-07 21:16:15,939  gsv3.training             INFO     [family_holdout:ae] epoch 0073  train_log_mse=0.02535  val_log_mse=1.44969  val_mse=0.016891  max_grad=16.27  patience=29/30
2026-10-07 21:16:32,402  gsv3.training             INFO     [family_holdout:ae] epoch 0074  train_log_mse=0.02460  val_log_mse=1.31222  val_mse=0.016511  max_grad=23.13  patience=30/30
2026-10-07 21:16:33,329  gsv3.experiment           INFO     [ae] TEST  n=758  MAE=0.0178  R2=0.9909  device-acc=0.243  regret=0.0088
2026-10-07 21:16:33,333  genstudy.io               INFO     Wrote evaluations/generalization_v3/results/pooled_stab_a05/leave_one_family_out/ae/metrics.json
2026-10-07 21:16:33,338  genstudy.io               INFO     Wrote evaluations/generalization_v3/results/pooled_stab_a05/leave_one_family_out/ae/predictions.json
2026-10-07 21:16:33,349  genstudy.io               INFO     Wrote evaluations/generalization_v3/results/pooled_stab_a05/leave_one_family_out/ae/history.json
2026-10-07 21:16:33,380  run_experiment            INFO     [9/10] qftentangled
2026-10-07 21:16:33,383  gsv3.experiment           INFO     === family_holdout / qftentangled ===
2026-10-07 21:16:33,383  gsv3.experiment           INFO     Leave-one-family-out: test = all 746 'qftentangled' circuits, train = 16310 circuits from 34 other families.
2026-10-07 21:16:33,385  gsv3.experiment           INFO     train=12774  val=3536 ({'mode': 'family', 'val_families': ['bmw_quark_cardinality', 'bmw_quark_copula', 'bv', 'draper_qft_adder', 'dynamic_qft', 'ghz', 'graphstate', 'grover', 'iqpe', 'modular_adder', 'qft', 'qnn', 'qwalk', 'randomcircuit', 'rg_qft_multiplier', 'shors_nine_qubit_code', 'wstate']})  test=746
2026-10-07 21:16:33,448  gsv3.training             INFO     [family_holdout:qftentangled] model=pooled (601177 params) train=12774 val=3536 lr=0.0003 clip=1.0 alpha=0.50
2026-10-07 21:16:50,477  gsv3.training             INFO     [family_holdout:qftentangled] epoch 0001  train_log_mse=5.46942  val_log_mse=9.57105  val_mse=0.064957  max_grad=58798.46  patience=0/30
2026-10-07 21:17:07,696  gsv3.training             INFO     [family_holdout:qftentangled] epoch 0002  train_log_mse=0.35250  val_log_mse=5.08575  val_mse=0.056175  max_grad=472.85  patience=0/30
2026-10-07 21:17:24,159  gsv3.training             INFO     [family_holdout:qftentangled] epoch 0003  train_log_mse=0.20878  val_log_mse=5.40491  val_mse=0.065664  max_grad=289.45  patience=1/30
2026-10-07 21:17:40,620  gsv3.training             INFO     [family_holdout:qftentangled] epoch 0004  train_log_mse=0.19240  val_log_mse=3.25399  val_mse=0.041695  max_grad=242.43  patience=0/30
2026-10-07 21:17:58,295  gsv3.training             INFO     [family_holdout:qftentangled] epoch 0005  train_log_mse=0.13869  val_log_mse=3.80947  val_mse=0.054075  max_grad=149.82  patience=1/30
2026-10-07 21:18:15,130  gsv3.training             INFO     [family_holdout:qftentangled] epoch 0006  train_log_mse=0.11806  val_log_mse=3.45125  val_mse=0.046990  max_grad=122.92  patience=2/30
2026-10-07 21:18:31,574  gsv3.training             INFO     [family_holdout:qftentangled] epoch 0007  train_log_mse=0.11434  val_log_mse=3.22159  val_mse=0.049379  max_grad=109.66  patience=3/30
2026-10-07 21:18:48,936  gsv3.training             INFO     [family_holdout:qftentangled] epoch 0008  train_log_mse=0.09087  val_log_mse=3.31431  val_mse=0.052933  max_grad=71.80  patience=4/30
2026-10-07 21:19:05,677  gsv3.training             INFO     [family_holdout:qftentangled] epoch 0009  train_log_mse=0.08468  val_log_mse=3.15282  val_mse=0.049296  max_grad=94.51  patience=5/30
2026-10-07 21:19:22,647  gsv3.training             INFO     [family_holdout:qftentangled] epoch 0010  train_log_mse=0.07900  val_log_mse=3.75342  val_mse=0.050544  max_grad=76.58  patience=6/30
2026-10-07 21:19:39,911  gsv3.training             INFO     [family_holdout:qftentangled] epoch 0011  train_log_mse=0.07626  val_log_mse=3.01203  val_mse=0.046116  max_grad=76.44  patience=7/30
2026-10-07 21:19:56,307  gsv3.training             INFO     [family_holdout:qftentangled] epoch 0012  train_log_mse=0.06895  val_log_mse=3.06450  val_mse=0.047082  max_grad=59.06  patience=8/30
2026-10-07 21:20:12,777  gsv3.training             INFO     [family_holdout:qftentangled] epoch 0013  train_log_mse=0.07464  val_log_mse=2.82127  val_mse=0.046033  max_grad=95.08  patience=9/30
2026-10-07 21:20:30,560  gsv3.training             INFO     [family_holdout:qftentangled] epoch 0014  train_log_mse=0.06306  val_log_mse=2.67227  val_mse=0.039466  max_grad=70.27  patience=0/30
2026-10-07 21:20:47,088  gsv3.training             INFO     [family_holdout:qftentangled] epoch 0015  train_log_mse=0.07019  val_log_mse=3.47063  val_mse=0.052398  max_grad=83.92  patience=1/30
2026-10-07 21:21:03,618  gsv3.training             INFO     [family_holdout:qftentangled] epoch 0016  train_log_mse=0.06035  val_log_mse=2.78052  val_mse=0.048907  max_grad=92.90  patience=2/30
2026-10-07 21:21:20,841  gsv3.training             INFO     [family_holdout:qftentangled] epoch 0017  train_log_mse=0.06008  val_log_mse=3.19159  val_mse=0.049337  max_grad=58.82  patience=3/30
2026-10-07 21:21:37,634  gsv3.training             INFO     [family_holdout:qftentangled] epoch 0018  train_log_mse=0.06619  val_log_mse=3.20943  val_mse=0.050497  max_grad=56.50  patience=4/30
2026-10-07 21:21:54,351  gsv3.training             INFO     [family_holdout:qftentangled] epoch 0019  train_log_mse=0.05610  val_log_mse=2.76660  val_mse=0.043818  max_grad=39.69  patience=5/30
2026-10-07 21:22:11,282  gsv3.training             INFO     [family_holdout:qftentangled] epoch 0020  train_log_mse=0.05343  val_log_mse=3.13999  val_mse=0.052461  max_grad=38.18  patience=6/30
2026-10-07 21:22:28,123  gsv3.training             INFO     [family_holdout:qftentangled] epoch 0021  train_log_mse=0.05137  val_log_mse=2.84294  val_mse=0.041955  max_grad=41.05  patience=7/30
2026-10-07 21:22:45,453  gsv3.training             INFO     [family_holdout:qftentangled] epoch 0022  train_log_mse=0.05040  val_log_mse=3.07809  val_mse=0.047787  max_grad=32.40  patience=8/30
2026-10-07 21:23:02,105  gsv3.training             INFO     [family_holdout:qftentangled] epoch 0023  train_log_mse=0.05091  val_log_mse=3.07430  val_mse=0.044361  max_grad=37.17  patience=9/30
2026-10-07 21:23:18,424  gsv3.training             INFO     [family_holdout:qftentangled] epoch 0024  train_log_mse=0.04842  val_log_mse=3.32746  val_mse=0.051554  max_grad=25.78  patience=10/30
2026-10-07 21:23:35,393  gsv3.training             INFO     [family_holdout:qftentangled] epoch 0025  train_log_mse=0.04942  val_log_mse=3.18732  val_mse=0.046710  max_grad=57.83  patience=11/30
2026-10-07 21:23:51,768  gsv3.training             INFO     [family_holdout:qftentangled] epoch 0026  train_log_mse=0.05011  val_log_mse=2.80471  val_mse=0.042836  max_grad=53.99  patience=12/30
2026-10-07 21:24:09,105  gsv3.training             INFO     [family_holdout:qftentangled] epoch 0027  train_log_mse=0.04638  val_log_mse=2.74100  val_mse=0.039867  max_grad=31.21  patience=13/30
2026-10-07 21:24:25,400  gsv3.training             INFO     [family_holdout:qftentangled] epoch 0028  train_log_mse=0.04463  val_log_mse=3.09474  val_mse=0.043377  max_grad=41.53  patience=14/30
2026-10-07 21:24:41,791  gsv3.training             INFO     [family_holdout:qftentangled] epoch 0029  train_log_mse=0.04667  val_log_mse=2.89407  val_mse=0.045143  max_grad=46.32  patience=15/30
2026-10-07 21:24:58,667  gsv3.training             INFO     [family_holdout:qftentangled] epoch 0030  train_log_mse=0.04417  val_log_mse=3.01595  val_mse=0.046747  max_grad=28.58  patience=16/30
2026-10-07 21:25:15,431  gsv3.training             INFO     [family_holdout:qftentangled] epoch 0031  train_log_mse=0.03883  val_log_mse=2.75626  val_mse=0.044105  max_grad=31.82  patience=17/30
2026-10-07 21:25:32,332  gsv3.training             INFO     [family_holdout:qftentangled] epoch 0032  train_log_mse=0.04186  val_log_mse=3.39332  val_mse=0.045598  max_grad=89.29  patience=18/30
2026-10-07 21:25:48,576  gsv3.training             INFO     [family_holdout:qftentangled] epoch 0033  train_log_mse=0.04191  val_log_mse=2.58029  val_mse=0.043726  max_grad=39.40  patience=19/30
2026-10-07 21:26:05,063  gsv3.training             INFO     [family_holdout:qftentangled] epoch 0034  train_log_mse=0.04249  val_log_mse=3.18489  val_mse=0.048227  max_grad=35.60  patience=20/30
2026-10-07 21:26:22,885  gsv3.training             INFO     [family_holdout:qftentangled] epoch 0035  train_log_mse=0.04273  val_log_mse=2.56056  val_mse=0.042450  max_grad=28.37  patience=21/30
2026-10-07 21:26:39,251  gsv3.training             INFO     [family_holdout:qftentangled] epoch 0036  train_log_mse=0.04104  val_log_mse=3.01811  val_mse=0.047085  max_grad=35.98  patience=22/30
2026-10-07 21:26:56,264  gsv3.training             INFO     [family_holdout:qftentangled] epoch 0037  train_log_mse=0.03716  val_log_mse=2.76472  val_mse=0.043724  max_grad=23.58  patience=23/30
2026-10-07 21:27:12,440  gsv3.training             INFO     [family_holdout:qftentangled] epoch 0038  train_log_mse=0.04153  val_log_mse=2.95432  val_mse=0.046551  max_grad=36.16  patience=24/30
2026-10-07 21:27:29,379  gsv3.training             INFO     [family_holdout:qftentangled] epoch 0039  train_log_mse=0.03897  val_log_mse=2.71627  val_mse=0.045274  max_grad=33.47  patience=25/30
2026-10-07 21:27:45,887  gsv3.training             INFO     [family_holdout:qftentangled] epoch 0040  train_log_mse=0.03901  val_log_mse=3.19601  val_mse=0.049232  max_grad=38.11  patience=26/30
2026-10-07 21:28:01,960  gsv3.training             INFO     [family_holdout:qftentangled] epoch 0041  train_log_mse=0.03813  val_log_mse=3.37306  val_mse=0.045669  max_grad=26.86  patience=27/30
2026-10-07 21:28:18,706  gsv3.training             INFO     [family_holdout:qftentangled] epoch 0042  train_log_mse=0.03849  val_log_mse=3.36885  val_mse=0.051602  max_grad=33.79  patience=28/30
2026-10-07 21:28:35,540  gsv3.training             INFO     [family_holdout:qftentangled] epoch 0043  train_log_mse=0.03570  val_log_mse=2.97241  val_mse=0.043705  max_grad=22.25  patience=29/30
2026-10-07 21:28:51,561  gsv3.training             INFO     [family_holdout:qftentangled] epoch 0044  train_log_mse=0.03762  val_log_mse=3.14885  val_mse=0.046396  max_grad=25.13  patience=30/30
2026-10-07 21:28:52,489  gsv3.experiment           INFO     [qftentangled] TEST  n=746  MAE=0.0729  R2=0.8716  device-acc=0.677  regret=0.0082
2026-10-07 21:28:52,492  genstudy.io               INFO     Wrote evaluations/generalization_v3/results/pooled_stab_a05/leave_one_family_out/qftentangled/metrics.json
2026-10-07 21:28:52,498  genstudy.io               INFO     Wrote evaluations/generalization_v3/results/pooled_stab_a05/leave_one_family_out/qftentangled/predictions.json
2026-10-07 21:28:52,509  genstudy.io               INFO     Wrote evaluations/generalization_v3/results/pooled_stab_a05/leave_one_family_out/qftentangled/history.json
2026-10-07 21:28:52,540  run_experiment            INFO     [10/10] iqpe
2026-10-07 21:28:52,542  gsv3.experiment           INFO     === family_holdout / iqpe ===
2026-10-07 21:28:52,542  gsv3.experiment           INFO     Leave-one-family-out: test = all 570 'iqpe' circuits, train = 16486 circuits from 34 other families.
2026-10-07 21:28:52,544  gsv3.experiment           INFO     train=12765  val=3721 ({'mode': 'family', 'val_families': ['bmw_quark_cardinality', 'bmw_quark_copula', 'bv', 'draper_qft_adder', 'dynamic_qft', 'ghz', 'graphstate', 'grover', 'modular_adder', 'multiplier', 'qft', 'qftentangled', 'qnn', 'qwalk', 'randomcircuit', 'rg_qft_multiplier', 'shors_nine_qubit_code', 'vbe_ripple_carry_adder', 'wstate']})  test=570
2026-10-07 21:28:52,615  gsv3.training             INFO     [family_holdout:iqpe] model=pooled (601177 params) train=12765 val=3721 lr=0.0003 clip=1.0 alpha=0.50
2026-10-07 21:29:09,339  gsv3.training             INFO     [family_holdout:iqpe] epoch 0001  train_log_mse=4.26997  val_log_mse=5.32033  val_mse=0.032263  max_grad=38103.16  patience=0/30
2026-10-07 21:29:25,534  gsv3.training             INFO     [family_holdout:iqpe] epoch 0002  train_log_mse=0.34071  val_log_mse=3.88812  val_mse=0.035952  max_grad=442.08  patience=1/30
2026-10-07 21:29:42,268  gsv3.training             INFO     [family_holdout:iqpe] epoch 0003  train_log_mse=0.20301  val_log_mse=2.88848  val_mse=0.028751  max_grad=393.73  patience=0/30
2026-10-07 21:29:58,953  gsv3.training             INFO     [family_holdout:iqpe] epoch 0004  train_log_mse=0.15136  val_log_mse=2.95744  val_mse=0.023687  max_grad=168.30  patience=0/30
2026-10-07 21:30:15,080  gsv3.training             INFO     [family_holdout:iqpe] epoch 0005  train_log_mse=0.14863  val_log_mse=2.47575  val_mse=0.023223  max_grad=158.76  patience=0/30
2026-10-07 21:30:31,863  gsv3.training             INFO     [family_holdout:iqpe] epoch 0006  train_log_mse=0.11086  val_log_mse=2.24911  val_mse=0.022537  max_grad=106.03  patience=0/30
2026-10-07 21:30:48,114  gsv3.training             INFO     [family_holdout:iqpe] epoch 0007  train_log_mse=0.09893  val_log_mse=2.27159  val_mse=0.023387  max_grad=105.28  patience=1/30
2026-10-07 21:31:05,525  gsv3.training             INFO     [family_holdout:iqpe] epoch 0008  train_log_mse=0.09707  val_log_mse=2.88755  val_mse=0.027019  max_grad=104.27  patience=2/30
2026-10-07 21:31:22,524  gsv3.training             INFO     [family_holdout:iqpe] epoch 0009  train_log_mse=0.08637  val_log_mse=1.95894  val_mse=0.022941  max_grad=114.34  patience=3/30
2026-10-07 21:31:38,605  gsv3.training             INFO     [family_holdout:iqpe] epoch 0010  train_log_mse=0.07889  val_log_mse=2.37518  val_mse=0.027277  max_grad=92.95  patience=4/30
2026-10-07 21:31:55,519  gsv3.training             INFO     [family_holdout:iqpe] epoch 0011  train_log_mse=0.06690  val_log_mse=1.95085  val_mse=0.021854  max_grad=64.68  patience=0/30
2026-10-07 21:32:11,973  gsv3.training             INFO     [family_holdout:iqpe] epoch 0012  train_log_mse=0.06930  val_log_mse=1.78101  val_mse=0.022874  max_grad=119.18  patience=1/30
2026-10-07 21:32:28,492  gsv3.training             INFO     [family_holdout:iqpe] epoch 0013  train_log_mse=0.06687  val_log_mse=1.93221  val_mse=0.021817  max_grad=80.78  patience=0/30
2026-10-07 21:32:45,479  gsv3.training             INFO     [family_holdout:iqpe] epoch 0014  train_log_mse=0.06667  val_log_mse=1.97271  val_mse=0.024658  max_grad=78.53  patience=1/30
2026-10-07 21:33:01,790  gsv3.training             INFO     [family_holdout:iqpe] epoch 0015  train_log_mse=0.06570  val_log_mse=1.88553  val_mse=0.019306  max_grad=67.11  patience=0/30
2026-10-07 21:33:18,510  gsv3.training             INFO     [family_holdout:iqpe] epoch 0016  train_log_mse=0.06186  val_log_mse=1.79779  val_mse=0.018816  max_grad=57.65  patience=0/30
2026-10-07 21:33:35,563  gsv3.training             INFO     [family_holdout:iqpe] epoch 0017  train_log_mse=0.05848  val_log_mse=1.81808  val_mse=0.020991  max_grad=69.43  patience=1/30
2026-10-07 21:33:51,662  gsv3.training             INFO     [family_holdout:iqpe] epoch 0018  train_log_mse=0.05357  val_log_mse=1.90853  val_mse=0.019434  max_grad=65.45  patience=2/30
2026-10-07 21:34:08,603  gsv3.training             INFO     [family_holdout:iqpe] epoch 0019  train_log_mse=0.05326  val_log_mse=1.64994  val_mse=0.021469  max_grad=63.57  patience=3/30
2026-10-07 21:34:24,677  gsv3.training             INFO     [family_holdout:iqpe] epoch 0020  train_log_mse=0.05354  val_log_mse=1.75614  val_mse=0.023290  max_grad=46.75  patience=4/30
2026-10-07 21:34:41,766  gsv3.training             INFO     [family_holdout:iqpe] epoch 0021  train_log_mse=0.04795  val_log_mse=1.81789  val_mse=0.024056  max_grad=34.86  patience=5/30
2026-10-07 21:34:58,600  gsv3.training             INFO     [family_holdout:iqpe] epoch 0022  train_log_mse=0.05324  val_log_mse=1.77683  val_mse=0.018682  max_grad=54.84  patience=0/30
2026-10-07 21:35:14,782  gsv3.training             INFO     [family_holdout:iqpe] epoch 0023  train_log_mse=0.04679  val_log_mse=1.67611  val_mse=0.023223  max_grad=41.92  patience=1/30
2026-10-07 21:35:31,589  gsv3.training             INFO     [family_holdout:iqpe] epoch 0024  train_log_mse=0.04740  val_log_mse=1.67908  val_mse=0.021293  max_grad=36.77  patience=2/30
2026-10-07 21:35:47,863  gsv3.training             INFO     [family_holdout:iqpe] epoch 0025  train_log_mse=0.04950  val_log_mse=1.55857  val_mse=0.020189  max_grad=46.25  patience=3/30
2026-10-07 21:36:04,963  gsv3.training             INFO     [family_holdout:iqpe] epoch 0026  train_log_mse=0.05104  val_log_mse=1.69959  val_mse=0.026082  max_grad=37.11  patience=4/30
2026-10-07 21:36:21,452  gsv3.training             INFO     [family_holdout:iqpe] epoch 0027  train_log_mse=0.04543  val_log_mse=1.75351  val_mse=0.020763  max_grad=43.16  patience=5/30
2026-10-07 21:36:37,853  gsv3.training             INFO     [family_holdout:iqpe] epoch 0028  train_log_mse=0.04068  val_log_mse=1.64739  val_mse=0.022782  max_grad=30.24  patience=6/30
2026-10-07 21:36:54,771  gsv3.training             INFO     [family_holdout:iqpe] epoch 0029  train_log_mse=0.04746  val_log_mse=1.70198  val_mse=0.019678  max_grad=47.13  patience=7/30
2026-10-07 21:37:11,192  gsv3.training             INFO     [family_holdout:iqpe] epoch 0030  train_log_mse=0.03857  val_log_mse=1.65776  val_mse=0.020156  max_grad=26.93  patience=8/30
2026-10-07 21:37:27,942  gsv3.training             INFO     [family_holdout:iqpe] epoch 0031  train_log_mse=0.03942  val_log_mse=1.78052  val_mse=0.022048  max_grad=24.72  patience=9/30
2026-10-07 21:37:44,686  gsv3.training             INFO     [family_holdout:iqpe] epoch 0032  train_log_mse=0.04659  val_log_mse=1.55134  val_mse=0.019156  max_grad=40.58  patience=10/30
2026-10-07 21:38:00,777  gsv3.training             INFO     [family_holdout:iqpe] epoch 0033  train_log_mse=0.04315  val_log_mse=1.69285  val_mse=0.020584  max_grad=33.13  patience=11/30
2026-10-07 21:38:17,715  gsv3.training             INFO     [family_holdout:iqpe] epoch 0034  train_log_mse=0.03743  val_log_mse=1.51791  val_mse=0.022190  max_grad=25.62  patience=12/30
2026-10-07 21:38:34,647  gsv3.training             INFO     [family_holdout:iqpe] epoch 0035  train_log_mse=0.04007  val_log_mse=1.77136  val_mse=0.020555  max_grad=30.26  patience=13/30
2026-10-07 21:38:50,942  gsv3.training             INFO     [family_holdout:iqpe] epoch 0036  train_log_mse=0.04185  val_log_mse=1.57655  val_mse=0.021344  max_grad=41.18  patience=14/30
2026-10-07 21:39:07,830  gsv3.training             INFO     [family_holdout:iqpe] epoch 0037  train_log_mse=0.03809  val_log_mse=1.70754  val_mse=0.021362  max_grad=24.12  patience=15/30
2026-10-07 21:39:24,021  gsv3.training             INFO     [family_holdout:iqpe] epoch 0038  train_log_mse=0.03960  val_log_mse=1.76651  val_mse=0.019264  max_grad=44.09  patience=16/30
2026-10-07 21:39:41,035  gsv3.training             INFO     [family_holdout:iqpe] epoch 0039  train_log_mse=0.03971  val_log_mse=1.67006  val_mse=0.020191  max_grad=31.92  patience=17/30
2026-10-07 21:39:57,699  gsv3.training             INFO     [family_holdout:iqpe] epoch 0040  train_log_mse=0.03703  val_log_mse=1.61745  val_mse=0.020032  max_grad=31.42  patience=18/30
2026-10-07 21:40:13,882  gsv3.training             INFO     [family_holdout:iqpe] epoch 0041  train_log_mse=0.03621  val_log_mse=1.65557  val_mse=0.020912  max_grad=27.38  patience=19/30
2026-10-07 21:40:30,635  gsv3.training             INFO     [family_holdout:iqpe] epoch 0042  train_log_mse=0.04090  val_log_mse=1.76322  val_mse=0.021018  max_grad=33.61  patience=20/30
2026-10-07 21:40:46,676  gsv3.training             INFO     [family_holdout:iqpe] epoch 0043  train_log_mse=0.03482  val_log_mse=1.78691  val_mse=0.019447  max_grad=25.94  patience=21/30
2026-10-07 21:41:03,655  gsv3.training             INFO     [family_holdout:iqpe] epoch 0044  train_log_mse=0.03607  val_log_mse=2.10634  val_mse=0.017933  max_grad=23.89  patience=0/30
2026-10-07 21:41:19,942  gsv3.training             INFO     [family_holdout:iqpe] epoch 0045  train_log_mse=0.03658  val_log_mse=1.82396  val_mse=0.020796  max_grad=33.56  patience=1/30
2026-10-07 21:41:36,038  gsv3.training             INFO     [family_holdout:iqpe] epoch 0046  train_log_mse=0.03436  val_log_mse=1.76484  val_mse=0.019906  max_grad=26.72  patience=2/30
2026-10-07 21:41:52,880  gsv3.training             INFO     [family_holdout:iqpe] epoch 0047  train_log_mse=0.03471  val_log_mse=1.66432  val_mse=0.022076  max_grad=31.04  patience=3/30
2026-10-07 21:42:09,484  gsv3.training             INFO     [family_holdout:iqpe] epoch 0048  train_log_mse=0.03494  val_log_mse=1.58124  val_mse=0.022199  max_grad=22.74  patience=4/30
2026-10-07 21:42:26,131  gsv3.training             INFO     [family_holdout:iqpe] epoch 0049  train_log_mse=0.03621  val_log_mse=1.72179  val_mse=0.021526  max_grad=26.80  patience=5/30
2026-10-07 21:42:42,684  gsv3.training             INFO     [family_holdout:iqpe] epoch 0050  train_log_mse=0.03512  val_log_mse=1.58747  val_mse=0.018812  max_grad=22.43  patience=6/30
2026-10-07 21:42:59,474  gsv3.training             INFO     [family_holdout:iqpe] epoch 0051  train_log_mse=0.03661  val_log_mse=1.78325  val_mse=0.019935  max_grad=40.39  patience=7/30
2026-10-07 21:43:16,444  gsv3.training             INFO     [family_holdout:iqpe] epoch 0052  train_log_mse=0.03296  val_log_mse=1.64022  val_mse=0.022074  max_grad=23.08  patience=8/30
2026-10-07 21:43:32,932  gsv3.training             INFO     [family_holdout:iqpe] epoch 0053  train_log_mse=0.03507  val_log_mse=1.58841  val_mse=0.020077  max_grad=27.90  patience=9/30
2026-10-07 21:43:49,291  gsv3.training             INFO     [family_holdout:iqpe] epoch 0054  train_log_mse=0.03669  val_log_mse=1.58990  val_mse=0.019509  max_grad=35.84  patience=10/30
2026-10-07 21:44:05,911  gsv3.training             INFO     [family_holdout:iqpe] epoch 0055  train_log_mse=0.03381  val_log_mse=1.76915  val_mse=0.017366  max_grad=24.74  patience=0/30
2026-10-07 21:44:21,909  gsv3.training             INFO     [family_holdout:iqpe] epoch 0056  train_log_mse=0.03287  val_log_mse=1.69628  val_mse=0.022950  max_grad=32.57  patience=1/30
2026-10-07 21:44:39,275  gsv3.training             INFO     [family_holdout:iqpe] epoch 0057  train_log_mse=0.03262  val_log_mse=1.54973  val_mse=0.020844  max_grad=28.92  patience=2/30
2026-10-07 21:44:55,477  gsv3.training             INFO     [family_holdout:iqpe] epoch 0058  train_log_mse=0.03329  val_log_mse=1.74025  val_mse=0.021919  max_grad=25.40  patience=3/30
2026-10-07 21:45:11,842  gsv3.training             INFO     [family_holdout:iqpe] epoch 0059  train_log_mse=0.03255  val_log_mse=1.70422  val_mse=0.024193  max_grad=22.48  patience=4/30
2026-10-07 21:45:28,653  gsv3.training             INFO     [family_holdout:iqpe] epoch 0060  train_log_mse=0.03298  val_log_mse=1.69858  val_mse=0.022095  max_grad=20.59  patience=5/30
2026-10-07 21:45:45,127  gsv3.training             INFO     [family_holdout:iqpe] epoch 0061  train_log_mse=0.03319  val_log_mse=1.77917  val_mse=0.023783  max_grad=27.29  patience=6/30
2026-10-07 21:45:58,565  gsv3.training             INFO     [family_holdout:iqpe] epoch 0062  train_log_mse=0.03239  val_log_mse=1.65289  val_mse=0.022110  max_grad=20.45  patience=7/30
2026-10-07 21:46:13,675  gsv3.training             INFO     [family_holdout:iqpe] epoch 0063  train_log_mse=0.03053  val_log_mse=1.90703  val_mse=0.022119  max_grad=22.42  patience=8/30
2026-10-07 21:46:29,429  gsv3.training             INFO     [family_holdout:iqpe] epoch 0064  train_log_mse=0.03184  val_log_mse=1.72735  val_mse=0.020021  max_grad=20.92  patience=9/30
2026-10-07 21:46:45,658  gsv3.training             INFO     [family_holdout:iqpe] epoch 0065  train_log_mse=0.03076  val_log_mse=1.60740  val_mse=0.020761  max_grad=31.60  patience=10/30
2026-10-07 21:47:01,433  gsv3.training             INFO     [family_holdout:iqpe] epoch 0066  train_log_mse=0.03090  val_log_mse=1.58013  val_mse=0.021758  max_grad=23.21  patience=11/30
2026-10-07 21:47:17,574  gsv3.training             INFO     [family_holdout:iqpe] epoch 0067  train_log_mse=0.03351  val_log_mse=1.72640  val_mse=0.022950  max_grad=31.55  patience=12/30
2026-10-07 21:47:33,715  gsv3.training             INFO     [family_holdout:iqpe] epoch 0068  train_log_mse=0.03023  val_log_mse=1.77103  val_mse=0.024118  max_grad=23.02  patience=13/30
2026-10-07 21:47:49,411  gsv3.training             INFO     [family_holdout:iqpe] epoch 0069  train_log_mse=0.03137  val_log_mse=1.84859  val_mse=0.022570  max_grad=21.95  patience=14/30
2026-10-07 21:48:05,501  gsv3.training             INFO     [family_holdout:iqpe] epoch 0070  train_log_mse=0.03224  val_log_mse=1.82319  val_mse=0.022186  max_grad=20.73  patience=15/30
2026-10-07 21:48:21,242  gsv3.training             INFO     [family_holdout:iqpe] epoch 0071  train_log_mse=0.03139  val_log_mse=1.75528  val_mse=0.021834  max_grad=18.24  patience=16/30
2026-10-07 21:48:37,102  gsv3.training             INFO     [family_holdout:iqpe] epoch 0072  train_log_mse=0.02980  val_log_mse=1.79001  val_mse=0.020228  max_grad=17.95  patience=17/30
2026-10-07 21:48:53,128  gsv3.training             INFO     [family_holdout:iqpe] epoch 0073  train_log_mse=0.03055  val_log_mse=1.68767  val_mse=0.022001  max_grad=21.69  patience=18/30
2026-10-07 21:49:08,745  gsv3.training             INFO     [family_holdout:iqpe] epoch 0074  train_log_mse=0.02999  val_log_mse=1.72112  val_mse=0.023177  max_grad=29.30  patience=19/30
2026-10-07 21:49:25,226  gsv3.training             INFO     [family_holdout:iqpe] epoch 0075  train_log_mse=0.02888  val_log_mse=1.61562  val_mse=0.019420  max_grad=27.52  patience=20/30
2026-10-07 21:49:41,032  gsv3.training             INFO     [family_holdout:iqpe] epoch 0076  train_log_mse=0.03042  val_log_mse=1.71474  val_mse=0.021128  max_grad=20.49  patience=21/30
2026-10-07 21:49:56,671  gsv3.training             INFO     [family_holdout:iqpe] epoch 0077  train_log_mse=0.03011  val_log_mse=1.66558  val_mse=0.021238  max_grad=17.67  patience=22/30
2026-10-07 21:50:12,860  gsv3.training             INFO     [family_holdout:iqpe] epoch 0078  train_log_mse=0.02982  val_log_mse=1.58300  val_mse=0.021691  max_grad=19.64  patience=23/30
2026-10-07 21:50:28,544  gsv3.training             INFO     [family_holdout:iqpe] epoch 0079  train_log_mse=0.02890  val_log_mse=1.56779  val_mse=0.019775  max_grad=22.92  patience=24/30
2026-10-07 21:50:44,865  gsv3.training             INFO     [family_holdout:iqpe] epoch 0080  train_log_mse=0.03089  val_log_mse=1.66149  val_mse=0.021155  max_grad=33.76  patience=25/30
2026-10-07 21:51:00,508  gsv3.training             INFO     [family_holdout:iqpe] epoch 0081  train_log_mse=0.03013  val_log_mse=1.60087  val_mse=0.018557  max_grad=27.87  patience=26/30
2026-10-07 21:51:15,973  gsv3.training             INFO     [family_holdout:iqpe] epoch 0082  train_log_mse=0.02864  val_log_mse=1.49539  val_mse=0.022613  max_grad=24.67  patience=27/30
2026-10-07 21:51:32,302  gsv3.training             INFO     [family_holdout:iqpe] epoch 0083  train_log_mse=0.02929  val_log_mse=1.59752  val_mse=0.022579  max_grad=20.85  patience=28/30
2026-10-07 21:51:47,840  gsv3.training             INFO     [family_holdout:iqpe] epoch 0084  train_log_mse=0.02830  val_log_mse=1.72238  val_mse=0.019892  max_grad=17.90  patience=29/30
2026-10-07 21:52:04,435  gsv3.training             INFO     [family_holdout:iqpe] epoch 0085  train_log_mse=0.02972  val_log_mse=1.86547  val_mse=0.020500  max_grad=25.74  patience=30/30
2026-10-07 21:52:05,068  gsv3.experiment           INFO     [iqpe] TEST  n=570  MAE=0.3265  R2=-2.5864  device-acc=0.172  regret=0.1390
2026-10-07 21:52:05,075  genstudy.io               INFO     Wrote evaluations/generalization_v3/results/pooled_stab_a05/leave_one_family_out/iqpe/metrics.json
2026-10-07 21:52:05,081  genstudy.io               INFO     Wrote evaluations/generalization_v3/results/pooled_stab_a05/leave_one_family_out/iqpe/predictions.json
2026-10-07 21:52:05,092  genstudy.io               INFO     Wrote evaluations/generalization_v3/results/pooled_stab_a05/leave_one_family_out/iqpe/history.json
2026-10-07 21:52:05,131  genstudy.io               INFO     Wrote evaluations/generalization_v3/results/pooled_stab_a05/leave_one_family_out/folds.json
2026-10-07 21:52:05,292  genstudy.experiment       INFO     Merged held-out predictions for 16702 circuits
2026-10-07 21:52:05,362  genstudy.io               INFO     Wrote evaluations/generalization_v3/results/pooled_stab_a05/leave_one_family_out/heldout_predictions.json
2026-10-07 21:52:05,363  run_experiment            INFO     leave_one_family_out finished: 10 complete, 0 skipped
2026-10-08 04:02:51,510  genstudy.io               INFO     Logging to evaluations/generalization_v3/results/pooled_stab_a05/leave_one_family_out/run.log
2026-10-08 04:02:51,510  run_experiment            INFO     Command line: evaluations/generalization_v3/scripts/run_experiment.py lofo --model pooled --results-dir evaluations/generalization_v3/results/pooled_stab_a05
2026-10-08 04:02:51,510  gsv2.gpu                  WARNING  No CUDA device available — running on the CPU.
2026-10-08 04:02:51,511  gsv3.model                INFO     Hyper-parameters (/home/atudisco/pred-distr-tool/src/model/best_params.json + v3 defaults): {'device_hidden': 64, 'device_layers': 3, 'fusion_dim': 128, 'qubit_layers': 2, 'attn_heads': 4, 'lap_pe': 8, 'cost_bias_init': -6.0, 'hidden_dim': 142, 'num_conv_wo_resnet': 3, 'num_resnet_layers': 1, 'dropout': 0.0, 'bidirectional': True, 'mlp': [512, 256, 128], 'lr': 0.001, 'readout': 'meanmaxsum'}
2026-10-08 04:02:51,519  genstudy.data             INFO     Loading graph dataset: /home/atudisco/compileCircuits/graph_dataset_expected_fidelity.pt
2026-10-08 04:02:55,565  genstudy.data             INFO     Loaded 17056 graphs
2026-10-08 04:02:55,595  genstudy.io               INFO     Wrote evaluations/generalization_v3/results/pooled_stab_a05/leave_one_family_out/dataset_summary.json
2026-10-08 04:02:55,596  genstudy.data             INFO     Holding out 10 families: vqe_two_local, vqe_real_amp, vqe_su2, qaoa, randomcircuit, qft, qnn, ae, qftentangled, iqpe
2026-10-08 04:02:55,611  run_experiment            INFO     [1/10] vqe_two_local already done — skipping
2026-10-08 04:02:55,612  run_experiment            INFO     [2/10] vqe_real_amp already done — skipping
2026-10-08 04:02:55,612  run_experiment            INFO     [3/10] vqe_su2 already done — skipping
2026-10-08 04:02:55,612  run_experiment            INFO     [4/10] qaoa already done — skipping
2026-10-08 04:02:55,613  run_experiment            INFO     [5/10] randomcircuit already done — skipping
2026-10-08 04:02:55,613  run_experiment            INFO     [6/10] qft already done — skipping
2026-10-08 04:02:55,613  run_experiment            INFO     [7/10] qnn already done — skipping
2026-10-08 04:02:55,614  run_experiment            INFO     [8/10] ae already done — skipping
2026-10-08 04:02:55,614  run_experiment            INFO     [9/10] qftentangled already done — skipping
2026-10-08 04:02:55,615  run_experiment            INFO     [10/10] iqpe already done — skipping
2026-10-08 04:02:55,616  genstudy.io               INFO     Wrote evaluations/generalization_v3/results/pooled_stab_a05/leave_one_family_out/folds.json
2026-10-08 04:02:55,792  genstudy.experiment       INFO     Merged held-out predictions for 16702 circuits
2026-10-08 04:02:55,847  genstudy.io               INFO     Wrote evaluations/generalization_v3/results/pooled_stab_a05/leave_one_family_out/heldout_predictions.json
2026-10-08 04:02:55,848  run_experiment            INFO     leave_one_family_out finished: 10 complete, 0 skipped
