2026-10-07 15:36:17,370  genstudy.io               INFO     Logging to /home/atudisco/pred-distr-tool/evaluations/generalization_v2/results/leave_one_family_out/run.log
2026-10-07 15:36:17,370  run_experiment            INFO     Command line: /home/atudisco/pred-distr-tool/evaluations/generalization_v2/scripts/run_experiment.py lofo --device-graphs /home/atudisco/pred-distr-tool/evaluations/generalization_v2/results/device_graphs.pt --families large --max-train-qubits 14 --results-dir /home/atudisco/pred-distr-tool/evaluations/generalization_v2/results
2026-10-07 15:36:17,370  gsv2.gpu                  WARNING  No CUDA device available — running on the CPU.
2026-10-07 15:36:17,371  gsv2.model                INFO     Hyper-parameters (/home/atudisco/pred-distr-tool/src/model/best_params.json + v2 defaults): {'device_hidden': 64, 'device_layers': 3, 'fusion_dim': 128, 'hidden_dim': 142, 'num_conv_wo_resnet': 3, 'num_resnet_layers': 1, 'dropout': 0.0, 'bidirectional': True, 'mlp': [512, 256, 128], 'lr': 0.001, 'readout': 'meanmaxsum'}
2026-10-07 15:36:17,379  genstudy.data             INFO     Loading graph dataset: /home/atudisco/compileCircuits/graph_dataset_expected_fidelity.pt
2026-10-07 15:36:20,016  genstudy.data             INFO     Loaded 17056 graphs
2026-10-07 15:36:20,043  genstudy.io               INFO     Wrote /home/atudisco/pred-distr-tool/evaluations/generalization_v2/results/leave_one_family_out/dataset_summary.json
2026-10-07 15:36:20,044  genstudy.data             INFO     Holding out 10 families: vqe_two_local, vqe_real_amp, vqe_su2, qaoa, randomcircuit, qft, qnn, ae, qftentangled, iqpe
2026-10-07 15:36:20,057  run_experiment            INFO     [1/10] vqe_two_local
2026-10-07 15:36:20,062  gsv2.experiment           INFO     === family_holdout / vqe_two_local ===
2026-10-07 15:36:20,062  gsv2.experiment           INFO     Leave-one-family-out: test = all 3449 'vqe_two_local' circuits, train = 13607 circuits from 34 other families.
2026-10-07 15:36:20,063  gsv2.experiment           INFO     train=10710  val=2897 ({'mode': 'family', 'val_families': ['bmw_quark_copula', 'draper_qft_adder', 'dynamic_qft', 'ghz', 'graphstate', 'grover', 'qft', 'qftentangled', 'qpeinexact', 'randomcircuit']})  test=3449
2026-10-07 15:36:20,125  gsv2.training             INFO     [family_holdout:vqe_two_local] train=10710 val=2897, epochs 1-1000, patience 30, balance alpha 0.50
2026-10-07 15:36:37,292  gsv2.training             INFO     [family_holdout:vqe_two_local] epoch 0001  train_log_mse=39.04494  val_log_mse=8.97449  val_mse=0.015253  patience=0/30
2026-10-07 15:36:51,805  gsv2.training             INFO     [family_holdout:vqe_two_local] epoch 0002  train_log_mse=1.38268  val_log_mse=5.82638  val_mse=0.015081  patience=0/30
2026-10-07 15:37:06,110  gsv2.training             INFO     [family_holdout:vqe_two_local] epoch 0003  train_log_mse=0.37230  val_log_mse=5.73113  val_mse=0.011902  patience=0/30
2026-10-07 15:37:20,476  gsv2.training             INFO     [family_holdout:vqe_two_local] epoch 0004  train_log_mse=0.31541  val_log_mse=6.18104  val_mse=0.027615  patience=1/30
2026-10-07 15:37:34,589  gsv2.training             INFO     [family_holdout:vqe_two_local] epoch 0005  train_log_mse=0.18708  val_log_mse=5.53210  val_mse=0.026411  patience=0/30
2026-10-07 15:37:48,834  gsv2.training             INFO     [family_holdout:vqe_two_local] epoch 0006  train_log_mse=0.12626  val_log_mse=5.42000  val_mse=0.017937  patience=0/30
2026-10-07 15:38:02,876  gsv2.training             INFO     [family_holdout:vqe_two_local] epoch 0007  train_log_mse=0.12718  val_log_mse=5.21680  val_mse=0.030742  patience=0/30
2026-10-07 15:38:17,334  gsv2.training             INFO     [family_holdout:vqe_two_local] epoch 0008  train_log_mse=0.13661  val_log_mse=5.42273  val_mse=0.023616  patience=1/30
2026-10-07 15:38:31,817  gsv2.training             INFO     [family_holdout:vqe_two_local] epoch 0009  train_log_mse=0.11151  val_log_mse=5.54420  val_mse=0.018401  patience=2/30
2026-10-07 15:38:46,222  gsv2.training             INFO     [family_holdout:vqe_two_local] epoch 0010  train_log_mse=0.12703  val_log_mse=5.03673  val_mse=0.020120  patience=0/30
2026-10-07 15:39:00,245  gsv2.training             INFO     [family_holdout:vqe_two_local] epoch 0011  train_log_mse=0.11493  val_log_mse=5.18549  val_mse=0.020432  patience=1/30
2026-10-07 15:39:14,436  gsv2.training             INFO     [family_holdout:vqe_two_local] epoch 0012  train_log_mse=0.10179  val_log_mse=5.26541  val_mse=0.017221  patience=2/30
2026-10-07 15:39:28,556  gsv2.training             INFO     [family_holdout:vqe_two_local] epoch 0013  train_log_mse=0.11216  val_log_mse=4.53780  val_mse=0.017810  patience=0/30
2026-10-07 15:39:42,725  gsv2.training             INFO     [family_holdout:vqe_two_local] epoch 0014  train_log_mse=0.08521  val_log_mse=5.25609  val_mse=0.039989  patience=1/30
2026-10-07 15:39:56,747  gsv2.training             INFO     [family_holdout:vqe_two_local] epoch 0015  train_log_mse=0.08767  val_log_mse=4.34926  val_mse=0.020825  patience=0/30
2026-10-07 15:40:10,710  gsv2.training             INFO     [family_holdout:vqe_two_local] epoch 0016  train_log_mse=0.09649  val_log_mse=4.56532  val_mse=0.029712  patience=1/30
2026-10-07 15:40:24,709  gsv2.training             INFO     [family_holdout:vqe_two_local] epoch 0017  train_log_mse=0.08219  val_log_mse=4.76644  val_mse=0.021582  patience=2/30
2026-10-07 15:40:38,779  gsv2.training             INFO     [family_holdout:vqe_two_local] epoch 0018  train_log_mse=0.07741  val_log_mse=4.01583  val_mse=0.013260  patience=0/30
2026-10-07 15:40:53,051  gsv2.training             INFO     [family_holdout:vqe_two_local] epoch 0019  train_log_mse=0.14760  val_log_mse=3.44197  val_mse=0.015977  patience=0/30
2026-10-07 15:41:07,032  gsv2.training             INFO     [family_holdout:vqe_two_local] epoch 0020  train_log_mse=0.11797  val_log_mse=3.31464  val_mse=0.012778  patience=0/30
2026-10-07 15:41:21,033  gsv2.training             INFO     [family_holdout:vqe_two_local] epoch 0021  train_log_mse=0.07456  val_log_mse=3.49234  val_mse=0.016671  patience=1/30
2026-10-07 15:41:35,156  gsv2.training             INFO     [family_holdout:vqe_two_local] epoch 0022  train_log_mse=0.08736  val_log_mse=3.12817  val_mse=0.016779  patience=0/30
2026-10-07 15:41:49,055  gsv2.training             INFO     [family_holdout:vqe_two_local] epoch 0023  train_log_mse=0.07499  val_log_mse=3.54555  val_mse=0.016259  patience=1/30
2026-10-07 15:42:03,304  gsv2.training             INFO     [family_holdout:vqe_two_local] epoch 0024  train_log_mse=0.07483  val_log_mse=3.24312  val_mse=0.012563  patience=2/30
2026-10-07 15:42:17,580  gsv2.training             INFO     [family_holdout:vqe_two_local] epoch 0025  train_log_mse=0.11703  val_log_mse=2.50274  val_mse=0.014236  patience=0/30
2026-10-07 15:42:31,880  gsv2.training             INFO     [family_holdout:vqe_two_local] epoch 0026  train_log_mse=0.06791  val_log_mse=2.54410  val_mse=0.007625  patience=1/30
2026-10-07 15:42:45,849  gsv2.training             INFO     [family_holdout:vqe_two_local] epoch 0027  train_log_mse=0.07317  val_log_mse=3.37213  val_mse=0.016316  patience=2/30
2026-10-07 15:42:59,948  gsv2.training             INFO     [family_holdout:vqe_two_local] epoch 0028  train_log_mse=0.06238  val_log_mse=1.96313  val_mse=0.006757  patience=0/30
2026-10-07 15:43:14,058  gsv2.training             INFO     [family_holdout:vqe_two_local] epoch 0029  train_log_mse=0.08621  val_log_mse=2.10659  val_mse=0.013615  patience=1/30
2026-10-07 15:43:26,790  genstudy.io               INFO     Logging to /home/atudisco/pred-distr-tool/evaluations/generalization_v2/results/leave_one_family_out/run.log
2026-10-07 15:43:26,791  run_experiment            INFO     Command line: /home/atudisco/pred-distr-tool/evaluations/generalization_v2/scripts/run_experiment.py lofo --device-graphs /home/atudisco/pred-distr-tool/evaluations/generalization_v2/results/device_graphs.pt --families large --max-train-qubits 14 --results-dir /home/atudisco/pred-distr-tool/evaluations/generalization_v2/results
2026-10-07 15:43:26,791  gsv2.gpu                  WARNING  No CUDA device available — running on the CPU.
2026-10-07 15:43:26,791  gsv2.model                INFO     Hyper-parameters (/home/atudisco/pred-distr-tool/src/model/best_params.json + v2 defaults): {'device_hidden': 64, 'device_layers': 3, 'fusion_dim': 128, 'hidden_dim': 142, 'num_conv_wo_resnet': 3, 'num_resnet_layers': 1, 'dropout': 0.0, 'bidirectional': True, 'mlp': [512, 256, 128], 'lr': 0.001, 'readout': 'meanmaxsum'}
2026-10-07 15:43:26,798  genstudy.data             INFO     Loading graph dataset: /home/atudisco/compileCircuits/graph_dataset_expected_fidelity.pt
2026-10-07 15:43:28,046  gsv2.training             INFO     [family_holdout:vqe_two_local] epoch 0030  train_log_mse=0.08198  val_log_mse=2.47935  val_mse=0.010908  patience=2/30
2026-10-07 15:43:29,396  genstudy.data             INFO     Loaded 17056 graphs
2026-10-07 15:43:29,423  genstudy.io               INFO     Wrote /home/atudisco/pred-distr-tool/evaluations/generalization_v2/results/leave_one_family_out/dataset_summary.json
2026-10-07 15:43:29,424  genstudy.data             INFO     Holding out 10 families: vqe_two_local, vqe_real_amp, vqe_su2, qaoa, randomcircuit, qft, qnn, ae, qftentangled, iqpe
2026-10-07 15:43:29,437  run_experiment            INFO     [1/10] vqe_two_local
2026-10-07 15:43:29,438  gsv2.experiment           WARNING  [vqe_two_local] locked by another job — skipping
2026-10-07 15:43:29,438  run_experiment            INFO     [2/10] vqe_real_amp
2026-10-07 15:43:29,441  gsv2.experiment           INFO     === family_holdout / vqe_real_amp ===
2026-10-07 15:43:29,441  gsv2.experiment           INFO     Leave-one-family-out: test = all 2861 'vqe_real_amp' circuits, train = 14195 circuits from 34 other families.
2026-10-07 15:43:29,442  gsv2.experiment           INFO     train=11298  val=2897 ({'mode': 'family', 'val_families': ['bmw_quark_copula', 'draper_qft_adder', 'dynamic_qft', 'ghz', 'graphstate', 'grover', 'qft', 'qftentangled', 'qpeinexact', 'randomcircuit']})  test=2861
2026-10-07 15:43:29,505  gsv2.training             INFO     [family_holdout:vqe_real_amp] train=11298 val=2897, epochs 1-1000, patience 30, balance alpha 0.50
2026-10-07 15:43:42,405  gsv2.training             INFO     [family_holdout:vqe_two_local] epoch 0031  train_log_mse=0.12684  val_log_mse=1.64999  val_mse=0.007271  patience=0/30
2026-10-07 15:43:56,711  gsv2.training             INFO     [family_holdout:vqe_two_local] epoch 0032  train_log_mse=0.05681  val_log_mse=2.38159  val_mse=0.008384  patience=1/30
2026-10-07 15:44:11,041  gsv2.training             INFO     [family_holdout:vqe_two_local] epoch 0033  train_log_mse=0.05079  val_log_mse=1.83687  val_mse=0.008585  patience=2/30
2026-10-07 15:44:25,356  gsv2.training             INFO     [family_holdout:vqe_two_local] epoch 0034  train_log_mse=0.05973  val_log_mse=2.85273  val_mse=0.011869  patience=3/30
2026-10-07 15:44:39,910  gsv2.training             INFO     [family_holdout:vqe_two_local] epoch 0035  train_log_mse=0.08182  val_log_mse=1.91791  val_mse=0.012036  patience=4/30
2026-10-07 15:44:54,339  gsv2.training             INFO     [family_holdout:vqe_two_local] epoch 0036  train_log_mse=0.22715  val_log_mse=0.84557  val_mse=0.006124  patience=0/30
2026-10-07 15:45:01,418  gsv2.training             INFO     [family_holdout:vqe_real_amp] epoch 0001  train_log_mse=34.73985  val_log_mse=10.03638  val_mse=0.017900  patience=0/30
2026-10-07 15:45:08,732  gsv2.training             INFO     [family_holdout:vqe_two_local] epoch 0037  train_log_mse=0.06219  val_log_mse=1.38323  val_mse=0.008351  patience=1/30
2026-10-07 15:45:23,459  gsv2.training             INFO     [family_holdout:vqe_two_local] epoch 0038  train_log_mse=0.04571  val_log_mse=1.24612  val_mse=0.006392  patience=2/30
2026-10-07 15:45:38,112  gsv2.training             INFO     [family_holdout:vqe_two_local] epoch 0039  train_log_mse=0.04648  val_log_mse=1.23697  val_mse=0.006291  patience=3/30
2026-10-07 15:45:52,539  gsv2.training             INFO     [family_holdout:vqe_two_local] epoch 0040  train_log_mse=0.05558  val_log_mse=1.16183  val_mse=0.007450  patience=4/30
2026-10-07 15:46:11,043  gsv2.training             INFO     [family_holdout:vqe_two_local] epoch 0041  train_log_mse=0.05181  val_log_mse=1.37938  val_mse=0.006435  patience=5/30
2026-10-07 15:46:29,551  gsv2.training             INFO     [family_holdout:vqe_two_local] epoch 0042  train_log_mse=0.04774  val_log_mse=1.58073  val_mse=0.008537  patience=6/30
2026-10-07 15:46:47,188  gsv2.training             INFO     [family_holdout:vqe_two_local] epoch 0043  train_log_mse=0.04310  val_log_mse=1.27986  val_mse=0.006422  patience=7/30
2026-10-07 15:47:02,701  gsv2.training             INFO     [family_holdout:vqe_two_local] epoch 0044  train_log_mse=0.07147  val_log_mse=1.64593  val_mse=0.007833  patience=8/30
2026-10-07 15:47:09,986  gsv2.training             INFO     [family_holdout:vqe_real_amp] epoch 0002  train_log_mse=0.95985  val_log_mse=18.25789  val_mse=0.197266  patience=1/30
2026-10-07 15:47:20,980  gsv2.training             INFO     [family_holdout:vqe_two_local] epoch 0045  train_log_mse=0.06702  val_log_mse=3.01418  val_mse=0.007571  patience=9/30
2026-10-07 15:47:37,277  gsv2.training             INFO     [family_holdout:vqe_two_local] epoch 0046  train_log_mse=225.42066  val_log_mse=6.29682  val_mse=0.023340  patience=10/30
2026-10-07 15:47:51,899  gsv2.training             INFO     [family_holdout:vqe_two_local] epoch 0047  train_log_mse=2.73541  val_log_mse=7.10624  val_mse=0.021215  patience=11/30
2026-10-07 15:48:09,267  gsv2.training             INFO     [family_holdout:vqe_two_local] epoch 0048  train_log_mse=2.67125  val_log_mse=6.73064  val_mse=0.017809  patience=12/30
2026-10-07 15:48:26,875  gsv2.training             INFO     [family_holdout:vqe_two_local] epoch 0049  train_log_mse=2.61621  val_log_mse=7.15365  val_mse=0.015301  patience=13/30
2026-10-07 15:48:43,629  gsv2.training             INFO     [family_holdout:vqe_two_local] epoch 0050  train_log_mse=2.63860  val_log_mse=7.31702  val_mse=0.013301  patience=14/30
2026-10-07 15:49:00,775  gsv2.training             INFO     [family_holdout:vqe_two_local] epoch 0051  train_log_mse=2.66396  val_log_mse=6.91547  val_mse=0.012400  patience=15/30
2026-10-07 15:49:17,819  gsv2.training             INFO     [family_holdout:vqe_two_local] epoch 0052  train_log_mse=2.51771  val_log_mse=6.85984  val_mse=0.013681  patience=16/30
2026-10-07 15:49:34,122  gsv2.training             INFO     [family_holdout:vqe_two_local] epoch 0053  train_log_mse=2.42471  val_log_mse=7.08547  val_mse=0.019512  patience=17/30
2026-10-07 15:49:54,115  gsv2.training             INFO     [family_holdout:vqe_two_local] epoch 0054  train_log_mse=2.19377  val_log_mse=7.29043  val_mse=0.026051  patience=18/30
2026-10-07 15:50:10,654  gsv2.training             INFO     [family_holdout:vqe_two_local] epoch 0055  train_log_mse=2.22235  val_log_mse=6.90704  val_mse=0.014394  patience=19/30
2026-10-07 15:50:26,788  gsv2.training             INFO     [family_holdout:vqe_two_local] epoch 0056  train_log_mse=2.16483  val_log_mse=7.48024  val_mse=0.027094  patience=20/30
2026-10-07 15:50:42,616  gsv2.training             INFO     [family_holdout:vqe_two_local] epoch 0057  train_log_mse=2.00745  val_log_mse=6.73142  val_mse=0.019786  patience=21/30
2026-10-07 15:51:01,135  gsv2.training             INFO     [family_holdout:vqe_two_local] epoch 0058  train_log_mse=1.75090  val_log_mse=6.44966  val_mse=0.018339  patience=22/30
2026-10-07 15:51:22,765  gsv2.training             INFO     [family_holdout:vqe_two_local] epoch 0059  train_log_mse=1.47781  val_log_mse=5.34532  val_mse=0.009515  patience=23/30
2026-10-07 15:51:39,783  gsv2.training             INFO     [family_holdout:vqe_two_local] epoch 0060  train_log_mse=1.46547  val_log_mse=9.54136  val_mse=0.056929  patience=24/30
2026-10-07 15:51:54,511  gsv2.training             INFO     [family_holdout:vqe_two_local] epoch 0061  train_log_mse=1.00382  val_log_mse=5.44367  val_mse=0.009797  patience=25/30
2026-10-07 15:52:14,888  gsv2.training             INFO     [family_holdout:vqe_two_local] epoch 0062  train_log_mse=0.71457  val_log_mse=5.27509  val_mse=0.009464  patience=26/30
2026-10-07 15:52:30,836  gsv2.training             INFO     [family_holdout:vqe_two_local] epoch 0063  train_log_mse=0.50875  val_log_mse=5.86281  val_mse=0.008059  patience=27/30
2026-10-07 15:52:47,925  gsv2.training             INFO     [family_holdout:vqe_two_local] epoch 0064  train_log_mse=0.37673  val_log_mse=6.57323  val_mse=0.007556  patience=28/30
2026-10-07 15:53:05,824  gsv2.training             INFO     [family_holdout:vqe_two_local] epoch 0065  train_log_mse=0.31115  val_log_mse=6.60497  val_mse=0.008702  patience=29/30
2026-10-07 15:53:22,845  gsv2.training             INFO     [family_holdout:vqe_two_local] epoch 0066  train_log_mse=0.27126  val_log_mse=7.31523  val_mse=0.009862  patience=30/30
2026-10-07 15:53:25,529  gsv2.experiment           INFO     [vqe_two_local] TEST  n=3449  MAE=0.0773  R2=0.8712  device-acc=0.773  regret=0.0081 (fixed 0.0111, random 0.0340)
2026-10-07 15:53:25,733  genstudy.io               INFO     Wrote /home/atudisco/pred-distr-tool/evaluations/generalization_v2/results/leave_one_family_out/vqe_two_local/metrics.json
2026-10-07 15:53:25,983  genstudy.io               INFO     Wrote /home/atudisco/pred-distr-tool/evaluations/generalization_v2/results/leave_one_family_out/vqe_two_local/predictions.json
2026-10-07 15:53:26,140  genstudy.io               INFO     Wrote /home/atudisco/pred-distr-tool/evaluations/generalization_v2/results/leave_one_family_out/vqe_two_local/history.json
2026-10-07 15:53:26,331  run_experiment            INFO     [2/10] vqe_real_amp
2026-10-07 15:53:26,332  gsv2.experiment           INFO     === family_holdout / vqe_real_amp ===
2026-10-07 15:53:26,332  gsv2.experiment           INFO     Leave-one-family-out: test = all 2861 'vqe_real_amp' circuits, train = 14195 circuits from 34 other families.
2026-10-07 15:53:26,334  gsv2.experiment           INFO     train=11298  val=2897 ({'mode': 'family', 'val_families': ['bmw_quark_copula', 'draper_qft_adder', 'dynamic_qft', 'ghz', 'graphstate', 'grover', 'qft', 'qftentangled', 'qpeinexact', 'randomcircuit']})  test=2861
2026-10-07 15:53:27,584  gsv2.training             INFO     [family_holdout:vqe_real_amp] resumed at epoch 2 (best 1, val=10.03638, patience 1/30)
2026-10-07 15:53:27,584  gsv2.training             INFO     [family_holdout:vqe_real_amp] train=11298 val=2897, epochs 3-1000, patience 30, balance alpha 0.50
2026-10-07 15:53:42,395  gsv2.training             INFO     [family_holdout:vqe_real_amp] epoch 0003  train_log_mse=1.16806  val_log_mse=5.41459  val_mse=0.008777  patience=0/30
2026-10-07 15:53:59,365  gsv2.training             INFO     [family_holdout:vqe_real_amp] epoch 0004  train_log_mse=0.19880  val_log_mse=4.45172  val_mse=0.009628  patience=0/30
2026-10-07 15:54:15,566  gsv2.training             INFO     [family_holdout:vqe_real_amp] epoch 0005  train_log_mse=0.16907  val_log_mse=4.68326  val_mse=0.013200  patience=1/30
2026-10-07 15:54:34,822  gsv2.training             INFO     [family_holdout:vqe_real_amp] epoch 0006  train_log_mse=0.09862  val_log_mse=4.88149  val_mse=0.014639  patience=2/30
2026-10-07 15:54:50,944  gsv2.training             INFO     [family_holdout:vqe_real_amp] epoch 0007  train_log_mse=0.11336  val_log_mse=4.39965  val_mse=0.013019  patience=0/30
2026-10-07 15:55:06,003  gsv2.training             INFO     [family_holdout:vqe_real_amp] epoch 0008  train_log_mse=0.14451  val_log_mse=5.03070  val_mse=0.014975  patience=1/30
2026-10-07 15:55:20,761  gsv2.training             INFO     [family_holdout:vqe_real_amp] epoch 0009  train_log_mse=0.11497  val_log_mse=4.31191  val_mse=0.009488  patience=0/30
2026-10-07 15:55:35,412  gsv2.training             INFO     [family_holdout:vqe_real_amp] epoch 0010  train_log_mse=0.08720  val_log_mse=4.02941  val_mse=0.014234  patience=0/30
2026-10-07 15:55:50,287  gsv2.training             INFO     [family_holdout:vqe_real_amp] epoch 0011  train_log_mse=0.21112  val_log_mse=4.05461  val_mse=0.020189  patience=1/30
2026-10-07 15:56:05,114  gsv2.training             INFO     [family_holdout:vqe_real_amp] epoch 0012  train_log_mse=0.09669  val_log_mse=3.17050  val_mse=0.008238  patience=0/30
2026-10-07 15:56:20,023  gsv2.training             INFO     [family_holdout:vqe_real_amp] epoch 0013  train_log_mse=0.07791  val_log_mse=4.17587  val_mse=0.010592  patience=1/30
2026-10-07 15:56:35,024  gsv2.training             INFO     [family_holdout:vqe_real_amp] epoch 0014  train_log_mse=0.07049  val_log_mse=3.78010  val_mse=0.011358  patience=2/30
2026-10-07 15:56:49,900  gsv2.training             INFO     [family_holdout:vqe_real_amp] epoch 0015  train_log_mse=0.09442  val_log_mse=3.30714  val_mse=0.008754  patience=3/30
2026-10-07 15:57:04,821  gsv2.training             INFO     [family_holdout:vqe_real_amp] epoch 0016  train_log_mse=0.09765  val_log_mse=3.36831  val_mse=0.008717  patience=4/30
2026-10-07 15:57:19,706  gsv2.training             INFO     [family_holdout:vqe_real_amp] epoch 0017  train_log_mse=0.18467  val_log_mse=2.52891  val_mse=0.008034  patience=0/30
2026-10-07 15:57:34,638  gsv2.training             INFO     [family_holdout:vqe_real_amp] epoch 0018  train_log_mse=0.07826  val_log_mse=3.02322  val_mse=0.011872  patience=1/30
2026-10-07 15:57:49,458  gsv2.training             INFO     [family_holdout:vqe_real_amp] epoch 0019  train_log_mse=0.06993  val_log_mse=2.96044  val_mse=0.010832  patience=2/30
2026-10-07 15:58:04,180  gsv2.training             INFO     [family_holdout:vqe_real_amp] epoch 0020  train_log_mse=0.11440  val_log_mse=3.40320  val_mse=0.008919  patience=3/30
2026-10-07 15:58:18,759  gsv2.training             INFO     [family_holdout:vqe_real_amp] epoch 0021  train_log_mse=0.08796  val_log_mse=2.84552  val_mse=0.008868  patience=4/30
2026-10-07 15:58:33,412  gsv2.training             INFO     [family_holdout:vqe_real_amp] epoch 0022  train_log_mse=0.06703  val_log_mse=2.69186  val_mse=0.008595  patience=5/30
2026-10-07 15:58:48,346  gsv2.training             INFO     [family_holdout:vqe_real_amp] epoch 0023  train_log_mse=0.09871  val_log_mse=4.06774  val_mse=0.006374  patience=6/30
2026-10-07 15:59:03,173  gsv2.training             INFO     [family_holdout:vqe_real_amp] epoch 0024  train_log_mse=10.11574  val_log_mse=6.97830  val_mse=0.020240  patience=7/30
2026-10-07 15:59:17,983  gsv2.training             INFO     [family_holdout:vqe_real_amp] epoch 0025  train_log_mse=1.17312  val_log_mse=10.77206  val_mse=0.014473  patience=8/30
2026-10-07 15:59:33,171  gsv2.training             INFO     [family_holdout:vqe_real_amp] epoch 0026  train_log_mse=0.57925  val_log_mse=9.38508  val_mse=0.019648  patience=9/30
2026-10-07 15:59:48,216  gsv2.training             INFO     [family_holdout:vqe_real_amp] epoch 0027  train_log_mse=0.30290  val_log_mse=10.85678  val_mse=0.008728  patience=10/30
2026-10-07 16:00:03,149  gsv2.training             INFO     [family_holdout:vqe_real_amp] epoch 0028  train_log_mse=0.17755  val_log_mse=7.57138  val_mse=0.011869  patience=11/30
2026-10-07 16:00:18,290  gsv2.training             INFO     [family_holdout:vqe_real_amp] epoch 0029  train_log_mse=0.12816  val_log_mse=8.33192  val_mse=0.010018  patience=12/30
2026-10-07 16:00:33,368  gsv2.training             INFO     [family_holdout:vqe_real_amp] epoch 0030  train_log_mse=0.12408  val_log_mse=8.41411  val_mse=0.009544  patience=13/30
2026-10-07 16:00:48,354  gsv2.training             INFO     [family_holdout:vqe_real_amp] epoch 0031  train_log_mse=0.10523  val_log_mse=6.17761  val_mse=0.008989  patience=14/30
2026-10-07 16:01:03,534  gsv2.training             INFO     [family_holdout:vqe_real_amp] epoch 0032  train_log_mse=0.09899  val_log_mse=6.49984  val_mse=0.008231  patience=15/30
2026-10-07 16:01:18,464  gsv2.training             INFO     [family_holdout:vqe_real_amp] epoch 0033  train_log_mse=0.08154  val_log_mse=6.89578  val_mse=0.007431  patience=16/30
2026-10-07 16:01:33,580  gsv2.training             INFO     [family_holdout:vqe_real_amp] epoch 0034  train_log_mse=0.08223  val_log_mse=5.93371  val_mse=0.009298  patience=17/30
2026-10-07 16:01:48,885  gsv2.training             INFO     [family_holdout:vqe_real_amp] epoch 0035  train_log_mse=0.08909  val_log_mse=6.68571  val_mse=0.010193  patience=18/30
2026-10-07 16:02:03,930  gsv2.training             INFO     [family_holdout:vqe_real_amp] epoch 0036  train_log_mse=0.07353  val_log_mse=5.78818  val_mse=0.007555  patience=19/30
2026-10-07 16:02:19,136  gsv2.training             INFO     [family_holdout:vqe_real_amp] epoch 0037  train_log_mse=0.07378  val_log_mse=5.24444  val_mse=0.009876  patience=20/30
2026-10-07 16:02:34,275  gsv2.training             INFO     [family_holdout:vqe_real_amp] epoch 0038  train_log_mse=0.07409  val_log_mse=6.49289  val_mse=0.009711  patience=21/30
2026-10-07 16:02:49,521  gsv2.training             INFO     [family_holdout:vqe_real_amp] epoch 0039  train_log_mse=0.08116  val_log_mse=5.92339  val_mse=0.007562  patience=22/30
2026-10-07 16:03:04,479  gsv2.training             INFO     [family_holdout:vqe_real_amp] epoch 0040  train_log_mse=0.07265  val_log_mse=5.09814  val_mse=0.007617  patience=23/30
2026-10-07 16:03:19,451  gsv2.training             INFO     [family_holdout:vqe_real_amp] epoch 0041  train_log_mse=0.08576  val_log_mse=5.08366  val_mse=0.009247  patience=24/30
2026-10-07 16:03:34,583  gsv2.training             INFO     [family_holdout:vqe_real_amp] epoch 0042  train_log_mse=0.08871  val_log_mse=5.02629  val_mse=0.010376  patience=25/30
2026-10-07 16:03:49,713  gsv2.training             INFO     [family_holdout:vqe_real_amp] epoch 0043  train_log_mse=0.05437  val_log_mse=5.90957  val_mse=0.007499  patience=26/30
2026-10-07 16:04:04,772  gsv2.training             INFO     [family_holdout:vqe_real_amp] epoch 0044  train_log_mse=0.06200  val_log_mse=4.91003  val_mse=0.016838  patience=27/30
2026-10-07 16:04:19,741  gsv2.training             INFO     [family_holdout:vqe_real_amp] epoch 0045  train_log_mse=0.07889  val_log_mse=4.72078  val_mse=0.007749  patience=28/30
2026-10-07 16:04:34,645  gsv2.training             INFO     [family_holdout:vqe_real_amp] epoch 0046  train_log_mse=0.05484  val_log_mse=4.63764  val_mse=0.008626  patience=29/30
2026-10-07 16:04:49,574  gsv2.training             INFO     [family_holdout:vqe_real_amp] epoch 0047  train_log_mse=0.05956  val_log_mse=5.01180  val_mse=0.010593  patience=30/30
2026-10-07 16:04:50,711  gsv2.experiment           INFO     [vqe_real_amp] TEST  n=2861  MAE=0.0383  R2=0.9687  device-acc=0.760  regret=0.0060 (fixed 0.0083, random 0.0374)
2026-10-07 16:04:50,716  genstudy.io               INFO     Wrote /home/atudisco/pred-distr-tool/evaluations/generalization_v2/results/leave_one_family_out/vqe_real_amp/metrics.json
2026-10-07 16:04:50,732  genstudy.io               INFO     Wrote /home/atudisco/pred-distr-tool/evaluations/generalization_v2/results/leave_one_family_out/vqe_real_amp/predictions.json
2026-10-07 16:04:50,743  genstudy.io               INFO     Wrote /home/atudisco/pred-distr-tool/evaluations/generalization_v2/results/leave_one_family_out/vqe_real_amp/history.json
2026-10-07 16:04:50,771  run_experiment            INFO     [3/10] vqe_su2
2026-10-07 16:04:50,774  gsv2.experiment           INFO     === family_holdout / vqe_su2 ===
2026-10-07 16:04:50,774  gsv2.experiment           INFO     Leave-one-family-out: test = all 2858 'vqe_su2' circuits, train = 14198 circuits from 34 other families.
2026-10-07 16:04:50,775  gsv2.experiment           INFO     train=11301  val=2897 ({'mode': 'family', 'val_families': ['bmw_quark_copula', 'draper_qft_adder', 'dynamic_qft', 'ghz', 'graphstate', 'grover', 'qft', 'qftentangled', 'qpeinexact', 'randomcircuit']})  test=2858
2026-10-07 16:04:50,795  gsv2.training             INFO     [family_holdout:vqe_su2] train=11301 val=2897, epochs 1-1000, patience 30, balance alpha 0.50
2026-10-07 16:05:05,481  gsv2.training             INFO     [family_holdout:vqe_su2] epoch 0001  train_log_mse=34.03024  val_log_mse=6.22589  val_mse=0.012579  patience=0/30
2026-10-07 16:05:20,160  gsv2.training             INFO     [family_holdout:vqe_su2] epoch 0002  train_log_mse=0.98429  val_log_mse=4.67692  val_mse=0.010402  patience=0/30
2026-10-07 16:05:34,726  gsv2.training             INFO     [family_holdout:vqe_su2] epoch 0003  train_log_mse=0.40581  val_log_mse=5.02817  val_mse=0.007738  patience=1/30
2026-10-07 16:05:49,250  gsv2.training             INFO     [family_holdout:vqe_su2] epoch 0004  train_log_mse=0.16534  val_log_mse=4.36729  val_mse=0.008849  patience=0/30
2026-10-07 16:06:03,752  gsv2.training             INFO     [family_holdout:vqe_su2] epoch 0005  train_log_mse=0.12892  val_log_mse=4.48379  val_mse=0.011343  patience=1/30
2026-10-07 16:06:18,283  gsv2.training             INFO     [family_holdout:vqe_su2] epoch 0006  train_log_mse=0.17128  val_log_mse=4.77052  val_mse=0.010519  patience=2/30
2026-10-07 16:06:32,990  gsv2.training             INFO     [family_holdout:vqe_su2] epoch 0007  train_log_mse=0.14380  val_log_mse=4.48603  val_mse=0.009488  patience=3/30
2026-10-07 16:06:47,838  gsv2.training             INFO     [family_holdout:vqe_su2] epoch 0008  train_log_mse=0.12996  val_log_mse=3.99745  val_mse=0.012420  patience=0/30
2026-10-07 16:07:02,563  gsv2.training             INFO     [family_holdout:vqe_su2] epoch 0009  train_log_mse=0.09150  val_log_mse=3.79153  val_mse=0.009514  patience=0/30
2026-10-07 16:07:17,411  gsv2.training             INFO     [family_holdout:vqe_su2] epoch 0010  train_log_mse=0.09412  val_log_mse=3.43016  val_mse=0.009609  patience=0/30
2026-10-07 16:07:32,222  gsv2.training             INFO     [family_holdout:vqe_su2] epoch 0011  train_log_mse=0.12682  val_log_mse=3.21687  val_mse=0.008383  patience=0/30
2026-10-07 16:07:46,919  gsv2.training             INFO     [family_holdout:vqe_su2] epoch 0012  train_log_mse=0.11192  val_log_mse=3.51409  val_mse=0.012719  patience=1/30
2026-10-07 16:08:01,642  gsv2.training             INFO     [family_holdout:vqe_su2] epoch 0013  train_log_mse=0.09255  val_log_mse=3.69355  val_mse=0.012820  patience=2/30
2026-10-07 16:08:16,451  gsv2.training             INFO     [family_holdout:vqe_su2] epoch 0014  train_log_mse=0.08389  val_log_mse=3.32021  val_mse=0.009145  patience=3/30
2026-10-07 16:08:31,031  gsv2.training             INFO     [family_holdout:vqe_su2] epoch 0015  train_log_mse=0.13605  val_log_mse=2.94210  val_mse=0.010734  patience=0/30
2026-10-07 16:08:45,552  gsv2.training             INFO     [family_holdout:vqe_su2] epoch 0016  train_log_mse=0.06657  val_log_mse=2.61761  val_mse=0.007195  patience=0/30
2026-10-07 16:09:00,313  gsv2.training             INFO     [family_holdout:vqe_su2] epoch 0017  train_log_mse=0.13814  val_log_mse=3.64635  val_mse=0.010778  patience=1/30
2026-10-07 16:09:15,144  gsv2.training             INFO     [family_holdout:vqe_su2] epoch 0018  train_log_mse=0.14072  val_log_mse=2.33069  val_mse=0.006155  patience=0/30
2026-10-07 16:09:29,799  gsv2.training             INFO     [family_holdout:vqe_su2] epoch 0019  train_log_mse=0.06474  val_log_mse=2.23907  val_mse=0.006672  patience=0/30
2026-10-07 16:09:44,261  gsv2.training             INFO     [family_holdout:vqe_su2] epoch 0020  train_log_mse=0.06861  val_log_mse=2.59756  val_mse=0.008703  patience=1/30
2026-10-07 16:09:58,753  gsv2.training             INFO     [family_holdout:vqe_su2] epoch 0021  train_log_mse=0.11640  val_log_mse=2.43119  val_mse=0.006337  patience=2/30
2026-10-07 16:10:13,209  gsv2.training             INFO     [family_holdout:vqe_su2] epoch 0022  train_log_mse=0.08546  val_log_mse=1.85283  val_mse=0.007099  patience=0/30
2026-10-07 16:10:27,615  gsv2.training             INFO     [family_holdout:vqe_su2] epoch 0023  train_log_mse=0.05718  val_log_mse=1.84970  val_mse=0.006761  patience=0/30
2026-10-07 16:10:42,298  gsv2.training             INFO     [family_holdout:vqe_su2] epoch 0024  train_log_mse=0.12023  val_log_mse=2.22092  val_mse=0.010273  patience=1/30
2026-10-07 16:10:56,894  gsv2.training             INFO     [family_holdout:vqe_su2] epoch 0025  train_log_mse=0.07176  val_log_mse=2.05279  val_mse=0.007627  patience=2/30
2026-10-07 16:11:11,357  gsv2.training             INFO     [family_holdout:vqe_su2] epoch 0026  train_log_mse=0.07036  val_log_mse=2.17059  val_mse=0.007200  patience=3/30
2026-10-07 16:11:25,786  gsv2.training             INFO     [family_holdout:vqe_su2] epoch 0027  train_log_mse=0.07258  val_log_mse=1.62779  val_mse=0.006635  patience=0/30
2026-10-07 16:11:40,380  gsv2.training             INFO     [family_holdout:vqe_su2] epoch 0028  train_log_mse=0.05699  val_log_mse=1.60909  val_mse=0.006327  patience=0/30
2026-10-07 16:11:54,729  gsv2.training             INFO     [family_holdout:vqe_su2] epoch 0029  train_log_mse=0.12047  val_log_mse=1.87088  val_mse=0.007040  patience=1/30
2026-10-07 16:12:09,232  gsv2.training             INFO     [family_holdout:vqe_su2] epoch 0030  train_log_mse=0.07146  val_log_mse=3.08130  val_mse=0.006352  patience=2/30
2026-10-07 16:12:23,657  gsv2.training             INFO     [family_holdout:vqe_su2] epoch 0031  train_log_mse=0.09895  val_log_mse=1.87288  val_mse=0.009177  patience=3/30
2026-10-07 16:12:37,982  gsv2.training             INFO     [family_holdout:vqe_su2] epoch 0032  train_log_mse=0.05688  val_log_mse=1.23494  val_mse=0.006476  patience=0/30
2026-10-07 16:12:52,549  gsv2.training             INFO     [family_holdout:vqe_su2] epoch 0033  train_log_mse=0.05401  val_log_mse=1.40939  val_mse=0.006384  patience=1/30
2026-10-07 16:13:06,836  gsv2.training             INFO     [family_holdout:vqe_su2] epoch 0034  train_log_mse=0.05762  val_log_mse=0.92734  val_mse=0.006083  patience=0/30
2026-10-07 16:13:21,322  gsv2.training             INFO     [family_holdout:vqe_su2] epoch 0035  train_log_mse=0.12205  val_log_mse=1.16131  val_mse=0.006378  patience=1/30
2026-10-07 16:13:35,701  gsv2.training             INFO     [family_holdout:vqe_su2] epoch 0036  train_log_mse=0.04751  val_log_mse=1.42860  val_mse=0.007071  patience=2/30
2026-10-07 16:13:50,276  gsv2.training             INFO     [family_holdout:vqe_su2] epoch 0037  train_log_mse=0.05369  val_log_mse=1.25371  val_mse=0.006312  patience=3/30
2026-10-07 16:14:04,681  gsv2.training             INFO     [family_holdout:vqe_su2] epoch 0038  train_log_mse=0.05991  val_log_mse=1.66657  val_mse=0.007462  patience=4/30
2026-10-07 16:14:19,165  gsv2.training             INFO     [family_holdout:vqe_su2] epoch 0039  train_log_mse=0.05252  val_log_mse=1.23708  val_mse=0.005816  patience=5/30
2026-10-07 16:14:33,640  gsv2.training             INFO     [family_holdout:vqe_su2] epoch 0040  train_log_mse=0.05649  val_log_mse=1.00969  val_mse=0.005797  patience=6/30
2026-10-07 16:14:48,273  gsv2.training             INFO     [family_holdout:vqe_su2] epoch 0041  train_log_mse=0.04581  val_log_mse=1.15621  val_mse=0.005734  patience=7/30
2026-10-07 16:15:02,846  gsv2.training             INFO     [family_holdout:vqe_su2] epoch 0042  train_log_mse=0.04975  val_log_mse=1.25849  val_mse=0.006617  patience=8/30
2026-10-07 16:15:17,415  gsv2.training             INFO     [family_holdout:vqe_su2] epoch 0043  train_log_mse=9859.83872  val_log_mse=14.78348  val_mse=0.032205  patience=9/30
2026-10-07 16:15:31,809  gsv2.training             INFO     [family_holdout:vqe_su2] epoch 0044  train_log_mse=3.32198  val_log_mse=9.11529  val_mse=0.037443  patience=10/30
2026-10-07 16:15:46,170  gsv2.training             INFO     [family_holdout:vqe_su2] epoch 0045  train_log_mse=2.86135  val_log_mse=7.30659  val_mse=0.027697  patience=11/30
2026-10-07 16:16:00,568  gsv2.training             INFO     [family_holdout:vqe_su2] epoch 0046  train_log_mse=2.59838  val_log_mse=6.46567  val_mse=0.018422  patience=12/30
2026-10-07 16:16:15,103  gsv2.training             INFO     [family_holdout:vqe_su2] epoch 0047  train_log_mse=2.57280  val_log_mse=5.80297  val_mse=0.018286  patience=13/30
2026-10-07 16:16:29,838  gsv2.training             INFO     [family_holdout:vqe_su2] epoch 0048  train_log_mse=2.56768  val_log_mse=8.38263  val_mse=0.042668  patience=14/30
2026-10-07 16:16:44,635  gsv2.training             INFO     [family_holdout:vqe_su2] epoch 0049  train_log_mse=2.40179  val_log_mse=5.77908  val_mse=0.019021  patience=15/30
2026-10-07 16:16:59,415  gsv2.training             INFO     [family_holdout:vqe_su2] epoch 0050  train_log_mse=2.78877  val_log_mse=5.46232  val_mse=0.016933  patience=16/30
2026-10-07 16:17:14,296  gsv2.training             INFO     [family_holdout:vqe_su2] epoch 0051  train_log_mse=2.38148  val_log_mse=5.53698  val_mse=0.024292  patience=17/30
2026-10-07 16:17:28,913  gsv2.training             INFO     [family_holdout:vqe_su2] epoch 0052  train_log_mse=2.19761  val_log_mse=4.77923  val_mse=0.018230  patience=18/30
2026-10-07 16:17:43,612  gsv2.training             INFO     [family_holdout:vqe_su2] epoch 0053  train_log_mse=2.17110  val_log_mse=4.10372  val_mse=0.013345  patience=19/30
2026-10-07 16:17:58,462  gsv2.training             INFO     [family_holdout:vqe_su2] epoch 0054  train_log_mse=2.21959  val_log_mse=4.98568  val_mse=0.021113  patience=20/30
2026-10-07 16:18:13,246  gsv2.training             INFO     [family_holdout:vqe_su2] epoch 0055  train_log_mse=2.05764  val_log_mse=4.37212  val_mse=0.018448  patience=21/30
2026-10-07 16:18:27,985  gsv2.training             INFO     [family_holdout:vqe_su2] epoch 0056  train_log_mse=1.90844  val_log_mse=4.15670  val_mse=0.017069  patience=22/30
2026-10-07 16:18:42,323  gsv2.training             INFO     [family_holdout:vqe_su2] epoch 0057  train_log_mse=1.80558  val_log_mse=3.44901  val_mse=0.013197  patience=23/30
2026-10-07 16:18:56,752  gsv2.training             INFO     [family_holdout:vqe_su2] epoch 0058  train_log_mse=1.99773  val_log_mse=2.84125  val_mse=0.009629  patience=24/30
2026-10-07 16:19:11,290  gsv2.training             INFO     [family_holdout:vqe_su2] epoch 0059  train_log_mse=1.37010  val_log_mse=9.46879  val_mse=0.011665  patience=25/30
2026-10-07 16:19:25,734  gsv2.training             INFO     [family_holdout:vqe_su2] epoch 0060  train_log_mse=49.48944  val_log_mse=8.88722  val_mse=0.017500  patience=26/30
2026-10-07 16:19:40,127  gsv2.training             INFO     [family_holdout:vqe_su2] epoch 0061  train_log_mse=2.99130  val_log_mse=8.31819  val_mse=0.015249  patience=27/30
2026-10-07 16:19:54,683  gsv2.training             INFO     [family_holdout:vqe_su2] epoch 0062  train_log_mse=2.75235  val_log_mse=8.62076  val_mse=0.032375  patience=28/30
2026-10-07 16:20:09,337  gsv2.training             INFO     [family_holdout:vqe_su2] epoch 0063  train_log_mse=2.38983  val_log_mse=24.92535  val_mse=0.017673  patience=29/30
2026-10-07 16:20:24,239  gsv2.training             INFO     [family_holdout:vqe_su2] epoch 0064  train_log_mse=2.31538  val_log_mse=8.07241  val_mse=0.035179  patience=30/30
2026-10-07 16:20:25,432  gsv2.experiment           INFO     [vqe_su2] TEST  n=2858  MAE=0.1282  R2=0.6936  device-acc=0.421  regret=0.0346 (fixed 0.0066, random 0.0459)
2026-10-07 16:20:25,436  genstudy.io               INFO     Wrote /home/atudisco/pred-distr-tool/evaluations/generalization_v2/results/leave_one_family_out/vqe_su2/metrics.json
2026-10-07 16:20:25,456  genstudy.io               INFO     Wrote /home/atudisco/pred-distr-tool/evaluations/generalization_v2/results/leave_one_family_out/vqe_su2/predictions.json
2026-10-07 16:20:25,468  genstudy.io               INFO     Wrote /home/atudisco/pred-distr-tool/evaluations/generalization_v2/results/leave_one_family_out/vqe_su2/history.json
2026-10-07 16:20:25,498  run_experiment            INFO     [4/10] qaoa
2026-10-07 16:20:25,501  gsv2.experiment           INFO     === family_holdout / qaoa ===
2026-10-07 16:20:25,501  gsv2.experiment           INFO     Leave-one-family-out: test = all 2706 'qaoa' circuits, train = 14350 circuits from 34 other families.
2026-10-07 16:20:25,502  gsv2.experiment           INFO     train=11453  val=2897 ({'mode': 'family', 'val_families': ['bmw_quark_copula', 'draper_qft_adder', 'dynamic_qft', 'ghz', 'graphstate', 'grover', 'qft', 'qftentangled', 'qpeinexact', 'randomcircuit']})  test=2706
2026-10-07 16:20:25,519  gsv2.training             INFO     [family_holdout:qaoa] train=11453 val=2897, epochs 1-1000, patience 30, balance alpha 0.50
2026-10-07 16:20:39,096  gsv2.training             INFO     [family_holdout:qaoa] epoch 0001  train_log_mse=18.82317  val_log_mse=6.38156  val_mse=0.016413  patience=0/30
2026-10-07 16:20:52,791  gsv2.training             INFO     [family_holdout:qaoa] epoch 0002  train_log_mse=0.66598  val_log_mse=5.34315  val_mse=0.006539  patience=0/30
2026-10-07 16:21:06,415  gsv2.training             INFO     [family_holdout:qaoa] epoch 0003  train_log_mse=0.15221  val_log_mse=6.76475  val_mse=0.005800  patience=1/30
2026-10-07 16:21:20,123  gsv2.training             INFO     [family_holdout:qaoa] epoch 0004  train_log_mse=0.14178  val_log_mse=5.70544  val_mse=0.006197  patience=2/30
2026-10-07 16:21:33,767  gsv2.training             INFO     [family_holdout:qaoa] epoch 0005  train_log_mse=0.11038  val_log_mse=4.91309  val_mse=0.005847  patience=0/30
2026-10-07 16:21:47,567  gsv2.training             INFO     [family_holdout:qaoa] epoch 0006  train_log_mse=0.12689  val_log_mse=5.77590  val_mse=0.006419  patience=1/30
2026-10-07 16:22:01,342  gsv2.training             INFO     [family_holdout:qaoa] epoch 0007  train_log_mse=0.07726  val_log_mse=5.20430  val_mse=0.007779  patience=2/30
2026-10-07 16:22:15,191  gsv2.training             INFO     [family_holdout:qaoa] epoch 0008  train_log_mse=0.07369  val_log_mse=4.95247  val_mse=0.007508  patience=3/30
2026-10-07 16:22:29,007  gsv2.training             INFO     [family_holdout:qaoa] epoch 0009  train_log_mse=0.09997  val_log_mse=4.48278  val_mse=0.007076  patience=0/30
2026-10-07 16:22:42,523  gsv2.training             INFO     [family_holdout:qaoa] epoch 0010  train_log_mse=0.07322  val_log_mse=4.62958  val_mse=0.008598  patience=1/30
2026-10-07 16:22:56,177  gsv2.training             INFO     [family_holdout:qaoa] epoch 0011  train_log_mse=0.10665  val_log_mse=5.65780  val_mse=0.006310  patience=2/30
2026-10-07 16:23:09,896  gsv2.training             INFO     [family_holdout:qaoa] epoch 0012  train_log_mse=0.06386  val_log_mse=4.06582  val_mse=0.005596  patience=0/30
2026-10-07 16:23:23,850  gsv2.training             INFO     [family_holdout:qaoa] epoch 0013  train_log_mse=0.08852  val_log_mse=3.55028  val_mse=0.005495  patience=0/30
2026-10-07 16:23:37,699  gsv2.training             INFO     [family_holdout:qaoa] epoch 0014  train_log_mse=0.07016  val_log_mse=4.37397  val_mse=0.005088  patience=1/30
2026-10-07 16:23:51,611  gsv2.training             INFO     [family_holdout:qaoa] epoch 0015  train_log_mse=0.09565  val_log_mse=3.02481  val_mse=0.006815  patience=0/30
2026-10-07 16:24:05,377  gsv2.training             INFO     [family_holdout:qaoa] epoch 0016  train_log_mse=0.06660  val_log_mse=3.07462  val_mse=0.005410  patience=1/30
2026-10-07 16:24:19,077  gsv2.training             INFO     [family_holdout:qaoa] epoch 0017  train_log_mse=0.09020  val_log_mse=4.10605  val_mse=0.006024  patience=2/30
2026-10-07 16:24:32,878  gsv2.training             INFO     [family_holdout:qaoa] epoch 0018  train_log_mse=0.09540  val_log_mse=2.65928  val_mse=0.009846  patience=0/30
2026-10-07 16:24:46,762  gsv2.training             INFO     [family_holdout:qaoa] epoch 0019  train_log_mse=0.06947  val_log_mse=3.98066  val_mse=0.011234  patience=1/30
2026-10-07 16:25:00,480  gsv2.training             INFO     [family_holdout:qaoa] epoch 0020  train_log_mse=0.04839  val_log_mse=3.05827  val_mse=0.006888  patience=2/30
2026-10-07 16:25:14,122  gsv2.training             INFO     [family_holdout:qaoa] epoch 0021  train_log_mse=0.15154  val_log_mse=3.74874  val_mse=0.008017  patience=3/30
2026-10-07 16:25:27,613  gsv2.training             INFO     [family_holdout:qaoa] epoch 0022  train_log_mse=0.05431  val_log_mse=3.31191  val_mse=0.009931  patience=4/30
2026-10-07 16:25:41,269  gsv2.training             INFO     [family_holdout:qaoa] epoch 0023  train_log_mse=0.05690  val_log_mse=2.60921  val_mse=0.007468  patience=0/30
2026-10-07 16:25:54,839  gsv2.training             INFO     [family_holdout:qaoa] epoch 0024  train_log_mse=0.05103  val_log_mse=1.98619  val_mse=0.005821  patience=0/30
2026-10-07 16:26:08,409  gsv2.training             INFO     [family_holdout:qaoa] epoch 0025  train_log_mse=0.06639  val_log_mse=2.80283  val_mse=0.006358  patience=1/30
2026-10-07 16:26:22,041  gsv2.training             INFO     [family_holdout:qaoa] epoch 0026  train_log_mse=0.04681  val_log_mse=2.90829  val_mse=0.007222  patience=2/30
2026-10-07 16:26:35,665  gsv2.training             INFO     [family_holdout:qaoa] epoch 0027  train_log_mse=0.06830  val_log_mse=3.06002  val_mse=0.010213  patience=3/30
2026-10-07 16:26:49,305  gsv2.training             INFO     [family_holdout:qaoa] epoch 0028  train_log_mse=0.06575  val_log_mse=2.30328  val_mse=0.005566  patience=4/30
2026-10-07 16:27:02,899  gsv2.training             INFO     [family_holdout:qaoa] epoch 0029  train_log_mse=0.05631  val_log_mse=2.20867  val_mse=0.005733  patience=5/30
2026-10-07 16:27:16,603  gsv2.training             INFO     [family_holdout:qaoa] epoch 0030  train_log_mse=6316.90637  val_log_mse=9.77010  val_mse=0.045980  patience=6/30
2026-10-07 16:27:30,185  gsv2.training             INFO     [family_holdout:qaoa] epoch 0031  train_log_mse=3.23361  val_log_mse=10.36781  val_mse=0.021743  patience=7/30
2026-10-07 16:27:44,022  gsv2.training             INFO     [family_holdout:qaoa] epoch 0032  train_log_mse=2.81062  val_log_mse=9.23065  val_mse=0.021722  patience=8/30
2026-10-07 16:27:57,929  gsv2.training             INFO     [family_holdout:qaoa] epoch 0033  train_log_mse=2.74249  val_log_mse=8.88775  val_mse=0.021876  patience=9/30
2026-10-07 16:28:11,900  gsv2.training             INFO     [family_holdout:qaoa] epoch 0034  train_log_mse=2.73954  val_log_mse=10.94457  val_mse=0.020544  patience=10/30
2026-10-07 16:28:25,707  gsv2.training             INFO     [family_holdout:qaoa] epoch 0035  train_log_mse=2.49710  val_log_mse=13.70660  val_mse=0.020797  patience=11/30
2026-10-07 16:28:39,570  gsv2.training             INFO     [family_holdout:qaoa] epoch 0036  train_log_mse=2.51374  val_log_mse=11.01523  val_mse=0.020509  patience=12/30
2026-10-07 16:28:53,581  gsv2.training             INFO     [family_holdout:qaoa] epoch 0037  train_log_mse=2.58638  val_log_mse=10.51091  val_mse=0.018212  patience=13/30
2026-10-07 16:29:07,509  gsv2.training             INFO     [family_holdout:qaoa] epoch 0038  train_log_mse=2.35984  val_log_mse=11.12107  val_mse=0.017209  patience=14/30
2026-10-07 16:29:21,644  gsv2.training             INFO     [family_holdout:qaoa] epoch 0039  train_log_mse=2.26240  val_log_mse=12.35987  val_mse=0.015992  patience=15/30
2026-10-07 16:29:35,826  gsv2.training             INFO     [family_holdout:qaoa] epoch 0040  train_log_mse=2.25340  val_log_mse=13.88654  val_mse=0.016258  patience=16/30
2026-10-07 16:29:49,742  gsv2.training             INFO     [family_holdout:qaoa] epoch 0041  train_log_mse=2.30153  val_log_mse=10.10256  val_mse=0.019403  patience=17/30
2026-10-07 16:30:03,674  gsv2.training             INFO     [family_holdout:qaoa] epoch 0042  train_log_mse=2.12281  val_log_mse=9.54016  val_mse=0.019038  patience=18/30
2026-10-07 16:30:17,714  gsv2.training             INFO     [family_holdout:qaoa] epoch 0043  train_log_mse=2.01161  val_log_mse=11.03467  val_mse=0.014183  patience=19/30
2026-10-07 16:30:31,658  gsv2.training             INFO     [family_holdout:qaoa] epoch 0044  train_log_mse=1.96468  val_log_mse=10.45714  val_mse=0.015855  patience=20/30
2026-10-07 16:30:45,596  gsv2.training             INFO     [family_holdout:qaoa] epoch 0045  train_log_mse=1.94542  val_log_mse=10.40824  val_mse=0.015636  patience=21/30
2026-10-07 16:30:59,543  gsv2.training             INFO     [family_holdout:qaoa] epoch 0046  train_log_mse=1.84323  val_log_mse=9.29096  val_mse=0.020093  patience=22/30
2026-10-07 16:31:13,569  gsv2.training             INFO     [family_holdout:qaoa] epoch 0047  train_log_mse=1.77148  val_log_mse=11.45952  val_mse=0.011697  patience=23/30
2026-10-07 16:31:27,546  gsv2.training             INFO     [family_holdout:qaoa] epoch 0048  train_log_mse=1.60295  val_log_mse=12.28496  val_mse=0.017673  patience=24/30
2026-10-07 16:31:41,507  gsv2.training             INFO     [family_holdout:qaoa] epoch 0049  train_log_mse=2.27049  val_log_mse=9.62779  val_mse=0.015780  patience=25/30
2026-10-07 16:31:55,297  gsv2.training             INFO     [family_holdout:qaoa] epoch 0050  train_log_mse=1.56871  val_log_mse=10.93014  val_mse=0.012607  patience=26/30
2026-10-07 16:32:09,178  gsv2.training             INFO     [family_holdout:qaoa] epoch 0051  train_log_mse=1.37924  val_log_mse=12.29126  val_mse=0.010681  patience=27/30
2026-10-07 16:32:23,078  gsv2.training             INFO     [family_holdout:qaoa] epoch 0052  train_log_mse=1.24860  val_log_mse=12.73362  val_mse=0.010308  patience=28/30
2026-10-07 16:32:36,663  gsv2.training             INFO     [family_holdout:qaoa] epoch 0053  train_log_mse=0.90903  val_log_mse=18.05231  val_mse=0.009909  patience=29/30
2026-10-07 16:32:50,459  gsv2.training             INFO     [family_holdout:qaoa] epoch 0054  train_log_mse=0.69582  val_log_mse=23.69470  val_mse=0.013535  patience=30/30
2026-10-07 16:32:52,019  gsv2.experiment           INFO     [qaoa] TEST  n=2706  MAE=0.0484  R2=0.9412  device-acc=0.132  regret=0.0279 (fixed 0.0070, random 0.0177)
2026-10-07 16:32:52,023  genstudy.io               INFO     Wrote /home/atudisco/pred-distr-tool/evaluations/generalization_v2/results/leave_one_family_out/qaoa/metrics.json
2026-10-07 16:32:52,038  genstudy.io               INFO     Wrote /home/atudisco/pred-distr-tool/evaluations/generalization_v2/results/leave_one_family_out/qaoa/predictions.json
2026-10-07 16:32:52,049  genstudy.io               INFO     Wrote /home/atudisco/pred-distr-tool/evaluations/generalization_v2/results/leave_one_family_out/qaoa/history.json
2026-10-07 16:32:52,078  run_experiment            INFO     [5/10] randomcircuit
2026-10-07 16:32:52,081  gsv2.experiment           INFO     === family_holdout / randomcircuit ===
2026-10-07 16:32:52,081  gsv2.experiment           INFO     Leave-one-family-out: test = all 1234 'randomcircuit' circuits, train = 15822 circuits from 34 other families.
2026-10-07 16:32:52,083  gsv2.experiment           INFO     train=11927  val=3895 ({'mode': 'family', 'val_families': ['ae', 'bmw_quark_cardinality', 'bmw_quark_copula', 'bv', 'cdkm_ripple_carry_adder', 'dj', 'draper_qft_adder', 'dynamic_qft', 'ghz', 'ghz_dynamic', 'graphstate', 'grover', 'half_adder', 'hrs_cumulative_multiplier', 'iqpe', 'modular_adder', 'multiplier', 'qft', 'qftentangled', 'qnn', 'qpeexact', 'qpeinexact', 'qwalk', 'rg_qft_multiplier', 'seven_qubit_steane_code', 'shors_nine_qubit_code', 'vbe_ripple_carry_adder', 'wstate']})  test=1234
2026-10-07 16:32:52,098  gsv2.training             INFO     [family_holdout:randomcircuit] train=11927 val=3895, epochs 1-1000, patience 30, balance alpha 0.50
2026-10-07 16:33:07,756  gsv2.training             INFO     [family_holdout:randomcircuit] epoch 0001  train_log_mse=35.45353  val_log_mse=6.86882  val_mse=0.041408  patience=0/30
2026-10-07 16:33:23,333  gsv2.training             INFO     [family_holdout:randomcircuit] epoch 0002  train_log_mse=0.82800  val_log_mse=5.28577  val_mse=0.036614  patience=0/30
2026-10-07 16:33:38,703  gsv2.training             INFO     [family_holdout:randomcircuit] epoch 0003  train_log_mse=0.50730  val_log_mse=5.13386  val_mse=0.034418  patience=0/30
2026-10-07 16:33:54,116  gsv2.training             INFO     [family_holdout:randomcircuit] epoch 0004  train_log_mse=0.19850  val_log_mse=5.23371  val_mse=0.036449  patience=1/30
2026-10-07 16:34:09,591  gsv2.training             INFO     [family_holdout:randomcircuit] epoch 0005  train_log_mse=0.13337  val_log_mse=4.56551  val_mse=0.036078  patience=0/30
2026-10-07 16:34:25,201  gsv2.training             INFO     [family_holdout:randomcircuit] epoch 0006  train_log_mse=0.15169  val_log_mse=4.40985  val_mse=0.033828  patience=0/30
2026-10-07 16:34:40,741  gsv2.training             INFO     [family_holdout:randomcircuit] epoch 0007  train_log_mse=0.08883  val_log_mse=3.87422  val_mse=0.036686  patience=0/30
2026-10-07 16:34:56,356  gsv2.training             INFO     [family_holdout:randomcircuit] epoch 0008  train_log_mse=0.12902  val_log_mse=4.07913  val_mse=0.034910  patience=1/30
2026-10-07 16:35:12,178  gsv2.training             INFO     [family_holdout:randomcircuit] epoch 0009  train_log_mse=0.07938  val_log_mse=3.94177  val_mse=0.035847  patience=2/30
2026-10-07 16:35:27,883  gsv2.training             INFO     [family_holdout:randomcircuit] epoch 0010  train_log_mse=0.09308  val_log_mse=4.00424  val_mse=0.034331  patience=3/30
2026-10-07 16:35:43,532  gsv2.training             INFO     [family_holdout:randomcircuit] epoch 0011  train_log_mse=0.10355  val_log_mse=3.91736  val_mse=0.037564  patience=4/30
2026-10-07 16:35:59,134  gsv2.training             INFO     [family_holdout:randomcircuit] epoch 0012  train_log_mse=0.10679  val_log_mse=3.55577  val_mse=0.035110  patience=0/30
2026-10-07 16:36:14,763  gsv2.training             INFO     [family_holdout:randomcircuit] epoch 0013  train_log_mse=0.05723  val_log_mse=3.63448  val_mse=0.035493  patience=1/30
2026-10-07 16:36:30,392  gsv2.training             INFO     [family_holdout:randomcircuit] epoch 0014  train_log_mse=0.06181  val_log_mse=3.85246  val_mse=0.034954  patience=2/30
2026-10-07 16:36:46,143  gsv2.training             INFO     [family_holdout:randomcircuit] epoch 0015  train_log_mse=0.15169  val_log_mse=4.03385  val_mse=0.046922  patience=3/30
2026-10-07 16:37:01,738  gsv2.training             INFO     [family_holdout:randomcircuit] epoch 0016  train_log_mse=0.06917  val_log_mse=3.32916  val_mse=0.036644  patience=0/30
2026-10-07 16:37:17,377  gsv2.training             INFO     [family_holdout:randomcircuit] epoch 0017  train_log_mse=0.16801  val_log_mse=3.10214  val_mse=0.036714  patience=0/30
2026-10-07 16:37:33,303  gsv2.training             INFO     [family_holdout:randomcircuit] epoch 0018  train_log_mse=0.06280  val_log_mse=3.19276  val_mse=0.034439  patience=1/30
2026-10-07 16:37:49,131  gsv2.training             INFO     [family_holdout:randomcircuit] epoch 0019  train_log_mse=0.04655  val_log_mse=3.23713  val_mse=0.035252  patience=2/30
2026-10-07 16:38:04,709  gsv2.training             INFO     [family_holdout:randomcircuit] epoch 0020  train_log_mse=0.06890  val_log_mse=3.04210  val_mse=0.034623  patience=0/30
2026-10-07 16:38:20,181  gsv2.training             INFO     [family_holdout:randomcircuit] epoch 0021  train_log_mse=0.06972  val_log_mse=3.13235  val_mse=0.034263  patience=1/30
2026-10-07 16:38:35,842  gsv2.training             INFO     [family_holdout:randomcircuit] epoch 0022  train_log_mse=0.05927  val_log_mse=3.00636  val_mse=0.039912  patience=0/30
2026-10-07 16:38:51,456  gsv2.training             INFO     [family_holdout:randomcircuit] epoch 0023  train_log_mse=0.10634  val_log_mse=2.87842  val_mse=0.036159  patience=0/30
2026-10-07 16:39:07,038  gsv2.training             INFO     [family_holdout:randomcircuit] epoch 0024  train_log_mse=0.07059  val_log_mse=2.88626  val_mse=0.031101  patience=1/30
2026-10-07 16:39:22,565  gsv2.training             INFO     [family_holdout:randomcircuit] epoch 0025  train_log_mse=0.04970  val_log_mse=2.71260  val_mse=0.031946  patience=0/30
2026-10-07 16:39:38,122  gsv2.training             INFO     [family_holdout:randomcircuit] epoch 0026  train_log_mse=0.07665  val_log_mse=2.72240  val_mse=0.030293  patience=1/30
2026-10-07 16:39:53,762  gsv2.training             INFO     [family_holdout:randomcircuit] epoch 0027  train_log_mse=0.06094  val_log_mse=2.62005  val_mse=0.031676  patience=0/30
2026-10-07 16:40:09,192  gsv2.training             INFO     [family_holdout:randomcircuit] epoch 0028  train_log_mse=0.07454  val_log_mse=2.83165  val_mse=0.030733  patience=1/30
2026-10-07 16:40:24,884  gsv2.training             INFO     [family_holdout:randomcircuit] epoch 0029  train_log_mse=0.09822  val_log_mse=2.75512  val_mse=0.032372  patience=2/30
2026-10-07 16:40:40,567  gsv2.training             INFO     [family_holdout:randomcircuit] epoch 0030  train_log_mse=0.05415  val_log_mse=2.78185  val_mse=0.030260  patience=3/30
2026-10-07 16:40:56,197  gsv2.training             INFO     [family_holdout:randomcircuit] epoch 0031  train_log_mse=0.07173  val_log_mse=2.50205  val_mse=0.031285  patience=0/30
2026-10-07 16:41:11,837  gsv2.training             INFO     [family_holdout:randomcircuit] epoch 0032  train_log_mse=0.05102  val_log_mse=2.70910  val_mse=0.036779  patience=1/30
2026-10-07 16:41:27,097  gsv2.training             INFO     [family_holdout:randomcircuit] epoch 0033  train_log_mse=0.08717  val_log_mse=2.31733  val_mse=0.030719  patience=0/30
2026-10-07 16:41:42,383  gsv2.training             INFO     [family_holdout:randomcircuit] epoch 0034  train_log_mse=0.05402  val_log_mse=2.57372  val_mse=0.032763  patience=1/30
2026-10-07 16:41:57,829  gsv2.training             INFO     [family_holdout:randomcircuit] epoch 0035  train_log_mse=0.06016  val_log_mse=2.17973  val_mse=0.030718  patience=0/30
2026-10-07 16:42:13,312  gsv2.training             INFO     [family_holdout:randomcircuit] epoch 0036  train_log_mse=0.05627  val_log_mse=2.73726  val_mse=0.031747  patience=1/30
2026-10-07 16:42:28,946  gsv2.training             INFO     [family_holdout:randomcircuit] epoch 0037  train_log_mse=0.04946  val_log_mse=2.61539  val_mse=0.032182  patience=2/30
2026-10-07 16:42:44,399  gsv2.training             INFO     [family_holdout:randomcircuit] epoch 0038  train_log_mse=0.06234  val_log_mse=2.47264  val_mse=0.031015  patience=3/30
2026-10-07 16:42:59,854  gsv2.training             INFO     [family_holdout:randomcircuit] epoch 0039  train_log_mse=0.04456  val_log_mse=2.53878  val_mse=0.031960  patience=4/30
2026-10-07 16:43:15,320  gsv2.training             INFO     [family_holdout:randomcircuit] epoch 0040  train_log_mse=0.04347  val_log_mse=2.48184  val_mse=0.032314  patience=5/30
2026-10-07 16:43:30,981  gsv2.training             INFO     [family_holdout:randomcircuit] epoch 0041  train_log_mse=0.04121  val_log_mse=2.86005  val_mse=0.029822  patience=6/30
2026-10-07 16:43:46,497  gsv2.training             INFO     [family_holdout:randomcircuit] epoch 0042  train_log_mse=0.05852  val_log_mse=2.73139  val_mse=0.030561  patience=7/30
2026-10-07 16:44:01,941  gsv2.training             INFO     [family_holdout:randomcircuit] epoch 0043  train_log_mse=0.05190  val_log_mse=2.62531  val_mse=0.029746  patience=8/30
2026-10-07 16:44:17,326  gsv2.training             INFO     [family_holdout:randomcircuit] epoch 0044  train_log_mse=0.03879  val_log_mse=2.72888  val_mse=0.030084  patience=9/30
2026-10-07 16:44:32,871  gsv2.training             INFO     [family_holdout:randomcircuit] epoch 0045  train_log_mse=0.04139  val_log_mse=2.83695  val_mse=0.032000  patience=10/30
2026-10-07 16:44:48,472  gsv2.training             INFO     [family_holdout:randomcircuit] epoch 0046  train_log_mse=0.08299  val_log_mse=2.52980  val_mse=0.031572  patience=11/30
2026-10-07 16:45:03,869  gsv2.training             INFO     [family_holdout:randomcircuit] epoch 0047  train_log_mse=0.03917  val_log_mse=2.64067  val_mse=0.026453  patience=12/30
2026-10-07 16:45:19,258  gsv2.training             INFO     [family_holdout:randomcircuit] epoch 0048  train_log_mse=0.03861  val_log_mse=2.53372  val_mse=0.028860  patience=13/30
2026-10-07 16:45:34,827  gsv2.training             INFO     [family_holdout:randomcircuit] epoch 0049  train_log_mse=0.04126  val_log_mse=2.72723  val_mse=0.029493  patience=14/30
2026-10-07 16:45:50,305  gsv2.training             INFO     [family_holdout:randomcircuit] epoch 0050  train_log_mse=0.04104  val_log_mse=2.53898  val_mse=0.027155  patience=15/30
2026-10-07 16:46:05,730  gsv2.training             INFO     [family_holdout:randomcircuit] epoch 0051  train_log_mse=0.03917  val_log_mse=2.68813  val_mse=0.035299  patience=16/30
2026-10-07 16:46:21,281  gsv2.training             INFO     [family_holdout:randomcircuit] epoch 0052  train_log_mse=0.03901  val_log_mse=2.61808  val_mse=0.028033  patience=17/30
2026-10-07 16:46:36,815  gsv2.training             INFO     [family_holdout:randomcircuit] epoch 0053  train_log_mse=0.06068  val_log_mse=2.82969  val_mse=0.032677  patience=18/30
2026-10-07 16:46:52,275  gsv2.training             INFO     [family_holdout:randomcircuit] epoch 0054  train_log_mse=0.04222  val_log_mse=2.42159  val_mse=0.027795  patience=19/30
2026-10-07 16:47:07,868  gsv2.training             INFO     [family_holdout:randomcircuit] epoch 0055  train_log_mse=0.03992  val_log_mse=2.74743  val_mse=0.029910  patience=20/30
2026-10-07 16:47:23,369  gsv2.training             INFO     [family_holdout:randomcircuit] epoch 0056  train_log_mse=0.03791  val_log_mse=2.96311  val_mse=0.036275  patience=21/30
2026-10-07 16:47:38,680  gsv2.training             INFO     [family_holdout:randomcircuit] epoch 0057  train_log_mse=0.03275  val_log_mse=2.55871  val_mse=0.028317  patience=22/30
2026-10-07 16:47:54,081  gsv2.training             INFO     [family_holdout:randomcircuit] epoch 0058  train_log_mse=0.03147  val_log_mse=2.48173  val_mse=0.026191  patience=23/30
2026-10-07 16:48:09,558  gsv2.training             INFO     [family_holdout:randomcircuit] epoch 0059  train_log_mse=0.04921  val_log_mse=2.49517  val_mse=0.028492  patience=24/30
2026-10-07 16:48:24,955  gsv2.training             INFO     [family_holdout:randomcircuit] epoch 0060  train_log_mse=0.03555  val_log_mse=2.75838  val_mse=0.029252  patience=25/30
2026-10-07 16:48:40,319  gsv2.training             INFO     [family_holdout:randomcircuit] epoch 0061  train_log_mse=0.03468  val_log_mse=2.67260  val_mse=0.028422  patience=26/30
2026-10-07 16:48:55,478  gsv2.training             INFO     [family_holdout:randomcircuit] epoch 0062  train_log_mse=0.03662  val_log_mse=3.24529  val_mse=0.030546  patience=27/30
2026-10-07 16:49:11,006  gsv2.training             INFO     [family_holdout:randomcircuit] epoch 0063  train_log_mse=0.03106  val_log_mse=2.86471  val_mse=0.032159  patience=28/30
2026-10-07 16:49:26,656  gsv2.training             INFO     [family_holdout:randomcircuit] epoch 0064  train_log_mse=0.02810  val_log_mse=2.59452  val_mse=0.028538  patience=29/30
2026-10-07 16:49:42,316  gsv2.training             INFO     [family_holdout:randomcircuit] epoch 0065  train_log_mse=0.02849  val_log_mse=2.56654  val_mse=0.030250  patience=30/30
2026-10-07 16:49:43,190  gsv2.experiment           INFO     [randomcircuit] TEST  n=1234  MAE=0.0541  R2=0.8824  device-acc=0.297  regret=0.0080 (fixed 0.0057, random 0.0141)
2026-10-07 16:49:43,194  genstudy.io               INFO     Wrote /home/atudisco/pred-distr-tool/evaluations/generalization_v2/results/leave_one_family_out/randomcircuit/metrics.json
2026-10-07 16:49:43,202  genstudy.io               INFO     Wrote /home/atudisco/pred-distr-tool/evaluations/generalization_v2/results/leave_one_family_out/randomcircuit/predictions.json
2026-10-07 16:49:43,213  genstudy.io               INFO     Wrote /home/atudisco/pred-distr-tool/evaluations/generalization_v2/results/leave_one_family_out/randomcircuit/history.json
2026-10-07 16:49:43,243  run_experiment            INFO     [6/10] qft
2026-10-07 16:49:43,245  gsv2.experiment           INFO     === family_holdout / qft ===
2026-10-07 16:49:43,245  gsv2.experiment           INFO     Leave-one-family-out: test = all 760 'qft' circuits, train = 16296 circuits from 34 other families.
2026-10-07 16:49:43,247  gsv2.experiment           INFO     train=12774  val=3522 ({'mode': 'family', 'val_families': ['bmw_quark_cardinality', 'bmw_quark_copula', 'bv', 'draper_qft_adder', 'dynamic_qft', 'ghz', 'graphstate', 'grover', 'iqpe', 'modular_adder', 'qftentangled', 'qnn', 'qwalk', 'randomcircuit', 'rg_qft_multiplier', 'shors_nine_qubit_code', 'wstate']})  test=760
2026-10-07 16:49:43,269  gsv2.training             INFO     [family_holdout:qft] train=12774 val=3522, epochs 1-1000, patience 30, balance alpha 0.50
2026-10-07 16:49:59,733  gsv2.training             INFO     [family_holdout:qft] epoch 0001  train_log_mse=35.36859  val_log_mse=6.86752  val_mse=0.077573  patience=0/30
2026-10-07 16:50:16,582  gsv2.training             INFO     [family_holdout:qft] epoch 0002  train_log_mse=0.76038  val_log_mse=5.33235  val_mse=0.044491  patience=0/30
2026-10-07 16:50:33,073  gsv2.training             INFO     [family_holdout:qft] epoch 0003  train_log_mse=0.36962  val_log_mse=6.00399  val_mse=0.050458  patience=1/30
2026-10-07 16:50:49,749  gsv2.training             INFO     [family_holdout:qft] epoch 0004  train_log_mse=0.13337  val_log_mse=7.87966  val_mse=0.060741  patience=2/30
2026-10-07 16:51:06,529  gsv2.training             INFO     [family_holdout:qft] epoch 0005  train_log_mse=0.16652  val_log_mse=3.74027  val_mse=0.036766  patience=0/30
2026-10-07 16:51:23,242  gsv2.training             INFO     [family_holdout:qft] epoch 0006  train_log_mse=0.12485  val_log_mse=5.39199  val_mse=0.050086  patience=1/30
2026-10-07 16:51:39,656  gsv2.training             INFO     [family_holdout:qft] epoch 0007  train_log_mse=0.12612  val_log_mse=5.03028  val_mse=0.049031  patience=2/30
2026-10-07 16:51:56,005  gsv2.training             INFO     [family_holdout:qft] epoch 0008  train_log_mse=0.16542  val_log_mse=4.48902  val_mse=0.048811  patience=3/30
2026-10-07 16:52:12,640  gsv2.training             INFO     [family_holdout:qft] epoch 0009  train_log_mse=0.08458  val_log_mse=3.37033  val_mse=0.044007  patience=0/30
2026-10-07 16:52:29,336  gsv2.training             INFO     [family_holdout:qft] epoch 0010  train_log_mse=0.16107  val_log_mse=3.52286  val_mse=0.041870  patience=1/30
2026-10-07 16:52:45,876  gsv2.training             INFO     [family_holdout:qft] epoch 0011  train_log_mse=0.07847  val_log_mse=4.21300  val_mse=0.055645  patience=2/30
2026-10-07 16:53:02,724  gsv2.training             INFO     [family_holdout:qft] epoch 0012  train_log_mse=0.07532  val_log_mse=4.50154  val_mse=0.047007  patience=3/30
2026-10-07 16:53:19,303  gsv2.training             INFO     [family_holdout:qft] epoch 0013  train_log_mse=0.12667  val_log_mse=3.72693  val_mse=0.047902  patience=4/30
2026-10-07 16:53:35,814  gsv2.training             INFO     [family_holdout:qft] epoch 0014  train_log_mse=0.08341  val_log_mse=3.33073  val_mse=0.048583  patience=0/30
2026-10-07 16:53:52,196  gsv2.training             INFO     [family_holdout:qft] epoch 0015  train_log_mse=0.19056  val_log_mse=3.22228  val_mse=0.040597  patience=0/30
2026-10-07 16:54:08,438  gsv2.training             INFO     [family_holdout:qft] epoch 0016  train_log_mse=0.05890  val_log_mse=2.75695  val_mse=0.046828  patience=0/30
2026-10-07 16:54:25,035  gsv2.training             INFO     [family_holdout:qft] epoch 0017  train_log_mse=0.11180  val_log_mse=4.54021  val_mse=0.059669  patience=1/30
2026-10-07 16:54:41,305  gsv2.training             INFO     [family_holdout:qft] epoch 0018  train_log_mse=0.06717  val_log_mse=3.09063  val_mse=0.043970  patience=2/30
2026-10-07 16:54:57,757  gsv2.training             INFO     [family_holdout:qft] epoch 0019  train_log_mse=0.06889  val_log_mse=2.60128  val_mse=0.049020  patience=0/30
2026-10-07 16:55:14,156  gsv2.training             INFO     [family_holdout:qft] epoch 0020  train_log_mse=0.09204  val_log_mse=2.91001  val_mse=0.054723  patience=1/30
2026-10-07 16:55:30,859  gsv2.training             INFO     [family_holdout:qft] epoch 0021  train_log_mse=0.05910  val_log_mse=2.82893  val_mse=0.046816  patience=2/30
2026-10-07 16:55:47,340  gsv2.training             INFO     [family_holdout:qft] epoch 0022  train_log_mse=0.10470  val_log_mse=2.54652  val_mse=0.044825  patience=0/30
2026-10-07 16:56:04,027  gsv2.training             INFO     [family_holdout:qft] epoch 0023  train_log_mse=0.11102  val_log_mse=3.19095  val_mse=0.062955  patience=1/30
2026-10-07 16:56:20,473  gsv2.training             INFO     [family_holdout:qft] epoch 0024  train_log_mse=0.06784  val_log_mse=2.97914  val_mse=0.049931  patience=2/30
2026-10-07 16:56:36,987  gsv2.training             INFO     [family_holdout:qft] epoch 0025  train_log_mse=0.05577  val_log_mse=2.99309  val_mse=0.052065  patience=3/30
2026-10-07 16:56:53,586  gsv2.training             INFO     [family_holdout:qft] epoch 0026  train_log_mse=0.09034  val_log_mse=3.41121  val_mse=0.049024  patience=4/30
2026-10-07 16:57:10,228  gsv2.training             INFO     [family_holdout:qft] epoch 0027  train_log_mse=0.06715  val_log_mse=3.55575  val_mse=0.055238  patience=5/30
2026-10-07 16:57:26,923  gsv2.training             INFO     [family_holdout:qft] epoch 0028  train_log_mse=0.06572  val_log_mse=2.70667  val_mse=0.044223  patience=6/30
2026-10-07 16:57:43,576  gsv2.training             INFO     [family_holdout:qft] epoch 0029  train_log_mse=0.05666  val_log_mse=2.54443  val_mse=0.041303  patience=0/30
2026-10-07 16:58:00,222  gsv2.training             INFO     [family_holdout:qft] epoch 0030  train_log_mse=0.06521  val_log_mse=3.48758  val_mse=0.055065  patience=1/30
2026-10-07 16:58:16,973  gsv2.training             INFO     [family_holdout:qft] epoch 0031  train_log_mse=0.04871  val_log_mse=2.50853  val_mse=0.042185  patience=0/30
2026-10-07 16:58:33,507  gsv2.training             INFO     [family_holdout:qft] epoch 0032  train_log_mse=66.10928  val_log_mse=9.62084  val_mse=0.102170  patience=1/30
2026-10-07 16:58:49,984  gsv2.training             INFO     [family_holdout:qft] epoch 0033  train_log_mse=2.60602  val_log_mse=6.64934  val_mse=0.072849  patience=2/30
2026-10-07 16:59:06,550  gsv2.training             INFO     [family_holdout:qft] epoch 0034  train_log_mse=1.68399  val_log_mse=11.85251  val_mse=0.082667  patience=3/30
2026-10-07 16:59:22,813  gsv2.training             INFO     [family_holdout:qft] epoch 0035  train_log_mse=1.01867  val_log_mse=9.87725  val_mse=0.079261  patience=4/30
2026-10-07 16:59:39,179  gsv2.training             INFO     [family_holdout:qft] epoch 0036  train_log_mse=0.47151  val_log_mse=9.78379  val_mse=0.077805  patience=5/30
2026-10-07 16:59:55,556  gsv2.training             INFO     [family_holdout:qft] epoch 0037  train_log_mse=0.24319  val_log_mse=7.90929  val_mse=0.061308  patience=6/30
2026-10-07 17:00:11,887  gsv2.training             INFO     [family_holdout:qft] epoch 0038  train_log_mse=0.16308  val_log_mse=7.92629  val_mse=0.066680  patience=7/30
2026-10-07 17:00:28,250  gsv2.training             INFO     [family_holdout:qft] epoch 0039  train_log_mse=0.12663  val_log_mse=7.88744  val_mse=0.059996  patience=8/30
2026-10-07 17:00:44,570  gsv2.training             INFO     [family_holdout:qft] epoch 0040  train_log_mse=0.09418  val_log_mse=6.78034  val_mse=0.059792  patience=9/30
2026-10-07 17:01:00,894  gsv2.training             INFO     [family_holdout:qft] epoch 0041  train_log_mse=0.09896  val_log_mse=7.37138  val_mse=0.057692  patience=10/30
2026-10-07 17:01:17,207  gsv2.training             INFO     [family_holdout:qft] epoch 0042  train_log_mse=0.09249  val_log_mse=7.62226  val_mse=0.064373  patience=11/30
2026-10-07 17:01:33,352  gsv2.training             INFO     [family_holdout:qft] epoch 0043  train_log_mse=0.09911  val_log_mse=6.43224  val_mse=0.059487  patience=12/30
2026-10-07 17:01:49,685  gsv2.training             INFO     [family_holdout:qft] epoch 0044  train_log_mse=0.08924  val_log_mse=6.41930  val_mse=0.056923  patience=13/30
2026-10-07 17:02:06,112  gsv2.training             INFO     [family_holdout:qft] epoch 0045  train_log_mse=0.07978  val_log_mse=9.25963  val_mse=0.072697  patience=14/30
2026-10-07 17:02:22,564  gsv2.training             INFO     [family_holdout:qft] epoch 0046  train_log_mse=0.11355  val_log_mse=6.74329  val_mse=0.055426  patience=15/30
2026-10-07 17:02:38,893  gsv2.training             INFO     [family_holdout:qft] epoch 0047  train_log_mse=0.07897  val_log_mse=7.75287  val_mse=0.058101  patience=16/30
2026-10-07 17:02:55,194  gsv2.training             INFO     [family_holdout:qft] epoch 0048  train_log_mse=0.08088  val_log_mse=6.54886  val_mse=0.059517  patience=17/30
2026-10-07 17:03:11,465  gsv2.training             INFO     [family_holdout:qft] epoch 0049  train_log_mse=0.08657  val_log_mse=7.13604  val_mse=0.060445  patience=18/30
2026-10-07 17:03:27,965  gsv2.training             INFO     [family_holdout:qft] epoch 0050  train_log_mse=0.08300  val_log_mse=6.87549  val_mse=0.058066  patience=19/30
2026-10-07 17:03:44,416  gsv2.training             INFO     [family_holdout:qft] epoch 0051  train_log_mse=0.07381  val_log_mse=6.86924  val_mse=0.059336  patience=20/30
2026-10-07 17:04:00,860  gsv2.training             INFO     [family_holdout:qft] epoch 0052  train_log_mse=0.08296  val_log_mse=6.57831  val_mse=0.059268  patience=21/30
2026-10-07 17:04:17,319  gsv2.training             INFO     [family_holdout:qft] epoch 0053  train_log_mse=0.06582  val_log_mse=6.97897  val_mse=0.057675  patience=22/30
2026-10-07 17:04:33,741  gsv2.training             INFO     [family_holdout:qft] epoch 0054  train_log_mse=28842.47135  val_log_mse=8.04858  val_mse=0.117942  patience=23/30
2026-10-07 17:04:50,070  gsv2.training             INFO     [family_holdout:qft] epoch 0055  train_log_mse=4.66418  val_log_mse=12.33161  val_mse=0.240248  patience=24/30
2026-10-07 17:05:06,513  gsv2.training             INFO     [family_holdout:qft] epoch 0056  train_log_mse=4.52686  val_log_mse=4.70295  val_mse=0.074074  patience=25/30
2026-10-07 17:05:22,805  gsv2.training             INFO     [family_holdout:qft] epoch 0057  train_log_mse=7.34988  val_log_mse=8.41925  val_mse=0.065693  patience=26/30
2026-10-07 17:05:39,192  gsv2.training             INFO     [family_holdout:qft] epoch 0058  train_log_mse=6.41783  val_log_mse=20.68068  val_mse=0.114437  patience=27/30
2026-10-07 17:05:55,875  gsv2.training             INFO     [family_holdout:qft] epoch 0059  train_log_mse=10.93757  val_log_mse=72.63440  val_mse=0.155333  patience=28/30
2026-10-07 17:06:12,641  gsv2.training             INFO     [family_holdout:qft] epoch 0060  train_log_mse=8.06023  val_log_mse=10.56631  val_mse=0.089039  patience=29/30
2026-10-07 17:06:28,957  gsv2.training             INFO     [family_holdout:qft] epoch 0061  train_log_mse=9.45999  val_log_mse=16.01453  val_mse=0.534361  patience=30/30
2026-10-07 17:06:29,359  gsv2.experiment           INFO     [qft] TEST  n=760  MAE=0.0782  R2=0.8458  device-acc=0.754  regret=0.0077 (fixed 0.0105, random 0.0123)
2026-10-07 17:06:29,362  genstudy.io               INFO     Wrote /home/atudisco/pred-distr-tool/evaluations/generalization_v2/results/leave_one_family_out/qft/metrics.json
2026-10-07 17:06:29,369  genstudy.io               INFO     Wrote /home/atudisco/pred-distr-tool/evaluations/generalization_v2/results/leave_one_family_out/qft/predictions.json
2026-10-07 17:06:29,380  genstudy.io               INFO     Wrote /home/atudisco/pred-distr-tool/evaluations/generalization_v2/results/leave_one_family_out/qft/history.json
2026-10-07 17:06:29,414  run_experiment            INFO     [7/10] qnn
2026-10-07 17:06:29,417  gsv2.experiment           INFO     === family_holdout / qnn ===
2026-10-07 17:06:29,417  gsv2.experiment           INFO     Leave-one-family-out: test = all 760 'qnn' circuits, train = 16296 circuits from 34 other families.
2026-10-07 17:06:29,419  gsv2.experiment           INFO     train=12774  val=3522 ({'mode': 'family', 'val_families': ['bmw_quark_cardinality', 'bmw_quark_copula', 'bv', 'draper_qft_adder', 'dynamic_qft', 'ghz', 'graphstate', 'grover', 'iqpe', 'modular_adder', 'qft', 'qftentangled', 'qwalk', 'randomcircuit', 'rg_qft_multiplier', 'shors_nine_qubit_code', 'wstate']})  test=760
2026-10-07 17:06:29,436  gsv2.training             INFO     [family_holdout:qnn] train=12774 val=3522, epochs 1-1000, patience 30, balance alpha 0.50
2026-10-07 17:06:45,947  gsv2.training             INFO     [family_holdout:qnn] epoch 0001  train_log_mse=35.36859  val_log_mse=7.36793  val_mse=0.040950  patience=0/30
2026-10-07 17:07:02,836  gsv2.training             INFO     [family_holdout:qnn] epoch 0002  train_log_mse=0.76038  val_log_mse=6.08000  val_mse=0.028176  patience=0/30
2026-10-07 17:07:19,473  gsv2.training             INFO     [family_holdout:qnn] epoch 0003  train_log_mse=0.36962  val_log_mse=6.40178  val_mse=0.028744  patience=1/30
2026-10-07 17:07:36,178  gsv2.training             INFO     [family_holdout:qnn] epoch 0004  train_log_mse=0.13337  val_log_mse=7.81032  val_mse=0.032740  patience=2/30
2026-10-07 17:07:53,059  gsv2.training             INFO     [family_holdout:qnn] epoch 0005  train_log_mse=0.16652  val_log_mse=4.72251  val_mse=0.030132  patience=0/30
2026-10-07 17:08:10,084  gsv2.training             INFO     [family_holdout:qnn] epoch 0006  train_log_mse=0.12485  val_log_mse=5.57299  val_mse=0.028670  patience=1/30
2026-10-07 17:08:26,858  gsv2.training             INFO     [family_holdout:qnn] epoch 0007  train_log_mse=0.12612  val_log_mse=5.33680  val_mse=0.028793  patience=2/30
2026-10-07 17:08:43,491  gsv2.training             INFO     [family_holdout:qnn] epoch 0008  train_log_mse=0.16542  val_log_mse=4.76678  val_mse=0.028538  patience=3/30
2026-10-07 17:09:00,503  gsv2.training             INFO     [family_holdout:qnn] epoch 0009  train_log_mse=0.08458  val_log_mse=3.89245  val_mse=0.027045  patience=0/30
2026-10-07 17:09:17,242  gsv2.training             INFO     [family_holdout:qnn] epoch 0010  train_log_mse=0.16107  val_log_mse=4.04403  val_mse=0.030655  patience=1/30
2026-10-07 17:09:33,898  gsv2.training             INFO     [family_holdout:qnn] epoch 0011  train_log_mse=0.07847  val_log_mse=4.35207  val_mse=0.031844  patience=2/30
2026-10-07 17:09:50,619  gsv2.training             INFO     [family_holdout:qnn] epoch 0012  train_log_mse=0.07532  val_log_mse=4.81319  val_mse=0.028564  patience=3/30
2026-10-07 17:10:07,332  gsv2.training             INFO     [family_holdout:qnn] epoch 0013  train_log_mse=0.12667  val_log_mse=4.08623  val_mse=0.028462  patience=4/30
2026-10-07 17:10:24,034  gsv2.training             INFO     [family_holdout:qnn] epoch 0014  train_log_mse=0.08341  val_log_mse=3.56237  val_mse=0.028427  patience=0/30
2026-10-07 17:10:40,839  gsv2.training             INFO     [family_holdout:qnn] epoch 0015  train_log_mse=0.19056  val_log_mse=3.72925  val_mse=0.027590  patience=1/30
2026-10-07 17:10:57,668  gsv2.training             INFO     [family_holdout:qnn] epoch 0016  train_log_mse=0.05890  val_log_mse=3.13397  val_mse=0.027450  patience=0/30
2026-10-07 17:11:14,475  gsv2.training             INFO     [family_holdout:qnn] epoch 0017  train_log_mse=0.11180  val_log_mse=4.31656  val_mse=0.032883  patience=1/30
2026-10-07 17:11:31,179  gsv2.training             INFO     [family_holdout:qnn] epoch 0018  train_log_mse=0.06717  val_log_mse=3.32796  val_mse=0.027354  patience=2/30
2026-10-07 17:11:48,048  gsv2.training             INFO     [family_holdout:qnn] epoch 0019  train_log_mse=0.06889  val_log_mse=2.91291  val_mse=0.029180  patience=0/30
2026-10-07 17:12:04,858  gsv2.training             INFO     [family_holdout:qnn] epoch 0020  train_log_mse=0.09204  val_log_mse=2.94920  val_mse=0.031769  patience=1/30
2026-10-07 17:12:21,661  gsv2.training             INFO     [family_holdout:qnn] epoch 0021  train_log_mse=0.05910  val_log_mse=3.11392  val_mse=0.028998  patience=2/30
2026-10-07 17:12:38,224  gsv2.training             INFO     [family_holdout:qnn] epoch 0022  train_log_mse=0.10470  val_log_mse=2.96575  val_mse=0.029150  patience=3/30
2026-10-07 17:12:54,917  gsv2.training             INFO     [family_holdout:qnn] epoch 0023  train_log_mse=0.11102  val_log_mse=2.80247  val_mse=0.034607  patience=0/30
2026-10-07 17:13:11,548  gsv2.training             INFO     [family_holdout:qnn] epoch 0024  train_log_mse=0.06784  val_log_mse=3.08681  val_mse=0.030655  patience=1/30
2026-10-07 17:13:28,225  gsv2.training             INFO     [family_holdout:qnn] epoch 0025  train_log_mse=0.05577  val_log_mse=3.00395  val_mse=0.031517  patience=2/30
2026-10-07 17:13:44,941  gsv2.training             INFO     [family_holdout:qnn] epoch 0026  train_log_mse=0.09034  val_log_mse=3.46618  val_mse=0.031687  patience=3/30
2026-10-07 17:14:01,474  gsv2.training             INFO     [family_holdout:qnn] epoch 0027  train_log_mse=0.06715  val_log_mse=3.37972  val_mse=0.032862  patience=4/30
2026-10-07 17:14:18,192  gsv2.training             INFO     [family_holdout:qnn] epoch 0028  train_log_mse=0.06572  val_log_mse=2.99966  val_mse=0.030982  patience=5/30
2026-10-07 17:14:34,880  gsv2.training             INFO     [family_holdout:qnn] epoch 0029  train_log_mse=0.05666  val_log_mse=3.08557  val_mse=0.032067  patience=6/30
2026-10-07 17:14:51,542  gsv2.training             INFO     [family_holdout:qnn] epoch 0030  train_log_mse=0.06521  val_log_mse=3.33394  val_mse=0.033520  patience=7/30
2026-10-07 17:15:08,232  gsv2.training             INFO     [family_holdout:qnn] epoch 0031  train_log_mse=0.04871  val_log_mse=2.81019  val_mse=0.031493  patience=8/30
2026-10-07 17:15:25,014  gsv2.training             INFO     [family_holdout:qnn] epoch 0032  train_log_mse=66.10928  val_log_mse=9.82711  val_mse=0.055167  patience=9/30
2026-10-07 17:15:41,592  gsv2.training             INFO     [family_holdout:qnn] epoch 0033  train_log_mse=2.60602  val_log_mse=7.56248  val_mse=0.036303  patience=10/30
2026-10-07 17:15:58,357  gsv2.training             INFO     [family_holdout:qnn] epoch 0034  train_log_mse=1.68399  val_log_mse=11.52646  val_mse=0.038693  patience=11/30
2026-10-07 17:16:14,735  gsv2.training             INFO     [family_holdout:qnn] epoch 0035  train_log_mse=1.01867  val_log_mse=9.30764  val_mse=0.041297  patience=12/30
2026-10-07 17:16:31,234  gsv2.training             INFO     [family_holdout:qnn] epoch 0036  train_log_mse=0.47151  val_log_mse=9.08957  val_mse=0.041689  patience=13/30
2026-10-07 17:16:47,820  gsv2.training             INFO     [family_holdout:qnn] epoch 0037  train_log_mse=0.24319  val_log_mse=8.33100  val_mse=0.039055  patience=14/30
2026-10-07 17:17:04,459  gsv2.training             INFO     [family_holdout:qnn] epoch 0038  train_log_mse=0.16308  val_log_mse=7.99752  val_mse=0.039231  patience=15/30
2026-10-07 17:17:21,133  gsv2.training             INFO     [family_holdout:qnn] epoch 0039  train_log_mse=0.12663  val_log_mse=8.13288  val_mse=0.038906  patience=16/30
2026-10-07 17:17:37,643  gsv2.training             INFO     [family_holdout:qnn] epoch 0040  train_log_mse=0.09418  val_log_mse=7.25030  val_mse=0.039421  patience=17/30
2026-10-07 17:17:54,342  gsv2.training             INFO     [family_holdout:qnn] epoch 0041  train_log_mse=0.09896  val_log_mse=7.95816  val_mse=0.039737  patience=18/30
2026-10-07 17:18:11,002  gsv2.training             INFO     [family_holdout:qnn] epoch 0042  train_log_mse=0.09249  val_log_mse=7.75037  val_mse=0.040061  patience=19/30
2026-10-07 17:18:27,370  gsv2.training             INFO     [family_holdout:qnn] epoch 0043  train_log_mse=0.09911  val_log_mse=6.86273  val_mse=0.039406  patience=20/30
2026-10-07 17:18:43,839  gsv2.training             INFO     [family_holdout:qnn] epoch 0044  train_log_mse=0.08924  val_log_mse=7.23345  val_mse=0.038880  patience=21/30
2026-10-07 17:19:00,526  gsv2.training             INFO     [family_holdout:qnn] epoch 0045  train_log_mse=0.07978  val_log_mse=9.12612  val_mse=0.041914  patience=22/30
2026-10-07 17:19:17,273  gsv2.training             INFO     [family_holdout:qnn] epoch 0046  train_log_mse=0.11355  val_log_mse=7.34019  val_mse=0.040404  patience=23/30
2026-10-07 17:19:33,937  gsv2.training             INFO     [family_holdout:qnn] epoch 0047  train_log_mse=0.07897  val_log_mse=8.07336  val_mse=0.039199  patience=24/30
2026-10-07 17:19:50,787  gsv2.training             INFO     [family_holdout:qnn] epoch 0048  train_log_mse=0.08088  val_log_mse=6.90035  val_mse=0.038765  patience=25/30
2026-10-07 17:20:07,377  gsv2.training             INFO     [family_holdout:qnn] epoch 0049  train_log_mse=0.08657  val_log_mse=7.31726  val_mse=0.038582  patience=26/30
2026-10-07 17:20:24,142  gsv2.training             INFO     [family_holdout:qnn] epoch 0050  train_log_mse=0.08300  val_log_mse=7.09773  val_mse=0.038294  patience=27/30
2026-10-07 17:20:40,799  gsv2.training             INFO     [family_holdout:qnn] epoch 0051  train_log_mse=0.07381  val_log_mse=7.09047  val_mse=0.038233  patience=28/30
2026-10-07 17:20:57,527  gsv2.training             INFO     [family_holdout:qnn] epoch 0052  train_log_mse=0.08296  val_log_mse=6.62985  val_mse=0.037711  patience=29/30
2026-10-07 17:21:14,395  gsv2.training             INFO     [family_holdout:qnn] epoch 0053  train_log_mse=0.06582  val_log_mse=7.22660  val_mse=0.037263  patience=30/30
2026-10-07 17:21:14,840  gsv2.experiment           INFO     [qnn] TEST  n=760  MAE=0.3441  R2=-2.5648  device-acc=0.171  regret=0.0946 (fixed 0.0021, random 0.0612)
2026-10-07 17:21:14,854  genstudy.io               INFO     Wrote /home/atudisco/pred-distr-tool/evaluations/generalization_v2/results/leave_one_family_out/qnn/metrics.json
2026-10-07 17:21:14,863  genstudy.io               INFO     Wrote /home/atudisco/pred-distr-tool/evaluations/generalization_v2/results/leave_one_family_out/qnn/predictions.json
2026-10-07 17:21:14,874  genstudy.io               INFO     Wrote /home/atudisco/pred-distr-tool/evaluations/generalization_v2/results/leave_one_family_out/qnn/history.json
2026-10-07 17:21:14,925  run_experiment            INFO     [8/10] ae
2026-10-07 17:21:14,930  gsv2.experiment           INFO     === family_holdout / ae ===
2026-10-07 17:21:14,930  gsv2.experiment           INFO     Leave-one-family-out: test = all 758 'ae' circuits, train = 16298 circuits from 34 other families.
2026-10-07 17:21:14,932  gsv2.experiment           INFO     train=12614  val=3684 ({'mode': 'family', 'val_families': ['bmw_quark_copula', 'bv', 'cdkm_ripple_carry_adder', 'dynamic_qft', 'full_adder', 'ghz_dynamic', 'grover', 'half_adder', 'modular_adder', 'multiplier', 'qft', 'qftentangled', 'qnn', 'qwalk', 'randomcircuit', 'rg_qft_multiplier', 'shors_nine_qubit_code', 'vbe_ripple_carry_adder', 'wstate']})  test=758
2026-10-07 17:21:14,953  gsv2.training             INFO     [family_holdout:ae] train=12614 val=3684, epochs 1-1000, patience 30, balance alpha 0.50
2026-10-07 17:21:30,902  gsv2.training             INFO     [family_holdout:ae] epoch 0001  train_log_mse=26.53507  val_log_mse=9.32317  val_mse=0.049349  patience=0/30
2026-10-07 17:21:47,291  gsv2.training             INFO     [family_holdout:ae] epoch 0002  train_log_mse=0.90564  val_log_mse=5.01023  val_mse=0.025259  patience=0/30
2026-10-07 17:22:03,352  gsv2.training             INFO     [family_holdout:ae] epoch 0003  train_log_mse=0.29200  val_log_mse=3.77305  val_mse=0.024285  patience=0/30
2026-10-07 17:22:19,605  gsv2.training             INFO     [family_holdout:ae] epoch 0004  train_log_mse=0.16457  val_log_mse=5.14975  val_mse=0.029301  patience=1/30
2026-10-07 17:22:35,682  gsv2.training             INFO     [family_holdout:ae] epoch 0005  train_log_mse=0.11935  val_log_mse=3.75539  val_mse=0.023637  patience=0/30
2026-10-07 17:22:52,150  gsv2.training             INFO     [family_holdout:ae] epoch 0006  train_log_mse=0.08517  val_log_mse=3.96977  val_mse=0.022074  patience=1/30
2026-10-07 17:23:08,694  gsv2.training             INFO     [family_holdout:ae] epoch 0007  train_log_mse=0.10109  val_log_mse=3.64471  val_mse=0.022742  patience=0/30
2026-10-07 17:23:24,895  gsv2.training             INFO     [family_holdout:ae] epoch 0008  train_log_mse=0.09899  val_log_mse=3.17660  val_mse=0.025721  patience=0/30
2026-10-07 17:23:41,015  gsv2.training             INFO     [family_holdout:ae] epoch 0009  train_log_mse=0.09184  val_log_mse=3.40913  val_mse=0.024652  patience=1/30
2026-10-07 17:23:57,014  gsv2.training             INFO     [family_holdout:ae] epoch 0010  train_log_mse=0.08103  val_log_mse=3.33815  val_mse=0.023469  patience=2/30
2026-10-07 17:24:12,896  gsv2.training             INFO     [family_holdout:ae] epoch 0011  train_log_mse=0.09915  val_log_mse=3.20906  val_mse=0.024492  patience=3/30
2026-10-07 17:24:29,085  gsv2.training             INFO     [family_holdout:ae] epoch 0012  train_log_mse=0.09733  val_log_mse=2.60896  val_mse=0.022647  patience=0/30
2026-10-07 17:24:45,347  gsv2.training             INFO     [family_holdout:ae] epoch 0013  train_log_mse=0.12539  val_log_mse=2.70919  val_mse=0.023545  patience=1/30
2026-10-07 17:25:01,246  gsv2.training             INFO     [family_holdout:ae] epoch 0014  train_log_mse=0.14109  val_log_mse=2.36746  val_mse=0.025158  patience=0/30
2026-10-07 17:25:17,409  gsv2.training             INFO     [family_holdout:ae] epoch 0015  train_log_mse=0.05773  val_log_mse=2.38208  val_mse=0.022728  patience=1/30
2026-10-07 17:25:33,520  gsv2.training             INFO     [family_holdout:ae] epoch 0016  train_log_mse=0.06160  val_log_mse=3.31235  val_mse=0.021450  patience=2/30
2026-10-07 17:25:49,595  gsv2.training             INFO     [family_holdout:ae] epoch 0017  train_log_mse=0.06651  val_log_mse=2.65963  val_mse=0.021208  patience=3/30
2026-10-07 17:26:05,703  gsv2.training             INFO     [family_holdout:ae] epoch 0018  train_log_mse=0.08046  val_log_mse=1.88161  val_mse=0.021749  patience=0/30
2026-10-07 17:26:21,986  gsv2.training             INFO     [family_holdout:ae] epoch 0019  train_log_mse=0.13188  val_log_mse=1.65148  val_mse=0.021261  patience=0/30
2026-10-07 17:26:38,067  gsv2.training             INFO     [family_holdout:ae] epoch 0020  train_log_mse=0.05096  val_log_mse=2.23684  val_mse=0.019750  patience=1/30
2026-10-07 17:26:54,426  gsv2.training             INFO     [family_holdout:ae] epoch 0021  train_log_mse=0.06775  val_log_mse=2.12952  val_mse=0.020392  patience=2/30
2026-10-07 17:27:10,520  gsv2.training             INFO     [family_holdout:ae] epoch 0022  train_log_mse=0.24630  val_log_mse=1.74890  val_mse=0.018735  patience=3/30
2026-10-07 17:27:26,724  gsv2.training             INFO     [family_holdout:ae] epoch 0023  train_log_mse=0.05204  val_log_mse=1.50865  val_mse=0.018724  patience=0/30
2026-10-07 17:27:42,799  gsv2.training             INFO     [family_holdout:ae] epoch 0024  train_log_mse=0.05147  val_log_mse=1.39559  val_mse=0.018002  patience=0/30
2026-10-07 17:27:59,143  gsv2.training             INFO     [family_holdout:ae] epoch 0025  train_log_mse=0.07903  val_log_mse=1.65524  val_mse=0.017511  patience=1/30
2026-10-07 17:28:15,480  gsv2.training             INFO     [family_holdout:ae] epoch 0026  train_log_mse=0.06424  val_log_mse=1.47917  val_mse=0.015507  patience=2/30
2026-10-07 17:28:31,786  gsv2.training             INFO     [family_holdout:ae] epoch 0027  train_log_mse=0.04452  val_log_mse=1.75517  val_mse=0.019051  patience=3/30
2026-10-07 17:28:48,059  gsv2.training             INFO     [family_holdout:ae] epoch 0028  train_log_mse=0.05820  val_log_mse=1.44561  val_mse=0.017316  patience=4/30
2026-10-07 17:29:04,343  gsv2.training             INFO     [family_holdout:ae] epoch 0029  train_log_mse=0.04423  val_log_mse=2.08480  val_mse=0.015825  patience=5/30
2026-10-07 17:29:20,713  gsv2.training             INFO     [family_holdout:ae] epoch 0030  train_log_mse=0.07488  val_log_mse=1.65865  val_mse=0.016036  patience=6/30
2026-10-07 17:29:36,628  gsv2.training             INFO     [family_holdout:ae] epoch 0031  train_log_mse=0.06625  val_log_mse=1.21016  val_mse=0.016302  patience=0/30
2026-10-07 17:29:52,654  gsv2.training             INFO     [family_holdout:ae] epoch 0032  train_log_mse=0.04448  val_log_mse=1.48568  val_mse=0.017085  patience=1/30
2026-10-07 17:30:08,812  gsv2.training             INFO     [family_holdout:ae] epoch 0033  train_log_mse=0.05834  val_log_mse=1.28131  val_mse=0.017174  patience=2/30
2026-10-07 17:30:24,801  gsv2.training             INFO     [family_holdout:ae] epoch 0034  train_log_mse=0.05232  val_log_mse=1.28716  val_mse=0.016647  patience=3/30
2026-10-07 17:30:40,853  gsv2.training             INFO     [family_holdout:ae] epoch 0035  train_log_mse=0.04903  val_log_mse=1.23189  val_mse=0.013984  patience=4/30
2026-10-07 17:30:56,678  gsv2.training             INFO     [family_holdout:ae] epoch 0036  train_log_mse=0.07364  val_log_mse=1.54516  val_mse=0.016173  patience=5/30
2026-10-07 17:31:12,440  gsv2.training             INFO     [family_holdout:ae] epoch 0037  train_log_mse=0.04968  val_log_mse=1.21586  val_mse=0.019989  patience=6/30
2026-10-07 17:31:28,451  gsv2.training             INFO     [family_holdout:ae] epoch 0038  train_log_mse=0.03985  val_log_mse=1.09036  val_mse=0.017273  patience=0/30
2026-10-07 17:31:44,602  gsv2.training             INFO     [family_holdout:ae] epoch 0039  train_log_mse=0.03624  val_log_mse=1.39423  val_mse=0.014105  patience=1/30
2026-10-07 17:32:00,614  gsv2.training             INFO     [family_holdout:ae] epoch 0040  train_log_mse=0.03680  val_log_mse=1.20097  val_mse=0.015572  patience=2/30
2026-10-07 17:32:16,557  gsv2.training             INFO     [family_holdout:ae] epoch 0041  train_log_mse=0.08128  val_log_mse=1.26782  val_mse=0.015988  patience=3/30
2026-10-07 17:32:32,477  gsv2.training             INFO     [family_holdout:ae] epoch 0042  train_log_mse=0.04260  val_log_mse=1.33405  val_mse=0.017515  patience=4/30
2026-10-07 17:32:48,386  gsv2.training             INFO     [family_holdout:ae] epoch 0043  train_log_mse=0.03187  val_log_mse=1.14133  val_mse=0.015216  patience=5/30
2026-10-07 17:33:04,289  gsv2.training             INFO     [family_holdout:ae] epoch 0044  train_log_mse=0.03734  val_log_mse=1.54423  val_mse=0.014640  patience=6/30
2026-10-07 17:33:20,257  gsv2.training             INFO     [family_holdout:ae] epoch 0045  train_log_mse=0.04058  val_log_mse=1.19078  val_mse=0.017080  patience=7/30
2026-10-07 17:33:36,250  gsv2.training             INFO     [family_holdout:ae] epoch 0046  train_log_mse=0.03045  val_log_mse=1.17435  val_mse=0.014063  patience=8/30
2026-10-07 17:33:52,412  gsv2.training             INFO     [family_holdout:ae] epoch 0047  train_log_mse=0.02732  val_log_mse=1.14327  val_mse=0.014511  patience=9/30
2026-10-07 17:34:08,533  gsv2.training             INFO     [family_holdout:ae] epoch 0048  train_log_mse=0.03660  val_log_mse=1.27716  val_mse=0.013808  patience=10/30
2026-10-07 17:34:24,573  gsv2.training             INFO     [family_holdout:ae] epoch 0049  train_log_mse=0.03464  val_log_mse=1.26855  val_mse=0.014416  patience=11/30
2026-10-07 17:34:40,740  gsv2.training             INFO     [family_holdout:ae] epoch 0050  train_log_mse=0.03142  val_log_mse=1.13722  val_mse=0.014318  patience=12/30
2026-10-07 17:34:56,951  gsv2.training             INFO     [family_holdout:ae] epoch 0051  train_log_mse=0.03464  val_log_mse=1.16054  val_mse=0.018125  patience=13/30
2026-10-07 17:35:13,024  gsv2.training             INFO     [family_holdout:ae] epoch 0052  train_log_mse=0.19503  val_log_mse=1.33356  val_mse=0.017585  patience=14/30
2026-10-07 17:35:29,158  gsv2.training             INFO     [family_holdout:ae] epoch 0053  train_log_mse=0.03222  val_log_mse=1.31888  val_mse=0.015768  patience=15/30
2026-10-07 17:35:45,364  gsv2.training             INFO     [family_holdout:ae] epoch 0054  train_log_mse=0.03154  val_log_mse=1.37022  val_mse=0.015647  patience=16/30
2026-10-07 17:36:01,671  gsv2.training             INFO     [family_holdout:ae] epoch 0055  train_log_mse=0.03103  val_log_mse=1.19793  val_mse=0.017236  patience=17/30
2026-10-07 17:36:18,031  gsv2.training             INFO     [family_holdout:ae] epoch 0056  train_log_mse=0.02853  val_log_mse=1.73864  val_mse=0.015653  patience=18/30
2026-10-07 17:36:34,199  gsv2.training             INFO     [family_holdout:ae] epoch 0057  train_log_mse=0.02708  val_log_mse=1.24060  val_mse=0.016571  patience=19/30
2026-10-07 17:36:50,278  gsv2.training             INFO     [family_holdout:ae] epoch 0058  train_log_mse=0.03010  val_log_mse=1.37992  val_mse=0.014227  patience=20/30
2026-10-07 17:37:06,403  gsv2.training             INFO     [family_holdout:ae] epoch 0059  train_log_mse=0.03033  val_log_mse=1.21921  val_mse=0.015830  patience=21/30
2026-10-07 17:37:22,727  gsv2.training             INFO     [family_holdout:ae] epoch 0060  train_log_mse=0.03020  val_log_mse=1.64839  val_mse=0.014130  patience=22/30
2026-10-07 17:37:38,781  gsv2.training             INFO     [family_holdout:ae] epoch 0061  train_log_mse=0.02791  val_log_mse=1.39911  val_mse=0.015751  patience=23/30
2026-10-07 17:37:54,625  gsv2.training             INFO     [family_holdout:ae] epoch 0062  train_log_mse=0.02792  val_log_mse=1.68837  val_mse=0.014260  patience=24/30
2026-10-07 17:38:10,464  gsv2.training             INFO     [family_holdout:ae] epoch 0063  train_log_mse=0.02860  val_log_mse=1.61206  val_mse=0.015038  patience=25/30
2026-10-07 17:38:26,542  gsv2.training             INFO     [family_holdout:ae] epoch 0064  train_log_mse=0.02370  val_log_mse=1.35700  val_mse=0.015855  patience=26/30
2026-10-07 17:38:42,435  gsv2.training             INFO     [family_holdout:ae] epoch 0065  train_log_mse=0.03472  val_log_mse=1.40391  val_mse=0.013548  patience=27/30
2026-10-07 17:38:58,638  gsv2.training             INFO     [family_holdout:ae] epoch 0066  train_log_mse=0.02760  val_log_mse=1.58809  val_mse=0.015837  patience=28/30
2026-10-07 17:39:14,560  gsv2.training             INFO     [family_holdout:ae] epoch 0067  train_log_mse=0.02809  val_log_mse=1.50689  val_mse=0.014090  patience=29/30
2026-10-07 17:39:30,582  gsv2.training             INFO     [family_holdout:ae] epoch 0068  train_log_mse=0.02454  val_log_mse=1.76764  val_mse=0.013896  patience=30/30
2026-10-07 17:39:31,057  gsv2.experiment           INFO     [ae] TEST  n=758  MAE=0.0279  R2=0.9813  device-acc=0.385  regret=0.0090 (fixed 0.0114, random 0.0124)
2026-10-07 17:39:31,061  genstudy.io               INFO     Wrote /home/atudisco/pred-distr-tool/evaluations/generalization_v2/results/leave_one_family_out/ae/metrics.json
2026-10-07 17:39:31,067  genstudy.io               INFO     Wrote /home/atudisco/pred-distr-tool/evaluations/generalization_v2/results/leave_one_family_out/ae/predictions.json
2026-10-07 17:39:31,077  genstudy.io               INFO     Wrote /home/atudisco/pred-distr-tool/evaluations/generalization_v2/results/leave_one_family_out/ae/history.json
2026-10-07 17:39:31,109  run_experiment            INFO     [9/10] qftentangled
2026-10-07 17:39:31,112  gsv2.experiment           INFO     === family_holdout / qftentangled ===
2026-10-07 17:39:31,112  gsv2.experiment           INFO     Leave-one-family-out: test = all 746 'qftentangled' circuits, train = 16310 circuits from 34 other families.
2026-10-07 17:39:31,114  gsv2.experiment           INFO     train=12774  val=3536 ({'mode': 'family', 'val_families': ['bmw_quark_cardinality', 'bmw_quark_copula', 'bv', 'draper_qft_adder', 'dynamic_qft', 'ghz', 'graphstate', 'grover', 'iqpe', 'modular_adder', 'qft', 'qnn', 'qwalk', 'randomcircuit', 'rg_qft_multiplier', 'shors_nine_qubit_code', 'wstate']})  test=746
2026-10-07 17:39:31,137  gsv2.training             INFO     [family_holdout:qftentangled] train=12774 val=3536, epochs 1-1000, patience 30, balance alpha 0.50
2026-10-07 17:39:47,632  gsv2.training             INFO     [family_holdout:qftentangled] epoch 0001  train_log_mse=35.36859  val_log_mse=6.80932  val_mse=0.076880  patience=0/30
2026-10-07 17:40:04,506  gsv2.training             INFO     [family_holdout:qftentangled] epoch 0002  train_log_mse=0.76038  val_log_mse=5.14937  val_mse=0.045206  patience=0/30
2026-10-07 17:40:21,055  gsv2.training             INFO     [family_holdout:qftentangled] epoch 0003  train_log_mse=0.36962  val_log_mse=5.85700  val_mse=0.050338  patience=1/30
2026-10-07 17:40:37,614  gsv2.training             INFO     [family_holdout:qftentangled] epoch 0004  train_log_mse=0.13337  val_log_mse=7.76658  val_mse=0.060483  patience=2/30
2026-10-07 17:40:54,402  gsv2.training             INFO     [family_holdout:qftentangled] epoch 0005  train_log_mse=0.16652  val_log_mse=3.67035  val_mse=0.037631  patience=0/30
2026-10-07 17:41:11,228  gsv2.training             INFO     [family_holdout:qftentangled] epoch 0006  train_log_mse=0.12485  val_log_mse=5.34351  val_mse=0.050127  patience=1/30
2026-10-07 17:41:28,041  gsv2.training             INFO     [family_holdout:qftentangled] epoch 0007  train_log_mse=0.12612  val_log_mse=4.99172  val_mse=0.049427  patience=2/30
2026-10-07 17:41:44,876  gsv2.training             INFO     [family_holdout:qftentangled] epoch 0008  train_log_mse=0.16542  val_log_mse=4.46779  val_mse=0.049227  patience=3/30
2026-10-07 17:42:01,826  gsv2.training             INFO     [family_holdout:qftentangled] epoch 0009  train_log_mse=0.08458  val_log_mse=3.31271  val_mse=0.044299  patience=0/30
2026-10-07 17:42:18,577  gsv2.training             INFO     [family_holdout:qftentangled] epoch 0010  train_log_mse=0.16107  val_log_mse=3.46724  val_mse=0.042989  patience=1/30
2026-10-07 17:42:35,217  gsv2.training             INFO     [family_holdout:qftentangled] epoch 0011  train_log_mse=0.07847  val_log_mse=4.16532  val_mse=0.055568  patience=2/30
2026-10-07 17:42:52,117  gsv2.training             INFO     [family_holdout:qftentangled] epoch 0012  train_log_mse=0.07532  val_log_mse=4.49419  val_mse=0.047423  patience=3/30
2026-10-07 17:43:08,628  gsv2.training             INFO     [family_holdout:qftentangled] epoch 0013  train_log_mse=0.12667  val_log_mse=3.68227  val_mse=0.048243  patience=4/30
2026-10-07 17:43:25,343  gsv2.training             INFO     [family_holdout:qftentangled] epoch 0014  train_log_mse=0.08341  val_log_mse=3.27620  val_mse=0.048503  patience=0/30
2026-10-07 17:43:42,069  gsv2.training             INFO     [family_holdout:qftentangled] epoch 0015  train_log_mse=0.19056  val_log_mse=3.19179  val_mse=0.041006  patience=0/30
2026-10-07 17:43:58,587  gsv2.training             INFO     [family_holdout:qftentangled] epoch 0016  train_log_mse=0.05890  val_log_mse=2.71874  val_mse=0.046769  patience=0/30
2026-10-07 17:44:15,381  gsv2.training             INFO     [family_holdout:qftentangled] epoch 0017  train_log_mse=0.11180  val_log_mse=4.51097  val_mse=0.059447  patience=1/30
2026-10-07 17:44:32,040  gsv2.training             INFO     [family_holdout:qftentangled] epoch 0018  train_log_mse=0.06717  val_log_mse=3.07246  val_mse=0.044214  patience=2/30
2026-10-07 17:44:48,838  gsv2.training             INFO     [family_holdout:qftentangled] epoch 0019  train_log_mse=0.06889  val_log_mse=2.57454  val_mse=0.049055  patience=0/30
2026-10-07 17:45:05,532  gsv2.training             INFO     [family_holdout:qftentangled] epoch 0020  train_log_mse=0.09204  val_log_mse=2.89358  val_mse=0.054656  patience=1/30
2026-10-07 17:45:22,466  gsv2.training             INFO     [family_holdout:qftentangled] epoch 0021  train_log_mse=0.05910  val_log_mse=2.82335  val_mse=0.047036  patience=2/30
2026-10-07 17:45:39,159  gsv2.training             INFO     [family_holdout:qftentangled] epoch 0022  train_log_mse=0.10470  val_log_mse=2.55079  val_mse=0.044964  patience=0/30
2026-10-07 17:45:56,040  gsv2.training             INFO     [family_holdout:qftentangled] epoch 0023  train_log_mse=0.11102  val_log_mse=3.19739  val_mse=0.062683  patience=1/30
2026-10-07 17:46:12,721  gsv2.training             INFO     [family_holdout:qftentangled] epoch 0024  train_log_mse=0.06784  val_log_mse=2.96631  val_mse=0.049901  patience=2/30
2026-10-07 17:46:29,597  gsv2.training             INFO     [family_holdout:qftentangled] epoch 0025  train_log_mse=0.05577  val_log_mse=2.96414  val_mse=0.052102  patience=3/30
2026-10-07 17:46:46,626  gsv2.training             INFO     [family_holdout:qftentangled] epoch 0026  train_log_mse=0.09034  val_log_mse=3.46927  val_mse=0.049132  patience=4/30
2026-10-07 17:47:03,330  gsv2.training             INFO     [family_holdout:qftentangled] epoch 0027  train_log_mse=0.06715  val_log_mse=3.54650  val_mse=0.055165  patience=5/30
2026-10-07 17:47:20,071  gsv2.training             INFO     [family_holdout:qftentangled] epoch 0028  train_log_mse=0.06572  val_log_mse=2.70759  val_mse=0.044556  patience=6/30
2026-10-07 17:47:36,990  gsv2.training             INFO     [family_holdout:qftentangled] epoch 0029  train_log_mse=0.05666  val_log_mse=2.55303  val_mse=0.042005  patience=7/30
2026-10-07 17:47:53,675  gsv2.training             INFO     [family_holdout:qftentangled] epoch 0030  train_log_mse=0.06521  val_log_mse=3.47954  val_mse=0.055058  patience=8/30
2026-10-07 17:48:10,584  gsv2.training             INFO     [family_holdout:qftentangled] epoch 0031  train_log_mse=0.04871  val_log_mse=2.51069  val_mse=0.042960  patience=0/30
2026-10-07 17:48:27,663  gsv2.training             INFO     [family_holdout:qftentangled] epoch 0032  train_log_mse=66.10928  val_log_mse=9.69163  val_mse=0.101659  patience=1/30
2026-10-07 17:48:44,316  gsv2.training             INFO     [family_holdout:qftentangled] epoch 0033  train_log_mse=2.60602  val_log_mse=6.66372  val_mse=0.072597  patience=2/30
2026-10-07 17:49:01,221  gsv2.training             INFO     [family_holdout:qftentangled] epoch 0034  train_log_mse=1.68399  val_log_mse=11.82111  val_mse=0.082309  patience=3/30
2026-10-07 17:49:17,939  gsv2.training             INFO     [family_holdout:qftentangled] epoch 0035  train_log_mse=1.01867  val_log_mse=9.78826  val_mse=0.078923  patience=4/30
2026-10-07 17:49:34,792  gsv2.training             INFO     [family_holdout:qftentangled] epoch 0036  train_log_mse=0.47151  val_log_mse=9.66905  val_mse=0.077437  patience=5/30
2026-10-07 17:49:51,654  gsv2.training             INFO     [family_holdout:qftentangled] epoch 0037  train_log_mse=0.24319  val_log_mse=7.74925  val_mse=0.060949  patience=6/30
2026-10-07 17:50:08,443  gsv2.training             INFO     [family_holdout:qftentangled] epoch 0038  train_log_mse=0.16308  val_log_mse=7.74804  val_mse=0.066193  patience=7/30
2026-10-07 17:50:25,237  gsv2.training             INFO     [family_holdout:qftentangled] epoch 0039  train_log_mse=0.12663  val_log_mse=7.71561  val_mse=0.059635  patience=8/30
2026-10-07 17:50:41,988  gsv2.training             INFO     [family_holdout:qftentangled] epoch 0040  train_log_mse=0.09418  val_log_mse=6.61663  val_mse=0.059409  patience=9/30
2026-10-07 17:50:58,842  gsv2.training             INFO     [family_holdout:qftentangled] epoch 0041  train_log_mse=0.09896  val_log_mse=7.22063  val_mse=0.057246  patience=10/30
2026-10-07 17:51:15,571  gsv2.training             INFO     [family_holdout:qftentangled] epoch 0042  train_log_mse=0.09249  val_log_mse=7.46396  val_mse=0.063933  patience=11/30
2026-10-07 17:51:32,178  gsv2.training             INFO     [family_holdout:qftentangled] epoch 0043  train_log_mse=0.09911  val_log_mse=6.31033  val_mse=0.059138  patience=12/30
2026-10-07 17:51:48,968  gsv2.training             INFO     [family_holdout:qftentangled] epoch 0044  train_log_mse=0.08924  val_log_mse=6.29215  val_mse=0.056402  patience=13/30
2026-10-07 17:52:05,754  gsv2.training             INFO     [family_holdout:qftentangled] epoch 0045  train_log_mse=0.07978  val_log_mse=9.15416  val_mse=0.072180  patience=14/30
2026-10-07 17:52:22,535  gsv2.training             INFO     [family_holdout:qftentangled] epoch 0046  train_log_mse=0.11355  val_log_mse=6.59676  val_mse=0.055055  patience=15/30
2026-10-07 17:52:39,293  gsv2.training             INFO     [family_holdout:qftentangled] epoch 0047  train_log_mse=0.07897  val_log_mse=7.64201  val_mse=0.057807  patience=16/30
2026-10-07 17:52:56,285  gsv2.training             INFO     [family_holdout:qftentangled] epoch 0048  train_log_mse=0.08088  val_log_mse=6.43287  val_mse=0.059136  patience=17/30
2026-10-07 17:53:13,468  gsv2.training             INFO     [family_holdout:qftentangled] epoch 0049  train_log_mse=0.08657  val_log_mse=7.01581  val_mse=0.060062  patience=18/30
2026-10-07 17:53:30,910  gsv2.training             INFO     [family_holdout:qftentangled] epoch 0050  train_log_mse=0.08300  val_log_mse=6.78043  val_mse=0.057858  patience=19/30
2026-10-07 17:53:47,890  gsv2.training             INFO     [family_holdout:qftentangled] epoch 0051  train_log_mse=0.07381  val_log_mse=6.75778  val_mse=0.058955  patience=20/30
2026-10-07 17:54:04,916  gsv2.training             INFO     [family_holdout:qftentangled] epoch 0052  train_log_mse=0.08296  val_log_mse=6.47615  val_mse=0.059141  patience=21/30
2026-10-07 17:54:21,664  gsv2.training             INFO     [family_holdout:qftentangled] epoch 0053  train_log_mse=0.06582  val_log_mse=6.88748  val_mse=0.057437  patience=22/30
2026-10-07 17:54:38,244  gsv2.training             INFO     [family_holdout:qftentangled] epoch 0054  train_log_mse=28842.47135  val_log_mse=8.20060  val_mse=0.118147  patience=23/30
2026-10-07 17:54:54,843  gsv2.training             INFO     [family_holdout:qftentangled] epoch 0055  train_log_mse=4.66418  val_log_mse=12.14829  val_mse=0.233568  patience=24/30
2026-10-07 17:55:11,423  gsv2.training             INFO     [family_holdout:qftentangled] epoch 0056  train_log_mse=4.52686  val_log_mse=4.79598  val_mse=0.073947  patience=25/30
2026-10-07 17:55:27,781  gsv2.training             INFO     [family_holdout:qftentangled] epoch 0057  train_log_mse=7.34988  val_log_mse=8.37057  val_mse=0.065041  patience=26/30
2026-10-07 17:55:44,261  gsv2.training             INFO     [family_holdout:qftentangled] epoch 0058  train_log_mse=6.41783  val_log_mse=20.72803  val_mse=0.113379  patience=27/30
2026-10-07 17:56:00,882  gsv2.training             INFO     [family_holdout:qftentangled] epoch 0059  train_log_mse=10.93757  val_log_mse=72.12330  val_mse=0.153915  patience=28/30
2026-10-07 17:56:17,522  gsv2.training             INFO     [family_holdout:qftentangled] epoch 0060  train_log_mse=8.06023  val_log_mse=10.70384  val_mse=0.088466  patience=29/30
2026-10-07 17:56:34,000  gsv2.training             INFO     [family_holdout:qftentangled] epoch 0061  train_log_mse=9.45999  val_log_mse=15.86798  val_mse=0.530746  patience=30/30
2026-10-07 17:56:34,398  gsv2.experiment           INFO     [qftentangled] TEST  n=746  MAE=0.0656  R2=0.8881  device-acc=0.792  regret=0.0053 (fixed 0.0064, random 0.0125)
2026-10-07 17:56:34,402  genstudy.io               INFO     Wrote /home/atudisco/pred-distr-tool/evaluations/generalization_v2/results/leave_one_family_out/qftentangled/metrics.json
2026-10-07 17:56:34,408  genstudy.io               INFO     Wrote /home/atudisco/pred-distr-tool/evaluations/generalization_v2/results/leave_one_family_out/qftentangled/predictions.json
2026-10-07 17:56:34,419  genstudy.io               INFO     Wrote /home/atudisco/pred-distr-tool/evaluations/generalization_v2/results/leave_one_family_out/qftentangled/history.json
2026-10-07 17:56:34,448  run_experiment            INFO     [10/10] iqpe
2026-10-07 17:56:34,450  gsv2.experiment           INFO     === family_holdout / iqpe ===
2026-10-07 17:56:34,451  gsv2.experiment           INFO     Leave-one-family-out: test = all 570 'iqpe' circuits, train = 16486 circuits from 34 other families.
2026-10-07 17:56:34,452  gsv2.experiment           INFO     train=12765  val=3721 ({'mode': 'family', 'val_families': ['bmw_quark_cardinality', 'bmw_quark_copula', 'bv', 'draper_qft_adder', 'dynamic_qft', 'ghz', 'graphstate', 'grover', 'modular_adder', 'multiplier', 'qft', 'qftentangled', 'qnn', 'qwalk', 'randomcircuit', 'rg_qft_multiplier', 'shors_nine_qubit_code', 'vbe_ripple_carry_adder', 'wstate']})  test=570
2026-10-07 17:56:34,463  gsv2.training             INFO     [family_holdout:iqpe] train=12765 val=3721, epochs 1-1000, patience 30, balance alpha 0.50
2026-10-07 17:56:50,900  gsv2.training             INFO     [family_holdout:iqpe] epoch 0001  train_log_mse=25.45126  val_log_mse=10.01219  val_mse=0.049608  patience=0/30
2026-10-07 17:57:07,287  gsv2.training             INFO     [family_holdout:iqpe] epoch 0002  train_log_mse=0.94892  val_log_mse=8.74376  val_mse=0.034792  patience=0/30
2026-10-07 17:57:23,811  gsv2.training             INFO     [family_holdout:iqpe] epoch 0003  train_log_mse=0.27433  val_log_mse=6.26485  val_mse=0.025573  patience=0/30
2026-10-07 17:57:40,251  gsv2.training             INFO     [family_holdout:iqpe] epoch 0004  train_log_mse=0.13752  val_log_mse=6.70591  val_mse=0.028573  patience=1/30
2026-10-07 17:57:56,822  gsv2.training             INFO     [family_holdout:iqpe] epoch 0005  train_log_mse=0.19325  val_log_mse=6.85551  val_mse=0.024678  patience=2/30
2026-10-07 17:58:13,395  gsv2.training             INFO     [family_holdout:iqpe] epoch 0006  train_log_mse=0.10885  val_log_mse=5.07983  val_mse=0.024481  patience=0/30
2026-10-07 17:58:30,047  gsv2.training             INFO     [family_holdout:iqpe] epoch 0007  train_log_mse=0.10084  val_log_mse=5.56505  val_mse=0.023596  patience=1/30
2026-10-07 17:58:46,568  gsv2.training             INFO     [family_holdout:iqpe] epoch 0008  train_log_mse=0.09333  val_log_mse=5.19279  val_mse=0.025637  patience=2/30
2026-10-07 17:59:03,220  gsv2.training             INFO     [family_holdout:iqpe] epoch 0009  train_log_mse=0.12261  val_log_mse=4.75731  val_mse=0.024424  patience=0/30
2026-10-07 17:59:19,779  gsv2.training             INFO     [family_holdout:iqpe] epoch 0010  train_log_mse=0.07898  val_log_mse=4.04242  val_mse=0.021013  patience=0/30
2026-10-07 17:59:36,010  gsv2.training             INFO     [family_holdout:iqpe] epoch 0011  train_log_mse=0.07021  val_log_mse=4.04938  val_mse=0.025459  patience=1/30
2026-10-07 17:59:52,470  gsv2.training             INFO     [family_holdout:iqpe] epoch 0012  train_log_mse=0.10651  val_log_mse=3.42809  val_mse=0.023540  patience=0/30
2026-10-07 18:00:08,683  gsv2.training             INFO     [family_holdout:iqpe] epoch 0013  train_log_mse=0.06324  val_log_mse=3.38509  val_mse=0.021852  patience=0/30
2026-10-07 18:00:25,062  gsv2.training             INFO     [family_holdout:iqpe] epoch 0014  train_log_mse=0.12383  val_log_mse=3.57569  val_mse=0.025268  patience=1/30
2026-10-07 18:00:41,467  gsv2.training             INFO     [family_holdout:iqpe] epoch 0015  train_log_mse=0.09531  val_log_mse=2.70919  val_mse=0.021824  patience=0/30
2026-10-07 18:00:57,932  gsv2.training             INFO     [family_holdout:iqpe] epoch 0016  train_log_mse=0.06783  val_log_mse=2.93088  val_mse=0.023540  patience=1/30
2026-10-07 18:01:14,457  gsv2.training             INFO     [family_holdout:iqpe] epoch 0017  train_log_mse=0.07184  val_log_mse=3.09979  val_mse=0.023020  patience=2/30
2026-10-07 18:01:30,830  gsv2.training             INFO     [family_holdout:iqpe] epoch 0018  train_log_mse=0.07168  val_log_mse=2.74521  val_mse=0.026925  patience=3/30
2026-10-07 18:01:47,435  gsv2.training             INFO     [family_holdout:iqpe] epoch 0019  train_log_mse=0.08185  val_log_mse=2.47925  val_mse=0.023202  patience=0/30
2026-10-07 18:02:03,896  gsv2.training             INFO     [family_holdout:iqpe] epoch 0020  train_log_mse=0.07228  val_log_mse=2.25813  val_mse=0.023555  patience=0/30
2026-10-07 18:02:20,692  gsv2.training             INFO     [family_holdout:iqpe] epoch 0021  train_log_mse=0.08457  val_log_mse=2.95190  val_mse=0.021724  patience=1/30
2026-10-07 18:02:37,261  gsv2.training             INFO     [family_holdout:iqpe] epoch 0022  train_log_mse=0.08087  val_log_mse=2.10905  val_mse=0.021950  patience=0/30
2026-10-07 18:02:54,082  gsv2.training             INFO     [family_holdout:iqpe] epoch 0023  train_log_mse=0.07349  val_log_mse=1.93837  val_mse=0.022381  patience=0/30
2026-10-07 18:03:10,625  gsv2.training             INFO     [family_holdout:iqpe] epoch 0024  train_log_mse=0.06996  val_log_mse=2.43223  val_mse=0.021663  patience=1/30
2026-10-07 18:03:27,380  gsv2.training             INFO     [family_holdout:iqpe] epoch 0025  train_log_mse=0.07534  val_log_mse=2.34049  val_mse=0.021088  patience=2/30
2026-10-07 18:03:44,220  gsv2.training             INFO     [family_holdout:iqpe] epoch 0026  train_log_mse=0.07819  val_log_mse=1.75337  val_mse=0.021518  patience=0/30
2026-10-07 18:04:00,809  gsv2.training             INFO     [family_holdout:iqpe] epoch 0027  train_log_mse=0.05870  val_log_mse=1.83201  val_mse=0.024626  patience=1/30
2026-10-07 18:04:17,355  gsv2.training             INFO     [family_holdout:iqpe] epoch 0028  train_log_mse=0.05488  val_log_mse=1.82697  val_mse=0.017809  patience=2/30
2026-10-07 18:04:34,028  gsv2.training             INFO     [family_holdout:iqpe] epoch 0029  train_log_mse=0.06018  val_log_mse=2.48639  val_mse=0.024181  patience=3/30
2026-10-07 18:04:50,480  gsv2.training             INFO     [family_holdout:iqpe] epoch 0030  train_log_mse=0.08615  val_log_mse=1.71802  val_mse=0.015151  patience=0/30
2026-10-07 18:05:06,956  gsv2.training             INFO     [family_holdout:iqpe] epoch 0031  train_log_mse=0.04484  val_log_mse=1.70631  val_mse=0.020509  patience=0/30
2026-10-07 18:05:23,672  gsv2.training             INFO     [family_holdout:iqpe] epoch 0032  train_log_mse=0.05653  val_log_mse=1.66564  val_mse=0.018875  patience=0/30
2026-10-07 18:05:40,097  gsv2.training             INFO     [family_holdout:iqpe] epoch 0033  train_log_mse=0.06497  val_log_mse=1.79087  val_mse=0.022313  patience=1/30
2026-10-07 18:05:56,756  gsv2.training             INFO     [family_holdout:iqpe] epoch 0034  train_log_mse=0.15200  val_log_mse=1.78201  val_mse=0.020069  patience=2/30
2026-10-07 18:06:13,254  gsv2.training             INFO     [family_holdout:iqpe] epoch 0035  train_log_mse=0.04691  val_log_mse=1.93463  val_mse=0.020394  patience=3/30
2026-10-07 18:06:29,797  gsv2.training             INFO     [family_holdout:iqpe] epoch 0036  train_log_mse=0.04473  val_log_mse=1.86851  val_mse=0.022230  patience=4/30
2026-10-07 18:06:46,536  gsv2.training             INFO     [family_holdout:iqpe] epoch 0037  train_log_mse=0.04412  val_log_mse=1.69977  val_mse=0.018711  patience=5/30
2026-10-07 18:07:03,109  gsv2.training             INFO     [family_holdout:iqpe] epoch 0038  train_log_mse=0.05090  val_log_mse=1.61784  val_mse=0.017512  patience=0/30
2026-10-07 18:07:19,453  gsv2.training             INFO     [family_holdout:iqpe] epoch 0039  train_log_mse=0.04773  val_log_mse=1.56708  val_mse=0.015502  patience=0/30
2026-10-07 18:07:35,819  gsv2.training             INFO     [family_holdout:iqpe] epoch 0040  train_log_mse=0.04250  val_log_mse=1.67435  val_mse=0.017829  patience=1/30
2026-10-07 18:07:52,432  gsv2.training             INFO     [family_holdout:iqpe] epoch 0041  train_log_mse=0.04211  val_log_mse=1.68424  val_mse=0.016664  patience=2/30
2026-10-07 18:08:08,852  gsv2.training             INFO     [family_holdout:iqpe] epoch 0042  train_log_mse=0.04822  val_log_mse=1.59114  val_mse=0.018477  patience=3/30
2026-10-07 18:08:25,243  gsv2.training             INFO     [family_holdout:iqpe] epoch 0043  train_log_mse=0.05207  val_log_mse=1.81187  val_mse=0.015730  patience=4/30
2026-10-07 18:08:41,431  gsv2.training             INFO     [family_holdout:iqpe] epoch 0044  train_log_mse=0.04560  val_log_mse=1.67669  val_mse=0.020391  patience=5/30
2026-10-07 18:08:57,690  gsv2.training             INFO     [family_holdout:iqpe] epoch 0045  train_log_mse=0.03746  val_log_mse=1.49861  val_mse=0.016443  patience=0/30
2026-10-07 18:09:14,177  gsv2.training             INFO     [family_holdout:iqpe] epoch 0046  train_log_mse=0.04150  val_log_mse=1.63425  val_mse=0.015296  patience=1/30
2026-10-07 18:09:30,525  gsv2.training             INFO     [family_holdout:iqpe] epoch 0047  train_log_mse=0.05442  val_log_mse=1.57448  val_mse=0.016252  patience=2/30
2026-10-07 18:09:47,029  gsv2.training             INFO     [family_holdout:iqpe] epoch 0048  train_log_mse=0.03768  val_log_mse=1.58487  val_mse=0.018014  patience=3/30
2026-10-07 18:10:03,525  gsv2.training             INFO     [family_holdout:iqpe] epoch 0049  train_log_mse=0.04242  val_log_mse=1.63173  val_mse=0.018057  patience=4/30
2026-10-07 18:10:20,165  gsv2.training             INFO     [family_holdout:iqpe] epoch 0050  train_log_mse=0.04023  val_log_mse=1.38261  val_mse=0.017077  patience=0/30
2026-10-07 18:10:36,568  gsv2.training             INFO     [family_holdout:iqpe] epoch 0051  train_log_mse=0.04016  val_log_mse=1.59176  val_mse=0.017024  patience=1/30
2026-10-07 18:10:52,973  gsv2.training             INFO     [family_holdout:iqpe] epoch 0052  train_log_mse=1227.31639  val_log_mse=8.35827  val_mse=0.051794  patience=2/30
2026-10-07 18:11:09,475  gsv2.training             INFO     [family_holdout:iqpe] epoch 0053  train_log_mse=2.94434  val_log_mse=6.71279  val_mse=0.060729  patience=3/30
2026-10-07 18:11:26,074  gsv2.training             INFO     [family_holdout:iqpe] epoch 0054  train_log_mse=2.50128  val_log_mse=6.13288  val_mse=0.058494  patience=4/30
2026-10-07 18:11:42,589  gsv2.training             INFO     [family_holdout:iqpe] epoch 0055  train_log_mse=2.46869  val_log_mse=7.33244  val_mse=0.062502  patience=5/30
2026-10-07 18:11:59,097  gsv2.training             INFO     [family_holdout:iqpe] epoch 0056  train_log_mse=2.22106  val_log_mse=4.06988  val_mse=0.039090  patience=6/30
2026-10-07 18:12:15,527  gsv2.training             INFO     [family_holdout:iqpe] epoch 0057  train_log_mse=2.08467  val_log_mse=4.26025  val_mse=0.043686  patience=7/30
2026-10-07 18:12:31,991  gsv2.training             INFO     [family_holdout:iqpe] epoch 0058  train_log_mse=1.69420  val_log_mse=4.09424  val_mse=0.030845  patience=8/30
2026-10-07 18:12:48,581  gsv2.training             INFO     [family_holdout:iqpe] epoch 0059  train_log_mse=1.34996  val_log_mse=5.26209  val_mse=0.052124  patience=9/30
2026-10-07 18:13:05,141  gsv2.training             INFO     [family_holdout:iqpe] epoch 0060  train_log_mse=0.96441  val_log_mse=1.94206  val_mse=0.018450  patience=10/30
2026-10-07 18:13:21,701  gsv2.training             INFO     [family_holdout:iqpe] epoch 0061  train_log_mse=0.72323  val_log_mse=1.68555  val_mse=0.020979  patience=11/30
2026-10-07 18:13:38,028  gsv2.training             INFO     [family_holdout:iqpe] epoch 0062  train_log_mse=0.47175  val_log_mse=1.85305  val_mse=0.028253  patience=12/30
2026-10-07 18:13:54,572  gsv2.training             INFO     [family_holdout:iqpe] epoch 0063  train_log_mse=0.49043  val_log_mse=1.76647  val_mse=0.029550  patience=13/30
2026-10-07 18:14:11,365  gsv2.training             INFO     [family_holdout:iqpe] epoch 0064  train_log_mse=0.31475  val_log_mse=1.78834  val_mse=0.027171  patience=14/30
2026-10-07 18:14:27,876  gsv2.training             INFO     [family_holdout:iqpe] epoch 0065  train_log_mse=0.30524  val_log_mse=1.63390  val_mse=0.024563  patience=15/30
2026-10-07 18:14:44,452  gsv2.training             INFO     [family_holdout:iqpe] epoch 0066  train_log_mse=0.23183  val_log_mse=1.52044  val_mse=0.029471  patience=16/30
2026-10-07 18:15:01,040  gsv2.training             INFO     [family_holdout:iqpe] epoch 0067  train_log_mse=0.20833  val_log_mse=1.65821  val_mse=0.023865  patience=17/30
2026-10-07 18:15:17,748  gsv2.training             INFO     [family_holdout:iqpe] epoch 0068  train_log_mse=0.23051  val_log_mse=1.89606  val_mse=0.025091  patience=18/30
2026-10-07 18:15:34,169  gsv2.training             INFO     [family_holdout:iqpe] epoch 0069  train_log_mse=0.18812  val_log_mse=1.73537  val_mse=0.027422  patience=19/30
2026-10-07 18:15:50,851  gsv2.training             INFO     [family_holdout:iqpe] epoch 0070  train_log_mse=0.16010  val_log_mse=1.82441  val_mse=0.026252  patience=20/30
2026-10-07 18:16:07,332  gsv2.training             INFO     [family_holdout:iqpe] epoch 0071  train_log_mse=0.14687  val_log_mse=1.39958  val_mse=0.022009  patience=21/30
2026-10-07 18:16:23,870  gsv2.training             INFO     [family_holdout:iqpe] epoch 0072  train_log_mse=0.16044  val_log_mse=1.51961  val_mse=0.026075  patience=22/30
2026-10-07 18:16:40,165  gsv2.training             INFO     [family_holdout:iqpe] epoch 0073  train_log_mse=0.13144  val_log_mse=1.74477  val_mse=0.021653  patience=23/30
2026-10-07 18:16:56,700  gsv2.training             INFO     [family_holdout:iqpe] epoch 0074  train_log_mse=0.14035  val_log_mse=1.83135  val_mse=0.028606  patience=24/30
2026-10-07 18:17:12,979  gsv2.training             INFO     [family_holdout:iqpe] epoch 0075  train_log_mse=0.10464  val_log_mse=1.83201  val_mse=0.022313  patience=25/30
2026-10-07 18:17:29,474  gsv2.training             INFO     [family_holdout:iqpe] epoch 0076  train_log_mse=61.33500  val_log_mse=20.03825  val_mse=0.070625  patience=26/30
2026-10-07 18:17:45,879  gsv2.training             INFO     [family_holdout:iqpe] epoch 0077  train_log_mse=3.58450  val_log_mse=61.33279  val_mse=0.055038  patience=27/30
2026-10-07 18:18:02,428  gsv2.training             INFO     [family_holdout:iqpe] epoch 0078  train_log_mse=0.63871  val_log_mse=68.57252  val_mse=0.050271  patience=28/30
2026-10-07 18:18:18,944  gsv2.training             INFO     [family_holdout:iqpe] epoch 0079  train_log_mse=0.50253  val_log_mse=57.21884  val_mse=0.048722  patience=29/30
2026-10-07 18:18:35,486  gsv2.training             INFO     [family_holdout:iqpe] epoch 0080  train_log_mse=0.41480  val_log_mse=86.95045  val_mse=0.054836  patience=30/30
2026-10-07 18:18:35,826  gsv2.experiment           INFO     [iqpe] TEST  n=570  MAE=0.3205  R2=-2.3907  device-acc=0.305  regret=0.1302 (fixed 0.0000, random 0.0771)
2026-10-07 18:18:35,830  genstudy.io               INFO     Wrote /home/atudisco/pred-distr-tool/evaluations/generalization_v2/results/leave_one_family_out/iqpe/metrics.json
2026-10-07 18:18:35,836  genstudy.io               INFO     Wrote /home/atudisco/pred-distr-tool/evaluations/generalization_v2/results/leave_one_family_out/iqpe/predictions.json
2026-10-07 18:18:35,847  genstudy.io               INFO     Wrote /home/atudisco/pred-distr-tool/evaluations/generalization_v2/results/leave_one_family_out/iqpe/history.json
2026-10-07 18:18:35,878  genstudy.io               INFO     Wrote /home/atudisco/pred-distr-tool/evaluations/generalization_v2/results/leave_one_family_out/folds.json
2026-10-07 18:18:36,033  genstudy.experiment       INFO     Merged held-out predictions for 16702 circuits
2026-10-07 18:18:36,101  genstudy.io               INFO     Wrote /home/atudisco/pred-distr-tool/evaluations/generalization_v2/results/leave_one_family_out/heldout_predictions.json
2026-10-07 18:18:36,102  run_experiment            INFO     leave_one_family_out finished: 10 complete, 0 skipped
