2026-10-09 04:14:34,709  genstudy.io               INFO     Logging to evaluations/generalization_v8/results/v8a_c001/leave_one_family_out/run.log
2026-10-09 04:14:34,709  run_experiment            INFO     Command line: evaluations/generalization_v3/scripts/run_experiment.py lofo --model sinkhorn --balance-alpha 0 --lr 3e-4 --grad-clip 1.0 --seed 5 --families qaoa --groups qaoa --loss mixed --val-mode random --layout-lambda 0.1 --layout-loss region_dist --layouts-path evaluations/compile_check/results/compiler_layouts_v6pilot.pt --count-lambda 0.01 --counts-path evaluations/compile_check/results/compiler_counts_v8.pt --results-dir evaluations/generalization_v8/results/v8a_c001
2026-10-09 04:14:34,857  gsv2.gpu                  INFO     GPU: NVIDIA A100 80GB PCIe
2026-10-09 04:14:34,858  gsv3.model                INFO     Hyper-parameters (/home/atudisco/pred-distr-tool/src/model/best_params.json + v3 defaults): {'device_hidden': 64, 'device_layers': 3, 'fusion_dim': 128, 'qubit_layers': 2, 'attn_heads': 4, 'lap_pe': 8, 'cost_bias_init': -6.0, 'hidden_dim': 142, 'num_conv_wo_resnet': 3, 'num_resnet_layers': 1, 'dropout': 0.0, 'bidirectional': True, 'mlp': [512, 256, 128], 'lr': 0.001, 'readout': 'meanmaxsum'}
2026-10-09 04:14:34,877  gsv3.devices              INFO     Device graphs: node features 13 (Laplacian PE 8), physical errors True
2026-10-09 04:14:34,878  genstudy.data             INFO     Loading graph dataset: /home/atudisco/pred-distr-tool/evaluations/generalization_v3/data/graph_dataset_expected_fidelity.pt
2026-10-09 04:14:37,705  genstudy.data             INFO     Loaded 17056 graphs
2026-10-09 04:14:38,174  run_experiment            INFO     Compiler layouts (evaluations/compile_check/results/compiler_layouts_v6pilot.pt): 16994/17056 circuits
2026-10-09 04:14:38,602  run_experiment            INFO     Compiler counts (evaluations/compile_check/results/compiler_counts_v8.pt): 16994/17056 circuits
2026-10-09 04:14:38,608  genstudy.io               INFO     Wrote evaluations/generalization_v8/results/v8a_c001/leave_one_family_out/dataset_summary.json
2026-10-09 04:14:38,608  genstudy.data             INFO     Holding out 1 families: qaoa
2026-10-09 04:14:38,610  run_experiment            INFO     [1/1] qaoa
2026-10-09 04:14:38,613  gsv3.experiment           INFO     === family_holdout / qaoa ===
2026-10-09 04:14:38,613  gsv3.experiment           INFO     Leave-one-family-out: test = all 2706 'qaoa' circuits, train = 14350 circuits from 34 other families.
2026-10-09 04:14:38,614  gsv3.experiment           INFO     train=11480  val=2870 ({'mode': 'random'})  test=2706
2026-10-09 04:14:38,968  gsv3.training             INFO     [family_holdout:qaoa] model=sinkhorn (979423 params) train=11480 val=2870 lr=0.0003 clip=1.0 alpha=0.00
2026-10-09 04:14:48,710  gsv3.training             INFO     [family_holdout:qaoa] epoch 0001  count_mse=0.7355  count_rel_err_2q=0.673
2026-10-09 04:14:48,710  gsv3.training             INFO     [family_holdout:qaoa] epoch 0001  region_bce=0.6698  dist_mse=0.2792  region_overlap=0.651
2026-10-09 04:14:48,713  gsv3.training             INFO     [family_holdout:qaoa] epoch 0001  train_log_mse=0.28895  val_log_mse=0.21369  val_mse=0.001601  max_grad=546.75  patience=0/30
2026-10-09 04:14:58,268  gsv3.training             INFO     [family_holdout:qaoa] epoch 0002  count_mse=0.3610  count_rel_err_2q=0.320
2026-10-09 04:14:58,268  gsv3.training             INFO     [family_holdout:qaoa] epoch 0002  region_bce=0.3779  dist_mse=0.1940  region_overlap=0.735
2026-10-09 04:14:58,271  gsv3.training             INFO     [family_holdout:qaoa] epoch 0002  train_log_mse=0.02824  val_log_mse=0.23136  val_mse=0.001168  max_grad=13.02  patience=0/30
2026-10-09 04:15:07,620  gsv3.training             INFO     [family_holdout:qaoa] epoch 0003  count_mse=0.3072  count_rel_err_2q=0.298
2026-10-09 04:15:07,621  gsv3.training             INFO     [family_holdout:qaoa] epoch 0003  region_bce=0.3367  dist_mse=0.1709  region_overlap=0.758
2026-10-09 04:15:07,623  gsv3.training             INFO     [family_holdout:qaoa] epoch 0003  train_log_mse=0.02053  val_log_mse=0.11673  val_mse=0.001019  max_grad=7.12  patience=0/30
2026-10-09 04:15:16,977  gsv3.training             INFO     [family_holdout:qaoa] epoch 0004  count_mse=0.2636  count_rel_err_2q=0.275
2026-10-09 04:15:16,978  gsv3.training             INFO     [family_holdout:qaoa] epoch 0004  region_bce=0.3063  dist_mse=0.1571  region_overlap=0.776
2026-10-09 04:15:16,980  gsv3.training             INFO     [family_holdout:qaoa] epoch 0004  train_log_mse=0.01521  val_log_mse=0.09731  val_mse=0.000921  max_grad=5.03  patience=0/30
2026-10-09 04:15:26,413  gsv3.training             INFO     [family_holdout:qaoa] epoch 0005  count_mse=0.2280  count_rel_err_2q=0.260
2026-10-09 04:15:26,413  gsv3.training             INFO     [family_holdout:qaoa] epoch 0005  region_bce=0.2882  dist_mse=0.1475  region_overlap=0.787
2026-10-09 04:15:26,413  gsv3.training             INFO     [family_holdout:qaoa] epoch 0005  train_log_mse=0.01213  val_log_mse=0.12737  val_mse=0.001152  max_grad=2.39  patience=1/30
2026-10-09 04:15:35,847  gsv3.training             INFO     [family_holdout:qaoa] epoch 0006  count_mse=0.2035  count_rel_err_2q=0.253
2026-10-09 04:15:35,847  gsv3.training             INFO     [family_holdout:qaoa] epoch 0006  region_bce=0.2721  dist_mse=0.1401  region_overlap=0.796
2026-10-09 04:15:35,849  gsv3.training             INFO     [family_holdout:qaoa] epoch 0006  train_log_mse=0.01134  val_log_mse=0.07323  val_mse=0.000831  max_grad=2.65  patience=0/30
2026-10-09 04:15:45,244  gsv3.training             INFO     [family_holdout:qaoa] epoch 0007  count_mse=0.1801  count_rel_err_2q=0.251
2026-10-09 04:15:45,245  gsv3.training             INFO     [family_holdout:qaoa] epoch 0007  region_bce=0.2642  dist_mse=0.1358  region_overlap=0.802
2026-10-09 04:15:45,245  gsv3.training             INFO     [family_holdout:qaoa] epoch 0007  train_log_mse=0.01227  val_log_mse=0.07485  val_mse=0.000863  max_grad=11.19  patience=1/30
2026-10-09 04:15:54,712  gsv3.training             INFO     [family_holdout:qaoa] epoch 0008  count_mse=0.1646  count_rel_err_2q=0.247
2026-10-09 04:15:54,712  gsv3.training             INFO     [family_holdout:qaoa] epoch 0008  region_bce=0.2478  dist_mse=0.1295  region_overlap=0.813
2026-10-09 04:15:54,714  gsv3.training             INFO     [family_holdout:qaoa] epoch 0008  train_log_mse=0.01051  val_log_mse=0.10209  val_mse=0.000745  max_grad=2.78  patience=0/30
2026-10-09 04:16:04,075  gsv3.training             INFO     [family_holdout:qaoa] epoch 0009  count_mse=0.1519  count_rel_err_2q=0.246
2026-10-09 04:16:04,075  gsv3.training             INFO     [family_holdout:qaoa] epoch 0009  region_bce=0.2352  dist_mse=0.1239  region_overlap=0.821
2026-10-09 04:16:04,075  gsv3.training             INFO     [family_holdout:qaoa] epoch 0009  train_log_mse=0.00910  val_log_mse=0.07393  val_mse=0.000786  max_grad=2.01  patience=1/30
2026-10-09 04:16:13,469  gsv3.training             INFO     [family_holdout:qaoa] epoch 0010  count_mse=0.1425  count_rel_err_2q=0.242
2026-10-09 04:16:13,469  gsv3.training             INFO     [family_holdout:qaoa] epoch 0010  region_bce=0.2261  dist_mse=0.1195  region_overlap=0.827
2026-10-09 04:16:13,471  gsv3.training             INFO     [family_holdout:qaoa] epoch 0010  train_log_mse=0.00885  val_log_mse=0.06893  val_mse=0.000717  max_grad=2.34  patience=0/30
2026-10-09 04:16:22,908  gsv3.training             INFO     [family_holdout:qaoa] epoch 0011  count_mse=0.1330  count_rel_err_2q=0.236
2026-10-09 04:16:22,908  gsv3.training             INFO     [family_holdout:qaoa] epoch 0011  region_bce=0.2178  dist_mse=0.1152  region_overlap=0.833
2026-10-09 04:16:22,908  gsv3.training             INFO     [family_holdout:qaoa] epoch 0011  train_log_mse=0.00750  val_log_mse=0.06304  val_mse=0.000746  max_grad=1.82  patience=1/30
2026-10-09 04:16:32,336  gsv3.training             INFO     [family_holdout:qaoa] epoch 0012  count_mse=0.1266  count_rel_err_2q=0.235
2026-10-09 04:16:32,336  gsv3.training             INFO     [family_holdout:qaoa] epoch 0012  region_bce=0.2117  dist_mse=0.1119  region_overlap=0.836
2026-10-09 04:16:32,336  gsv3.training             INFO     [family_holdout:qaoa] epoch 0012  train_log_mse=0.00795  val_log_mse=0.08185  val_mse=0.000738  max_grad=2.26  patience=2/30
2026-10-09 04:16:41,694  gsv3.training             INFO     [family_holdout:qaoa] epoch 0013  count_mse=0.1240  count_rel_err_2q=0.234
2026-10-09 04:16:41,694  gsv3.training             INFO     [family_holdout:qaoa] epoch 0013  region_bce=0.2043  dist_mse=0.1085  region_overlap=0.841
2026-10-09 04:16:41,696  gsv3.training             INFO     [family_holdout:qaoa] epoch 0013  train_log_mse=0.00707  val_log_mse=0.05862  val_mse=0.000682  max_grad=1.59  patience=0/30
2026-10-09 04:16:51,043  gsv3.training             INFO     [family_holdout:qaoa] epoch 0014  count_mse=0.1198  count_rel_err_2q=0.228
2026-10-09 04:16:51,043  gsv3.training             INFO     [family_holdout:qaoa] epoch 0014  region_bce=0.2005  dist_mse=0.1056  region_overlap=0.844
2026-10-09 04:16:51,046  gsv3.training             INFO     [family_holdout:qaoa] epoch 0014  train_log_mse=0.00784  val_log_mse=0.09721  val_mse=0.000648  max_grad=1.79  patience=0/30
2026-10-09 04:17:00,365  gsv3.training             INFO     [family_holdout:qaoa] epoch 0015  count_mse=0.1160  count_rel_err_2q=0.227
2026-10-09 04:17:00,366  gsv3.training             INFO     [family_holdout:qaoa] epoch 0015  region_bce=0.1948  dist_mse=0.1027  region_overlap=0.848
2026-10-09 04:17:00,368  gsv3.training             INFO     [family_holdout:qaoa] epoch 0015  train_log_mse=0.00681  val_log_mse=0.05437  val_mse=0.000603  max_grad=1.26  patience=0/30
2026-10-09 04:17:09,688  gsv3.training             INFO     [family_holdout:qaoa] epoch 0016  count_mse=0.1129  count_rel_err_2q=0.226
2026-10-09 04:17:09,688  gsv3.training             INFO     [family_holdout:qaoa] epoch 0016  region_bce=0.1881  dist_mse=0.0999  region_overlap=0.852
2026-10-09 04:17:09,690  gsv3.training             INFO     [family_holdout:qaoa] epoch 0016  train_log_mse=0.00666  val_log_mse=0.06047  val_mse=0.000549  max_grad=2.22  patience=0/30
2026-10-09 04:17:19,022  gsv3.training             INFO     [family_holdout:qaoa] epoch 0017  count_mse=0.1094  count_rel_err_2q=0.221
2026-10-09 04:17:19,022  gsv3.training             INFO     [family_holdout:qaoa] epoch 0017  region_bce=0.1836  dist_mse=0.0980  region_overlap=0.854
2026-10-09 04:17:19,022  gsv3.training             INFO     [family_holdout:qaoa] epoch 0017  train_log_mse=0.00678  val_log_mse=0.07509  val_mse=0.001000  max_grad=1.82  patience=1/30
2026-10-09 04:17:28,342  gsv3.training             INFO     [family_holdout:qaoa] epoch 0018  count_mse=0.1056  count_rel_err_2q=0.218
2026-10-09 04:17:28,342  gsv3.training             INFO     [family_holdout:qaoa] epoch 0018  region_bce=0.1773  dist_mse=0.0957  region_overlap=0.858
2026-10-09 04:17:28,344  gsv3.training             INFO     [family_holdout:qaoa] epoch 0018  train_log_mse=0.00587  val_log_mse=0.06201  val_mse=0.000548  max_grad=1.48  patience=0/30
2026-10-09 04:17:37,762  gsv3.training             INFO     [family_holdout:qaoa] epoch 0019  count_mse=0.1051  count_rel_err_2q=0.218
2026-10-09 04:17:37,762  gsv3.training             INFO     [family_holdout:qaoa] epoch 0019  region_bce=0.1764  dist_mse=0.0952  region_overlap=0.859
2026-10-09 04:17:37,762  gsv3.training             INFO     [family_holdout:qaoa] epoch 0019  train_log_mse=0.00700  val_log_mse=0.07104  val_mse=0.000760  max_grad=2.25  patience=1/30
2026-10-09 04:17:47,114  gsv3.training             INFO     [family_holdout:qaoa] epoch 0020  count_mse=0.1033  count_rel_err_2q=0.215
2026-10-09 04:17:47,114  gsv3.training             INFO     [family_holdout:qaoa] epoch 0020  region_bce=0.1738  dist_mse=0.0938  region_overlap=0.862
2026-10-09 04:17:47,116  gsv3.training             INFO     [family_holdout:qaoa] epoch 0020  train_log_mse=0.00683  val_log_mse=0.06441  val_mse=0.000545  max_grad=1.90  patience=0/30
2026-10-09 04:17:56,522  gsv3.training             INFO     [family_holdout:qaoa] epoch 0021  count_mse=0.1002  count_rel_err_2q=0.212
2026-10-09 04:17:56,522  gsv3.training             INFO     [family_holdout:qaoa] epoch 0021  region_bce=0.1651  dist_mse=0.0916  region_overlap=0.867
2026-10-09 04:17:56,523  gsv3.training             INFO     [family_holdout:qaoa] epoch 0021  train_log_mse=0.00643  val_log_mse=0.05359  val_mse=0.000550  max_grad=1.72  patience=1/30
2026-10-09 04:18:05,865  gsv3.training             INFO     [family_holdout:qaoa] epoch 0022  count_mse=0.0977  count_rel_err_2q=0.209
2026-10-09 04:18:05,865  gsv3.training             INFO     [family_holdout:qaoa] epoch 0022  region_bce=0.1615  dist_mse=0.0907  region_overlap=0.869
2026-10-09 04:18:05,868  gsv3.training             INFO     [family_holdout:qaoa] epoch 0022  train_log_mse=0.00591  val_log_mse=0.04588  val_mse=0.000473  max_grad=1.38  patience=0/30
2026-10-09 04:18:15,260  gsv3.training             INFO     [family_holdout:qaoa] epoch 0023  count_mse=0.0959  count_rel_err_2q=0.207
2026-10-09 04:18:15,261  gsv3.training             INFO     [family_holdout:qaoa] epoch 0023  region_bce=0.1552  dist_mse=0.0892  region_overlap=0.873
2026-10-09 04:18:15,261  gsv3.training             INFO     [family_holdout:qaoa] epoch 0023  train_log_mse=0.00568  val_log_mse=0.06594  val_mse=0.000681  max_grad=1.17  patience=1/30
2026-10-09 04:18:24,732  gsv3.training             INFO     [family_holdout:qaoa] epoch 0024  count_mse=0.0920  count_rel_err_2q=0.204
2026-10-09 04:18:24,733  gsv3.training             INFO     [family_holdout:qaoa] epoch 0024  region_bce=0.1507  dist_mse=0.0878  region_overlap=0.876
2026-10-09 04:18:24,733  gsv3.training             INFO     [family_holdout:qaoa] epoch 0024  train_log_mse=0.00500  val_log_mse=0.05388  val_mse=0.000481  max_grad=1.59  patience=2/30
2026-10-09 04:18:34,083  gsv3.training             INFO     [family_holdout:qaoa] epoch 0025  count_mse=0.0930  count_rel_err_2q=0.204
2026-10-09 04:18:34,083  gsv3.training             INFO     [family_holdout:qaoa] epoch 0025  region_bce=0.1503  dist_mse=0.0874  region_overlap=0.876
2026-10-09 04:18:34,083  gsv3.training             INFO     [family_holdout:qaoa] epoch 0025  train_log_mse=0.00650  val_log_mse=0.05907  val_mse=0.000476  max_grad=2.08  patience=3/30
2026-10-09 04:18:43,436  gsv3.training             INFO     [family_holdout:qaoa] epoch 0026  count_mse=0.0924  count_rel_err_2q=0.203
2026-10-09 04:18:43,436  gsv3.training             INFO     [family_holdout:qaoa] epoch 0026  region_bce=0.1454  dist_mse=0.0864  region_overlap=0.880
2026-10-09 04:18:43,436  gsv3.training             INFO     [family_holdout:qaoa] epoch 0026  train_log_mse=0.00567  val_log_mse=0.05624  val_mse=0.000495  max_grad=1.90  patience=4/30
2026-10-09 04:18:52,867  gsv3.training             INFO     [family_holdout:qaoa] epoch 0027  count_mse=0.0883  count_rel_err_2q=0.199
2026-10-09 04:18:52,867  gsv3.training             INFO     [family_holdout:qaoa] epoch 0027  region_bce=0.1394  dist_mse=0.0848  region_overlap=0.884
2026-10-09 04:18:52,867  gsv3.training             INFO     [family_holdout:qaoa] epoch 0027  train_log_mse=0.00472  val_log_mse=0.06066  val_mse=0.000482  max_grad=1.32  patience=5/30
2026-10-09 04:19:02,181  gsv3.training             INFO     [family_holdout:qaoa] epoch 0028  count_mse=0.0883  count_rel_err_2q=0.199
2026-10-09 04:19:02,182  gsv3.training             INFO     [family_holdout:qaoa] epoch 0028  region_bce=0.1376  dist_mse=0.0845  region_overlap=0.885
2026-10-09 04:19:02,184  gsv3.training             INFO     [family_holdout:qaoa] epoch 0028  train_log_mse=0.00504  val_log_mse=0.04747  val_mse=0.000426  max_grad=0.99  patience=0/30
2026-10-09 04:19:11,607  gsv3.training             INFO     [family_holdout:qaoa] epoch 0029  count_mse=0.0877  count_rel_err_2q=0.196
2026-10-09 04:19:11,607  gsv3.training             INFO     [family_holdout:qaoa] epoch 0029  region_bce=0.1351  dist_mse=0.0840  region_overlap=0.886
2026-10-09 04:19:11,607  gsv3.training             INFO     [family_holdout:qaoa] epoch 0029  train_log_mse=0.00534  val_log_mse=0.07809  val_mse=0.000525  max_grad=1.67  patience=1/30
2026-10-09 04:19:20,947  gsv3.training             INFO     [family_holdout:qaoa] epoch 0030  count_mse=0.0852  count_rel_err_2q=0.196
2026-10-09 04:19:20,948  gsv3.training             INFO     [family_holdout:qaoa] epoch 0030  region_bce=0.1315  dist_mse=0.0830  region_overlap=0.889
2026-10-09 04:19:20,948  gsv3.training             INFO     [family_holdout:qaoa] epoch 0030  train_log_mse=0.00449  val_log_mse=0.05421  val_mse=0.000529  max_grad=1.05  patience=2/30
2026-10-09 04:19:30,272  gsv3.training             INFO     [family_holdout:qaoa] epoch 0031  count_mse=0.0842  count_rel_err_2q=0.194
2026-10-09 04:19:30,272  gsv3.training             INFO     [family_holdout:qaoa] epoch 0031  region_bce=0.1282  dist_mse=0.0824  region_overlap=0.891
2026-10-09 04:19:30,272  gsv3.training             INFO     [family_holdout:qaoa] epoch 0031  train_log_mse=0.00495  val_log_mse=0.04904  val_mse=0.000452  max_grad=1.48  patience=3/30
2026-10-09 04:19:39,706  gsv3.training             INFO     [family_holdout:qaoa] epoch 0032  count_mse=0.0832  count_rel_err_2q=0.192
2026-10-09 04:19:39,706  gsv3.training             INFO     [family_holdout:qaoa] epoch 0032  region_bce=0.1222  dist_mse=0.0813  region_overlap=0.894
2026-10-09 04:19:39,706  gsv3.training             INFO     [family_holdout:qaoa] epoch 0032  train_log_mse=0.00458  val_log_mse=0.05268  val_mse=0.000504  max_grad=2.14  patience=4/30
2026-10-09 04:19:49,034  gsv3.training             INFO     [family_holdout:qaoa] epoch 0033  count_mse=0.0823  count_rel_err_2q=0.192
2026-10-09 04:19:49,034  gsv3.training             INFO     [family_holdout:qaoa] epoch 0033  region_bce=0.1213  dist_mse=0.0811  region_overlap=0.895
2026-10-09 04:19:49,034  gsv3.training             INFO     [family_holdout:qaoa] epoch 0033  train_log_mse=0.00455  val_log_mse=0.05401  val_mse=0.000539  max_grad=1.16  patience=5/30
2026-10-09 04:19:58,397  gsv3.training             INFO     [family_holdout:qaoa] epoch 0034  count_mse=0.0828  count_rel_err_2q=0.193
2026-10-09 04:19:58,397  gsv3.training             INFO     [family_holdout:qaoa] epoch 0034  region_bce=0.1218  dist_mse=0.0812  region_overlap=0.895
2026-10-09 04:19:58,397  gsv3.training             INFO     [family_holdout:qaoa] epoch 0034  train_log_mse=0.00521  val_log_mse=0.06392  val_mse=0.000483  max_grad=1.29  patience=6/30
2026-10-09 04:20:07,789  gsv3.training             INFO     [family_holdout:qaoa] epoch 0035  count_mse=0.0797  count_rel_err_2q=0.190
2026-10-09 04:20:07,789  gsv3.training             INFO     [family_holdout:qaoa] epoch 0035  region_bce=0.1152  dist_mse=0.0802  region_overlap=0.899
2026-10-09 04:20:07,789  gsv3.training             INFO     [family_holdout:qaoa] epoch 0035  train_log_mse=0.00418  val_log_mse=0.05433  val_mse=0.000484  max_grad=1.15  patience=7/30
2026-10-09 04:20:17,109  gsv3.training             INFO     [family_holdout:qaoa] epoch 0036  count_mse=0.0798  count_rel_err_2q=0.189
2026-10-09 04:20:17,109  gsv3.training             INFO     [family_holdout:qaoa] epoch 0036  region_bce=0.1121  dist_mse=0.0796  region_overlap=0.901
2026-10-09 04:20:17,110  gsv3.training             INFO     [family_holdout:qaoa] epoch 0036  train_log_mse=0.00479  val_log_mse=0.07933  val_mse=0.000501  max_grad=0.95  patience=8/30
2026-10-09 04:20:26,577  gsv3.training             INFO     [family_holdout:qaoa] epoch 0037  count_mse=0.0786  count_rel_err_2q=0.188
2026-10-09 04:20:26,577  gsv3.training             INFO     [family_holdout:qaoa] epoch 0037  region_bce=0.1096  dist_mse=0.0792  region_overlap=0.903
2026-10-09 04:20:26,579  gsv3.training             INFO     [family_holdout:qaoa] epoch 0037  train_log_mse=0.00397  val_log_mse=0.04674  val_mse=0.000425  max_grad=1.16  patience=0/30
2026-10-09 04:20:35,906  gsv3.training             INFO     [family_holdout:qaoa] epoch 0038  count_mse=0.0771  count_rel_err_2q=0.187
2026-10-09 04:20:35,906  gsv3.training             INFO     [family_holdout:qaoa] epoch 0038  region_bce=0.1059  dist_mse=0.0784  region_overlap=0.905
2026-10-09 04:20:35,906  gsv3.training             INFO     [family_holdout:qaoa] epoch 0038  train_log_mse=0.00434  val_log_mse=0.07237  val_mse=0.000494  max_grad=1.78  patience=1/30
2026-10-09 04:20:45,339  gsv3.training             INFO     [family_holdout:qaoa] epoch 0039  count_mse=0.0780  count_rel_err_2q=0.187
2026-10-09 04:20:45,339  gsv3.training             INFO     [family_holdout:qaoa] epoch 0039  region_bce=0.1067  dist_mse=0.0786  region_overlap=0.905
2026-10-09 04:20:45,339  gsv3.training             INFO     [family_holdout:qaoa] epoch 0039  train_log_mse=0.00509  val_log_mse=0.06534  val_mse=0.000440  max_grad=1.17  patience=2/30
2026-10-09 04:20:54,661  gsv3.training             INFO     [family_holdout:qaoa] epoch 0040  count_mse=0.0746  count_rel_err_2q=0.184
2026-10-09 04:20:54,661  gsv3.training             INFO     [family_holdout:qaoa] epoch 0040  region_bce=0.0986  dist_mse=0.0771  region_overlap=0.910
2026-10-09 04:20:54,664  gsv3.training             INFO     [family_holdout:qaoa] epoch 0040  train_log_mse=0.00359  val_log_mse=0.04608  val_mse=0.000423  max_grad=0.77  patience=0/30
2026-10-09 04:21:04,082  gsv3.training             INFO     [family_holdout:qaoa] epoch 0041  count_mse=0.0746  count_rel_err_2q=0.183
2026-10-09 04:21:04,082  gsv3.training             INFO     [family_holdout:qaoa] epoch 0041  region_bce=0.0984  dist_mse=0.0771  region_overlap=0.910
2026-10-09 04:21:04,082  gsv3.training             INFO     [family_holdout:qaoa] epoch 0041  train_log_mse=0.00415  val_log_mse=0.07363  val_mse=0.000470  max_grad=1.43  patience=1/30
2026-10-09 04:21:13,404  gsv3.training             INFO     [family_holdout:qaoa] epoch 0042  count_mse=0.0756  count_rel_err_2q=0.184
2026-10-09 04:21:13,404  gsv3.training             INFO     [family_holdout:qaoa] epoch 0042  region_bce=0.1005  dist_mse=0.0776  region_overlap=0.909
2026-10-09 04:21:13,406  gsv3.training             INFO     [family_holdout:qaoa] epoch 0042  train_log_mse=0.00481  val_log_mse=0.04990  val_mse=0.000412  max_grad=1.28  patience=0/30
2026-10-09 04:21:22,715  gsv3.training             INFO     [family_holdout:qaoa] epoch 0043  count_mse=0.0734  count_rel_err_2q=0.182
2026-10-09 04:21:22,715  gsv3.training             INFO     [family_holdout:qaoa] epoch 0043  region_bce=0.0945  dist_mse=0.0763  region_overlap=0.912
2026-10-09 04:21:22,717  gsv3.training             INFO     [family_holdout:qaoa] epoch 0043  train_log_mse=0.00405  val_log_mse=0.05130  val_mse=0.000408  max_grad=0.86  patience=0/30
2026-10-09 04:21:32,051  gsv3.training             INFO     [family_holdout:qaoa] epoch 0044  count_mse=0.0719  count_rel_err_2q=0.181
2026-10-09 04:21:32,051  gsv3.training             INFO     [family_holdout:qaoa] epoch 0044  region_bce=0.0884  dist_mse=0.0754  region_overlap=0.916
2026-10-09 04:21:32,053  gsv3.training             INFO     [family_holdout:qaoa] epoch 0044  train_log_mse=0.00347  val_log_mse=0.05647  val_mse=0.000395  max_grad=0.66  patience=0/30
2026-10-09 04:21:41,394  gsv3.training             INFO     [family_holdout:qaoa] epoch 0045  count_mse=0.0714  count_rel_err_2q=0.181
2026-10-09 04:21:41,394  gsv3.training             INFO     [family_holdout:qaoa] epoch 0045  region_bce=0.0897  dist_mse=0.0754  region_overlap=0.916
2026-10-09 04:21:41,394  gsv3.training             INFO     [family_holdout:qaoa] epoch 0045  train_log_mse=0.00385  val_log_mse=0.05815  val_mse=0.000411  max_grad=0.85  patience=1/30
2026-10-09 04:21:50,732  gsv3.training             INFO     [family_holdout:qaoa] epoch 0046  count_mse=0.0717  count_rel_err_2q=0.181
2026-10-09 04:21:50,732  gsv3.training             INFO     [family_holdout:qaoa] epoch 0046  region_bce=0.0870  dist_mse=0.0749  region_overlap=0.917
2026-10-09 04:21:50,732  gsv3.training             INFO     [family_holdout:qaoa] epoch 0046  train_log_mse=0.00380  val_log_mse=0.06828  val_mse=0.000408  max_grad=0.76  patience=2/30
2026-10-09 04:22:00,139  gsv3.training             INFO     [family_holdout:qaoa] epoch 0047  count_mse=0.0699  count_rel_err_2q=0.179
2026-10-09 04:22:00,139  gsv3.training             INFO     [family_holdout:qaoa] epoch 0047  region_bce=0.0856  dist_mse=0.0747  region_overlap=0.918
2026-10-09 04:22:00,139  gsv3.training             INFO     [family_holdout:qaoa] epoch 0047  train_log_mse=0.00360  val_log_mse=0.05614  val_mse=0.000438  max_grad=0.77  patience=3/30
2026-10-09 04:22:09,454  gsv3.training             INFO     [family_holdout:qaoa] epoch 0048  count_mse=0.0698  count_rel_err_2q=0.178
2026-10-09 04:22:09,454  gsv3.training             INFO     [family_holdout:qaoa] epoch 0048  region_bce=0.0832  dist_mse=0.0740  region_overlap=0.920
2026-10-09 04:22:09,454  gsv3.training             INFO     [family_holdout:qaoa] epoch 0048  train_log_mse=0.00366  val_log_mse=0.05415  val_mse=0.000442  max_grad=1.30  patience=4/30
2026-10-09 04:22:18,873  gsv3.training             INFO     [family_holdout:qaoa] epoch 0049  count_mse=0.0689  count_rel_err_2q=0.178
2026-10-09 04:22:18,873  gsv3.training             INFO     [family_holdout:qaoa] epoch 0049  region_bce=0.0823  dist_mse=0.0736  region_overlap=0.921
2026-10-09 04:22:18,873  gsv3.training             INFO     [family_holdout:qaoa] epoch 0049  train_log_mse=0.00375  val_log_mse=0.06287  val_mse=0.000413  max_grad=1.01  patience=5/30
2026-10-09 04:22:28,179  gsv3.training             INFO     [family_holdout:qaoa] epoch 0050  count_mse=0.0701  count_rel_err_2q=0.178
2026-10-09 04:22:28,180  gsv3.training             INFO     [family_holdout:qaoa] epoch 0050  region_bce=0.0817  dist_mse=0.0737  region_overlap=0.921
2026-10-09 04:22:28,180  gsv3.training             INFO     [family_holdout:qaoa] epoch 0050  train_log_mse=0.00437  val_log_mse=0.04615  val_mse=0.000396  max_grad=1.04  patience=6/30
2026-10-09 04:22:37,613  gsv3.training             INFO     [family_holdout:qaoa] epoch 0051  count_mse=0.0676  count_rel_err_2q=0.176
2026-10-09 04:22:37,613  gsv3.training             INFO     [family_holdout:qaoa] epoch 0051  region_bce=0.0762  dist_mse=0.0724  region_overlap=0.925
2026-10-09 04:22:37,613  gsv3.training             INFO     [family_holdout:qaoa] epoch 0051  train_log_mse=0.00338  val_log_mse=0.04619  val_mse=0.000404  max_grad=0.68  patience=7/30
2026-10-09 04:22:46,936  gsv3.training             INFO     [family_holdout:qaoa] epoch 0052  count_mse=0.0668  count_rel_err_2q=0.177
2026-10-09 04:22:46,936  gsv3.training             INFO     [family_holdout:qaoa] epoch 0052  region_bce=0.0741  dist_mse=0.0721  region_overlap=0.926
2026-10-09 04:22:46,936  gsv3.training             INFO     [family_holdout:qaoa] epoch 0052  train_log_mse=0.00348  val_log_mse=0.04960  val_mse=0.000401  max_grad=0.82  patience=8/30
2026-10-09 04:22:56,371  gsv3.training             INFO     [family_holdout:qaoa] epoch 0053  count_mse=0.0665  count_rel_err_2q=0.176
2026-10-09 04:22:56,371  gsv3.training             INFO     [family_holdout:qaoa] epoch 0053  region_bce=0.0749  dist_mse=0.0719  region_overlap=0.926
2026-10-09 04:22:56,373  gsv3.training             INFO     [family_holdout:qaoa] epoch 0053  train_log_mse=0.00326  val_log_mse=0.04924  val_mse=0.000383  max_grad=0.58  patience=0/30
2026-10-09 04:23:05,690  gsv3.training             INFO     [family_holdout:qaoa] epoch 0054  count_mse=0.0678  count_rel_err_2q=0.178
2026-10-09 04:23:05,690  gsv3.training             INFO     [family_holdout:qaoa] epoch 0054  region_bce=0.0782  dist_mse=0.0729  region_overlap=0.924
2026-10-09 04:23:05,690  gsv3.training             INFO     [family_holdout:qaoa] epoch 0054  train_log_mse=0.00392  val_log_mse=0.07484  val_mse=0.000456  max_grad=1.76  patience=1/30
2026-10-09 04:23:15,124  gsv3.training             INFO     [family_holdout:qaoa] epoch 0055  count_mse=0.0684  count_rel_err_2q=0.178
2026-10-09 04:23:15,124  gsv3.training             INFO     [family_holdout:qaoa] epoch 0055  region_bce=0.0777  dist_mse=0.0726  region_overlap=0.924
2026-10-09 04:23:15,124  gsv3.training             INFO     [family_holdout:qaoa] epoch 0055  train_log_mse=0.00382  val_log_mse=0.05010  val_mse=0.000402  max_grad=1.13  patience=2/30
2026-10-09 04:23:24,449  gsv3.training             INFO     [family_holdout:qaoa] epoch 0056  count_mse=0.0659  count_rel_err_2q=0.178
2026-10-09 04:23:24,449  gsv3.training             INFO     [family_holdout:qaoa] epoch 0056  region_bce=0.0703  dist_mse=0.0707  region_overlap=0.929
2026-10-09 04:23:24,449  gsv3.training             INFO     [family_holdout:qaoa] epoch 0056  train_log_mse=0.00333  val_log_mse=0.05078  val_mse=0.000411  max_grad=0.77  patience=3/30
2026-10-09 04:23:33,860  gsv3.training             INFO     [family_holdout:qaoa] epoch 0057  count_mse=0.0658  count_rel_err_2q=0.176
2026-10-09 04:23:33,860  gsv3.training             INFO     [family_holdout:qaoa] epoch 0057  region_bce=0.0710  dist_mse=0.0709  region_overlap=0.928
2026-10-09 04:23:33,860  gsv3.training             INFO     [family_holdout:qaoa] epoch 0057  train_log_mse=0.00364  val_log_mse=0.05704  val_mse=0.000413  max_grad=1.11  patience=4/30
2026-10-09 04:23:43,188  gsv3.training             INFO     [family_holdout:qaoa] epoch 0058  count_mse=0.0649  count_rel_err_2q=0.175
2026-10-09 04:23:43,188  gsv3.training             INFO     [family_holdout:qaoa] epoch 0058  region_bce=0.0688  dist_mse=0.0700  region_overlap=0.930
2026-10-09 04:23:43,190  gsv3.training             INFO     [family_holdout:qaoa] epoch 0058  train_log_mse=0.00358  val_log_mse=0.05016  val_mse=0.000353  max_grad=0.98  patience=0/30
2026-10-09 04:23:52,509  gsv3.training             INFO     [family_holdout:qaoa] epoch 0059  count_mse=0.0635  count_rel_err_2q=0.174
2026-10-09 04:23:52,510  gsv3.training             INFO     [family_holdout:qaoa] epoch 0059  region_bce=0.0656  dist_mse=0.0694  region_overlap=0.932
2026-10-09 04:23:52,510  gsv3.training             INFO     [family_holdout:qaoa] epoch 0059  train_log_mse=0.00315  val_log_mse=0.06223  val_mse=0.000432  max_grad=0.52  patience=1/30
2026-10-09 04:24:01,927  gsv3.training             INFO     [family_holdout:qaoa] epoch 0060  count_mse=0.0632  count_rel_err_2q=0.175
2026-10-09 04:24:01,927  gsv3.training             INFO     [family_holdout:qaoa] epoch 0060  region_bce=0.0647  dist_mse=0.0686  region_overlap=0.933
2026-10-09 04:24:01,927  gsv3.training             INFO     [family_holdout:qaoa] epoch 0060  train_log_mse=0.00312  val_log_mse=0.05194  val_mse=0.000403  max_grad=0.50  patience=2/30
2026-10-09 04:24:11,247  gsv3.training             INFO     [family_holdout:qaoa] epoch 0061  count_mse=0.0630  count_rel_err_2q=0.175
2026-10-09 04:24:11,247  gsv3.training             INFO     [family_holdout:qaoa] epoch 0061  region_bce=0.0655  dist_mse=0.0686  region_overlap=0.932
2026-10-09 04:24:11,247  gsv3.training             INFO     [family_holdout:qaoa] epoch 0061  train_log_mse=0.00303  val_log_mse=0.04788  val_mse=0.000400  max_grad=0.59  patience=3/30
2026-10-09 04:24:20,651  gsv3.training             INFO     [family_holdout:qaoa] epoch 0062  count_mse=0.0633  count_rel_err_2q=0.175
2026-10-09 04:24:20,651  gsv3.training             INFO     [family_holdout:qaoa] epoch 0062  region_bce=0.0656  dist_mse=0.0688  region_overlap=0.932
2026-10-09 04:24:20,651  gsv3.training             INFO     [family_holdout:qaoa] epoch 0062  train_log_mse=0.00353  val_log_mse=0.04529  val_mse=0.000386  max_grad=2.12  patience=4/30
2026-10-09 04:24:29,977  gsv3.training             INFO     [family_holdout:qaoa] epoch 0063  count_mse=0.0626  count_rel_err_2q=0.173
2026-10-09 04:24:29,977  gsv3.training             INFO     [family_holdout:qaoa] epoch 0063  region_bce=0.0632  dist_mse=0.0676  region_overlap=0.934
2026-10-09 04:24:29,977  gsv3.training             INFO     [family_holdout:qaoa] epoch 0063  train_log_mse=0.00341  val_log_mse=0.07003  val_mse=0.000455  max_grad=0.82  patience=5/30
2026-10-09 04:24:39,315  gsv3.training             INFO     [family_holdout:qaoa] epoch 0064  count_mse=0.0628  count_rel_err_2q=0.175
2026-10-09 04:24:39,315  gsv3.training             INFO     [family_holdout:qaoa] epoch 0064  region_bce=0.0629  dist_mse=0.0680  region_overlap=0.934
2026-10-09 04:24:39,315  gsv3.training             INFO     [family_holdout:qaoa] epoch 0064  train_log_mse=0.00361  val_log_mse=0.04693  val_mse=0.000437  max_grad=0.78  patience=6/30
2026-10-09 04:24:48,645  gsv3.training             INFO     [family_holdout:qaoa] epoch 0065  count_mse=0.0612  count_rel_err_2q=0.173
2026-10-09 04:24:48,645  gsv3.training             INFO     [family_holdout:qaoa] epoch 0065  region_bce=0.0599  dist_mse=0.0671  region_overlap=0.936
2026-10-09 04:24:48,645  gsv3.training             INFO     [family_holdout:qaoa] epoch 0065  train_log_mse=0.00324  val_log_mse=0.04640  val_mse=0.000407  max_grad=0.83  patience=7/30
2026-10-09 04:24:58,051  gsv3.training             INFO     [family_holdout:qaoa] epoch 0066  count_mse=0.0607  count_rel_err_2q=0.172
2026-10-09 04:24:58,051  gsv3.training             INFO     [family_holdout:qaoa] epoch 0066  region_bce=0.0594  dist_mse=0.0659  region_overlap=0.937
2026-10-09 04:24:58,051  gsv3.training             INFO     [family_holdout:qaoa] epoch 0066  train_log_mse=0.00286  val_log_mse=0.04810  val_mse=0.000410  max_grad=0.56  patience=8/30
2026-10-09 04:25:07,366  gsv3.training             INFO     [family_holdout:qaoa] epoch 0067  count_mse=0.0620  count_rel_err_2q=0.174
2026-10-09 04:25:07,366  gsv3.training             INFO     [family_holdout:qaoa] epoch 0067  region_bce=0.0607  dist_mse=0.0666  region_overlap=0.936
2026-10-09 04:25:07,366  gsv3.training             INFO     [family_holdout:qaoa] epoch 0067  train_log_mse=0.00339  val_log_mse=0.04921  val_mse=0.000453  max_grad=0.74  patience=9/30
2026-10-09 04:25:16,633  gsv3.training             INFO     [family_holdout:qaoa] epoch 0068  count_mse=0.0611  count_rel_err_2q=0.175
2026-10-09 04:25:16,633  gsv3.training             INFO     [family_holdout:qaoa] epoch 0068  region_bce=0.0588  dist_mse=0.0660  region_overlap=0.937
2026-10-09 04:25:16,633  gsv3.training             INFO     [family_holdout:qaoa] epoch 0068  train_log_mse=0.00332  val_log_mse=0.07759  val_mse=0.000446  max_grad=0.64  patience=10/30
2026-10-09 04:25:25,964  gsv3.training             INFO     [family_holdout:qaoa] epoch 0069  count_mse=0.0622  count_rel_err_2q=0.175
2026-10-09 04:25:25,964  gsv3.training             INFO     [family_holdout:qaoa] epoch 0069  region_bce=0.0648  dist_mse=0.0668  region_overlap=0.934
2026-10-09 04:25:25,964  gsv3.training             INFO     [family_holdout:qaoa] epoch 0069  train_log_mse=0.00350  val_log_mse=0.09119  val_mse=0.000464  max_grad=0.79  patience=11/30
2026-10-09 04:25:35,207  gsv3.training             INFO     [family_holdout:qaoa] epoch 0070  count_mse=0.0606  count_rel_err_2q=0.174
2026-10-09 04:25:35,207  gsv3.training             INFO     [family_holdout:qaoa] epoch 0070  region_bce=0.0569  dist_mse=0.0650  region_overlap=0.938
2026-10-09 04:25:35,207  gsv3.training             INFO     [family_holdout:qaoa] epoch 0070  train_log_mse=0.00330  val_log_mse=0.05350  val_mse=0.000434  max_grad=0.84  patience=12/30
2026-10-09 04:25:44,429  gsv3.training             INFO     [family_holdout:qaoa] epoch 0071  count_mse=0.0592  count_rel_err_2q=0.173
2026-10-09 04:25:44,429  gsv3.training             INFO     [family_holdout:qaoa] epoch 0071  region_bce=0.0555  dist_mse=0.0642  region_overlap=0.939
2026-10-09 04:25:44,429  gsv3.training             INFO     [family_holdout:qaoa] epoch 0071  train_log_mse=0.00305  val_log_mse=0.05644  val_mse=0.000415  max_grad=0.75  patience=13/30
2026-10-09 04:25:53,649  gsv3.training             INFO     [family_holdout:qaoa] epoch 0072  count_mse=0.0585  count_rel_err_2q=0.171
2026-10-09 04:25:53,649  gsv3.training             INFO     [family_holdout:qaoa] epoch 0072  region_bce=0.0540  dist_mse=0.0634  region_overlap=0.940
2026-10-09 04:25:53,649  gsv3.training             INFO     [family_holdout:qaoa] epoch 0072  train_log_mse=0.00269  val_log_mse=0.04837  val_mse=0.000379  max_grad=0.42  patience=14/30
2026-10-09 04:26:03,013  gsv3.training             INFO     [family_holdout:qaoa] epoch 0073  count_mse=0.0584  count_rel_err_2q=0.172
2026-10-09 04:26:03,014  gsv3.training             INFO     [family_holdout:qaoa] epoch 0073  region_bce=0.0538  dist_mse=0.0632  region_overlap=0.940
2026-10-09 04:26:03,014  gsv3.training             INFO     [family_holdout:qaoa] epoch 0073  train_log_mse=0.00270  val_log_mse=0.04777  val_mse=0.000382  max_grad=0.36  patience=15/30
2026-10-09 04:26:12,299  gsv3.training             INFO     [family_holdout:qaoa] epoch 0074  count_mse=0.0583  count_rel_err_2q=0.171
2026-10-09 04:26:12,299  gsv3.training             INFO     [family_holdout:qaoa] epoch 0074  region_bce=0.0540  dist_mse=0.0630  region_overlap=0.940
2026-10-09 04:26:12,299  gsv3.training             INFO     [family_holdout:qaoa] epoch 0074  train_log_mse=0.00277  val_log_mse=0.04769  val_mse=0.000428  max_grad=0.48  patience=16/30
2026-10-09 04:26:21,589  gsv3.training             INFO     [family_holdout:qaoa] epoch 0075  count_mse=0.0576  count_rel_err_2q=0.170
2026-10-09 04:26:21,590  gsv3.training             INFO     [family_holdout:qaoa] epoch 0075  region_bce=0.0527  dist_mse=0.0626  region_overlap=0.941
2026-10-09 04:26:21,590  gsv3.training             INFO     [family_holdout:qaoa] epoch 0075  train_log_mse=0.00269  val_log_mse=0.05811  val_mse=0.000390  max_grad=0.49  patience=17/30
2026-10-09 04:26:30,875  gsv3.training             INFO     [family_holdout:qaoa] epoch 0076  count_mse=0.0587  count_rel_err_2q=0.172
2026-10-09 04:26:30,875  gsv3.training             INFO     [family_holdout:qaoa] epoch 0076  region_bce=0.0539  dist_mse=0.0630  region_overlap=0.941
2026-10-09 04:26:30,875  gsv3.training             INFO     [family_holdout:qaoa] epoch 0076  train_log_mse=0.00321  val_log_mse=0.05746  val_mse=0.000418  max_grad=0.61  patience=18/30
2026-10-09 04:26:40,152  gsv3.training             INFO     [family_holdout:qaoa] epoch 0077  count_mse=0.0583  count_rel_err_2q=0.173
2026-10-09 04:26:40,153  gsv3.training             INFO     [family_holdout:qaoa] epoch 0077  region_bce=0.0552  dist_mse=0.0627  region_overlap=0.940
2026-10-09 04:26:40,153  gsv3.training             INFO     [family_holdout:qaoa] epoch 0077  train_log_mse=0.00279  val_log_mse=0.04904  val_mse=0.000408  max_grad=0.47  patience=19/30
2026-10-09 04:26:49,519  gsv3.training             INFO     [family_holdout:qaoa] epoch 0078  count_mse=0.0580  count_rel_err_2q=0.173
2026-10-09 04:26:49,519  gsv3.training             INFO     [family_holdout:qaoa] epoch 0078  region_bce=0.0533  dist_mse=0.0621  region_overlap=0.941
2026-10-09 04:26:49,520  gsv3.training             INFO     [family_holdout:qaoa] epoch 0078  train_log_mse=0.00293  val_log_mse=0.04600  val_mse=0.000428  max_grad=0.62  patience=20/30
2026-10-09 04:26:58,820  gsv3.training             INFO     [family_holdout:qaoa] epoch 0079  count_mse=0.0570  count_rel_err_2q=0.172
2026-10-09 04:26:58,820  gsv3.training             INFO     [family_holdout:qaoa] epoch 0079  region_bce=0.0514  dist_mse=0.0610  region_overlap=0.942
2026-10-09 04:26:58,820  gsv3.training             INFO     [family_holdout:qaoa] epoch 0079  train_log_mse=0.00273  val_log_mse=0.05116  val_mse=0.000403  max_grad=0.47  patience=21/30
2026-10-09 04:27:08,093  gsv3.training             INFO     [family_holdout:qaoa] epoch 0080  count_mse=0.0569  count_rel_err_2q=0.171
2026-10-09 04:27:08,093  gsv3.training             INFO     [family_holdout:qaoa] epoch 0080  region_bce=0.0512  dist_mse=0.0611  region_overlap=0.943
2026-10-09 04:27:08,093  gsv3.training             INFO     [family_holdout:qaoa] epoch 0080  train_log_mse=0.00291  val_log_mse=0.04692  val_mse=0.000417  max_grad=0.92  patience=22/30
2026-10-09 04:27:17,385  gsv3.training             INFO     [family_holdout:qaoa] epoch 0081  count_mse=0.0558  count_rel_err_2q=0.170
2026-10-09 04:27:17,385  gsv3.training             INFO     [family_holdout:qaoa] epoch 0081  region_bce=0.0487  dist_mse=0.0603  region_overlap=0.944
2026-10-09 04:27:17,385  gsv3.training             INFO     [family_holdout:qaoa] epoch 0081  train_log_mse=0.00285  val_log_mse=0.05203  val_mse=0.000456  max_grad=0.63  patience=23/30
2026-10-09 04:27:26,659  gsv3.training             INFO     [family_holdout:qaoa] epoch 0082  count_mse=0.0566  count_rel_err_2q=0.172
2026-10-09 04:27:26,659  gsv3.training             INFO     [family_holdout:qaoa] epoch 0082  region_bce=0.0507  dist_mse=0.0609  region_overlap=0.943
2026-10-09 04:27:26,659  gsv3.training             INFO     [family_holdout:qaoa] epoch 0082  train_log_mse=0.00311  val_log_mse=0.05493  val_mse=0.000420  max_grad=0.50  patience=24/30
2026-10-09 04:27:36,047  gsv3.training             INFO     [family_holdout:qaoa] epoch 0083  count_mse=0.0587  count_rel_err_2q=0.175
2026-10-09 04:27:36,047  gsv3.training             INFO     [family_holdout:qaoa] epoch 0083  region_bce=0.0606  dist_mse=0.0641  region_overlap=0.937
2026-10-09 04:27:36,047  gsv3.training             INFO     [family_holdout:qaoa] epoch 0083  train_log_mse=0.00377  val_log_mse=0.12243  val_mse=0.000448  max_grad=3.87  patience=25/30
2026-10-09 04:27:45,326  gsv3.training             INFO     [family_holdout:qaoa] epoch 0084  count_mse=0.0614  count_rel_err_2q=0.175
2026-10-09 04:27:45,326  gsv3.training             INFO     [family_holdout:qaoa] epoch 0084  region_bce=0.0646  dist_mse=0.0651  region_overlap=0.934
2026-10-09 04:27:45,326  gsv3.training             INFO     [family_holdout:qaoa] epoch 0084  train_log_mse=0.00483  val_log_mse=0.05324  val_mse=0.000387  max_grad=8.79  patience=26/30
2026-10-09 04:27:54,713  gsv3.training             INFO     [family_holdout:qaoa] epoch 0085  count_mse=0.0564  count_rel_err_2q=0.172
2026-10-09 04:27:54,713  gsv3.training             INFO     [family_holdout:qaoa] epoch 0085  region_bce=0.0521  dist_mse=0.0613  region_overlap=0.942
2026-10-09 04:27:54,713  gsv3.training             INFO     [family_holdout:qaoa] epoch 0085  train_log_mse=0.00316  val_log_mse=0.04663  val_mse=0.000388  max_grad=3.74  patience=27/30
2026-10-09 04:28:04,000  gsv3.training             INFO     [family_holdout:qaoa] epoch 0086  count_mse=0.0566  count_rel_err_2q=0.174
2026-10-09 04:28:04,000  gsv3.training             INFO     [family_holdout:qaoa] epoch 0086  region_bce=0.0547  dist_mse=0.0616  region_overlap=0.940
2026-10-09 04:28:04,000  gsv3.training             INFO     [family_holdout:qaoa] epoch 0086  train_log_mse=0.00352  val_log_mse=0.05438  val_mse=0.000402  max_grad=15.68  patience=28/30
2026-10-09 04:28:13,293  gsv3.training             INFO     [family_holdout:qaoa] epoch 0087  count_mse=0.0553  count_rel_err_2q=0.172
2026-10-09 04:28:13,293  gsv3.training             INFO     [family_holdout:qaoa] epoch 0087  region_bce=0.0508  dist_mse=0.0598  region_overlap=0.943
2026-10-09 04:28:13,293  gsv3.training             INFO     [family_holdout:qaoa] epoch 0087  train_log_mse=0.00260  val_log_mse=0.05207  val_mse=0.000404  max_grad=1.07  patience=29/30
2026-10-09 04:28:22,569  gsv3.training             INFO     [family_holdout:qaoa] epoch 0088  count_mse=0.0542  count_rel_err_2q=0.170
2026-10-09 04:28:22,570  gsv3.training             INFO     [family_holdout:qaoa] epoch 0088  region_bce=0.0457  dist_mse=0.0577  region_overlap=0.946
2026-10-09 04:28:22,570  gsv3.training             INFO     [family_holdout:qaoa] epoch 0088  train_log_mse=0.00241  val_log_mse=0.05129  val_mse=0.000396  max_grad=0.44  patience=30/30
2026-10-09 04:28:23,647  gsv3.experiment           INFO     [qaoa] TEST  n=2706  MAE=0.0567  R2=0.9295  device-acc=0.300  regret=0.0158
2026-10-09 04:28:23,650  genstudy.io               INFO     Wrote evaluations/generalization_v8/results/v8a_c001/leave_one_family_out/qaoa/metrics.json
2026-10-09 04:28:23,663  genstudy.io               INFO     Wrote evaluations/generalization_v8/results/v8a_c001/leave_one_family_out/qaoa/predictions.json
2026-10-09 04:28:23,673  genstudy.io               INFO     Wrote evaluations/generalization_v8/results/v8a_c001/leave_one_family_out/qaoa/history.json
2026-10-09 04:28:23,712  genstudy.io               INFO     Wrote evaluations/generalization_v8/results/v8a_c001/leave_one_family_out/folds.json
2026-10-09 04:28:23,717  genstudy.experiment       INFO     Merged held-out predictions for 2706 circuits
2026-10-09 04:28:23,727  genstudy.io               INFO     Wrote evaluations/generalization_v8/results/v8a_c001/leave_one_family_out/heldout_predictions.json
2026-10-09 04:28:23,727  run_experiment            INFO     leave_one_family_out finished: 1 complete, 0 skipped
2026-10-09 04:28:55,840  genstudy.io               INFO     Logging to evaluations/generalization_v8/results/v8a_c001/leave_one_family_out/run.log
2026-10-09 04:28:55,840  run_experiment            INFO     Command line: evaluations/generalization_v3/scripts/run_experiment.py lofo --model sinkhorn --balance-alpha 0 --lr 3e-4 --grad-clip 1.0 --seed 5 --families qnn --groups qnn --loss mixed --val-mode random --layout-lambda 0.1 --layout-loss region_dist --layouts-path evaluations/compile_check/results/compiler_layouts_v6pilot.pt --count-lambda 0.01 --counts-path evaluations/compile_check/results/compiler_counts_v8.pt --results-dir evaluations/generalization_v8/results/v8a_c001
2026-10-09 04:28:55,992  gsv2.gpu                  INFO     GPU: NVIDIA A100 80GB PCIe
2026-10-09 04:28:55,993  gsv3.model                INFO     Hyper-parameters (/home/atudisco/pred-distr-tool/src/model/best_params.json + v3 defaults): {'device_hidden': 64, 'device_layers': 3, 'fusion_dim': 128, 'qubit_layers': 2, 'attn_heads': 4, 'lap_pe': 8, 'cost_bias_init': -6.0, 'hidden_dim': 142, 'num_conv_wo_resnet': 3, 'num_resnet_layers': 1, 'dropout': 0.0, 'bidirectional': True, 'mlp': [512, 256, 128], 'lr': 0.001, 'readout': 'meanmaxsum'}
2026-10-09 04:28:56,024  gsv3.devices              INFO     Device graphs: node features 13 (Laplacian PE 8), physical errors True
2026-10-09 04:28:56,026  genstudy.data             INFO     Loading graph dataset: /home/atudisco/pred-distr-tool/evaluations/generalization_v3/data/graph_dataset_expected_fidelity.pt
2026-10-09 04:28:58,893  genstudy.data             INFO     Loaded 17056 graphs
2026-10-09 04:28:59,363  run_experiment            INFO     Compiler layouts (evaluations/compile_check/results/compiler_layouts_v6pilot.pt): 16994/17056 circuits
2026-10-09 04:28:59,780  run_experiment            INFO     Compiler counts (evaluations/compile_check/results/compiler_counts_v8.pt): 16994/17056 circuits
2026-10-09 04:28:59,785  genstudy.io               INFO     Wrote evaluations/generalization_v8/results/v8a_c001/leave_one_family_out/dataset_summary.json
2026-10-09 04:28:59,785  genstudy.data             INFO     Holding out 1 families: qnn
2026-10-09 04:28:59,787  run_experiment            INFO     [1/1] qnn
2026-10-09 04:28:59,789  gsv3.experiment           INFO     === family_holdout / qnn ===
2026-10-09 04:28:59,789  gsv3.experiment           INFO     Leave-one-family-out: test = all 760 'qnn' circuits, train = 16296 circuits from 34 other families.
2026-10-09 04:28:59,790  gsv3.experiment           INFO     train=13037  val=3259 ({'mode': 'random'})  test=760
2026-10-09 04:29:00,147  gsv3.training             INFO     [family_holdout:qnn] model=sinkhorn (979423 params) train=13037 val=3259 lr=0.0003 clip=1.0 alpha=0.00
2026-10-09 04:29:11,628  gsv3.training             INFO     [family_holdout:qnn] epoch 0001  count_mse=0.9626  count_rel_err_2q=0.635
2026-10-09 04:29:11,628  gsv3.training             INFO     [family_holdout:qnn] epoch 0001  region_bce=0.6257  dist_mse=0.2379  region_overlap=0.642
2026-10-09 04:29:11,630  gsv3.training             INFO     [family_holdout:qnn] epoch 0001  train_log_mse=0.31387  val_log_mse=0.25103  val_mse=0.003122  max_grad=413.32  patience=0/30
2026-10-09 04:29:22,685  gsv3.training             INFO     [family_holdout:qnn] epoch 0002  count_mse=0.4218  count_rel_err_2q=0.342
2026-10-09 04:29:22,685  gsv3.training             INFO     [family_holdout:qnn] epoch 0002  region_bce=0.3962  dist_mse=0.1915  region_overlap=0.716
2026-10-09 04:29:22,687  gsv3.training             INFO     [family_holdout:qnn] epoch 0002  train_log_mse=0.02670  val_log_mse=0.21042  val_mse=0.001389  max_grad=9.87  patience=0/30
2026-10-09 04:29:33,734  gsv3.training             INFO     [family_holdout:qnn] epoch 0003  count_mse=0.3109  count_rel_err_2q=0.317
2026-10-09 04:29:33,734  gsv3.training             INFO     [family_holdout:qnn] epoch 0003  region_bce=0.3565  dist_mse=0.1740  region_overlap=0.742
2026-10-09 04:29:33,737  gsv3.training             INFO     [family_holdout:qnn] epoch 0003  train_log_mse=0.02089  val_log_mse=0.13169  val_mse=0.001117  max_grad=5.93  patience=0/30
2026-10-09 04:29:44,825  gsv3.training             INFO     [family_holdout:qnn] epoch 0004  count_mse=0.2621  count_rel_err_2q=0.298
2026-10-09 04:29:44,825  gsv3.training             INFO     [family_holdout:qnn] epoch 0004  region_bce=0.3260  dist_mse=0.1602  region_overlap=0.761
2026-10-09 04:29:44,825  gsv3.training             INFO     [family_holdout:qnn] epoch 0004  train_log_mse=0.01643  val_log_mse=0.20483  val_mse=0.001155  max_grad=4.50  patience=1/30
2026-10-09 04:29:55,975  gsv3.training             INFO     [family_holdout:qnn] epoch 0005  count_mse=0.2316  count_rel_err_2q=0.283
2026-10-09 04:29:55,975  gsv3.training             INFO     [family_holdout:qnn] epoch 0005  region_bce=0.3034  dist_mse=0.1517  region_overlap=0.774
2026-10-09 04:29:55,977  gsv3.training             INFO     [family_holdout:qnn] epoch 0005  train_log_mse=0.01257  val_log_mse=0.13006  val_mse=0.000960  max_grad=3.60  patience=0/30
2026-10-09 04:30:07,027  gsv3.training             INFO     [family_holdout:qnn] epoch 0006  count_mse=0.2016  count_rel_err_2q=0.272
2026-10-09 04:30:07,027  gsv3.training             INFO     [family_holdout:qnn] epoch 0006  region_bce=0.2905  dist_mse=0.1470  region_overlap=0.782
2026-10-09 04:30:07,027  gsv3.training             INFO     [family_holdout:qnn] epoch 0006  train_log_mse=0.01220  val_log_mse=0.11593  val_mse=0.001127  max_grad=4.55  patience=1/30
2026-10-09 04:30:18,279  gsv3.training             INFO     [family_holdout:qnn] epoch 0007  count_mse=0.1812  count_rel_err_2q=0.269
2026-10-09 04:30:18,279  gsv3.training             INFO     [family_holdout:qnn] epoch 0007  region_bce=0.2752  dist_mse=0.1412  region_overlap=0.792
2026-10-09 04:30:18,282  gsv3.training             INFO     [family_holdout:qnn] epoch 0007  train_log_mse=0.01169  val_log_mse=0.11093  val_mse=0.000894  max_grad=4.49  patience=0/30
2026-10-09 04:30:29,506  gsv3.training             INFO     [family_holdout:qnn] epoch 0008  count_mse=0.1611  count_rel_err_2q=0.264
2026-10-09 04:30:29,506  gsv3.training             INFO     [family_holdout:qnn] epoch 0008  region_bce=0.2549  dist_mse=0.1331  region_overlap=0.807
2026-10-09 04:30:29,509  gsv3.training             INFO     [family_holdout:qnn] epoch 0008  train_log_mse=0.00910  val_log_mse=0.10269  val_mse=0.000774  max_grad=3.14  patience=0/30
2026-10-09 04:30:40,632  gsv3.training             INFO     [family_holdout:qnn] epoch 0009  count_mse=0.1514  count_rel_err_2q=0.262
2026-10-09 04:30:40,633  gsv3.training             INFO     [family_holdout:qnn] epoch 0009  region_bce=0.2444  dist_mse=0.1274  region_overlap=0.815
2026-10-09 04:30:40,633  gsv3.training             INFO     [family_holdout:qnn] epoch 0009  train_log_mse=0.00998  val_log_mse=0.06870  val_mse=0.000846  max_grad=2.93  patience=1/30
2026-10-09 04:30:51,774  gsv3.training             INFO     [family_holdout:qnn] epoch 0010  count_mse=0.1397  count_rel_err_2q=0.259
2026-10-09 04:30:51,774  gsv3.training             INFO     [family_holdout:qnn] epoch 0010  region_bce=0.2333  dist_mse=0.1223  region_overlap=0.823
2026-10-09 04:30:51,774  gsv3.training             INFO     [family_holdout:qnn] epoch 0010  train_log_mse=0.00809  val_log_mse=0.08951  val_mse=0.000783  max_grad=3.36  patience=2/30
2026-10-09 04:31:02,841  gsv3.training             INFO     [family_holdout:qnn] epoch 0011  count_mse=0.1361  count_rel_err_2q=0.258
2026-10-09 04:31:02,842  gsv3.training             INFO     [family_holdout:qnn] epoch 0011  region_bce=0.2274  dist_mse=0.1203  region_overlap=0.826
2026-10-09 04:31:02,842  gsv3.training             INFO     [family_holdout:qnn] epoch 0011  train_log_mse=0.00979  val_log_mse=0.10327  val_mse=0.000952  max_grad=3.12  patience=3/30
2026-10-09 04:31:14,098  gsv3.training             INFO     [family_holdout:qnn] epoch 0012  count_mse=0.1342  count_rel_err_2q=0.254
2026-10-09 04:31:14,098  gsv3.training             INFO     [family_holdout:qnn] epoch 0012  region_bce=0.2225  dist_mse=0.1185  region_overlap=0.830
2026-10-09 04:31:14,098  gsv3.training             INFO     [family_holdout:qnn] epoch 0012  train_log_mse=0.00894  val_log_mse=0.06823  val_mse=0.000809  max_grad=2.44  patience=4/30
2026-10-09 04:31:25,342  gsv3.training             INFO     [family_holdout:qnn] epoch 0013  count_mse=0.1289  count_rel_err_2q=0.250
2026-10-09 04:31:25,343  gsv3.training             INFO     [family_holdout:qnn] epoch 0013  region_bce=0.2096  dist_mse=0.1138  region_overlap=0.838
2026-10-09 04:31:25,348  gsv3.training             INFO     [family_holdout:qnn] epoch 0013  train_log_mse=0.00768  val_log_mse=0.06798  val_mse=0.000641  max_grad=2.28  patience=0/30
2026-10-09 04:31:36,473  gsv3.training             INFO     [family_holdout:qnn] epoch 0014  count_mse=0.1246  count_rel_err_2q=0.247
2026-10-09 04:31:36,473  gsv3.training             INFO     [family_holdout:qnn] epoch 0014  region_bce=0.2059  dist_mse=0.1110  region_overlap=0.841
2026-10-09 04:31:36,473  gsv3.training             INFO     [family_holdout:qnn] epoch 0014  train_log_mse=0.00814  val_log_mse=0.07561  val_mse=0.000652  max_grad=1.91  patience=1/30
2026-10-09 04:31:47,681  gsv3.training             INFO     [family_holdout:qnn] epoch 0015  count_mse=0.1216  count_rel_err_2q=0.244
2026-10-09 04:31:47,681  gsv3.training             INFO     [family_holdout:qnn] epoch 0015  region_bce=0.1993  dist_mse=0.1072  region_overlap=0.845
2026-10-09 04:31:47,687  gsv3.training             INFO     [family_holdout:qnn] epoch 0015  train_log_mse=0.00698  val_log_mse=0.09273  val_mse=0.000592  max_grad=1.49  patience=0/30
2026-10-09 04:31:58,909  gsv3.training             INFO     [family_holdout:qnn] epoch 0016  count_mse=0.1190  count_rel_err_2q=0.242
2026-10-09 04:31:58,909  gsv3.training             INFO     [family_holdout:qnn] epoch 0016  region_bce=0.1948  dist_mse=0.1042  region_overlap=0.848
2026-10-09 04:31:58,911  gsv3.training             INFO     [family_holdout:qnn] epoch 0016  train_log_mse=0.00706  val_log_mse=0.06519  val_mse=0.000568  max_grad=2.64  patience=0/30
2026-10-09 04:32:09,987  gsv3.training             INFO     [family_holdout:qnn] epoch 0017  count_mse=0.1177  count_rel_err_2q=0.240
2026-10-09 04:32:09,988  gsv3.training             INFO     [family_holdout:qnn] epoch 0017  region_bce=0.1891  dist_mse=0.1012  region_overlap=0.852
2026-10-09 04:32:09,990  gsv3.training             INFO     [family_holdout:qnn] epoch 0017  train_log_mse=0.00678  val_log_mse=0.08608  val_mse=0.000524  max_grad=1.55  patience=0/30
2026-10-09 04:32:21,160  gsv3.training             INFO     [family_holdout:qnn] epoch 0018  count_mse=0.1157  count_rel_err_2q=0.239
2026-10-09 04:32:21,160  gsv3.training             INFO     [family_holdout:qnn] epoch 0018  region_bce=0.1822  dist_mse=0.0987  region_overlap=0.856
2026-10-09 04:32:21,160  gsv3.training             INFO     [family_holdout:qnn] epoch 0018  train_log_mse=0.00647  val_log_mse=0.09384  val_mse=0.000710  max_grad=2.23  patience=1/30
2026-10-09 04:32:32,306  gsv3.training             INFO     [family_holdout:qnn] epoch 0019  count_mse=0.1136  count_rel_err_2q=0.236
2026-10-09 04:32:32,306  gsv3.training             INFO     [family_holdout:qnn] epoch 0019  region_bce=0.1775  dist_mse=0.0968  region_overlap=0.859
2026-10-09 04:32:32,306  gsv3.training             INFO     [family_holdout:qnn] epoch 0019  train_log_mse=0.00632  val_log_mse=0.13664  val_mse=0.000679  max_grad=1.44  patience=2/30
2026-10-09 04:32:43,372  gsv3.training             INFO     [family_holdout:qnn] epoch 0020  count_mse=0.1130  count_rel_err_2q=0.235
2026-10-09 04:32:43,372  gsv3.training             INFO     [family_holdout:qnn] epoch 0020  region_bce=0.1733  dist_mse=0.0955  region_overlap=0.862
2026-10-09 04:32:43,372  gsv3.training             INFO     [family_holdout:qnn] epoch 0020  train_log_mse=0.00676  val_log_mse=0.06932  val_mse=0.000574  max_grad=2.00  patience=3/30
2026-10-09 04:32:54,485  gsv3.training             INFO     [family_holdout:qnn] epoch 0021  count_mse=0.1079  count_rel_err_2q=0.230
2026-10-09 04:32:54,485  gsv3.training             INFO     [family_holdout:qnn] epoch 0021  region_bce=0.1690  dist_mse=0.0939  region_overlap=0.865
2026-10-09 04:32:54,485  gsv3.training             INFO     [family_holdout:qnn] epoch 0021  train_log_mse=0.00585  val_log_mse=0.05993  val_mse=0.000528  max_grad=1.79  patience=4/30
2026-10-09 04:33:05,534  gsv3.training             INFO     [family_holdout:qnn] epoch 0022  count_mse=0.1078  count_rel_err_2q=0.230
2026-10-09 04:33:05,535  gsv3.training             INFO     [family_holdout:qnn] epoch 0022  region_bce=0.1650  dist_mse=0.0929  region_overlap=0.867
2026-10-09 04:33:05,535  gsv3.training             INFO     [family_holdout:qnn] epoch 0022  train_log_mse=0.00610  val_log_mse=0.08460  val_mse=0.000981  max_grad=1.55  patience=5/30
2026-10-09 04:33:16,756  gsv3.training             INFO     [family_holdout:qnn] epoch 0023  count_mse=0.1062  count_rel_err_2q=0.229
2026-10-09 04:33:16,756  gsv3.training             INFO     [family_holdout:qnn] epoch 0023  region_bce=0.1607  dist_mse=0.0919  region_overlap=0.870
2026-10-09 04:33:16,756  gsv3.training             INFO     [family_holdout:qnn] epoch 0023  train_log_mse=0.00605  val_log_mse=0.05761  val_mse=0.000543  max_grad=1.63  patience=6/30
2026-10-09 04:33:27,796  gsv3.training             INFO     [family_holdout:qnn] epoch 0024  count_mse=0.1026  count_rel_err_2q=0.225
2026-10-09 04:33:27,796  gsv3.training             INFO     [family_holdout:qnn] epoch 0024  region_bce=0.1539  dist_mse=0.0903  region_overlap=0.874
2026-10-09 04:33:27,802  gsv3.training             INFO     [family_holdout:qnn] epoch 0024  train_log_mse=0.00559  val_log_mse=0.07879  val_mse=0.000472  max_grad=1.20  patience=0/30
2026-10-09 04:33:38,914  gsv3.training             INFO     [family_holdout:qnn] epoch 0025  count_mse=0.1015  count_rel_err_2q=0.225
2026-10-09 04:33:38,914  gsv3.training             INFO     [family_holdout:qnn] epoch 0025  region_bce=0.1504  dist_mse=0.0899  region_overlap=0.877
2026-10-09 04:33:38,917  gsv3.training             INFO     [family_holdout:qnn] epoch 0025  train_log_mse=0.00577  val_log_mse=0.05447  val_mse=0.000419  max_grad=2.67  patience=0/30
2026-10-09 04:33:49,933  gsv3.training             INFO     [family_holdout:qnn] epoch 0026  count_mse=0.1001  count_rel_err_2q=0.222
2026-10-09 04:33:49,933  gsv3.training             INFO     [family_holdout:qnn] epoch 0026  region_bce=0.1467  dist_mse=0.0894  region_overlap=0.879
2026-10-09 04:33:49,933  gsv3.training             INFO     [family_holdout:qnn] epoch 0026  train_log_mse=0.00577  val_log_mse=0.17210  val_mse=0.000444  max_grad=1.64  patience=1/30
2026-10-09 04:34:01,034  gsv3.training             INFO     [family_holdout:qnn] epoch 0027  count_mse=0.0973  count_rel_err_2q=0.221
2026-10-09 04:34:01,034  gsv3.training             INFO     [family_holdout:qnn] epoch 0027  region_bce=0.1404  dist_mse=0.0883  region_overlap=0.883
2026-10-09 04:34:01,034  gsv3.training             INFO     [family_holdout:qnn] epoch 0027  train_log_mse=0.00529  val_log_mse=0.04810  val_mse=0.000426  max_grad=2.72  patience=2/30
2026-10-09 04:34:12,048  gsv3.training             INFO     [family_holdout:qnn] epoch 0028  count_mse=0.0958  count_rel_err_2q=0.219
2026-10-09 04:34:12,048  gsv3.training             INFO     [family_holdout:qnn] epoch 0028  region_bce=0.1372  dist_mse=0.0876  region_overlap=0.885
2026-10-09 04:34:12,048  gsv3.training             INFO     [family_holdout:qnn] epoch 0028  train_log_mse=0.00529  val_log_mse=0.05233  val_mse=0.000431  max_grad=1.40  patience=3/30
2026-10-09 04:34:23,051  gsv3.training             INFO     [family_holdout:qnn] epoch 0029  count_mse=0.0946  count_rel_err_2q=0.217
2026-10-09 04:34:23,052  gsv3.training             INFO     [family_holdout:qnn] epoch 0029  region_bce=0.1351  dist_mse=0.0870  region_overlap=0.886
2026-10-09 04:34:23,054  gsv3.training             INFO     [family_holdout:qnn] epoch 0029  train_log_mse=0.00510  val_log_mse=0.05518  val_mse=0.000406  max_grad=1.79  patience=0/30
2026-10-09 04:34:34,080  gsv3.training             INFO     [family_holdout:qnn] epoch 0030  count_mse=0.0931  count_rel_err_2q=0.216
2026-10-09 04:34:34,080  gsv3.training             INFO     [family_holdout:qnn] epoch 0030  region_bce=0.1307  dist_mse=0.0862  region_overlap=0.889
2026-10-09 04:34:34,080  gsv3.training             INFO     [family_holdout:qnn] epoch 0030  train_log_mse=0.00498  val_log_mse=0.06860  val_mse=0.000471  max_grad=1.36  patience=1/30
2026-10-09 04:34:45,242  gsv3.training             INFO     [family_holdout:qnn] epoch 0031  count_mse=0.0923  count_rel_err_2q=0.215
2026-10-09 04:34:45,242  gsv3.training             INFO     [family_holdout:qnn] epoch 0031  region_bce=0.1274  dist_mse=0.0856  region_overlap=0.891
2026-10-09 04:34:45,242  gsv3.training             INFO     [family_holdout:qnn] epoch 0031  train_log_mse=0.00545  val_log_mse=0.05387  val_mse=0.000413  max_grad=2.04  patience=2/30
2026-10-09 04:34:56,258  gsv3.training             INFO     [family_holdout:qnn] epoch 0032  count_mse=0.0917  count_rel_err_2q=0.214
2026-10-09 04:34:56,258  gsv3.training             INFO     [family_holdout:qnn] epoch 0032  region_bce=0.1246  dist_mse=0.0851  region_overlap=0.893
2026-10-09 04:34:56,258  gsv3.training             INFO     [family_holdout:qnn] epoch 0032  train_log_mse=0.00489  val_log_mse=0.08759  val_mse=0.000453  max_grad=1.01  patience=3/30
2026-10-09 04:35:07,249  gsv3.training             INFO     [family_holdout:qnn] epoch 0033  count_mse=0.0897  count_rel_err_2q=0.213
2026-10-09 04:35:07,250  gsv3.training             INFO     [family_holdout:qnn] epoch 0033  region_bce=0.1209  dist_mse=0.0846  region_overlap=0.896
2026-10-09 04:35:07,250  gsv3.training             INFO     [family_holdout:qnn] epoch 0033  train_log_mse=0.00473  val_log_mse=0.06645  val_mse=0.000447  max_grad=1.12  patience=4/30
2026-10-09 04:35:18,246  gsv3.training             INFO     [family_holdout:qnn] epoch 0034  count_mse=0.0896  count_rel_err_2q=0.212
2026-10-09 04:35:18,246  gsv3.training             INFO     [family_holdout:qnn] epoch 0034  region_bce=0.1237  dist_mse=0.0849  region_overlap=0.894
2026-10-09 04:35:18,246  gsv3.training             INFO     [family_holdout:qnn] epoch 0034  train_log_mse=0.00545  val_log_mse=0.07634  val_mse=0.000804  max_grad=1.47  patience=5/30
2026-10-09 04:35:29,399  gsv3.training             INFO     [family_holdout:qnn] epoch 0035  count_mse=0.0884  count_rel_err_2q=0.213
2026-10-09 04:35:29,399  gsv3.training             INFO     [family_holdout:qnn] epoch 0035  region_bce=0.1160  dist_mse=0.0835  region_overlap=0.899
2026-10-09 04:35:29,401  gsv3.training             INFO     [family_holdout:qnn] epoch 0035  train_log_mse=0.00475  val_log_mse=0.04894  val_mse=0.000392  max_grad=1.17  patience=0/30
2026-10-09 04:35:40,392  gsv3.training             INFO     [family_holdout:qnn] epoch 0036  count_mse=0.0865  count_rel_err_2q=0.211
2026-10-09 04:35:40,392  gsv3.training             INFO     [family_holdout:qnn] epoch 0036  region_bce=0.1098  dist_mse=0.0823  region_overlap=0.902
2026-10-09 04:35:40,392  gsv3.training             INFO     [family_holdout:qnn] epoch 0036  train_log_mse=0.00451  val_log_mse=0.06295  val_mse=0.000423  max_grad=1.13  patience=1/30
2026-10-09 04:35:51,385  gsv3.training             INFO     [family_holdout:qnn] epoch 0037  count_mse=0.0854  count_rel_err_2q=0.208
2026-10-09 04:35:51,385  gsv3.training             INFO     [family_holdout:qnn] epoch 0037  region_bce=0.1072  dist_mse=0.0819  region_overlap=0.904
2026-10-09 04:35:51,386  gsv3.training             INFO     [family_holdout:qnn] epoch 0037  train_log_mse=0.00450  val_log_mse=0.05655  val_mse=0.000397  max_grad=1.67  patience=2/30
2026-10-09 04:36:02,456  gsv3.training             INFO     [family_holdout:qnn] epoch 0038  count_mse=0.0852  count_rel_err_2q=0.208
2026-10-09 04:36:02,456  gsv3.training             INFO     [family_holdout:qnn] epoch 0038  region_bce=0.1069  dist_mse=0.0817  region_overlap=0.905
2026-10-09 04:36:02,458  gsv3.training             INFO     [family_holdout:qnn] epoch 0038  train_log_mse=0.00474  val_log_mse=0.05816  val_mse=0.000383  max_grad=1.67  patience=0/30
2026-10-09 04:36:13,471  gsv3.training             INFO     [family_holdout:qnn] epoch 0039  count_mse=0.0847  count_rel_err_2q=0.207
2026-10-09 04:36:13,472  gsv3.training             INFO     [family_holdout:qnn] epoch 0039  region_bce=0.1046  dist_mse=0.0816  region_overlap=0.906
2026-10-09 04:36:13,472  gsv3.training             INFO     [family_holdout:qnn] epoch 0039  train_log_mse=0.00493  val_log_mse=0.05242  val_mse=0.000402  max_grad=1.23  patience=1/30
2026-10-09 04:36:24,491  gsv3.training             INFO     [family_holdout:qnn] epoch 0040  count_mse=0.0829  count_rel_err_2q=0.206
2026-10-09 04:36:24,492  gsv3.training             INFO     [family_holdout:qnn] epoch 0040  region_bce=0.0988  dist_mse=0.0802  region_overlap=0.910
2026-10-09 04:36:24,492  gsv3.training             INFO     [family_holdout:qnn] epoch 0040  train_log_mse=0.00419  val_log_mse=0.05900  val_mse=0.000458  max_grad=0.73  patience=2/30
2026-10-09 04:36:35,594  gsv3.training             INFO     [family_holdout:qnn] epoch 0041  count_mse=0.0831  count_rel_err_2q=0.207
2026-10-09 04:36:35,594  gsv3.training             INFO     [family_holdout:qnn] epoch 0041  region_bce=0.0997  dist_mse=0.0805  region_overlap=0.909
2026-10-09 04:36:35,594  gsv3.training             INFO     [family_holdout:qnn] epoch 0041  train_log_mse=0.00501  val_log_mse=0.05665  val_mse=0.000460  max_grad=1.61  patience=3/30
2026-10-09 04:36:46,619  gsv3.training             INFO     [family_holdout:qnn] epoch 0042  count_mse=0.0819  count_rel_err_2q=0.206
2026-10-09 04:36:46,619  gsv3.training             INFO     [family_holdout:qnn] epoch 0042  region_bce=0.0969  dist_mse=0.0800  region_overlap=0.911
2026-10-09 04:36:46,621  gsv3.training             INFO     [family_holdout:qnn] epoch 0042  train_log_mse=0.00453  val_log_mse=0.05288  val_mse=0.000356  max_grad=0.98  patience=0/30
2026-10-09 04:36:57,716  gsv3.training             INFO     [family_holdout:qnn] epoch 0043  count_mse=0.0814  count_rel_err_2q=0.206
2026-10-09 04:36:57,716  gsv3.training             INFO     [family_holdout:qnn] epoch 0043  region_bce=0.0925  dist_mse=0.0790  region_overlap=0.914
2026-10-09 04:36:57,716  gsv3.training             INFO     [family_holdout:qnn] epoch 0043  train_log_mse=0.00463  val_log_mse=0.05901  val_mse=0.000388  max_grad=1.42  patience=1/30
2026-10-09 04:37:08,718  gsv3.training             INFO     [family_holdout:qnn] epoch 0044  count_mse=0.0802  count_rel_err_2q=0.203
2026-10-09 04:37:08,718  gsv3.training             INFO     [family_holdout:qnn] epoch 0044  region_bce=0.0913  dist_mse=0.0787  region_overlap=0.915
2026-10-09 04:37:08,718  gsv3.training             INFO     [family_holdout:qnn] epoch 0044  train_log_mse=0.00447  val_log_mse=0.05349  val_mse=0.000364  max_grad=0.95  patience=2/30
2026-10-09 04:37:19,741  gsv3.training             INFO     [family_holdout:qnn] epoch 0045  count_mse=0.0787  count_rel_err_2q=0.203
2026-10-09 04:37:19,741  gsv3.training             INFO     [family_holdout:qnn] epoch 0045  region_bce=0.0854  dist_mse=0.0773  region_overlap=0.918
2026-10-09 04:37:19,741  gsv3.training             INFO     [family_holdout:qnn] epoch 0045  train_log_mse=0.00410  val_log_mse=0.05976  val_mse=0.000386  max_grad=0.81  patience=3/30
2026-10-09 04:37:30,930  gsv3.training             INFO     [family_holdout:qnn] epoch 0046  count_mse=0.0777  count_rel_err_2q=0.203
2026-10-09 04:37:30,930  gsv3.training             INFO     [family_holdout:qnn] epoch 0046  region_bce=0.0847  dist_mse=0.0768  region_overlap=0.919
2026-10-09 04:37:30,930  gsv3.training             INFO     [family_holdout:qnn] epoch 0046  train_log_mse=0.00393  val_log_mse=0.06952  val_mse=0.000400  max_grad=0.89  patience=4/30
2026-10-09 04:37:42,028  gsv3.training             INFO     [family_holdout:qnn] epoch 0047  count_mse=0.0776  count_rel_err_2q=0.201
2026-10-09 04:37:42,029  gsv3.training             INFO     [family_holdout:qnn] epoch 0047  region_bce=0.0855  dist_mse=0.0768  region_overlap=0.919
2026-10-09 04:37:42,029  gsv3.training             INFO     [family_holdout:qnn] epoch 0047  train_log_mse=0.00425  val_log_mse=0.06123  val_mse=0.000439  max_grad=1.00  patience=5/30
2026-10-09 04:37:53,046  gsv3.training             INFO     [family_holdout:qnn] epoch 0048  count_mse=0.0770  count_rel_err_2q=0.203
2026-10-09 04:37:53,046  gsv3.training             INFO     [family_holdout:qnn] epoch 0048  region_bce=0.0811  dist_mse=0.0758  region_overlap=0.921
2026-10-09 04:37:53,049  gsv3.training             INFO     [family_holdout:qnn] epoch 0048  train_log_mse=0.00410  val_log_mse=0.08180  val_mse=0.000352  max_grad=0.98  patience=0/30
2026-10-09 04:38:04,058  gsv3.training             INFO     [family_holdout:qnn] epoch 0049  count_mse=0.0762  count_rel_err_2q=0.201
2026-10-09 04:38:04,058  gsv3.training             INFO     [family_holdout:qnn] epoch 0049  region_bce=0.0815  dist_mse=0.0757  region_overlap=0.921
2026-10-09 04:38:04,058  gsv3.training             INFO     [family_holdout:qnn] epoch 0049  train_log_mse=0.00427  val_log_mse=0.04964  val_mse=0.000353  max_grad=1.02  patience=1/30
2026-10-09 04:38:15,188  gsv3.training             INFO     [family_holdout:qnn] epoch 0050  count_mse=0.0785  count_rel_err_2q=0.204
2026-10-09 04:38:15,188  gsv3.training             INFO     [family_holdout:qnn] epoch 0050  region_bce=0.0891  dist_mse=0.0775  region_overlap=0.917
2026-10-09 04:38:15,188  gsv3.training             INFO     [family_holdout:qnn] epoch 0050  train_log_mse=0.00564  val_log_mse=0.06012  val_mse=0.000382  max_grad=2.92  patience=2/30
2026-10-09 04:38:26,245  gsv3.training             INFO     [family_holdout:qnn] epoch 0051  count_mse=0.0781  count_rel_err_2q=0.202
2026-10-09 04:38:26,245  gsv3.training             INFO     [family_holdout:qnn] epoch 0051  region_bce=0.0864  dist_mse=0.0774  region_overlap=0.918
2026-10-09 04:38:26,245  gsv3.training             INFO     [family_holdout:qnn] epoch 0051  train_log_mse=0.00494  val_log_mse=0.05650  val_mse=0.000382  max_grad=2.47  patience=3/30
2026-10-09 04:38:37,350  gsv3.training             INFO     [family_holdout:qnn] epoch 0052  count_mse=0.0738  count_rel_err_2q=0.199
2026-10-09 04:38:37,350  gsv3.training             INFO     [family_holdout:qnn] epoch 0052  region_bce=0.0707  dist_mse=0.0736  region_overlap=0.928
2026-10-09 04:38:37,357  gsv3.training             INFO     [family_holdout:qnn] epoch 0052  train_log_mse=0.00351  val_log_mse=0.05254  val_mse=0.000350  max_grad=0.75  patience=0/30
2026-10-09 04:38:48,503  gsv3.training             INFO     [family_holdout:qnn] epoch 0053  count_mse=0.0737  count_rel_err_2q=0.199
2026-10-09 04:38:48,503  gsv3.training             INFO     [family_holdout:qnn] epoch 0053  region_bce=0.0716  dist_mse=0.0731  region_overlap=0.927
2026-10-09 04:38:48,503  gsv3.training             INFO     [family_holdout:qnn] epoch 0053  train_log_mse=0.00378  val_log_mse=0.05541  val_mse=0.000367  max_grad=0.97  patience=1/30
2026-10-09 04:38:59,627  gsv3.training             INFO     [family_holdout:qnn] epoch 0054  count_mse=0.0752  count_rel_err_2q=0.200
2026-10-09 04:38:59,627  gsv3.training             INFO     [family_holdout:qnn] epoch 0054  region_bce=0.0765  dist_mse=0.0742  region_overlap=0.925
2026-10-09 04:38:59,627  gsv3.training             INFO     [family_holdout:qnn] epoch 0054  train_log_mse=0.00478  val_log_mse=0.05068  val_mse=0.000373  max_grad=1.00  patience=2/30
2026-10-09 04:39:10,659  gsv3.training             INFO     [family_holdout:qnn] epoch 0055  count_mse=0.0721  count_rel_err_2q=0.197
2026-10-09 04:39:10,659  gsv3.training             INFO     [family_holdout:qnn] epoch 0055  region_bce=0.0678  dist_mse=0.0719  region_overlap=0.930
2026-10-09 04:39:10,659  gsv3.training             INFO     [family_holdout:qnn] epoch 0055  train_log_mse=0.00336  val_log_mse=0.06088  val_mse=0.000421  max_grad=1.08  patience=3/30
2026-10-09 04:39:21,788  gsv3.training             INFO     [family_holdout:qnn] epoch 0056  count_mse=0.0724  count_rel_err_2q=0.199
2026-10-09 04:39:21,789  gsv3.training             INFO     [family_holdout:qnn] epoch 0056  region_bce=0.0679  dist_mse=0.0716  region_overlap=0.930
2026-10-09 04:39:21,795  gsv3.training             INFO     [family_holdout:qnn] epoch 0056  train_log_mse=0.00383  val_log_mse=0.05797  val_mse=0.000347  max_grad=0.84  patience=0/30
2026-10-09 04:39:32,942  gsv3.training             INFO     [family_holdout:qnn] epoch 0057  count_mse=0.0719  count_rel_err_2q=0.197
2026-10-09 04:39:32,942  gsv3.training             INFO     [family_holdout:qnn] epoch 0057  region_bce=0.0674  dist_mse=0.0714  region_overlap=0.930
2026-10-09 04:39:32,942  gsv3.training             INFO     [family_holdout:qnn] epoch 0057  train_log_mse=0.00374  val_log_mse=0.05436  val_mse=0.000355  max_grad=0.65  patience=1/30
2026-10-09 04:39:44,000  gsv3.training             INFO     [family_holdout:qnn] epoch 0058  count_mse=0.0719  count_rel_err_2q=0.197
2026-10-09 04:39:44,000  gsv3.training             INFO     [family_holdout:qnn] epoch 0058  region_bce=0.0687  dist_mse=0.0713  region_overlap=0.930
2026-10-09 04:39:44,000  gsv3.training             INFO     [family_holdout:qnn] epoch 0058  train_log_mse=0.00389  val_log_mse=0.07407  val_mse=0.000407  max_grad=0.73  patience=2/30
2026-10-09 04:39:55,194  gsv3.training             INFO     [family_holdout:qnn] epoch 0059  count_mse=0.0710  count_rel_err_2q=0.199
2026-10-09 04:39:55,195  gsv3.training             INFO     [family_holdout:qnn] epoch 0059  region_bce=0.0666  dist_mse=0.0709  region_overlap=0.931
2026-10-09 04:39:55,195  gsv3.training             INFO     [family_holdout:qnn] epoch 0059  train_log_mse=0.00368  val_log_mse=0.05526  val_mse=0.000357  max_grad=0.59  patience=3/30
2026-10-09 04:40:06,259  gsv3.training             INFO     [family_holdout:qnn] epoch 0060  count_mse=0.0712  count_rel_err_2q=0.199
2026-10-09 04:40:06,259  gsv3.training             INFO     [family_holdout:qnn] epoch 0060  region_bce=0.0661  dist_mse=0.0703  region_overlap=0.931
2026-10-09 04:40:06,259  gsv3.training             INFO     [family_holdout:qnn] epoch 0060  train_log_mse=0.00380  val_log_mse=0.06374  val_mse=0.000408  max_grad=1.28  patience=4/30
2026-10-09 04:40:17,320  gsv3.training             INFO     [family_holdout:qnn] epoch 0061  count_mse=0.0714  count_rel_err_2q=0.198
2026-10-09 04:40:17,320  gsv3.training             INFO     [family_holdout:qnn] epoch 0061  region_bce=0.0654  dist_mse=0.0701  region_overlap=0.932
2026-10-09 04:40:17,320  gsv3.training             INFO     [family_holdout:qnn] epoch 0061  train_log_mse=0.00410  val_log_mse=0.05482  val_mse=0.000348  max_grad=0.73  patience=5/30
2026-10-09 04:40:28,363  gsv3.training             INFO     [family_holdout:qnn] epoch 0062  count_mse=0.0708  count_rel_err_2q=0.198
2026-10-09 04:40:28,363  gsv3.training             INFO     [family_holdout:qnn] epoch 0062  region_bce=0.0662  dist_mse=0.0699  region_overlap=0.932
2026-10-09 04:40:28,363  gsv3.training             INFO     [family_holdout:qnn] epoch 0062  train_log_mse=0.00417  val_log_mse=0.07986  val_mse=0.000479  max_grad=13.15  patience=6/30
2026-10-09 04:40:39,453  gsv3.training             INFO     [family_holdout:qnn] epoch 0063  count_mse=0.0719  count_rel_err_2q=0.201
2026-10-09 04:40:39,453  gsv3.training             INFO     [family_holdout:qnn] epoch 0063  region_bce=0.0740  dist_mse=0.0723  region_overlap=0.927
2026-10-09 04:40:39,453  gsv3.training             INFO     [family_holdout:qnn] epoch 0063  train_log_mse=0.00464  val_log_mse=0.05890  val_mse=0.000374  max_grad=1.91  patience=7/30
2026-10-09 04:40:50,477  gsv3.training             INFO     [family_holdout:qnn] epoch 0064  count_mse=0.0698  count_rel_err_2q=0.199
2026-10-09 04:40:50,477  gsv3.training             INFO     [family_holdout:qnn] epoch 0064  region_bce=0.0610  dist_mse=0.0690  region_overlap=0.935
2026-10-09 04:40:50,479  gsv3.training             INFO     [family_holdout:qnn] epoch 0064  train_log_mse=0.00387  val_log_mse=0.04940  val_mse=0.000333  max_grad=1.08  patience=0/30
2026-10-09 04:41:01,580  gsv3.training             INFO     [family_holdout:qnn] epoch 0065  count_mse=0.0687  count_rel_err_2q=0.199
2026-10-09 04:41:01,581  gsv3.training             INFO     [family_holdout:qnn] epoch 0065  region_bce=0.0602  dist_mse=0.0685  region_overlap=0.935
2026-10-09 04:41:01,581  gsv3.training             INFO     [family_holdout:qnn] epoch 0065  train_log_mse=0.00369  val_log_mse=0.05144  val_mse=0.000351  max_grad=0.75  patience=1/30
2026-10-09 04:41:12,588  gsv3.training             INFO     [family_holdout:qnn] epoch 0066  count_mse=0.0698  count_rel_err_2q=0.198
2026-10-09 04:41:12,588  gsv3.training             INFO     [family_holdout:qnn] epoch 0066  region_bce=0.0603  dist_mse=0.0686  region_overlap=0.935
2026-10-09 04:41:12,589  gsv3.training             INFO     [family_holdout:qnn] epoch 0066  train_log_mse=0.00423  val_log_mse=0.05560  val_mse=0.000344  max_grad=1.35  patience=2/30
2026-10-09 04:41:23,685  gsv3.training             INFO     [family_holdout:qnn] epoch 0067  count_mse=0.0680  count_rel_err_2q=0.197
2026-10-09 04:41:23,685  gsv3.training             INFO     [family_holdout:qnn] epoch 0067  region_bce=0.0600  dist_mse=0.0685  region_overlap=0.935
2026-10-09 04:41:23,685  gsv3.training             INFO     [family_holdout:qnn] epoch 0067  train_log_mse=0.00369  val_log_mse=0.05995  val_mse=0.000377  max_grad=0.96  patience=3/30
2026-10-09 04:41:34,703  gsv3.training             INFO     [family_holdout:qnn] epoch 0068  count_mse=0.0680  count_rel_err_2q=0.198
2026-10-09 04:41:34,703  gsv3.training             INFO     [family_holdout:qnn] epoch 0068  region_bce=0.0586  dist_mse=0.0674  region_overlap=0.937
2026-10-09 04:41:34,703  gsv3.training             INFO     [family_holdout:qnn] epoch 0068  train_log_mse=0.00359  val_log_mse=0.05079  val_mse=0.000398  max_grad=0.63  patience=4/30
2026-10-09 04:41:45,706  gsv3.training             INFO     [family_holdout:qnn] epoch 0069  count_mse=0.0663  count_rel_err_2q=0.197
2026-10-09 04:41:45,707  gsv3.training             INFO     [family_holdout:qnn] epoch 0069  region_bce=0.0533  dist_mse=0.0657  region_overlap=0.940
2026-10-09 04:41:45,707  gsv3.training             INFO     [family_holdout:qnn] epoch 0069  train_log_mse=0.00310  val_log_mse=0.05050  val_mse=0.000347  max_grad=0.44  patience=5/30
2026-10-09 04:41:56,818  gsv3.training             INFO     [family_holdout:qnn] epoch 0070  count_mse=0.0668  count_rel_err_2q=0.197
2026-10-09 04:41:56,818  gsv3.training             INFO     [family_holdout:qnn] epoch 0070  region_bce=0.0547  dist_mse=0.0658  region_overlap=0.939
2026-10-09 04:41:56,818  gsv3.training             INFO     [family_holdout:qnn] epoch 0070  train_log_mse=0.00354  val_log_mse=0.05416  val_mse=0.000352  max_grad=0.60  patience=6/30
2026-10-09 04:42:07,842  gsv3.training             INFO     [family_holdout:qnn] epoch 0071  count_mse=0.0660  count_rel_err_2q=0.196
2026-10-09 04:42:07,842  gsv3.training             INFO     [family_holdout:qnn] epoch 0071  region_bce=0.0578  dist_mse=0.0661  region_overlap=0.937
2026-10-09 04:42:07,842  gsv3.training             INFO     [family_holdout:qnn] epoch 0071  train_log_mse=0.00348  val_log_mse=0.04853  val_mse=0.000340  max_grad=0.76  patience=7/30
2026-10-09 04:42:18,873  gsv3.training             INFO     [family_holdout:qnn] epoch 0072  count_mse=0.0658  count_rel_err_2q=0.196
2026-10-09 04:42:18,874  gsv3.training             INFO     [family_holdout:qnn] epoch 0072  region_bce=0.0549  dist_mse=0.0656  region_overlap=0.939
2026-10-09 04:42:18,874  gsv3.training             INFO     [family_holdout:qnn] epoch 0072  train_log_mse=0.00365  val_log_mse=0.05133  val_mse=0.000385  max_grad=0.63  patience=8/30
2026-10-09 04:42:29,997  gsv3.training             INFO     [family_holdout:qnn] epoch 0073  count_mse=0.0648  count_rel_err_2q=0.195
2026-10-09 04:42:29,997  gsv3.training             INFO     [family_holdout:qnn] epoch 0073  region_bce=0.0515  dist_mse=0.0639  region_overlap=0.941
2026-10-09 04:42:29,997  gsv3.training             INFO     [family_holdout:qnn] epoch 0073  train_log_mse=0.00305  val_log_mse=0.05307  val_mse=0.000350  max_grad=0.46  patience=9/30
2026-10-09 04:42:41,053  gsv3.training             INFO     [family_holdout:qnn] epoch 0074  count_mse=0.0650  count_rel_err_2q=0.197
2026-10-09 04:42:41,053  gsv3.training             INFO     [family_holdout:qnn] epoch 0074  region_bce=0.0530  dist_mse=0.0645  region_overlap=0.941
2026-10-09 04:42:41,053  gsv3.training             INFO     [family_holdout:qnn] epoch 0074  train_log_mse=0.00327  val_log_mse=0.05129  val_mse=0.000354  max_grad=0.61  patience=10/30
2026-10-09 04:42:52,092  gsv3.training             INFO     [family_holdout:qnn] epoch 0075  count_mse=0.0643  count_rel_err_2q=0.196
2026-10-09 04:42:52,093  gsv3.training             INFO     [family_holdout:qnn] epoch 0075  region_bce=0.0505  dist_mse=0.0632  region_overlap=0.942
2026-10-09 04:42:52,093  gsv3.training             INFO     [family_holdout:qnn] epoch 0075  train_log_mse=0.00333  val_log_mse=0.05377  val_mse=0.000383  max_grad=0.53  patience=11/30
2026-10-09 04:43:03,130  gsv3.training             INFO     [family_holdout:qnn] epoch 0076  count_mse=0.0654  count_rel_err_2q=0.197
2026-10-09 04:43:03,130  gsv3.training             INFO     [family_holdout:qnn] epoch 0076  region_bce=0.0563  dist_mse=0.0650  region_overlap=0.938
2026-10-09 04:43:03,130  gsv3.training             INFO     [family_holdout:qnn] epoch 0076  train_log_mse=0.00384  val_log_mse=0.04982  val_mse=0.000349  max_grad=0.81  patience=12/30
2026-10-09 04:43:14,261  gsv3.training             INFO     [family_holdout:qnn] epoch 0077  count_mse=0.0641  count_rel_err_2q=0.196
2026-10-09 04:43:14,261  gsv3.training             INFO     [family_holdout:qnn] epoch 0077  region_bce=0.0511  dist_mse=0.0632  region_overlap=0.942
2026-10-09 04:43:14,261  gsv3.training             INFO     [family_holdout:qnn] epoch 0077  train_log_mse=0.00338  val_log_mse=0.05604  val_mse=0.000473  max_grad=0.68  patience=13/30
2026-10-09 04:43:25,292  gsv3.training             INFO     [family_holdout:qnn] epoch 0078  count_mse=0.0642  count_rel_err_2q=0.196
2026-10-09 04:43:25,292  gsv3.training             INFO     [family_holdout:qnn] epoch 0078  region_bce=0.0518  dist_mse=0.0631  region_overlap=0.941
2026-10-09 04:43:25,292  gsv3.training             INFO     [family_holdout:qnn] epoch 0078  train_log_mse=0.00331  val_log_mse=0.05111  val_mse=0.000351  max_grad=0.83  patience=14/30
2026-10-09 04:43:36,423  gsv3.training             INFO     [family_holdout:qnn] epoch 0079  count_mse=0.0640  count_rel_err_2q=0.196
2026-10-09 04:43:36,423  gsv3.training             INFO     [family_holdout:qnn] epoch 0079  region_bce=0.0523  dist_mse=0.0636  region_overlap=0.941
2026-10-09 04:43:36,423  gsv3.training             INFO     [family_holdout:qnn] epoch 0079  train_log_mse=0.00375  val_log_mse=0.05395  val_mse=0.000333  max_grad=0.62  patience=15/30
2026-10-09 04:43:47,464  gsv3.training             INFO     [family_holdout:qnn] epoch 0080  count_mse=0.0627  count_rel_err_2q=0.194
2026-10-09 04:43:47,464  gsv3.training             INFO     [family_holdout:qnn] epoch 0080  region_bce=0.0494  dist_mse=0.0620  region_overlap=0.943
2026-10-09 04:43:47,464  gsv3.training             INFO     [family_holdout:qnn] epoch 0080  train_log_mse=0.00328  val_log_mse=0.05281  val_mse=0.000363  max_grad=0.78  patience=16/30
2026-10-09 04:43:58,496  gsv3.training             INFO     [family_holdout:qnn] epoch 0081  count_mse=0.0629  count_rel_err_2q=0.195
2026-10-09 04:43:58,496  gsv3.training             INFO     [family_holdout:qnn] epoch 0081  region_bce=0.0482  dist_mse=0.0615  region_overlap=0.944
2026-10-09 04:43:58,498  gsv3.training             INFO     [family_holdout:qnn] epoch 0081  train_log_mse=0.00312  val_log_mse=0.05317  val_mse=0.000331  max_grad=0.58  patience=0/30
2026-10-09 04:44:09,626  gsv3.training             INFO     [family_holdout:qnn] epoch 0082  count_mse=0.0617  count_rel_err_2q=0.196
2026-10-09 04:44:09,626  gsv3.training             INFO     [family_holdout:qnn] epoch 0082  region_bce=0.0454  dist_mse=0.0604  region_overlap=0.946
2026-10-09 04:44:09,626  gsv3.training             INFO     [family_holdout:qnn] epoch 0082  train_log_mse=0.00303  val_log_mse=0.06319  val_mse=0.000357  max_grad=0.44  patience=1/30
2026-10-09 04:44:20,646  gsv3.training             INFO     [family_holdout:qnn] epoch 0083  count_mse=0.0624  count_rel_err_2q=0.196
2026-10-09 04:44:20,647  gsv3.training             INFO     [family_holdout:qnn] epoch 0083  region_bce=0.0494  dist_mse=0.0608  region_overlap=0.943
2026-10-09 04:44:20,647  gsv3.training             INFO     [family_holdout:qnn] epoch 0083  train_log_mse=0.00329  val_log_mse=0.05165  val_mse=0.000357  max_grad=0.52  patience=2/30
2026-10-09 04:44:31,736  gsv3.training             INFO     [family_holdout:qnn] epoch 0084  count_mse=0.0621  count_rel_err_2q=0.196
2026-10-09 04:44:31,736  gsv3.training             INFO     [family_holdout:qnn] epoch 0084  region_bce=0.0483  dist_mse=0.0607  region_overlap=0.944
2026-10-09 04:44:31,736  gsv3.training             INFO     [family_holdout:qnn] epoch 0084  train_log_mse=0.00326  val_log_mse=0.05268  val_mse=0.000350  max_grad=0.54  patience=3/30
2026-10-09 04:44:42,864  gsv3.training             INFO     [family_holdout:qnn] epoch 0085  count_mse=0.0609  count_rel_err_2q=0.194
2026-10-09 04:44:42,864  gsv3.training             INFO     [family_holdout:qnn] epoch 0085  region_bce=0.0464  dist_mse=0.0596  region_overlap=0.945
2026-10-09 04:44:42,864  gsv3.training             INFO     [family_holdout:qnn] epoch 0085  train_log_mse=0.00298  val_log_mse=0.05480  val_mse=0.000370  max_grad=0.46  patience=4/30
2026-10-09 04:44:53,886  gsv3.training             INFO     [family_holdout:qnn] epoch 0086  count_mse=0.0611  count_rel_err_2q=0.195
2026-10-09 04:44:53,886  gsv3.training             INFO     [family_holdout:qnn] epoch 0086  region_bce=0.0466  dist_mse=0.0593  region_overlap=0.945
2026-10-09 04:44:53,886  gsv3.training             INFO     [family_holdout:qnn] epoch 0086  train_log_mse=0.00315  val_log_mse=0.05461  val_mse=0.000372  max_grad=0.67  patience=5/30
2026-10-09 04:45:04,933  gsv3.training             INFO     [family_holdout:qnn] epoch 0087  count_mse=0.0618  count_rel_err_2q=0.196
2026-10-09 04:45:04,933  gsv3.training             INFO     [family_holdout:qnn] epoch 0087  region_bce=0.0493  dist_mse=0.0606  region_overlap=0.943
2026-10-09 04:45:04,933  gsv3.training             INFO     [family_holdout:qnn] epoch 0087  train_log_mse=0.00336  val_log_mse=0.07072  val_mse=0.000375  max_grad=1.51  patience=6/30
2026-10-09 04:45:15,956  gsv3.training             INFO     [family_holdout:qnn] epoch 0088  count_mse=0.0625  count_rel_err_2q=0.198
2026-10-09 04:45:15,956  gsv3.training             INFO     [family_holdout:qnn] epoch 0088  region_bce=0.0518  dist_mse=0.0618  region_overlap=0.942
2026-10-09 04:45:15,956  gsv3.training             INFO     [family_holdout:qnn] epoch 0088  train_log_mse=0.00383  val_log_mse=0.05698  val_mse=0.000361  max_grad=1.89  patience=7/30
2026-10-09 04:45:26,998  gsv3.training             INFO     [family_holdout:qnn] epoch 0089  count_mse=0.0604  count_rel_err_2q=0.196
2026-10-09 04:45:26,998  gsv3.training             INFO     [family_holdout:qnn] epoch 0089  region_bce=0.0448  dist_mse=0.0588  region_overlap=0.947
2026-10-09 04:45:26,998  gsv3.training             INFO     [family_holdout:qnn] epoch 0089  train_log_mse=0.00312  val_log_mse=0.05743  val_mse=0.000344  max_grad=0.65  patience=8/30
2026-10-09 04:45:38,085  gsv3.training             INFO     [family_holdout:qnn] epoch 0090  count_mse=0.0608  count_rel_err_2q=0.196
2026-10-09 04:45:38,085  gsv3.training             INFO     [family_holdout:qnn] epoch 0090  region_bce=0.0454  dist_mse=0.0590  region_overlap=0.946
2026-10-09 04:45:38,085  gsv3.training             INFO     [family_holdout:qnn] epoch 0090  train_log_mse=0.00310  val_log_mse=0.05118  val_mse=0.000360  max_grad=1.04  patience=9/30
2026-10-09 04:45:49,109  gsv3.training             INFO     [family_holdout:qnn] epoch 0091  count_mse=0.0600  count_rel_err_2q=0.195
2026-10-09 04:45:49,109  gsv3.training             INFO     [family_holdout:qnn] epoch 0091  region_bce=0.0448  dist_mse=0.0579  region_overlap=0.947
2026-10-09 04:45:49,109  gsv3.training             INFO     [family_holdout:qnn] epoch 0091  train_log_mse=0.00300  val_log_mse=0.05333  val_mse=0.000355  max_grad=0.46  patience=10/30
2026-10-09 04:46:00,249  gsv3.training             INFO     [family_holdout:qnn] epoch 0092  count_mse=0.0600  count_rel_err_2q=0.195
2026-10-09 04:46:00,249  gsv3.training             INFO     [family_holdout:qnn] epoch 0092  region_bce=0.0429  dist_mse=0.0575  region_overlap=0.948
2026-10-09 04:46:00,249  gsv3.training             INFO     [family_holdout:qnn] epoch 0092  train_log_mse=0.00323  val_log_mse=0.05370  val_mse=0.000347  max_grad=0.68  patience=11/30
2026-10-09 04:46:11,275  gsv3.training             INFO     [family_holdout:qnn] epoch 0093  count_mse=0.0604  count_rel_err_2q=0.195
2026-10-09 04:46:11,275  gsv3.training             INFO     [family_holdout:qnn] epoch 0093  region_bce=0.0467  dist_mse=0.0591  region_overlap=0.946
2026-10-09 04:46:11,275  gsv3.training             INFO     [family_holdout:qnn] epoch 0093  train_log_mse=0.00366  val_log_mse=0.05303  val_mse=0.000343  max_grad=1.31  patience=12/30
2026-10-09 04:46:22,305  gsv3.training             INFO     [family_holdout:qnn] epoch 0094  count_mse=0.0600  count_rel_err_2q=0.196
2026-10-09 04:46:22,305  gsv3.training             INFO     [family_holdout:qnn] epoch 0094  region_bce=0.0453  dist_mse=0.0578  region_overlap=0.947
2026-10-09 04:46:22,305  gsv3.training             INFO     [family_holdout:qnn] epoch 0094  train_log_mse=0.00304  val_log_mse=0.05659  val_mse=0.000344  max_grad=0.98  patience=13/30
2026-10-09 04:46:33,402  gsv3.training             INFO     [family_holdout:qnn] epoch 0095  count_mse=0.0587  count_rel_err_2q=0.196
2026-10-09 04:46:33,402  gsv3.training             INFO     [family_holdout:qnn] epoch 0095  region_bce=0.0416  dist_mse=0.0558  region_overlap=0.949
2026-10-09 04:46:33,402  gsv3.training             INFO     [family_holdout:qnn] epoch 0095  train_log_mse=0.00269  val_log_mse=0.05050  val_mse=0.000369  max_grad=0.50  patience=14/30
2026-10-09 04:46:44,440  gsv3.training             INFO     [family_holdout:qnn] epoch 0096  count_mse=0.0604  count_rel_err_2q=0.197
2026-10-09 04:46:44,440  gsv3.training             INFO     [family_holdout:qnn] epoch 0096  region_bce=0.0498  dist_mse=0.0588  region_overlap=0.944
2026-10-09 04:46:44,440  gsv3.training             INFO     [family_holdout:qnn] epoch 0096  train_log_mse=0.00403  val_log_mse=0.05444  val_mse=0.000352  max_grad=1.26  patience=15/30
2026-10-09 04:46:55,544  gsv3.training             INFO     [family_holdout:qnn] epoch 0097  count_mse=0.0586  count_rel_err_2q=0.196
2026-10-09 04:46:55,544  gsv3.training             INFO     [family_holdout:qnn] epoch 0097  region_bce=0.0419  dist_mse=0.0561  region_overlap=0.948
2026-10-09 04:46:55,544  gsv3.training             INFO     [family_holdout:qnn] epoch 0097  train_log_mse=0.00291  val_log_mse=0.04954  val_mse=0.000338  max_grad=0.50  patience=16/30
2026-10-09 04:47:06,570  gsv3.training             INFO     [family_holdout:qnn] epoch 0098  count_mse=0.0579  count_rel_err_2q=0.195
2026-10-09 04:47:06,571  gsv3.training             INFO     [family_holdout:qnn] epoch 0098  region_bce=0.0391  dist_mse=0.0547  region_overlap=0.951
2026-10-09 04:47:06,573  gsv3.training             INFO     [family_holdout:qnn] epoch 0098  train_log_mse=0.00278  val_log_mse=0.05038  val_mse=0.000331  max_grad=0.57  patience=0/30
2026-10-09 04:47:17,632  gsv3.training             INFO     [family_holdout:qnn] epoch 0099  count_mse=0.0580  count_rel_err_2q=0.195
2026-10-09 04:47:17,632  gsv3.training             INFO     [family_holdout:qnn] epoch 0099  region_bce=0.0417  dist_mse=0.0553  region_overlap=0.949
2026-10-09 04:47:17,633  gsv3.training             INFO     [family_holdout:qnn] epoch 0099  train_log_mse=0.00304  val_log_mse=0.05805  val_mse=0.000361  max_grad=0.88  patience=1/30
2026-10-09 04:47:28,717  gsv3.training             INFO     [family_holdout:qnn] epoch 0100  count_mse=0.0581  count_rel_err_2q=0.197
2026-10-09 04:47:28,717  gsv3.training             INFO     [family_holdout:qnn] epoch 0100  region_bce=0.0412  dist_mse=0.0548  region_overlap=0.949
2026-10-09 04:47:28,717  gsv3.training             INFO     [family_holdout:qnn] epoch 0100  train_log_mse=0.00299  val_log_mse=0.06097  val_mse=0.000338  max_grad=0.64  patience=2/30
2026-10-09 04:47:39,723  gsv3.training             INFO     [family_holdout:qnn] epoch 0101  count_mse=0.0576  count_rel_err_2q=0.195
2026-10-09 04:47:39,723  gsv3.training             INFO     [family_holdout:qnn] epoch 0101  region_bce=0.0409  dist_mse=0.0547  region_overlap=0.950
2026-10-09 04:47:39,723  gsv3.training             INFO     [family_holdout:qnn] epoch 0101  train_log_mse=0.00290  val_log_mse=0.05180  val_mse=0.000338  max_grad=0.39  patience=3/30
2026-10-09 04:47:50,817  gsv3.training             INFO     [family_holdout:qnn] epoch 0102  count_mse=0.0578  count_rel_err_2q=0.195
2026-10-09 04:47:50,818  gsv3.training             INFO     [family_holdout:qnn] epoch 0102  region_bce=0.0423  dist_mse=0.0553  region_overlap=0.948
2026-10-09 04:47:50,820  gsv3.training             INFO     [family_holdout:qnn] epoch 0102  train_log_mse=0.00315  val_log_mse=0.05493  val_mse=0.000329  max_grad=0.72  patience=0/30
2026-10-09 04:48:01,921  gsv3.training             INFO     [family_holdout:qnn] epoch 0103  count_mse=0.0573  count_rel_err_2q=0.196
2026-10-09 04:48:01,921  gsv3.training             INFO     [family_holdout:qnn] epoch 0103  region_bce=0.0393  dist_mse=0.0539  region_overlap=0.950
2026-10-09 04:48:01,921  gsv3.training             INFO     [family_holdout:qnn] epoch 0103  train_log_mse=0.00278  val_log_mse=0.05065  val_mse=0.000330  max_grad=0.47  patience=1/30
2026-10-09 04:48:12,939  gsv3.training             INFO     [family_holdout:qnn] epoch 0104  count_mse=0.0569  count_rel_err_2q=0.196
2026-10-09 04:48:12,939  gsv3.training             INFO     [family_holdout:qnn] epoch 0104  region_bce=0.0413  dist_mse=0.0540  region_overlap=0.949
2026-10-09 04:48:12,939  gsv3.training             INFO     [family_holdout:qnn] epoch 0104  train_log_mse=0.00294  val_log_mse=0.05271  val_mse=0.000343  max_grad=0.54  patience=2/30
2026-10-09 04:48:23,952  gsv3.training             INFO     [family_holdout:qnn] epoch 0105  count_mse=0.0564  count_rel_err_2q=0.195
2026-10-09 04:48:23,952  gsv3.training             INFO     [family_holdout:qnn] epoch 0105  region_bce=0.0403  dist_mse=0.0535  region_overlap=0.950
2026-10-09 04:48:23,952  gsv3.training             INFO     [family_holdout:qnn] epoch 0105  train_log_mse=0.00276  val_log_mse=0.05085  val_mse=0.000354  max_grad=0.32  patience=3/30
2026-10-09 04:48:34,917  gsv3.training             INFO     [family_holdout:qnn] epoch 0106  count_mse=0.0571  count_rel_err_2q=0.197
2026-10-09 04:48:34,917  gsv3.training             INFO     [family_holdout:qnn] epoch 0106  region_bce=0.0439  dist_mse=0.0548  region_overlap=0.948
2026-10-09 04:48:34,917  gsv3.training             INFO     [family_holdout:qnn] epoch 0106  train_log_mse=0.00300  val_log_mse=0.05496  val_mse=0.000374  max_grad=0.79  patience=4/30
2026-10-09 04:48:45,955  gsv3.training             INFO     [family_holdout:qnn] epoch 0107  count_mse=0.0569  count_rel_err_2q=0.197
2026-10-09 04:48:45,955  gsv3.training             INFO     [family_holdout:qnn] epoch 0107  region_bce=0.0404  dist_mse=0.0534  region_overlap=0.950
2026-10-09 04:48:45,955  gsv3.training             INFO     [family_holdout:qnn] epoch 0107  train_log_mse=0.00290  val_log_mse=0.05303  val_mse=0.000358  max_grad=0.66  patience=5/30
2026-10-09 04:48:56,911  gsv3.training             INFO     [family_holdout:qnn] epoch 0108  count_mse=0.0562  count_rel_err_2q=0.196
2026-10-09 04:48:56,911  gsv3.training             INFO     [family_holdout:qnn] epoch 0108  region_bce=0.0395  dist_mse=0.0526  region_overlap=0.951
2026-10-09 04:48:56,914  gsv3.training             INFO     [family_holdout:qnn] epoch 0108  train_log_mse=0.00268  val_log_mse=0.04793  val_mse=0.000312  max_grad=0.39  patience=0/30
2026-10-09 04:49:07,960  gsv3.training             INFO     [family_holdout:qnn] epoch 0109  count_mse=0.0560  count_rel_err_2q=0.195
2026-10-09 04:49:07,960  gsv3.training             INFO     [family_holdout:qnn] epoch 0109  region_bce=0.0384  dist_mse=0.0525  region_overlap=0.951
2026-10-09 04:49:07,960  gsv3.training             INFO     [family_holdout:qnn] epoch 0109  train_log_mse=0.00279  val_log_mse=0.05681  val_mse=0.000345  max_grad=0.43  patience=1/30
2026-10-09 04:49:18,924  gsv3.training             INFO     [family_holdout:qnn] epoch 0110  count_mse=0.0579  count_rel_err_2q=0.198
2026-10-09 04:49:18,925  gsv3.training             INFO     [family_holdout:qnn] epoch 0110  region_bce=0.0466  dist_mse=0.0556  region_overlap=0.946
2026-10-09 04:49:18,925  gsv3.training             INFO     [family_holdout:qnn] epoch 0110  train_log_mse=0.00360  val_log_mse=0.05293  val_mse=0.000350  max_grad=0.77  patience=2/30
2026-10-09 04:49:29,994  gsv3.training             INFO     [family_holdout:qnn] epoch 0111  count_mse=0.0563  count_rel_err_2q=0.197
2026-10-09 04:49:29,995  gsv3.training             INFO     [family_holdout:qnn] epoch 0111  region_bce=0.0372  dist_mse=0.0519  region_overlap=0.952
2026-10-09 04:49:29,995  gsv3.training             INFO     [family_holdout:qnn] epoch 0111  train_log_mse=0.00273  val_log_mse=0.05021  val_mse=0.000341  max_grad=0.76  patience=3/30
2026-10-09 04:49:40,948  gsv3.training             INFO     [family_holdout:qnn] epoch 0112  count_mse=0.0553  count_rel_err_2q=0.195
2026-10-09 04:49:40,948  gsv3.training             INFO     [family_holdout:qnn] epoch 0112  region_bce=0.0362  dist_mse=0.0509  region_overlap=0.953
2026-10-09 04:49:40,948  gsv3.training             INFO     [family_holdout:qnn] epoch 0112  train_log_mse=0.00271  val_log_mse=0.05232  val_mse=0.000332  max_grad=0.41  patience=4/30
2026-10-09 04:49:51,996  gsv3.training             INFO     [family_holdout:qnn] epoch 0113  count_mse=0.0550  count_rel_err_2q=0.195
2026-10-09 04:49:51,996  gsv3.training             INFO     [family_holdout:qnn] epoch 0113  region_bce=0.0358  dist_mse=0.0504  region_overlap=0.953
2026-10-09 04:49:51,996  gsv3.training             INFO     [family_holdout:qnn] epoch 0113  train_log_mse=0.00252  val_log_mse=0.05045  val_mse=0.000333  max_grad=0.32  patience=5/30
2026-10-09 04:50:02,963  gsv3.training             INFO     [family_holdout:qnn] epoch 0114  count_mse=0.0565  count_rel_err_2q=0.199
2026-10-09 04:50:02,963  gsv3.training             INFO     [family_holdout:qnn] epoch 0114  region_bce=0.0392  dist_mse=0.0515  region_overlap=0.951
2026-10-09 04:50:02,963  gsv3.training             INFO     [family_holdout:qnn] epoch 0114  train_log_mse=0.00280  val_log_mse=0.04953  val_mse=0.000385  max_grad=0.38  patience=6/30
2026-10-09 04:50:14,032  gsv3.training             INFO     [family_holdout:qnn] epoch 0115  count_mse=0.0556  count_rel_err_2q=0.196
2026-10-09 04:50:14,032  gsv3.training             INFO     [family_holdout:qnn] epoch 0115  region_bce=0.0395  dist_mse=0.0517  region_overlap=0.951
2026-10-09 04:50:14,032  gsv3.training             INFO     [family_holdout:qnn] epoch 0115  train_log_mse=0.00275  val_log_mse=0.05297  val_mse=0.000326  max_grad=0.52  patience=7/30
2026-10-09 04:50:25,077  gsv3.training             INFO     [family_holdout:qnn] epoch 0116  count_mse=0.0556  count_rel_err_2q=0.197
2026-10-09 04:50:25,077  gsv3.training             INFO     [family_holdout:qnn] epoch 0116  region_bce=0.0376  dist_mse=0.0508  region_overlap=0.952
2026-10-09 04:50:25,077  gsv3.training             INFO     [family_holdout:qnn] epoch 0116  train_log_mse=0.00281  val_log_mse=0.06447  val_mse=0.000337  max_grad=0.63  patience=8/30
2026-10-09 04:50:36,055  gsv3.training             INFO     [family_holdout:qnn] epoch 0117  count_mse=0.0556  count_rel_err_2q=0.196
2026-10-09 04:50:36,055  gsv3.training             INFO     [family_holdout:qnn] epoch 0117  region_bce=0.0388  dist_mse=0.0521  region_overlap=0.951
2026-10-09 04:50:36,055  gsv3.training             INFO     [family_holdout:qnn] epoch 0117  train_log_mse=0.00317  val_log_mse=0.05049  val_mse=0.000347  max_grad=0.68  patience=9/30
2026-10-09 04:50:47,111  gsv3.training             INFO     [family_holdout:qnn] epoch 0118  count_mse=0.0568  count_rel_err_2q=0.201
2026-10-09 04:50:47,111  gsv3.training             INFO     [family_holdout:qnn] epoch 0118  region_bce=0.0420  dist_mse=0.0524  region_overlap=0.949
2026-10-09 04:50:47,111  gsv3.training             INFO     [family_holdout:qnn] epoch 0118  train_log_mse=0.00319  val_log_mse=0.04934  val_mse=0.000367  max_grad=0.94  patience=10/30
2026-10-09 04:50:58,176  gsv3.training             INFO     [family_holdout:qnn] epoch 0119  count_mse=0.0546  count_rel_err_2q=0.196
2026-10-09 04:50:58,176  gsv3.training             INFO     [family_holdout:qnn] epoch 0119  region_bce=0.0360  dist_mse=0.0498  region_overlap=0.953
2026-10-09 04:50:58,176  gsv3.training             INFO     [family_holdout:qnn] epoch 0119  train_log_mse=0.00259  val_log_mse=0.05509  val_mse=0.000351  max_grad=0.40  patience=11/30
2026-10-09 04:51:09,127  gsv3.training             INFO     [family_holdout:qnn] epoch 0120  count_mse=0.0545  count_rel_err_2q=0.196
2026-10-09 04:51:09,127  gsv3.training             INFO     [family_holdout:qnn] epoch 0120  region_bce=0.0358  dist_mse=0.0495  region_overlap=0.953
2026-10-09 04:51:09,127  gsv3.training             INFO     [family_holdout:qnn] epoch 0120  train_log_mse=0.00257  val_log_mse=0.05093  val_mse=0.000333  max_grad=0.44  patience=12/30
2026-10-09 04:51:20,173  gsv3.training             INFO     [family_holdout:qnn] epoch 0121  count_mse=0.0540  count_rel_err_2q=0.196
2026-10-09 04:51:20,173  gsv3.training             INFO     [family_holdout:qnn] epoch 0121  region_bce=0.0340  dist_mse=0.0485  region_overlap=0.955
2026-10-09 04:51:20,173  gsv3.training             INFO     [family_holdout:qnn] epoch 0121  train_log_mse=0.00249  val_log_mse=0.05189  val_mse=0.000332  max_grad=0.32  patience=13/30
2026-10-09 04:51:31,115  gsv3.training             INFO     [family_holdout:qnn] epoch 0122  count_mse=0.0542  count_rel_err_2q=0.197
2026-10-09 04:51:31,115  gsv3.training             INFO     [family_holdout:qnn] epoch 0122  region_bce=0.0381  dist_mse=0.0500  region_overlap=0.952
2026-10-09 04:51:31,115  gsv3.training             INFO     [family_holdout:qnn] epoch 0122  train_log_mse=0.00272  val_log_mse=0.06412  val_mse=0.000353  max_grad=0.50  patience=14/30
2026-10-09 04:51:42,186  gsv3.training             INFO     [family_holdout:qnn] epoch 0123  count_mse=0.0541  count_rel_err_2q=0.197
2026-10-09 04:51:42,186  gsv3.training             INFO     [family_holdout:qnn] epoch 0123  region_bce=0.0354  dist_mse=0.0492  region_overlap=0.954
2026-10-09 04:51:42,186  gsv3.training             INFO     [family_holdout:qnn] epoch 0123  train_log_mse=0.00267  val_log_mse=0.05068  val_mse=0.000323  max_grad=0.36  patience=15/30
2026-10-09 04:51:53,141  gsv3.training             INFO     [family_holdout:qnn] epoch 0124  count_mse=0.0541  count_rel_err_2q=0.197
2026-10-09 04:51:53,141  gsv3.training             INFO     [family_holdout:qnn] epoch 0124  region_bce=0.0361  dist_mse=0.0488  region_overlap=0.953
2026-10-09 04:51:53,141  gsv3.training             INFO     [family_holdout:qnn] epoch 0124  train_log_mse=0.00272  val_log_mse=0.05084  val_mse=0.000335  max_grad=0.43  patience=16/30
2026-10-09 04:52:04,104  gsv3.training             INFO     [family_holdout:qnn] epoch 0125  count_mse=0.0535  count_rel_err_2q=0.196
2026-10-09 04:52:04,104  gsv3.training             INFO     [family_holdout:qnn] epoch 0125  region_bce=0.0344  dist_mse=0.0484  region_overlap=0.954
2026-10-09 04:52:04,104  gsv3.training             INFO     [family_holdout:qnn] epoch 0125  train_log_mse=0.00264  val_log_mse=0.06121  val_mse=0.000344  max_grad=0.41  patience=17/30
2026-10-09 04:52:15,072  gsv3.training             INFO     [family_holdout:qnn] epoch 0126  count_mse=0.0538  count_rel_err_2q=0.198
2026-10-09 04:52:15,072  gsv3.training             INFO     [family_holdout:qnn] epoch 0126  region_bce=0.0362  dist_mse=0.0489  region_overlap=0.953
2026-10-09 04:52:15,072  gsv3.training             INFO     [family_holdout:qnn] epoch 0126  train_log_mse=0.00268  val_log_mse=0.05357  val_mse=0.000316  max_grad=0.41  patience=18/30
2026-10-09 04:52:26,008  gsv3.training             INFO     [family_holdout:qnn] epoch 0127  count_mse=0.0538  count_rel_err_2q=0.197
2026-10-09 04:52:26,008  gsv3.training             INFO     [family_holdout:qnn] epoch 0127  region_bce=0.0356  dist_mse=0.0482  region_overlap=0.954
2026-10-09 04:52:26,008  gsv3.training             INFO     [family_holdout:qnn] epoch 0127  train_log_mse=0.00254  val_log_mse=0.05204  val_mse=0.000331  max_grad=0.36  patience=19/30
2026-10-09 04:52:36,958  gsv3.training             INFO     [family_holdout:qnn] epoch 0128  count_mse=0.0535  count_rel_err_2q=0.197
2026-10-09 04:52:36,958  gsv3.training             INFO     [family_holdout:qnn] epoch 0128  region_bce=0.0362  dist_mse=0.0486  region_overlap=0.953
2026-10-09 04:52:36,958  gsv3.training             INFO     [family_holdout:qnn] epoch 0128  train_log_mse=0.00276  val_log_mse=0.05219  val_mse=0.000323  max_grad=0.53  patience=20/30
2026-10-09 04:52:47,889  gsv3.training             INFO     [family_holdout:qnn] epoch 0129  count_mse=0.0536  count_rel_err_2q=0.197
2026-10-09 04:52:47,889  gsv3.training             INFO     [family_holdout:qnn] epoch 0129  region_bce=0.0370  dist_mse=0.0490  region_overlap=0.953
2026-10-09 04:52:47,890  gsv3.training             INFO     [family_holdout:qnn] epoch 0129  train_log_mse=0.00276  val_log_mse=0.05750  val_mse=0.000346  max_grad=0.82  patience=21/30
2026-10-09 04:52:58,824  gsv3.training             INFO     [family_holdout:qnn] epoch 0130  count_mse=0.0531  count_rel_err_2q=0.197
2026-10-09 04:52:58,825  gsv3.training             INFO     [family_holdout:qnn] epoch 0130  region_bce=0.0340  dist_mse=0.0474  region_overlap=0.955
2026-10-09 04:52:58,825  gsv3.training             INFO     [family_holdout:qnn] epoch 0130  train_log_mse=0.00268  val_log_mse=0.05069  val_mse=0.000346  max_grad=0.41  patience=22/30
2026-10-09 04:53:09,830  gsv3.training             INFO     [family_holdout:qnn] epoch 0131  count_mse=0.0529  count_rel_err_2q=0.199
2026-10-09 04:53:09,830  gsv3.training             INFO     [family_holdout:qnn] epoch 0131  region_bce=0.0344  dist_mse=0.0472  region_overlap=0.955
2026-10-09 04:53:09,830  gsv3.training             INFO     [family_holdout:qnn] epoch 0131  train_log_mse=0.00259  val_log_mse=0.05350  val_mse=0.000343  max_grad=0.78  patience=23/30
2026-10-09 04:53:20,755  gsv3.training             INFO     [family_holdout:qnn] epoch 0132  count_mse=0.0532  count_rel_err_2q=0.196
2026-10-09 04:53:20,755  gsv3.training             INFO     [family_holdout:qnn] epoch 0132  region_bce=0.0355  dist_mse=0.0479  region_overlap=0.954
2026-10-09 04:53:20,755  gsv3.training             INFO     [family_holdout:qnn] epoch 0132  train_log_mse=0.00275  val_log_mse=0.05255  val_mse=0.000345  max_grad=0.48  patience=24/30
2026-10-09 04:53:31,776  gsv3.training             INFO     [family_holdout:qnn] epoch 0133  count_mse=0.0531  count_rel_err_2q=0.197
2026-10-09 04:53:31,776  gsv3.training             INFO     [family_holdout:qnn] epoch 0133  region_bce=0.0340  dist_mse=0.0471  region_overlap=0.955
2026-10-09 04:53:31,776  gsv3.training             INFO     [family_holdout:qnn] epoch 0133  train_log_mse=0.00270  val_log_mse=0.04966  val_mse=0.000340  max_grad=0.54  patience=25/30
2026-10-09 04:53:42,692  gsv3.training             INFO     [family_holdout:qnn] epoch 0134  count_mse=0.0526  count_rel_err_2q=0.197
2026-10-09 04:53:42,692  gsv3.training             INFO     [family_holdout:qnn] epoch 0134  region_bce=0.0330  dist_mse=0.0466  region_overlap=0.956
2026-10-09 04:53:42,692  gsv3.training             INFO     [family_holdout:qnn] epoch 0134  train_log_mse=0.00245  val_log_mse=0.05229  val_mse=0.000314  max_grad=0.31  patience=26/30
2026-10-09 04:53:53,712  gsv3.training             INFO     [family_holdout:qnn] epoch 0135  count_mse=0.0527  count_rel_err_2q=0.197
2026-10-09 04:53:53,712  gsv3.training             INFO     [family_holdout:qnn] epoch 0135  region_bce=0.0332  dist_mse=0.0468  region_overlap=0.955
2026-10-09 04:53:53,712  gsv3.training             INFO     [family_holdout:qnn] epoch 0135  train_log_mse=0.00270  val_log_mse=0.05370  val_mse=0.000329  max_grad=0.44  patience=27/30
2026-10-09 04:54:04,647  gsv3.training             INFO     [family_holdout:qnn] epoch 0136  count_mse=0.0531  count_rel_err_2q=0.199
2026-10-09 04:54:04,648  gsv3.training             INFO     [family_holdout:qnn] epoch 0136  region_bce=0.0376  dist_mse=0.0481  region_overlap=0.953
2026-10-09 04:54:04,648  gsv3.training             INFO     [family_holdout:qnn] epoch 0136  train_log_mse=0.00283  val_log_mse=0.05205  val_mse=0.000336  max_grad=0.48  patience=28/30
2026-10-09 04:54:15,651  gsv3.training             INFO     [family_holdout:qnn] epoch 0137  count_mse=0.0524  count_rel_err_2q=0.198
2026-10-09 04:54:15,651  gsv3.training             INFO     [family_holdout:qnn] epoch 0137  region_bce=0.0360  dist_mse=0.0471  region_overlap=0.954
2026-10-09 04:54:15,651  gsv3.training             INFO     [family_holdout:qnn] epoch 0137  train_log_mse=0.00257  val_log_mse=0.05977  val_mse=0.000402  max_grad=0.57  patience=29/30
2026-10-09 04:54:26,575  gsv3.training             INFO     [family_holdout:qnn] epoch 0138  count_mse=0.0528  count_rel_err_2q=0.200
2026-10-09 04:54:26,575  gsv3.training             INFO     [family_holdout:qnn] epoch 0138  region_bce=0.0379  dist_mse=0.0476  region_overlap=0.953
2026-10-09 04:54:26,575  gsv3.training             INFO     [family_holdout:qnn] epoch 0138  train_log_mse=0.00259  val_log_mse=0.05227  val_mse=0.000344  max_grad=1.37  patience=30/30
2026-10-09 04:54:26,913  gsv3.experiment           INFO     [qnn] TEST  n=760  MAE=0.0520  R2=0.8802  device-acc=0.817  regret=0.0031
2026-10-09 04:54:26,916  genstudy.io               INFO     Wrote evaluations/generalization_v8/results/v8a_c001/leave_one_family_out/qnn/metrics.json
2026-10-09 04:54:26,922  genstudy.io               INFO     Wrote evaluations/generalization_v8/results/v8a_c001/leave_one_family_out/qnn/predictions.json
2026-10-09 04:54:26,932  genstudy.io               INFO     Wrote evaluations/generalization_v8/results/v8a_c001/leave_one_family_out/qnn/history.json
2026-10-09 04:54:26,954  genstudy.io               INFO     Wrote evaluations/generalization_v8/results/v8a_c001/leave_one_family_out/folds.json
2026-10-09 04:54:26,957  genstudy.experiment       INFO     Merged held-out predictions for 760 circuits
2026-10-09 04:54:26,961  genstudy.io               INFO     Wrote evaluations/generalization_v8/results/v8a_c001/leave_one_family_out/heldout_predictions.json
2026-10-09 04:54:26,961  run_experiment            INFO     leave_one_family_out finished: 1 complete, 0 skipped
2026-10-09 05:22:53,588  genstudy.io               INFO     Logging to evaluations/generalization_v8/results/v8a_c001/leave_one_family_out/run.log
2026-10-09 05:22:53,588  run_experiment            INFO     Command line: evaluations/generalization_v3/scripts/run_experiment.py lofo --model sinkhorn --balance-alpha 0 --lr 3e-4 --grad-clip 1.0 --seed 5 --families qnn --groups qnn --loss mixed --val-mode random --layout-lambda 0.1 --layout-loss region_dist --layouts-path evaluations/compile_check/results/compiler_layouts_v6pilot.pt --count-lambda 0.01 --counts-path evaluations/compile_check/results/compiler_counts_v8.pt --results-dir evaluations/generalization_v8/results/v8a_c001
2026-10-09 05:22:53,588  gsv2.gpu                  WARNING  No CUDA device available — running on the CPU.
2026-10-09 05:22:53,590  gsv3.model                INFO     Hyper-parameters (/home/atudisco/pred-distr-tool/src/model/best_params.json + v3 defaults): {'device_hidden': 64, 'device_layers': 3, 'fusion_dim': 128, 'qubit_layers': 2, 'attn_heads': 4, 'lap_pe': 8, 'cost_bias_init': -6.0, 'hidden_dim': 142, 'num_conv_wo_resnet': 3, 'num_resnet_layers': 1, 'dropout': 0.0, 'bidirectional': True, 'mlp': [512, 256, 128], 'lr': 0.001, 'readout': 'meanmaxsum'}
2026-10-09 05:22:53,602  gsv3.devices              INFO     Device graphs: node features 13 (Laplacian PE 8), physical errors True
2026-10-09 05:22:53,603  genstudy.data             INFO     Loading graph dataset: /home/atudisco/pred-distr-tool/evaluations/generalization_v3/data/graph_dataset_expected_fidelity.pt
2026-10-09 05:22:56,787  genstudy.data             INFO     Loaded 17056 graphs
2026-10-09 05:22:57,297  run_experiment            INFO     Compiler layouts (evaluations/compile_check/results/compiler_layouts_v6pilot.pt): 16994/17056 circuits
2026-10-09 05:22:57,760  run_experiment            INFO     Compiler counts (evaluations/compile_check/results/compiler_counts_v8.pt): 16994/17056 circuits
2026-10-09 05:22:57,765  genstudy.io               INFO     Wrote evaluations/generalization_v8/results/v8a_c001/leave_one_family_out/dataset_summary.json
2026-10-09 05:22:57,766  genstudy.data             INFO     Holding out 1 families: qnn
2026-10-09 05:22:57,768  run_experiment            INFO     [1/1] qnn already done — skipping
2026-10-09 05:22:57,769  genstudy.io               INFO     Wrote evaluations/generalization_v8/results/v8a_c001/leave_one_family_out/folds.json
2026-10-09 05:22:57,784  genstudy.experiment       INFO     Merged held-out predictions for 760 circuits
2026-10-09 05:22:57,788  genstudy.io               INFO     Wrote evaluations/generalization_v8/results/v8a_c001/leave_one_family_out/heldout_predictions.json
2026-10-09 05:22:57,789  run_experiment            INFO     leave_one_family_out finished: 1 complete, 0 skipped
