2026-10-09 06:32:54,225  genstudy.io               INFO     Logging to evaluations/generalization_v8/results/v8a_c001_s7/leave_one_family_out/run.log
2026-10-09 06:32:54,226  run_experiment            INFO     Command line: evaluations/generalization_v3/scripts/run_experiment.py lofo --model sinkhorn --balance-alpha 0 --lr 3e-4 --grad-clip 1.0 --seed 7 --families qaoa --groups qaoa --loss mixed --val-mode random --layout-lambda 0.1 --layout-loss region_dist --layouts-path evaluations/compile_check/results/compiler_layouts_v6pilot.pt --count-lambda 0.01 --counts-path evaluations/compile_check/results/compiler_counts_v8.pt --results-dir evaluations/generalization_v8/results/v8a_c001_s7
2026-10-09 06:32:54,226  gsv2.gpu                  WARNING  No CUDA device available — running on the CPU.
2026-10-09 06:32:54,226  genstudy.io               INFO     Logging to evaluations/generalization_v8/results/v8a_c001_s7/leave_one_family_out/run.log
2026-10-09 06:32:54,226  run_experiment            INFO     Command line: evaluations/generalization_v3/scripts/run_experiment.py lofo --model sinkhorn --balance-alpha 0 --lr 3e-4 --grad-clip 1.0 --seed 7 --families qnn --groups qnn --loss mixed --val-mode random --layout-lambda 0.1 --layout-loss region_dist --layouts-path evaluations/compile_check/results/compiler_layouts_v6pilot.pt --count-lambda 0.01 --counts-path evaluations/compile_check/results/compiler_counts_v8.pt --results-dir evaluations/generalization_v8/results/v8a_c001_s7
2026-10-09 06:32:54,227  gsv2.gpu                  WARNING  No CUDA device available — running on the CPU.
2026-10-09 06:32:54,237  gsv3.model                INFO     Hyper-parameters (/home/atudisco/pred-distr-tool/src/model/best_params.json + v3 defaults): {'device_hidden': 64, 'device_layers': 3, 'fusion_dim': 128, 'qubit_layers': 2, 'attn_heads': 4, 'lap_pe': 8, 'cost_bias_init': -6.0, 'hidden_dim': 142, 'num_conv_wo_resnet': 3, 'num_resnet_layers': 1, 'dropout': 0.0, 'bidirectional': True, 'mlp': [512, 256, 128], 'lr': 0.001, 'readout': 'meanmaxsum'}
2026-10-09 06:32:54,238  gsv3.model                INFO     Hyper-parameters (/home/atudisco/pred-distr-tool/src/model/best_params.json + v3 defaults): {'device_hidden': 64, 'device_layers': 3, 'fusion_dim': 128, 'qubit_layers': 2, 'attn_heads': 4, 'lap_pe': 8, 'cost_bias_init': -6.0, 'hidden_dim': 142, 'num_conv_wo_resnet': 3, 'num_resnet_layers': 1, 'dropout': 0.0, 'bidirectional': True, 'mlp': [512, 256, 128], 'lr': 0.001, 'readout': 'meanmaxsum'}
2026-10-09 06:32:54,717  gsv3.devices              INFO     Device graphs: node features 13 (Laplacian PE 8), physical errors True
2026-10-09 06:32:54,718  genstudy.data             INFO     Loading graph dataset: /home/atudisco/pred-distr-tool/evaluations/generalization_v3/data/graph_dataset_expected_fidelity.pt
2026-10-09 06:32:54,811  gsv3.devices              INFO     Device graphs: node features 13 (Laplacian PE 8), physical errors True
2026-10-09 06:32:54,812  genstudy.data             INFO     Loading graph dataset: /home/atudisco/pred-distr-tool/evaluations/generalization_v3/data/graph_dataset_expected_fidelity.pt
2026-10-09 06:32:59,703  genstudy.data             INFO     Loaded 17056 graphs
2026-10-09 06:32:59,703  genstudy.data             INFO     Loaded 17056 graphs
2026-10-09 06:33:00,339  run_experiment            INFO     Compiler layouts (evaluations/compile_check/results/compiler_layouts_v6pilot.pt): 16994/17056 circuits
2026-10-09 06:33:00,348  run_experiment            INFO     Compiler layouts (evaluations/compile_check/results/compiler_layouts_v6pilot.pt): 16994/17056 circuits
2026-10-09 06:33:01,024  run_experiment            INFO     Compiler counts (evaluations/compile_check/results/compiler_counts_v8.pt): 16994/17056 circuits
2026-10-09 06:33:01,025  run_experiment            INFO     Compiler counts (evaluations/compile_check/results/compiler_counts_v8.pt): 16994/17056 circuits
2026-10-09 06:33:01,031  genstudy.io               INFO     Wrote evaluations/generalization_v8/results/v8a_c001_s7/leave_one_family_out/dataset_summary.json
2026-10-09 06:33:01,032  genstudy.data             INFO     Holding out 1 families: qnn
2026-10-09 06:33:01,034  run_experiment            INFO     [1/1] qnn
2026-10-09 06:33:01,037  gsv3.experiment           INFO     === family_holdout / qnn ===
2026-10-09 06:33:01,037  gsv3.experiment           INFO     Leave-one-family-out: test = all 760 'qnn' circuits, train = 16296 circuits from 34 other families.
2026-10-09 06:33:01,038  gsv3.experiment           INFO     train=13037  val=3259 ({'mode': 'random'})  test=760
2026-10-09 06:33:01,136  genstudy.io               INFO     Wrote evaluations/generalization_v8/results/v8a_c001_s7/leave_one_family_out/dataset_summary.json
2026-10-09 06:33:01,136  genstudy.data             INFO     Holding out 1 families: qaoa
2026-10-09 06:33:01,139  run_experiment            INFO     [1/1] qaoa
2026-10-09 06:33:01,141  gsv3.experiment           INFO     === family_holdout / qaoa ===
2026-10-09 06:33:01,141  gsv3.experiment           INFO     Leave-one-family-out: test = all 2706 'qaoa' circuits, train = 14350 circuits from 34 other families.
2026-10-09 06:33:01,142  gsv3.experiment           INFO     train=11480  val=2870 ({'mode': 'random'})  test=2706
2026-10-09 06:33:01,784  gsv3.training             INFO     [family_holdout:qnn] model=sinkhorn (979423 params) train=13037 val=3259 lr=0.0003 clip=1.0 alpha=0.00
2026-10-09 06:33:01,807  gsv3.training             INFO     [family_holdout:qaoa] model=sinkhorn (979423 params) train=11480 val=2870 lr=0.0003 clip=1.0 alpha=0.00
2026-10-09 06:34:21,815  gsv3.training             INFO     [family_holdout:qaoa] epoch 0001  count_mse=0.7666  count_rel_err_2q=0.564
2026-10-09 06:34:21,816  gsv3.training             INFO     [family_holdout:qaoa] epoch 0001  region_bce=0.6429  dist_mse=0.2718  region_overlap=0.655
2026-10-09 06:34:21,817  gsv3.training             INFO     [family_holdout:qaoa] epoch 0001  train_log_mse=0.15896  val_log_mse=0.37508  val_mse=0.001797  max_grad=213.27  patience=0/30
2026-10-09 06:34:44,020  gsv3.training             INFO     [family_holdout:qnn] epoch 0001  count_mse=0.9908  count_rel_err_2q=0.534
2026-10-09 06:34:44,021  gsv3.training             INFO     [family_holdout:qnn] epoch 0001  region_bce=0.6036  dist_mse=0.2276  region_overlap=0.657
2026-10-09 06:34:44,023  gsv3.training             INFO     [family_holdout:qnn] epoch 0001  train_log_mse=0.15387  val_log_mse=0.25296  val_mse=0.001920  max_grad=216.68  patience=0/30
2026-10-09 06:35:41,179  gsv3.training             INFO     [family_holdout:qaoa] epoch 0002  count_mse=0.3745  count_rel_err_2q=0.330
2026-10-09 06:35:41,180  gsv3.training             INFO     [family_holdout:qaoa] epoch 0002  region_bce=0.3730  dist_mse=0.1900  region_overlap=0.733
2026-10-09 06:35:41,182  gsv3.training             INFO     [family_holdout:qaoa] epoch 0002  train_log_mse=0.02991  val_log_mse=0.20294  val_mse=0.001596  max_grad=9.11  patience=0/30
2026-10-09 06:36:26,230  gsv3.training             INFO     [family_holdout:qnn] epoch 0002  count_mse=0.3936  count_rel_err_2q=0.338
2026-10-09 06:36:26,231  gsv3.training             INFO     [family_holdout:qnn] epoch 0002  region_bce=0.3857  dist_mse=0.1877  region_overlap=0.725
2026-10-09 06:36:26,231  gsv3.training             INFO     [family_holdout:qnn] epoch 0002  train_log_mse=0.02372  val_log_mse=0.25406  val_mse=0.002729  max_grad=11.94  patience=1/30
2026-10-09 06:37:00,943  gsv3.training             INFO     [family_holdout:qaoa] epoch 0003  count_mse=0.2996  count_rel_err_2q=0.302
2026-10-09 06:37:00,944  gsv3.training             INFO     [family_holdout:qaoa] epoch 0003  region_bce=0.3288  dist_mse=0.1708  region_overlap=0.761
2026-10-09 06:37:00,946  gsv3.training             INFO     [family_holdout:qaoa] epoch 0003  train_log_mse=0.01881  val_log_mse=0.12880  val_mse=0.001107  max_grad=3.23  patience=0/30
2026-10-09 06:38:07,828  gsv3.training             INFO     [family_holdout:qnn] epoch 0003  count_mse=0.2909  count_rel_err_2q=0.321
2026-10-09 06:38:07,828  gsv3.training             INFO     [family_holdout:qnn] epoch 0003  region_bce=0.3530  dist_mse=0.1707  region_overlap=0.746
2026-10-09 06:38:07,830  gsv3.training             INFO     [family_holdout:qnn] epoch 0003  train_log_mse=0.02115  val_log_mse=0.16251  val_mse=0.001324  max_grad=9.52  patience=0/30
2026-10-09 06:38:20,827  gsv3.training             INFO     [family_holdout:qaoa] epoch 0004  count_mse=0.2525  count_rel_err_2q=0.275
2026-10-09 06:38:20,827  gsv3.training             INFO     [family_holdout:qaoa] epoch 0004  region_bce=0.2956  dist_mse=0.1562  region_overlap=0.783
2026-10-09 06:38:20,829  gsv3.training             INFO     [family_holdout:qaoa] epoch 0004  train_log_mse=0.01412  val_log_mse=0.10889  val_mse=0.000957  max_grad=4.53  patience=0/30
2026-10-09 06:39:40,434  gsv3.training             INFO     [family_holdout:qaoa] epoch 0005  count_mse=0.2261  count_rel_err_2q=0.265
2026-10-09 06:39:40,435  gsv3.training             INFO     [family_holdout:qaoa] epoch 0005  region_bce=0.2776  dist_mse=0.1456  region_overlap=0.794
2026-10-09 06:39:40,435  gsv3.training             INFO     [family_holdout:qaoa] epoch 0005  train_log_mse=0.01296  val_log_mse=0.11502  val_mse=0.000982  max_grad=2.06  patience=1/30
2026-10-09 06:39:49,824  gsv3.training             INFO     [family_holdout:qnn] epoch 0004  count_mse=0.2447  count_rel_err_2q=0.296
2026-10-09 06:39:49,824  gsv3.training             INFO     [family_holdout:qnn] epoch 0004  region_bce=0.3191  dist_mse=0.1584  region_overlap=0.766
2026-10-09 06:39:49,824  gsv3.training             INFO     [family_holdout:qnn] epoch 0004  train_log_mse=0.01417  val_log_mse=0.19252  val_mse=0.001774  max_grad=4.84  patience=1/30
2026-10-09 06:40:59,872  gsv3.training             INFO     [family_holdout:qaoa] epoch 0006  count_mse=0.1962  count_rel_err_2q=0.252
2026-10-09 06:40:59,872  gsv3.training             INFO     [family_holdout:qaoa] epoch 0006  region_bce=0.2574  dist_mse=0.1397  region_overlap=0.806
2026-10-09 06:40:59,874  gsv3.training             INFO     [family_holdout:qaoa] epoch 0006  train_log_mse=0.01120  val_log_mse=0.07104  val_mse=0.000874  max_grad=6.87  patience=0/30
2026-10-09 06:41:31,513  gsv3.training             INFO     [family_holdout:qnn] epoch 0005  count_mse=0.2159  count_rel_err_2q=0.280
2026-10-09 06:41:31,513  gsv3.training             INFO     [family_holdout:qnn] epoch 0005  region_bce=0.3016  dist_mse=0.1503  region_overlap=0.777
2026-10-09 06:41:31,515  gsv3.training             INFO     [family_holdout:qnn] epoch 0005  train_log_mse=0.01251  val_log_mse=0.09750  val_mse=0.001051  max_grad=4.78  patience=0/30
2026-10-09 06:42:18,889  gsv3.training             INFO     [family_holdout:qaoa] epoch 0007  count_mse=0.1805  count_rel_err_2q=0.252
2026-10-09 06:42:18,889  gsv3.training             INFO     [family_holdout:qaoa] epoch 0007  region_bce=0.2445  dist_mse=0.1336  region_overlap=0.815
2026-10-09 06:42:18,891  gsv3.training             INFO     [family_holdout:qaoa] epoch 0007  train_log_mse=0.01098  val_log_mse=0.07819  val_mse=0.000780  max_grad=2.45  patience=0/30
2026-10-09 06:43:13,493  gsv3.training             INFO     [family_holdout:qnn] epoch 0006  count_mse=0.1954  count_rel_err_2q=0.270
2026-10-09 06:43:13,494  gsv3.training             INFO     [family_holdout:qnn] epoch 0006  region_bce=0.2869  dist_mse=0.1449  region_overlap=0.786
2026-10-09 06:43:13,494  gsv3.training             INFO     [family_holdout:qnn] epoch 0006  train_log_mse=0.01246  val_log_mse=0.13474  val_mse=0.001223  max_grad=4.05  patience=1/30
2026-10-09 06:43:38,072  gsv3.training             INFO     [family_holdout:qaoa] epoch 0008  count_mse=0.1604  count_rel_err_2q=0.249
2026-10-09 06:43:38,072  gsv3.training             INFO     [family_holdout:qaoa] epoch 0008  region_bce=0.2310  dist_mse=0.1282  region_overlap=0.825
2026-10-09 06:43:38,072  gsv3.training             INFO     [family_holdout:qaoa] epoch 0008  train_log_mse=0.00890  val_log_mse=0.07492  val_mse=0.000884  max_grad=2.17  patience=1/30
2026-10-09 06:44:55,798  gsv3.training             INFO     [family_holdout:qnn] epoch 0007  count_mse=0.1761  count_rel_err_2q=0.262
2026-10-09 06:44:55,799  gsv3.training             INFO     [family_holdout:qnn] epoch 0007  region_bce=0.2708  dist_mse=0.1396  region_overlap=0.797
2026-10-09 06:44:55,801  gsv3.training             INFO     [family_holdout:qnn] epoch 0007  train_log_mse=0.00989  val_log_mse=0.13205  val_mse=0.000940  max_grad=5.30  patience=0/30
2026-10-09 06:44:57,471  gsv3.training             INFO     [family_holdout:qaoa] epoch 0009  count_mse=0.1477  count_rel_err_2q=0.245
2026-10-09 06:44:57,471  gsv3.training             INFO     [family_holdout:qaoa] epoch 0009  region_bce=0.2205  dist_mse=0.1240  region_overlap=0.831
2026-10-09 06:44:57,475  gsv3.training             INFO     [family_holdout:qaoa] epoch 0009  train_log_mse=0.00827  val_log_mse=0.06343  val_mse=0.000723  max_grad=2.59  patience=0/30
2026-10-09 06:46:16,517  gsv3.training             INFO     [family_holdout:qaoa] epoch 0010  count_mse=0.1382  count_rel_err_2q=0.244
2026-10-09 06:46:16,518  gsv3.training             INFO     [family_holdout:qaoa] epoch 0010  region_bce=0.2161  dist_mse=0.1215  region_overlap=0.835
2026-10-09 06:46:16,518  gsv3.training             INFO     [family_holdout:qaoa] epoch 0010  train_log_mse=0.00900  val_log_mse=0.11724  val_mse=0.000967  max_grad=4.09  patience=1/30
2026-10-09 06:46:37,393  gsv3.training             INFO     [family_holdout:qnn] epoch 0008  count_mse=0.1683  count_rel_err_2q=0.262
2026-10-09 06:46:37,393  gsv3.training             INFO     [family_holdout:qnn] epoch 0008  region_bce=0.2586  dist_mse=0.1349  region_overlap=0.806
2026-10-09 06:46:37,395  gsv3.training             INFO     [family_holdout:qnn] epoch 0008  train_log_mse=0.01088  val_log_mse=0.16312  val_mse=0.000836  max_grad=3.51  patience=0/30
2026-10-09 06:47:35,718  gsv3.training             INFO     [family_holdout:qaoa] epoch 0011  count_mse=0.1320  count_rel_err_2q=0.239
2026-10-09 06:47:35,719  gsv3.training             INFO     [family_holdout:qaoa] epoch 0011  region_bce=0.2088  dist_mse=0.1190  region_overlap=0.839
2026-10-09 06:47:35,721  gsv3.training             INFO     [family_holdout:qaoa] epoch 0011  train_log_mse=0.00856  val_log_mse=0.07692  val_mse=0.000699  max_grad=2.22  patience=0/30
2026-10-09 06:48:18,657  gsv3.training             INFO     [family_holdout:qnn] epoch 0009  count_mse=0.1569  count_rel_err_2q=0.258
2026-10-09 06:48:18,658  gsv3.training             INFO     [family_holdout:qnn] epoch 0009  region_bce=0.2406  dist_mse=0.1289  region_overlap=0.817
2026-10-09 06:48:18,659  gsv3.training             INFO     [family_holdout:qnn] epoch 0009  train_log_mse=0.00838  val_log_mse=0.10127  val_mse=0.000784  max_grad=2.72  patience=0/30
2026-10-09 06:48:54,684  gsv3.training             INFO     [family_holdout:qaoa] epoch 0012  count_mse=0.1256  count_rel_err_2q=0.237
2026-10-09 06:48:54,685  gsv3.training             INFO     [family_holdout:qaoa] epoch 0012  region_bce=0.2003  dist_mse=0.1162  region_overlap=0.845
2026-10-09 06:48:54,687  gsv3.training             INFO     [family_holdout:qaoa] epoch 0012  train_log_mse=0.00766  val_log_mse=0.10532  val_mse=0.000645  max_grad=1.79  patience=0/30
2026-10-09 06:49:59,712  gsv3.training             INFO     [family_holdout:qnn] epoch 0010  count_mse=0.1470  count_rel_err_2q=0.254
2026-10-09 06:49:59,713  gsv3.training             INFO     [family_holdout:qnn] epoch 0010  region_bce=0.2328  dist_mse=0.1252  region_overlap=0.824
2026-10-09 06:49:59,713  gsv3.training             INFO     [family_holdout:qnn] epoch 0010  train_log_mse=0.00914  val_log_mse=0.10023  val_mse=0.000854  max_grad=2.80  patience=1/30
2026-10-09 06:50:13,807  gsv3.training             INFO     [family_holdout:qaoa] epoch 0013  count_mse=0.1191  count_rel_err_2q=0.233
2026-10-09 06:50:13,807  gsv3.training             INFO     [family_holdout:qaoa] epoch 0013  region_bce=0.1938  dist_mse=0.1140  region_overlap=0.849
2026-10-09 06:50:13,809  gsv3.training             INFO     [family_holdout:qaoa] epoch 0013  train_log_mse=0.00704  val_log_mse=0.05961  val_mse=0.000583  max_grad=1.45  patience=0/30
2026-10-09 06:51:32,816  gsv3.training             INFO     [family_holdout:qaoa] epoch 0014  count_mse=0.1192  count_rel_err_2q=0.232
2026-10-09 06:51:32,816  gsv3.training             INFO     [family_holdout:qaoa] epoch 0014  region_bce=0.1948  dist_mse=0.1131  region_overlap=0.849
2026-10-09 06:51:32,816  gsv3.training             INFO     [family_holdout:qaoa] epoch 0014  train_log_mse=0.00890  val_log_mse=0.07621  val_mse=0.000620  max_grad=3.61  patience=1/30
2026-10-09 06:51:40,146  gsv3.training             INFO     [family_holdout:qnn] epoch 0011  count_mse=0.1404  count_rel_err_2q=0.252
2026-10-09 06:51:40,147  gsv3.training             INFO     [family_holdout:qnn] epoch 0011  region_bce=0.2254  dist_mse=0.1224  region_overlap=0.829
2026-10-09 06:51:40,148  gsv3.training             INFO     [family_holdout:qnn] epoch 0011  train_log_mse=0.00844  val_log_mse=0.07826  val_mse=0.000725  max_grad=2.11  patience=0/30
2026-10-09 06:52:51,756  gsv3.training             INFO     [family_holdout:qaoa] epoch 0015  count_mse=0.1131  count_rel_err_2q=0.228
2026-10-09 06:52:51,757  gsv3.training             INFO     [family_holdout:qaoa] epoch 0015  region_bce=0.1835  dist_mse=0.1096  region_overlap=0.856
2026-10-09 06:52:51,757  gsv3.training             INFO     [family_holdout:qaoa] epoch 0015  train_log_mse=0.00700  val_log_mse=0.08777  val_mse=0.000692  max_grad=1.65  patience=2/30
2026-10-09 06:53:20,894  gsv3.training             INFO     [family_holdout:qnn] epoch 0012  count_mse=0.1296  count_rel_err_2q=0.247
2026-10-09 06:53:20,894  gsv3.training             INFO     [family_holdout:qnn] epoch 0012  region_bce=0.2139  dist_mse=0.1190  region_overlap=0.836
2026-10-09 06:53:20,896  gsv3.training             INFO     [family_holdout:qnn] epoch 0012  train_log_mse=0.00694  val_log_mse=0.08603  val_mse=0.000708  max_grad=2.24  patience=0/30
2026-10-09 06:54:10,855  gsv3.training             INFO     [family_holdout:qaoa] epoch 0016  count_mse=0.1097  count_rel_err_2q=0.226
2026-10-09 06:54:10,856  gsv3.training             INFO     [family_holdout:qaoa] epoch 0016  region_bce=0.1785  dist_mse=0.1073  region_overlap=0.859
2026-10-09 06:54:10,858  gsv3.training             INFO     [family_holdout:qaoa] epoch 0016  train_log_mse=0.00609  val_log_mse=0.06915  val_mse=0.000565  max_grad=1.18  patience=0/30
2026-10-09 06:55:02,185  gsv3.training             INFO     [family_holdout:qnn] epoch 0013  count_mse=0.1262  count_rel_err_2q=0.246
2026-10-09 06:55:02,186  gsv3.training             INFO     [family_holdout:qnn] epoch 0013  region_bce=0.2083  dist_mse=0.1170  region_overlap=0.839
2026-10-09 06:55:02,186  gsv3.training             INFO     [family_holdout:qnn] epoch 0013  train_log_mse=0.00720  val_log_mse=0.08913  val_mse=0.000739  max_grad=1.89  patience=1/30
2026-10-09 06:55:29,592  gsv3.training             INFO     [family_holdout:qaoa] epoch 0017  count_mse=0.1073  count_rel_err_2q=0.223
2026-10-09 06:55:29,592  gsv3.training             INFO     [family_holdout:qaoa] epoch 0017  region_bce=0.1741  dist_mse=0.1052  region_overlap=0.862
2026-10-09 06:55:29,594  gsv3.training             INFO     [family_holdout:qaoa] epoch 0017  train_log_mse=0.00625  val_log_mse=0.05775  val_mse=0.000552  max_grad=1.95  patience=0/30
2026-10-09 06:56:43,478  gsv3.training             INFO     [family_holdout:qnn] epoch 0014  count_mse=0.1209  count_rel_err_2q=0.243
2026-10-09 06:56:43,479  gsv3.training             INFO     [family_holdout:qnn] epoch 0014  region_bce=0.2015  dist_mse=0.1150  region_overlap=0.844
2026-10-09 06:56:43,481  gsv3.training             INFO     [family_holdout:qnn] epoch 0014  train_log_mse=0.00669  val_log_mse=0.07028  val_mse=0.000687  max_grad=1.84  patience=0/30
2026-10-09 06:56:48,405  gsv3.training             INFO     [family_holdout:qaoa] epoch 0018  count_mse=0.1044  count_rel_err_2q=0.218
2026-10-09 06:56:48,406  gsv3.training             INFO     [family_holdout:qaoa] epoch 0018  region_bce=0.1694  dist_mse=0.1027  region_overlap=0.865
2026-10-09 06:56:48,408  gsv3.training             INFO     [family_holdout:qaoa] epoch 0018  train_log_mse=0.00605  val_log_mse=0.05466  val_mse=0.000540  max_grad=1.34  patience=0/30
2026-10-09 06:58:07,412  gsv3.training             INFO     [family_holdout:qaoa] epoch 0019  count_mse=0.1006  count_rel_err_2q=0.213
2026-10-09 06:58:07,412  gsv3.training             INFO     [family_holdout:qaoa] epoch 0019  region_bce=0.1642  dist_mse=0.1001  region_overlap=0.868
2026-10-09 06:58:07,414  gsv3.training             INFO     [family_holdout:qaoa] epoch 0019  train_log_mse=0.00515  val_log_mse=0.05809  val_mse=0.000536  max_grad=1.11  patience=0/30
2026-10-09 06:58:25,218  gsv3.training             INFO     [family_holdout:qnn] epoch 0015  count_mse=0.1185  count_rel_err_2q=0.241
2026-10-09 06:58:25,219  gsv3.training             INFO     [family_holdout:qnn] epoch 0015  region_bce=0.1984  dist_mse=0.1136  region_overlap=0.846
2026-10-09 06:58:25,221  gsv3.training             INFO     [family_holdout:qnn] epoch 0015  train_log_mse=0.00670  val_log_mse=0.07584  val_mse=0.000671  max_grad=2.32  patience=0/30
2026-10-09 06:59:26,287  gsv3.training             INFO     [family_holdout:qaoa] epoch 0020  count_mse=0.0983  count_rel_err_2q=0.212
2026-10-09 06:59:26,288  gsv3.training             INFO     [family_holdout:qaoa] epoch 0020  region_bce=0.1597  dist_mse=0.0970  region_overlap=0.871
2026-10-09 06:59:26,289  gsv3.training             INFO     [family_holdout:qaoa] epoch 0020  train_log_mse=0.00563  val_log_mse=0.06984  val_mse=0.000516  max_grad=1.66  patience=0/30
2026-10-09 07:00:07,003  gsv3.training             INFO     [family_holdout:qnn] epoch 0016  count_mse=0.1150  count_rel_err_2q=0.235
2026-10-09 07:00:07,004  gsv3.training             INFO     [family_holdout:qnn] epoch 0016  region_bce=0.1898  dist_mse=0.1118  region_overlap=0.851
2026-10-09 07:00:07,006  gsv3.training             INFO     [family_holdout:qnn] epoch 0016  train_log_mse=0.00622  val_log_mse=0.06901  val_mse=0.000631  max_grad=1.62  patience=0/30
2026-10-09 07:00:44,896  gsv3.training             INFO     [family_holdout:qaoa] epoch 0021  count_mse=0.0989  count_rel_err_2q=0.212
2026-10-09 07:00:44,896  gsv3.training             INFO     [family_holdout:qaoa] epoch 0021  region_bce=0.1586  dist_mse=0.0951  region_overlap=0.872
2026-10-09 07:00:44,898  gsv3.training             INFO     [family_holdout:qaoa] epoch 0021  train_log_mse=0.00648  val_log_mse=0.05385  val_mse=0.000500  max_grad=1.72  patience=0/30
2026-10-09 07:01:48,366  gsv3.training             INFO     [family_holdout:qnn] epoch 0017  count_mse=0.1125  count_rel_err_2q=0.235
2026-10-09 07:01:48,367  gsv3.training             INFO     [family_holdout:qnn] epoch 0017  region_bce=0.1861  dist_mse=0.1100  region_overlap=0.854
2026-10-09 07:01:48,367  gsv3.training             INFO     [family_holdout:qnn] epoch 0017  train_log_mse=0.00647  val_log_mse=0.09533  val_mse=0.000953  max_grad=1.63  patience=1/30
2026-10-09 07:02:04,236  gsv3.training             INFO     [family_holdout:qaoa] epoch 0022  count_mse=0.0949  count_rel_err_2q=0.208
2026-10-09 07:02:04,236  gsv3.training             INFO     [family_holdout:qaoa] epoch 0022  region_bce=0.1528  dist_mse=0.0920  region_overlap=0.876
2026-10-09 07:02:04,236  gsv3.training             INFO     [family_holdout:qaoa] epoch 0022  train_log_mse=0.00509  val_log_mse=0.06464  val_mse=0.000551  max_grad=1.39  patience=1/30
2026-10-09 07:03:23,466  gsv3.training             INFO     [family_holdout:qaoa] epoch 0023  count_mse=0.0936  count_rel_err_2q=0.207
2026-10-09 07:03:23,467  gsv3.training             INFO     [family_holdout:qaoa] epoch 0023  region_bce=0.1490  dist_mse=0.0903  region_overlap=0.878
2026-10-09 07:03:23,468  gsv3.training             INFO     [family_holdout:qaoa] epoch 0023  train_log_mse=0.00544  val_log_mse=0.04985  val_mse=0.000472  max_grad=1.79  patience=0/30
2026-10-09 07:03:29,961  gsv3.training             INFO     [family_holdout:qnn] epoch 0018  count_mse=0.1117  count_rel_err_2q=0.234
2026-10-09 07:03:29,961  gsv3.training             INFO     [family_holdout:qnn] epoch 0018  region_bce=0.1869  dist_mse=0.1101  region_overlap=0.853
2026-10-09 07:03:29,961  gsv3.training             INFO     [family_holdout:qnn] epoch 0018  train_log_mse=0.00693  val_log_mse=0.08767  val_mse=0.000844  max_grad=2.54  patience=2/30
2026-10-09 07:04:42,746  gsv3.training             INFO     [family_holdout:qaoa] epoch 0024  count_mse=0.0908  count_rel_err_2q=0.204
2026-10-09 07:04:42,747  gsv3.training             INFO     [family_holdout:qaoa] epoch 0024  region_bce=0.1478  dist_mse=0.0892  region_overlap=0.879
2026-10-09 07:04:42,749  gsv3.training             INFO     [family_holdout:qaoa] epoch 0024  train_log_mse=0.00539  val_log_mse=0.06194  val_mse=0.000465  max_grad=1.69  patience=0/30
2026-10-09 07:05:11,140  gsv3.training             INFO     [family_holdout:qnn] epoch 0019  count_mse=0.1106  count_rel_err_2q=0.234
2026-10-09 07:05:11,141  gsv3.training             INFO     [family_holdout:qnn] epoch 0019  region_bce=0.1815  dist_mse=0.1082  region_overlap=0.857
2026-10-09 07:05:11,141  gsv3.training             INFO     [family_holdout:qnn] epoch 0019  train_log_mse=0.00711  val_log_mse=0.07274  val_mse=0.000714  max_grad=3.48  patience=3/30
2026-10-09 07:06:01,867  gsv3.training             INFO     [family_holdout:qaoa] epoch 0025  count_mse=0.0889  count_rel_err_2q=0.202
2026-10-09 07:06:01,868  gsv3.training             INFO     [family_holdout:qaoa] epoch 0025  region_bce=0.1420  dist_mse=0.0873  region_overlap=0.882
2026-10-09 07:06:01,868  gsv3.training             INFO     [family_holdout:qaoa] epoch 0025  train_log_mse=0.00466  val_log_mse=0.07514  val_mse=0.000500  max_grad=1.20  patience=1/30
2026-10-09 07:06:52,999  gsv3.training             INFO     [family_holdout:qnn] epoch 0020  count_mse=0.1076  count_rel_err_2q=0.232
2026-10-09 07:06:53,000  gsv3.training             INFO     [family_holdout:qnn] epoch 0020  region_bce=0.1777  dist_mse=0.1061  region_overlap=0.860
2026-10-09 07:06:53,000  gsv3.training             INFO     [family_holdout:qnn] epoch 0020  train_log_mse=0.00661  val_log_mse=0.10707  val_mse=0.000659  max_grad=7.21  patience=4/30
2026-10-09 07:07:21,042  gsv3.training             INFO     [family_holdout:qaoa] epoch 0026  count_mse=0.0878  count_rel_err_2q=0.200
2026-10-09 07:07:21,042  gsv3.training             INFO     [family_holdout:qaoa] epoch 0026  region_bce=0.1384  dist_mse=0.0860  region_overlap=0.885
2026-10-09 07:07:21,042  gsv3.training             INFO     [family_holdout:qaoa] epoch 0026  train_log_mse=0.00487  val_log_mse=0.07515  val_mse=0.000477  max_grad=1.96  patience=2/30
2026-10-09 07:08:34,717  gsv3.training             INFO     [family_holdout:qnn] epoch 0021  count_mse=0.1055  count_rel_err_2q=0.228
2026-10-09 07:08:34,717  gsv3.training             INFO     [family_holdout:qnn] epoch 0021  region_bce=0.1697  dist_mse=0.1034  region_overlap=0.865
2026-10-09 07:08:34,717  gsv3.training             INFO     [family_holdout:qnn] epoch 0021  train_log_mse=0.00571  val_log_mse=0.06459  val_mse=0.000668  max_grad=2.77  patience=5/30
2026-10-09 07:08:39,903  gsv3.training             INFO     [family_holdout:qaoa] epoch 0027  count_mse=0.0854  count_rel_err_2q=0.198
2026-10-09 07:08:39,904  gsv3.training             INFO     [family_holdout:qaoa] epoch 0027  region_bce=0.1368  dist_mse=0.0856  region_overlap=0.886
2026-10-09 07:08:39,905  gsv3.training             INFO     [family_holdout:qaoa] epoch 0027  train_log_mse=0.00471  val_log_mse=0.05249  val_mse=0.000421  max_grad=1.33  patience=0/30
2026-10-09 07:09:58,719  gsv3.training             INFO     [family_holdout:qaoa] epoch 0028  count_mse=0.0837  count_rel_err_2q=0.195
2026-10-09 07:09:58,720  gsv3.training             INFO     [family_holdout:qaoa] epoch 0028  region_bce=0.1309  dist_mse=0.0842  region_overlap=0.890
2026-10-09 07:09:58,722  gsv3.training             INFO     [family_holdout:qaoa] epoch 0028  train_log_mse=0.00417  val_log_mse=0.05722  val_mse=0.000412  max_grad=0.71  patience=0/30
2026-10-09 07:10:16,929  gsv3.training             INFO     [family_holdout:qnn] epoch 0022  count_mse=0.1032  count_rel_err_2q=0.225
2026-10-09 07:10:16,930  gsv3.training             INFO     [family_holdout:qnn] epoch 0022  region_bce=0.1642  dist_mse=0.1013  region_overlap=0.869
2026-10-09 07:10:16,930  gsv3.training             INFO     [family_holdout:qnn] epoch 0022  train_log_mse=0.00563  val_log_mse=0.07939  val_mse=0.000663  max_grad=1.51  patience=6/30
2026-10-09 07:11:18,219  gsv3.training             INFO     [family_holdout:qaoa] epoch 0029  count_mse=0.0829  count_rel_err_2q=0.194
2026-10-09 07:11:18,219  gsv3.training             INFO     [family_holdout:qaoa] epoch 0029  region_bce=0.1290  dist_mse=0.0835  region_overlap=0.891
2026-10-09 07:11:18,221  gsv3.training             INFO     [family_holdout:qaoa] epoch 0029  train_log_mse=0.00438  val_log_mse=0.05012  val_mse=0.000411  max_grad=1.22  patience=0/30
2026-10-09 07:11:58,857  gsv3.training             INFO     [family_holdout:qnn] epoch 0023  count_mse=0.1008  count_rel_err_2q=0.223
2026-10-09 07:11:58,858  gsv3.training             INFO     [family_holdout:qnn] epoch 0023  region_bce=0.1614  dist_mse=0.0999  region_overlap=0.870
2026-10-09 07:11:58,859  gsv3.training             INFO     [family_holdout:qnn] epoch 0023  train_log_mse=0.00519  val_log_mse=0.06168  val_mse=0.000539  max_grad=1.14  patience=0/30
2026-10-09 07:12:37,381  gsv3.training             INFO     [family_holdout:qaoa] epoch 0030  count_mse=0.0846  count_rel_err_2q=0.197
2026-10-09 07:12:37,381  gsv3.training             INFO     [family_holdout:qaoa] epoch 0030  region_bce=0.1325  dist_mse=0.0840  region_overlap=0.889
2026-10-09 07:12:37,381  gsv3.training             INFO     [family_holdout:qaoa] epoch 0030  train_log_mse=0.00569  val_log_mse=0.13670  val_mse=0.000470  max_grad=1.59  patience=1/30
2026-10-09 07:13:40,434  gsv3.training             INFO     [family_holdout:qnn] epoch 0024  count_mse=0.1005  count_rel_err_2q=0.222
2026-10-09 07:13:40,434  gsv3.training             INFO     [family_holdout:qnn] epoch 0024  region_bce=0.1594  dist_mse=0.0991  region_overlap=0.872
2026-10-09 07:13:40,434  gsv3.training             INFO     [family_holdout:qnn] epoch 0024  train_log_mse=0.00563  val_log_mse=0.10007  val_mse=0.000630  max_grad=1.55  patience=1/30
2026-10-09 07:13:56,320  gsv3.training             INFO     [family_holdout:qaoa] epoch 0031  count_mse=0.0878  count_rel_err_2q=0.199
2026-10-09 07:13:56,320  gsv3.training             INFO     [family_holdout:qaoa] epoch 0031  region_bce=0.1423  dist_mse=0.0862  region_overlap=0.884
2026-10-09 07:13:56,320  gsv3.training             INFO     [family_holdout:qaoa] epoch 0031  train_log_mse=0.00773  val_log_mse=0.08824  val_mse=0.000437  max_grad=5.51  patience=2/30
2026-10-09 07:15:15,313  gsv3.training             INFO     [family_holdout:qaoa] epoch 0032  count_mse=0.0820  count_rel_err_2q=0.190
2026-10-09 07:15:15,313  gsv3.training             INFO     [family_holdout:qaoa] epoch 0032  region_bce=0.1251  dist_mse=0.0820  region_overlap=0.893
2026-10-09 07:15:15,315  gsv3.training             INFO     [family_holdout:qaoa] epoch 0032  train_log_mse=0.00483  val_log_mse=0.05802  val_mse=0.000385  max_grad=1.38  patience=0/30
2026-10-09 07:15:22,060  gsv3.training             INFO     [family_holdout:qnn] epoch 0025  count_mse=0.0993  count_rel_err_2q=0.220
2026-10-09 07:15:22,060  gsv3.training             INFO     [family_holdout:qnn] epoch 0025  region_bce=0.1539  dist_mse=0.0978  region_overlap=0.875
2026-10-09 07:15:22,060  gsv3.training             INFO     [family_holdout:qnn] epoch 0025  train_log_mse=0.00564  val_log_mse=0.07218  val_mse=0.000559  max_grad=1.42  patience=2/30
2026-10-09 07:16:34,379  gsv3.training             INFO     [family_holdout:qaoa] epoch 0033  count_mse=0.0802  count_rel_err_2q=0.189
2026-10-09 07:16:34,379  gsv3.training             INFO     [family_holdout:qaoa] epoch 0033  region_bce=0.1188  dist_mse=0.0806  region_overlap=0.898
2026-10-09 07:16:34,379  gsv3.training             INFO     [family_holdout:qaoa] epoch 0033  train_log_mse=0.00412  val_log_mse=0.06003  val_mse=0.000463  max_grad=1.57  patience=1/30
2026-10-09 07:17:03,586  gsv3.training             INFO     [family_holdout:qnn] epoch 0026  count_mse=0.0957  count_rel_err_2q=0.218
2026-10-09 07:17:03,587  gsv3.training             INFO     [family_holdout:qnn] epoch 0026  region_bce=0.1484  dist_mse=0.0962  region_overlap=0.879
2026-10-09 07:17:03,587  gsv3.training             INFO     [family_holdout:qnn] epoch 0026  train_log_mse=0.00470  val_log_mse=0.06926  val_mse=0.000542  max_grad=1.05  patience=3/30
2026-10-09 07:17:53,338  gsv3.training             INFO     [family_holdout:qaoa] epoch 0034  count_mse=0.0793  count_rel_err_2q=0.188
2026-10-09 07:17:53,338  gsv3.training             INFO     [family_holdout:qaoa] epoch 0034  region_bce=0.1172  dist_mse=0.0801  region_overlap=0.899
2026-10-09 07:17:53,338  gsv3.training             INFO     [family_holdout:qaoa] epoch 0034  train_log_mse=0.00411  val_log_mse=0.04961  val_mse=0.000389  max_grad=0.77  patience=2/30
2026-10-09 07:18:45,230  gsv3.training             INFO     [family_holdout:qnn] epoch 0027  count_mse=0.0965  count_rel_err_2q=0.218
2026-10-09 07:18:45,231  gsv3.training             INFO     [family_holdout:qnn] epoch 0027  region_bce=0.1484  dist_mse=0.0954  region_overlap=0.879
2026-10-09 07:18:45,232  gsv3.training             INFO     [family_holdout:qnn] epoch 0027  train_log_mse=0.00564  val_log_mse=0.09104  val_mse=0.000499  max_grad=1.62  patience=0/30
2026-10-09 07:19:12,401  gsv3.training             INFO     [family_holdout:qaoa] epoch 0035  count_mse=0.0777  count_rel_err_2q=0.187
2026-10-09 07:19:12,401  gsv3.training             INFO     [family_holdout:qaoa] epoch 0035  region_bce=0.1147  dist_mse=0.0791  region_overlap=0.901
2026-10-09 07:19:12,401  gsv3.training             INFO     [family_holdout:qaoa] epoch 0035  train_log_mse=0.00401  val_log_mse=0.04890  val_mse=0.000390  max_grad=1.35  patience=3/30
2026-10-09 07:20:27,018  gsv3.training             INFO     [family_holdout:qnn] epoch 0028  count_mse=0.0959  count_rel_err_2q=0.216
2026-10-09 07:20:27,019  gsv3.training             INFO     [family_holdout:qnn] epoch 0028  region_bce=0.1462  dist_mse=0.0948  region_overlap=0.881
2026-10-09 07:20:27,020  gsv3.training             INFO     [family_holdout:qnn] epoch 0028  train_log_mse=0.00609  val_log_mse=0.06821  val_mse=0.000485  max_grad=1.60  patience=0/30
2026-10-09 07:20:31,270  gsv3.training             INFO     [family_holdout:qaoa] epoch 0036  count_mse=0.0770  count_rel_err_2q=0.185
2026-10-09 07:20:31,270  gsv3.training             INFO     [family_holdout:qaoa] epoch 0036  region_bce=0.1129  dist_mse=0.0787  region_overlap=0.902
2026-10-09 07:20:31,270  gsv3.training             INFO     [family_holdout:qaoa] epoch 0036  train_log_mse=0.00400  val_log_mse=0.05341  val_mse=0.000391  max_grad=2.20  patience=4/30
2026-10-09 07:21:49,771  gsv3.training             INFO     [family_holdout:qaoa] epoch 0037  count_mse=0.0762  count_rel_err_2q=0.184
2026-10-09 07:21:49,772  gsv3.training             INFO     [family_holdout:qaoa] epoch 0037  region_bce=0.1087  dist_mse=0.0777  region_overlap=0.904
2026-10-09 07:21:49,772  gsv3.training             INFO     [family_holdout:qaoa] epoch 0037  train_log_mse=0.00375  val_log_mse=0.06076  val_mse=0.000388  max_grad=0.82  patience=5/30
2026-10-09 07:22:07,988  gsv3.training             INFO     [family_holdout:qnn] epoch 0029  count_mse=0.0927  count_rel_err_2q=0.214
2026-10-09 07:22:07,989  gsv3.training             INFO     [family_holdout:qnn] epoch 0029  region_bce=0.1391  dist_mse=0.0931  region_overlap=0.885
2026-10-09 07:22:07,989  gsv3.training             INFO     [family_holdout:qnn] epoch 0029  train_log_mse=0.00471  val_log_mse=0.05999  val_mse=0.000512  max_grad=1.10  patience=1/30
2026-10-09 07:23:08,735  gsv3.training             INFO     [family_holdout:qaoa] epoch 0038  count_mse=0.0743  count_rel_err_2q=0.183
2026-10-09 07:23:08,736  gsv3.training             INFO     [family_holdout:qaoa] epoch 0038  region_bce=0.1074  dist_mse=0.0771  region_overlap=0.905
2026-10-09 07:23:08,736  gsv3.training             INFO     [family_holdout:qaoa] epoch 0038  train_log_mse=0.00361  val_log_mse=0.05826  val_mse=0.000386  max_grad=0.85  patience=6/30
2026-10-09 07:23:49,442  gsv3.training             INFO     [family_holdout:qnn] epoch 0030  count_mse=0.0916  count_rel_err_2q=0.213
2026-10-09 07:23:49,442  gsv3.training             INFO     [family_holdout:qnn] epoch 0030  region_bce=0.1368  dist_mse=0.0920  region_overlap=0.887
2026-10-09 07:23:49,442  gsv3.training             INFO     [family_holdout:qnn] epoch 0030  train_log_mse=0.00483  val_log_mse=0.07991  val_mse=0.000535  max_grad=1.24  patience=2/30
2026-10-09 07:24:27,767  gsv3.training             INFO     [family_holdout:qaoa] epoch 0039  count_mse=0.0757  count_rel_err_2q=0.184
2026-10-09 07:24:27,767  gsv3.training             INFO     [family_holdout:qaoa] epoch 0039  region_bce=0.1092  dist_mse=0.0776  region_overlap=0.905
2026-10-09 07:24:27,769  gsv3.training             INFO     [family_holdout:qaoa] epoch 0039  train_log_mse=0.00483  val_log_mse=0.04661  val_mse=0.000370  max_grad=1.40  patience=0/30
2026-10-09 07:25:30,853  gsv3.training             INFO     [family_holdout:qnn] epoch 0031  count_mse=0.0905  count_rel_err_2q=0.212
2026-10-09 07:25:30,854  gsv3.training             INFO     [family_holdout:qnn] epoch 0031  region_bce=0.1350  dist_mse=0.0917  region_overlap=0.888
2026-10-09 07:25:30,854  gsv3.training             INFO     [family_holdout:qnn] epoch 0031  train_log_mse=0.00506  val_log_mse=0.08524  val_mse=0.000597  max_grad=1.54  patience=3/30
2026-10-09 07:25:46,732  gsv3.training             INFO     [family_holdout:qaoa] epoch 0040  count_mse=0.0754  count_rel_err_2q=0.182
2026-10-09 07:25:46,733  gsv3.training             INFO     [family_holdout:qaoa] epoch 0040  region_bce=0.1047  dist_mse=0.0769  region_overlap=0.907
2026-10-09 07:25:46,733  gsv3.training             INFO     [family_holdout:qaoa] epoch 0040  train_log_mse=0.00475  val_log_mse=0.05476  val_mse=0.000375  max_grad=1.08  patience=1/30
2026-10-09 07:27:06,218  gsv3.training             INFO     [family_holdout:qaoa] epoch 0041  count_mse=0.0742  count_rel_err_2q=0.184
2026-10-09 07:27:06,219  gsv3.training             INFO     [family_holdout:qaoa] epoch 0041  region_bce=0.1013  dist_mse=0.0764  region_overlap=0.909
2026-10-09 07:27:06,219  gsv3.training             INFO     [family_holdout:qaoa] epoch 0041  train_log_mse=0.00383  val_log_mse=0.05226  val_mse=0.000385  max_grad=0.92  patience=2/30
2026-10-09 07:27:12,424  gsv3.training             INFO     [family_holdout:qnn] epoch 0032  count_mse=0.0908  count_rel_err_2q=0.212
2026-10-09 07:27:12,424  gsv3.training             INFO     [family_holdout:qnn] epoch 0032  region_bce=0.1336  dist_mse=0.0915  region_overlap=0.889
2026-10-09 07:27:12,424  gsv3.training             INFO     [family_holdout:qnn] epoch 0032  train_log_mse=0.00510  val_log_mse=0.05530  val_mse=0.000519  max_grad=10.47  patience=4/30
2026-10-09 07:28:25,769  gsv3.training             INFO     [family_holdout:qaoa] epoch 0042  count_mse=0.0717  count_rel_err_2q=0.179
2026-10-09 07:28:25,769  gsv3.training             INFO     [family_holdout:qaoa] epoch 0042  region_bce=0.0972  dist_mse=0.0753  region_overlap=0.912
2026-10-09 07:28:25,771  gsv3.training             INFO     [family_holdout:qaoa] epoch 0042  train_log_mse=0.00337  val_log_mse=0.05921  val_mse=0.000363  max_grad=0.62  patience=0/30
2026-10-09 07:28:53,719  gsv3.training             INFO     [family_holdout:qnn] epoch 0033  count_mse=0.0885  count_rel_err_2q=0.208
2026-10-09 07:28:53,719  gsv3.training             INFO     [family_holdout:qnn] epoch 0033  region_bce=0.1286  dist_mse=0.0899  region_overlap=0.892
2026-10-09 07:28:53,719  gsv3.training             INFO     [family_holdout:qnn] epoch 0033  train_log_mse=0.00484  val_log_mse=0.06859  val_mse=0.000488  max_grad=1.22  patience=5/30
2026-10-09 07:29:45,230  gsv3.training             INFO     [family_holdout:qaoa] epoch 0043  count_mse=0.0714  count_rel_err_2q=0.179
2026-10-09 07:29:45,230  gsv3.training             INFO     [family_holdout:qaoa] epoch 0043  region_bce=0.0954  dist_mse=0.0751  region_overlap=0.913
2026-10-09 07:29:45,232  gsv3.training             INFO     [family_holdout:qaoa] epoch 0043  train_log_mse=0.00346  val_log_mse=0.05496  val_mse=0.000360  max_grad=0.65  patience=0/30
2026-10-09 07:30:34,752  gsv3.training             INFO     [family_holdout:qnn] epoch 0034  count_mse=0.0887  count_rel_err_2q=0.210
2026-10-09 07:30:34,752  gsv3.training             INFO     [family_holdout:qnn] epoch 0034  region_bce=0.1284  dist_mse=0.0898  region_overlap=0.892
2026-10-09 07:30:34,754  gsv3.training             INFO     [family_holdout:qnn] epoch 0034  train_log_mse=0.00506  val_log_mse=0.05614  val_mse=0.000466  max_grad=2.17  patience=0/30
2026-10-09 07:31:04,426  gsv3.training             INFO     [family_holdout:qaoa] epoch 0044  count_mse=0.0702  count_rel_err_2q=0.177
2026-10-09 07:31:04,426  gsv3.training             INFO     [family_holdout:qaoa] epoch 0044  region_bce=0.0946  dist_mse=0.0745  region_overlap=0.914
2026-10-09 07:31:04,426  gsv3.training             INFO     [family_holdout:qaoa] epoch 0044  train_log_mse=0.00342  val_log_mse=0.05631  val_mse=0.000375  max_grad=0.85  patience=1/30
2026-10-09 07:32:16,424  gsv3.training             INFO     [family_holdout:qnn] epoch 0035  count_mse=0.0864  count_rel_err_2q=0.209
2026-10-09 07:32:16,424  gsv3.training             INFO     [family_holdout:qnn] epoch 0035  region_bce=0.1224  dist_mse=0.0885  region_overlap=0.896
2026-10-09 07:32:16,428  gsv3.training             INFO     [family_holdout:qnn] epoch 0035  train_log_mse=0.00484  val_log_mse=0.05817  val_mse=0.000464  max_grad=1.30  patience=0/30
2026-10-09 07:32:23,213  gsv3.training             INFO     [family_holdout:qaoa] epoch 0045  count_mse=0.0710  count_rel_err_2q=0.180
2026-10-09 07:32:23,213  gsv3.training             INFO     [family_holdout:qaoa] epoch 0045  region_bce=0.0943  dist_mse=0.0750  region_overlap=0.914
2026-10-09 07:32:23,215  gsv3.training             INFO     [family_holdout:qaoa] epoch 0045  train_log_mse=0.00389  val_log_mse=0.04834  val_mse=0.000347  max_grad=1.55  patience=0/30
2026-10-09 07:33:42,850  gsv3.training             INFO     [family_holdout:qaoa] epoch 0046  count_mse=0.0712  count_rel_err_2q=0.179
2026-10-09 07:33:42,851  gsv3.training             INFO     [family_holdout:qaoa] epoch 0046  region_bce=0.0913  dist_mse=0.0744  region_overlap=0.916
2026-10-09 07:33:42,851  gsv3.training             INFO     [family_holdout:qaoa] epoch 0046  train_log_mse=0.00410  val_log_mse=0.05999  val_mse=0.000391  max_grad=1.95  patience=1/30
2026-10-09 07:33:58,637  gsv3.training             INFO     [family_holdout:qnn] epoch 0036  count_mse=0.0846  count_rel_err_2q=0.206
2026-10-09 07:33:58,638  gsv3.training             INFO     [family_holdout:qnn] epoch 0036  region_bce=0.1209  dist_mse=0.0876  region_overlap=0.897
2026-10-09 07:33:58,639  gsv3.training             INFO     [family_holdout:qnn] epoch 0036  train_log_mse=0.00446  val_log_mse=0.06680  val_mse=0.000451  max_grad=0.80  patience=0/30
2026-10-09 07:35:02,108  gsv3.training             INFO     [family_holdout:qaoa] epoch 0047  count_mse=0.0700  count_rel_err_2q=0.179
2026-10-09 07:35:02,109  gsv3.training             INFO     [family_holdout:qaoa] epoch 0047  region_bce=0.0874  dist_mse=0.0737  region_overlap=0.918
2026-10-09 07:35:02,109  gsv3.training             INFO     [family_holdout:qaoa] epoch 0047  train_log_mse=0.00379  val_log_mse=0.04783  val_mse=0.000362  max_grad=1.04  patience=2/30
2026-10-09 07:35:40,629  gsv3.training             INFO     [family_holdout:qnn] epoch 0037  count_mse=0.0834  count_rel_err_2q=0.206
2026-10-09 07:35:40,629  gsv3.training             INFO     [family_holdout:qnn] epoch 0037  region_bce=0.1172  dist_mse=0.0863  region_overlap=0.899
2026-10-09 07:35:40,629  gsv3.training             INFO     [family_holdout:qnn] epoch 0037  train_log_mse=0.00422  val_log_mse=0.05987  val_mse=0.000499  max_grad=1.43  patience=1/30
2026-10-09 07:36:21,506  gsv3.training             INFO     [family_holdout:qaoa] epoch 0048  count_mse=0.0684  count_rel_err_2q=0.177
2026-10-09 07:36:21,506  gsv3.training             INFO     [family_holdout:qaoa] epoch 0048  region_bce=0.0838  dist_mse=0.0727  region_overlap=0.920
2026-10-09 07:36:21,506  gsv3.training             INFO     [family_holdout:qaoa] epoch 0048  train_log_mse=0.00316  val_log_mse=0.07097  val_mse=0.000464  max_grad=1.69  patience=3/30
2026-10-09 07:37:22,549  gsv3.training             INFO     [family_holdout:qnn] epoch 0038  count_mse=0.0825  count_rel_err_2q=0.203
2026-10-09 07:37:22,550  gsv3.training             INFO     [family_holdout:qnn] epoch 0038  region_bce=0.1107  dist_mse=0.0841  region_overlap=0.903
2026-10-09 07:37:22,550  gsv3.training             INFO     [family_holdout:qnn] epoch 0038  train_log_mse=0.00399  val_log_mse=0.05725  val_mse=0.000511  max_grad=0.91  patience=2/30
2026-10-09 07:37:41,064  gsv3.training             INFO     [family_holdout:qaoa] epoch 0049  count_mse=0.0705  count_rel_err_2q=0.179
2026-10-09 07:37:41,064  gsv3.training             INFO     [family_holdout:qaoa] epoch 0049  region_bce=0.0916  dist_mse=0.0744  region_overlap=0.916
2026-10-09 07:37:41,064  gsv3.training             INFO     [family_holdout:qaoa] epoch 0049  train_log_mse=0.00460  val_log_mse=0.05421  val_mse=0.000375  max_grad=2.62  patience=4/30
2026-10-09 07:38:59,902  gsv3.training             INFO     [family_holdout:qaoa] epoch 0050  count_mse=0.0671  count_rel_err_2q=0.175
2026-10-09 07:38:59,902  gsv3.training             INFO     [family_holdout:qaoa] epoch 0050  region_bce=0.0809  dist_mse=0.0721  region_overlap=0.923
2026-10-09 07:38:59,902  gsv3.training             INFO     [family_holdout:qaoa] epoch 0050  train_log_mse=0.00320  val_log_mse=0.05464  val_mse=0.000354  max_grad=1.02  patience=5/30
2026-10-09 07:39:04,864  gsv3.training             INFO     [family_holdout:qnn] epoch 0039  count_mse=0.0823  count_rel_err_2q=0.205
2026-10-09 07:39:04,864  gsv3.training             INFO     [family_holdout:qnn] epoch 0039  region_bce=0.1130  dist_mse=0.0838  region_overlap=0.902
2026-10-09 07:39:04,864  gsv3.training             INFO     [family_holdout:qnn] epoch 0039  train_log_mse=0.00417  val_log_mse=0.05598  val_mse=0.000484  max_grad=0.92  patience=3/30
2026-10-09 07:40:18,957  gsv3.training             INFO     [family_holdout:qaoa] epoch 0051  count_mse=0.0681  count_rel_err_2q=0.175
2026-10-09 07:40:18,958  gsv3.training             INFO     [family_holdout:qaoa] epoch 0051  region_bce=0.0800  dist_mse=0.0716  region_overlap=0.923
2026-10-09 07:40:18,958  gsv3.training             INFO     [family_holdout:qaoa] epoch 0051  train_log_mse=0.00351  val_log_mse=0.05166  val_mse=0.000366  max_grad=0.91  patience=6/30
2026-10-09 07:40:46,984  gsv3.training             INFO     [family_holdout:qnn] epoch 0040  count_mse=0.0809  count_rel_err_2q=0.204
2026-10-09 07:40:46,984  gsv3.training             INFO     [family_holdout:qnn] epoch 0040  region_bce=0.1085  dist_mse=0.0829  region_overlap=0.905
2026-10-09 07:40:46,984  gsv3.training             INFO     [family_holdout:qnn] epoch 0040  train_log_mse=0.00407  val_log_mse=0.06544  val_mse=0.000539  max_grad=1.03  patience=4/30
2026-10-09 07:41:37,936  gsv3.training             INFO     [family_holdout:qaoa] epoch 0052  count_mse=0.0684  count_rel_err_2q=0.176
2026-10-09 07:41:37,937  gsv3.training             INFO     [family_holdout:qaoa] epoch 0052  region_bce=0.0825  dist_mse=0.0730  region_overlap=0.922
2026-10-09 07:41:37,937  gsv3.training             INFO     [family_holdout:qaoa] epoch 0052  train_log_mse=0.00418  val_log_mse=0.05742  val_mse=0.000390  max_grad=1.43  patience=7/30
2026-10-09 07:42:29,894  gsv3.training             INFO     [family_holdout:qnn] epoch 0041  count_mse=0.0810  count_rel_err_2q=0.203
2026-10-09 07:42:29,895  gsv3.training             INFO     [family_holdout:qnn] epoch 0041  region_bce=0.1033  dist_mse=0.0820  region_overlap=0.908
2026-10-09 07:42:29,895  gsv3.training             INFO     [family_holdout:qnn] epoch 0041  train_log_mse=0.00448  val_log_mse=0.05656  val_mse=0.000453  max_grad=0.96  patience=5/30
2026-10-09 07:42:56,987  gsv3.training             INFO     [family_holdout:qaoa] epoch 0053  count_mse=0.0659  count_rel_err_2q=0.174
2026-10-09 07:42:56,988  gsv3.training             INFO     [family_holdout:qaoa] epoch 0053  region_bce=0.0769  dist_mse=0.0712  region_overlap=0.925
2026-10-09 07:42:56,988  gsv3.training             INFO     [family_holdout:qaoa] epoch 0053  train_log_mse=0.00318  val_log_mse=0.06406  val_mse=0.000415  max_grad=0.51  patience=8/30
2026-10-09 07:44:11,984  gsv3.training             INFO     [family_holdout:qnn] epoch 0042  count_mse=0.0800  count_rel_err_2q=0.203
2026-10-09 07:44:11,985  gsv3.training             INFO     [family_holdout:qnn] epoch 0042  region_bce=0.1019  dist_mse=0.0816  region_overlap=0.909
2026-10-09 07:44:11,987  gsv3.training             INFO     [family_holdout:qnn] epoch 0042  train_log_mse=0.00411  val_log_mse=0.06029  val_mse=0.000449  max_grad=0.96  patience=0/30
2026-10-09 07:44:15,983  gsv3.training             INFO     [family_holdout:qaoa] epoch 0054  count_mse=0.0654  count_rel_err_2q=0.174
2026-10-09 07:44:15,984  gsv3.training             INFO     [family_holdout:qaoa] epoch 0054  region_bce=0.0741  dist_mse=0.0704  region_overlap=0.927
2026-10-09 07:44:15,984  gsv3.training             INFO     [family_holdout:qaoa] epoch 0054  train_log_mse=0.00327  val_log_mse=0.05717  val_mse=0.000384  max_grad=0.88  patience=9/30
2026-10-09 07:45:35,206  gsv3.training             INFO     [family_holdout:qaoa] epoch 0055  count_mse=0.0644  count_rel_err_2q=0.173
2026-10-09 07:45:35,207  gsv3.training             INFO     [family_holdout:qaoa] epoch 0055  region_bce=0.0739  dist_mse=0.0698  region_overlap=0.927
2026-10-09 07:45:35,207  gsv3.training             INFO     [family_holdout:qaoa] epoch 0055  train_log_mse=0.00298  val_log_mse=0.04787  val_mse=0.000348  max_grad=0.56  patience=10/30
2026-10-09 07:45:53,127  gsv3.training             INFO     [family_holdout:qnn] epoch 0043  count_mse=0.0786  count_rel_err_2q=0.202
2026-10-09 07:45:53,128  gsv3.training             INFO     [family_holdout:qnn] epoch 0043  region_bce=0.0978  dist_mse=0.0810  region_overlap=0.911
2026-10-09 07:45:53,130  gsv3.training             INFO     [family_holdout:qnn] epoch 0043  train_log_mse=0.00419  val_log_mse=0.06053  val_mse=0.000436  max_grad=0.81  patience=0/30
2026-10-09 07:46:55,016  gsv3.training             INFO     [family_holdout:qaoa] epoch 0056  count_mse=0.0640  count_rel_err_2q=0.174
2026-10-09 07:46:55,017  gsv3.training             INFO     [family_holdout:qaoa] epoch 0056  region_bce=0.0697  dist_mse=0.0696  region_overlap=0.930
2026-10-09 07:46:55,017  gsv3.training             INFO     [family_holdout:qaoa] epoch 0056  train_log_mse=0.00320  val_log_mse=0.08619  val_mse=0.000378  max_grad=0.67  patience=11/30
2026-10-09 07:47:34,416  gsv3.training             INFO     [family_holdout:qnn] epoch 0044  count_mse=0.0794  count_rel_err_2q=0.203
2026-10-09 07:47:34,417  gsv3.training             INFO     [family_holdout:qnn] epoch 0044  region_bce=0.1010  dist_mse=0.0810  region_overlap=0.910
2026-10-09 07:47:34,417  gsv3.training             INFO     [family_holdout:qnn] epoch 0044  train_log_mse=0.00458  val_log_mse=0.06713  val_mse=0.000538  max_grad=1.01  patience=1/30
2026-10-09 07:48:14,869  gsv3.training             INFO     [family_holdout:qaoa] epoch 0057  count_mse=0.0646  count_rel_err_2q=0.174
2026-10-09 07:48:14,869  gsv3.training             INFO     [family_holdout:qaoa] epoch 0057  region_bce=0.0717  dist_mse=0.0697  region_overlap=0.929
2026-10-09 07:48:14,869  gsv3.training             INFO     [family_holdout:qaoa] epoch 0057  train_log_mse=0.00353  val_log_mse=0.04706  val_mse=0.000353  max_grad=0.66  patience=12/30
2026-10-09 07:49:15,660  gsv3.training             INFO     [family_holdout:qnn] epoch 0045  count_mse=0.0787  count_rel_err_2q=0.203
2026-10-09 07:49:15,661  gsv3.training             INFO     [family_holdout:qnn] epoch 0045  region_bce=0.1017  dist_mse=0.0812  region_overlap=0.910
2026-10-09 07:49:15,661  gsv3.training             INFO     [family_holdout:qnn] epoch 0045  train_log_mse=0.00541  val_log_mse=0.07233  val_mse=0.000490  max_grad=23.86  patience=2/30
2026-10-09 07:49:34,086  gsv3.training             INFO     [family_holdout:qaoa] epoch 0058  count_mse=0.0635  count_rel_err_2q=0.173
2026-10-09 07:49:34,087  gsv3.training             INFO     [family_holdout:qaoa] epoch 0058  region_bce=0.0701  dist_mse=0.0692  region_overlap=0.930
2026-10-09 07:49:34,087  gsv3.training             INFO     [family_holdout:qaoa] epoch 0058  train_log_mse=0.00321  val_log_mse=0.05463  val_mse=0.000406  max_grad=0.64  patience=13/30
2026-10-09 07:50:53,264  gsv3.training             INFO     [family_holdout:qaoa] epoch 0059  count_mse=0.0637  count_rel_err_2q=0.173
2026-10-09 07:50:53,264  gsv3.training             INFO     [family_holdout:qaoa] epoch 0059  region_bce=0.0687  dist_mse=0.0684  region_overlap=0.931
2026-10-09 07:50:53,264  gsv3.training             INFO     [family_holdout:qaoa] epoch 0059  train_log_mse=0.00332  val_log_mse=0.05668  val_mse=0.000378  max_grad=0.56  patience=14/30
2026-10-09 07:50:56,762  gsv3.training             INFO     [family_holdout:qnn] epoch 0046  count_mse=0.0786  count_rel_err_2q=0.203
2026-10-09 07:50:56,763  gsv3.training             INFO     [family_holdout:qnn] epoch 0046  region_bce=0.0986  dist_mse=0.0816  region_overlap=0.911
2026-10-09 07:50:56,763  gsv3.training             INFO     [family_holdout:qnn] epoch 0046  train_log_mse=0.00459  val_log_mse=0.09309  val_mse=0.000489  max_grad=3.16  patience=3/30
2026-10-09 07:52:12,271  gsv3.training             INFO     [family_holdout:qaoa] epoch 0060  count_mse=0.0636  count_rel_err_2q=0.173
2026-10-09 07:52:12,272  gsv3.training             INFO     [family_holdout:qaoa] epoch 0060  region_bce=0.0682  dist_mse=0.0685  region_overlap=0.931
2026-10-09 07:52:12,272  gsv3.training             INFO     [family_holdout:qaoa] epoch 0060  train_log_mse=0.00322  val_log_mse=0.05329  val_mse=0.000351  max_grad=0.65  patience=15/30
2026-10-09 07:52:37,653  gsv3.training             INFO     [family_holdout:qnn] epoch 0047  count_mse=0.0782  count_rel_err_2q=0.201
2026-10-09 07:52:37,653  gsv3.training             INFO     [family_holdout:qnn] epoch 0047  region_bce=0.0933  dist_mse=0.0803  region_overlap=0.914
2026-10-09 07:52:37,653  gsv3.training             INFO     [family_holdout:qnn] epoch 0047  train_log_mse=0.00476  val_log_mse=0.06203  val_mse=0.000465  max_grad=3.04  patience=4/30
2026-10-09 07:53:31,340  gsv3.training             INFO     [family_holdout:qaoa] epoch 0061  count_mse=0.0624  count_rel_err_2q=0.171
2026-10-09 07:53:31,341  gsv3.training             INFO     [family_holdout:qaoa] epoch 0061  region_bce=0.0676  dist_mse=0.0679  region_overlap=0.932
2026-10-09 07:53:31,342  gsv3.training             INFO     [family_holdout:qaoa] epoch 0061  train_log_mse=0.00312  val_log_mse=0.05259  val_mse=0.000344  max_grad=0.47  patience=0/30
2026-10-09 07:54:20,186  gsv3.training             INFO     [family_holdout:qnn] epoch 0048  count_mse=0.0769  count_rel_err_2q=0.202
2026-10-09 07:54:20,186  gsv3.training             INFO     [family_holdout:qnn] epoch 0048  region_bce=0.0887  dist_mse=0.0791  region_overlap=0.917
2026-10-09 07:54:20,186  gsv3.training             INFO     [family_holdout:qnn] epoch 0048  train_log_mse=0.00404  val_log_mse=0.05725  val_mse=0.000455  max_grad=2.23  patience=5/30
2026-10-09 07:54:50,647  gsv3.training             INFO     [family_holdout:qaoa] epoch 0062  count_mse=0.0618  count_rel_err_2q=0.173
2026-10-09 07:54:50,648  gsv3.training             INFO     [family_holdout:qaoa] epoch 0062  region_bce=0.0645  dist_mse=0.0675  region_overlap=0.934
2026-10-09 07:54:50,648  gsv3.training             INFO     [family_holdout:qaoa] epoch 0062  train_log_mse=0.00324  val_log_mse=0.04819  val_mse=0.000373  max_grad=0.66  patience=1/30
2026-10-09 07:56:02,182  gsv3.training             INFO     [family_holdout:qnn] epoch 0049  count_mse=0.0765  count_rel_err_2q=0.202
2026-10-09 07:56:02,183  gsv3.training             INFO     [family_holdout:qnn] epoch 0049  region_bce=0.0877  dist_mse=0.0784  region_overlap=0.918
2026-10-09 07:56:02,183  gsv3.training             INFO     [family_holdout:qnn] epoch 0049  train_log_mse=0.00398  val_log_mse=0.06357  val_mse=0.000476  max_grad=1.48  patience=6/30
2026-10-09 07:56:10,182  gsv3.training             INFO     [family_holdout:qaoa] epoch 0063  count_mse=0.0620  count_rel_err_2q=0.173
2026-10-09 07:56:10,183  gsv3.training             INFO     [family_holdout:qaoa] epoch 0063  region_bce=0.0633  dist_mse=0.0669  region_overlap=0.934
2026-10-09 07:56:10,183  gsv3.training             INFO     [family_holdout:qaoa] epoch 0063  train_log_mse=0.00342  val_log_mse=0.06046  val_mse=0.000363  max_grad=0.75  patience=2/30
2026-10-09 07:57:29,505  gsv3.training             INFO     [family_holdout:qaoa] epoch 0064  count_mse=0.0619  count_rel_err_2q=0.173
2026-10-09 07:57:29,506  gsv3.training             INFO     [family_holdout:qaoa] epoch 0064  region_bce=0.0656  dist_mse=0.0672  region_overlap=0.934
2026-10-09 07:57:29,506  gsv3.training             INFO     [family_holdout:qaoa] epoch 0064  train_log_mse=0.00342  val_log_mse=0.07213  val_mse=0.000372  max_grad=1.10  patience=3/30
2026-10-09 07:57:44,186  gsv3.training             INFO     [family_holdout:qnn] epoch 0050  count_mse=0.0742  count_rel_err_2q=0.199
2026-10-09 07:57:44,187  gsv3.training             INFO     [family_holdout:qnn] epoch 0050  region_bce=0.0807  dist_mse=0.0773  region_overlap=0.922
2026-10-09 07:57:44,187  gsv3.training             INFO     [family_holdout:qnn] epoch 0050  train_log_mse=0.00351  val_log_mse=0.06206  val_mse=0.000513  max_grad=1.39  patience=7/30
2026-10-09 07:58:48,909  gsv3.training             INFO     [family_holdout:qaoa] epoch 0065  count_mse=0.0628  count_rel_err_2q=0.174
2026-10-09 07:58:48,909  gsv3.training             INFO     [family_holdout:qaoa] epoch 0065  region_bce=0.0631  dist_mse=0.0675  region_overlap=0.934
2026-10-09 07:58:48,909  gsv3.training             INFO     [family_holdout:qaoa] epoch 0065  train_log_mse=0.00341  val_log_mse=0.05524  val_mse=0.000352  max_grad=1.12  patience=4/30
2026-10-09 07:59:26,233  gsv3.training             INFO     [family_holdout:qnn] epoch 0051  count_mse=0.0745  count_rel_err_2q=0.201
2026-10-09 07:59:26,233  gsv3.training             INFO     [family_holdout:qnn] epoch 0051  region_bce=0.0836  dist_mse=0.0778  region_overlap=0.921
2026-10-09 07:59:26,233  gsv3.training             INFO     [family_holdout:qnn] epoch 0051  train_log_mse=0.00405  val_log_mse=0.07344  val_mse=0.000448  max_grad=0.77  patience=8/30
2026-10-09 08:00:08,496  gsv3.training             INFO     [family_holdout:qaoa] epoch 0066  count_mse=0.0616  count_rel_err_2q=0.171
2026-10-09 08:00:08,496  gsv3.training             INFO     [family_holdout:qaoa] epoch 0066  region_bce=0.0601  dist_mse=0.0662  region_overlap=0.936
2026-10-09 08:00:08,496  gsv3.training             INFO     [family_holdout:qaoa] epoch 0066  train_log_mse=0.00312  val_log_mse=0.04730  val_mse=0.000357  max_grad=0.94  patience=5/30
2026-10-09 08:01:07,972  gsv3.training             INFO     [family_holdout:qnn] epoch 0052  count_mse=0.0730  count_rel_err_2q=0.199
2026-10-09 08:01:07,972  gsv3.training             INFO     [family_holdout:qnn] epoch 0052  region_bce=0.0779  dist_mse=0.0763  region_overlap=0.924
2026-10-09 08:01:07,972  gsv3.training             INFO     [family_holdout:qnn] epoch 0052  train_log_mse=0.00377  val_log_mse=0.07160  val_mse=0.000472  max_grad=0.66  patience=9/30
2026-10-09 08:01:27,955  gsv3.training             INFO     [family_holdout:qaoa] epoch 0067  count_mse=0.0622  count_rel_err_2q=0.174
2026-10-09 08:01:27,956  gsv3.training             INFO     [family_holdout:qaoa] epoch 0067  region_bce=0.0668  dist_mse=0.0671  region_overlap=0.933
2026-10-09 08:01:27,957  gsv3.training             INFO     [family_holdout:qaoa] epoch 0067  train_log_mse=0.00352  val_log_mse=0.05140  val_mse=0.000338  max_grad=2.62  patience=0/30
2026-10-09 08:02:47,549  gsv3.training             INFO     [family_holdout:qaoa] epoch 0068  count_mse=0.0612  count_rel_err_2q=0.172
2026-10-09 08:02:47,549  gsv3.training             INFO     [family_holdout:qaoa] epoch 0068  region_bce=0.0584  dist_mse=0.0651  region_overlap=0.938
2026-10-09 08:02:47,549  gsv3.training             INFO     [family_holdout:qaoa] epoch 0068  train_log_mse=0.00318  val_log_mse=0.06354  val_mse=0.000398  max_grad=0.69  patience=1/30
2026-10-09 08:02:49,551  gsv3.training             INFO     [family_holdout:qnn] epoch 0053  count_mse=0.0732  count_rel_err_2q=0.198
2026-10-09 08:02:49,551  gsv3.training             INFO     [family_holdout:qnn] epoch 0053  region_bce=0.0773  dist_mse=0.0762  region_overlap=0.924
2026-10-09 08:02:49,551  gsv3.training             INFO     [family_holdout:qnn] epoch 0053  train_log_mse=0.00410  val_log_mse=0.06518  val_mse=0.000477  max_grad=0.63  patience=10/30
2026-10-09 08:04:07,536  gsv3.training             INFO     [family_holdout:qaoa] epoch 0069  count_mse=0.0602  count_rel_err_2q=0.172
2026-10-09 08:04:07,536  gsv3.training             INFO     [family_holdout:qaoa] epoch 0069  region_bce=0.0625  dist_mse=0.0657  region_overlap=0.935
2026-10-09 08:04:07,537  gsv3.training             INFO     [family_holdout:qaoa] epoch 0069  train_log_mse=0.00341  val_log_mse=0.05417  val_mse=0.000348  max_grad=2.18  patience=2/30
2026-10-09 08:04:31,227  gsv3.training             INFO     [family_holdout:qnn] epoch 0054  count_mse=0.0739  count_rel_err_2q=0.200
2026-10-09 08:04:31,227  gsv3.training             INFO     [family_holdout:qnn] epoch 0054  region_bce=0.0818  dist_mse=0.0768  region_overlap=0.922
2026-10-09 08:04:31,227  gsv3.training             INFO     [family_holdout:qnn] epoch 0054  train_log_mse=0.00427  val_log_mse=0.06446  val_mse=0.000472  max_grad=1.37  patience=11/30
2026-10-09 08:05:27,318  gsv3.training             INFO     [family_holdout:qaoa] epoch 0070  count_mse=0.0593  count_rel_err_2q=0.171
2026-10-09 08:05:27,318  gsv3.training             INFO     [family_holdout:qaoa] epoch 0070  region_bce=0.0566  dist_mse=0.0643  region_overlap=0.939
2026-10-09 08:05:27,318  gsv3.training             INFO     [family_holdout:qaoa] epoch 0070  train_log_mse=0.00284  val_log_mse=0.05320  val_mse=0.000358  max_grad=0.83  patience=3/30
2026-10-09 08:06:12,757  gsv3.training             INFO     [family_holdout:qnn] epoch 0055  count_mse=0.0720  count_rel_err_2q=0.198
2026-10-09 08:06:12,757  gsv3.training             INFO     [family_holdout:qnn] epoch 0055  region_bce=0.0729  dist_mse=0.0749  region_overlap=0.927
2026-10-09 08:06:12,757  gsv3.training             INFO     [family_holdout:qnn] epoch 0055  train_log_mse=0.00358  val_log_mse=0.06697  val_mse=0.000468  max_grad=0.76  patience=12/30
2026-10-09 08:06:47,265  gsv3.training             INFO     [family_holdout:qaoa] epoch 0071  count_mse=0.0593  count_rel_err_2q=0.171
2026-10-09 08:06:47,266  gsv3.training             INFO     [family_holdout:qaoa] epoch 0071  region_bce=0.0563  dist_mse=0.0637  region_overlap=0.939
2026-10-09 08:06:47,266  gsv3.training             INFO     [family_holdout:qaoa] epoch 0071  train_log_mse=0.00311  val_log_mse=0.05232  val_mse=0.000343  max_grad=0.69  patience=4/30
2026-10-09 08:07:54,150  gsv3.training             INFO     [family_holdout:qnn] epoch 0056  count_mse=0.0712  count_rel_err_2q=0.198
2026-10-09 08:07:54,151  gsv3.training             INFO     [family_holdout:qnn] epoch 0056  region_bce=0.0699  dist_mse=0.0741  region_overlap=0.929
2026-10-09 08:07:54,151  gsv3.training             INFO     [family_holdout:qnn] epoch 0056  train_log_mse=0.00351  val_log_mse=0.05861  val_mse=0.000476  max_grad=0.62  patience=13/30
2026-10-09 08:08:07,061  gsv3.training             INFO     [family_holdout:qaoa] epoch 0072  count_mse=0.0587  count_rel_err_2q=0.172
2026-10-09 08:08:07,062  gsv3.training             INFO     [family_holdout:qaoa] epoch 0072  region_bce=0.0565  dist_mse=0.0636  region_overlap=0.939
2026-10-09 08:08:07,064  gsv3.training             INFO     [family_holdout:qaoa] epoch 0072  train_log_mse=0.00287  val_log_mse=0.05104  val_mse=0.000322  max_grad=0.58  patience=0/30
2026-10-09 08:09:26,344  gsv3.training             INFO     [family_holdout:qaoa] epoch 0073  count_mse=0.0574  count_rel_err_2q=0.170
2026-10-09 08:09:26,345  gsv3.training             INFO     [family_holdout:qaoa] epoch 0073  region_bce=0.0531  dist_mse=0.0628  region_overlap=0.941
2026-10-09 08:09:26,345  gsv3.training             INFO     [family_holdout:qaoa] epoch 0073  train_log_mse=0.00262  val_log_mse=0.05565  val_mse=0.000345  max_grad=0.39  patience=1/30
2026-10-09 08:09:35,977  gsv3.training             INFO     [family_holdout:qnn] epoch 0057  count_mse=0.0705  count_rel_err_2q=0.196
2026-10-09 08:09:35,977  gsv3.training             INFO     [family_holdout:qnn] epoch 0057  region_bce=0.0700  dist_mse=0.0738  region_overlap=0.929
2026-10-09 08:09:35,977  gsv3.training             INFO     [family_holdout:qnn] epoch 0057  train_log_mse=0.00359  val_log_mse=0.06008  val_mse=0.000436  max_grad=0.68  patience=14/30
2026-10-09 08:10:44,117  gsv3.training             INFO     [family_holdout:qaoa] epoch 0074  count_mse=0.0585  count_rel_err_2q=0.171
2026-10-09 08:10:44,118  gsv3.training             INFO     [family_holdout:qaoa] epoch 0074  region_bce=0.0609  dist_mse=0.0635  region_overlap=0.937
2026-10-09 08:10:44,118  gsv3.training             INFO     [family_holdout:qaoa] epoch 0074  train_log_mse=0.00304  val_log_mse=0.06927  val_mse=0.000341  max_grad=0.62  patience=2/30
2026-10-09 08:11:13,990  gsv3.training             INFO     [family_holdout:qnn] epoch 0058  count_mse=0.0707  count_rel_err_2q=0.199
2026-10-09 08:11:13,990  gsv3.training             INFO     [family_holdout:qnn] epoch 0058  region_bce=0.0706  dist_mse=0.0737  region_overlap=0.929
2026-10-09 08:11:13,992  gsv3.training             INFO     [family_holdout:qnn] epoch 0058  train_log_mse=0.00353  val_log_mse=0.05816  val_mse=0.000424  max_grad=0.88  patience=0/30
2026-10-09 08:11:58,959  gsv3.training             INFO     [family_holdout:qaoa] epoch 0075  count_mse=0.0583  count_rel_err_2q=0.173
2026-10-09 08:11:58,960  gsv3.training             INFO     [family_holdout:qaoa] epoch 0075  region_bce=0.0547  dist_mse=0.0624  region_overlap=0.941
2026-10-09 08:11:58,960  gsv3.training             INFO     [family_holdout:qaoa] epoch 0075  train_log_mse=0.00309  val_log_mse=0.05193  val_mse=0.000365  max_grad=0.71  patience=3/30
2026-10-09 08:12:49,803  gsv3.training             INFO     [family_holdout:qnn] epoch 0059  count_mse=0.0722  count_rel_err_2q=0.200
2026-10-09 08:12:49,803  gsv3.training             INFO     [family_holdout:qnn] epoch 0059  region_bce=0.0776  dist_mse=0.0748  region_overlap=0.925
2026-10-09 08:12:49,803  gsv3.training             INFO     [family_holdout:qnn] epoch 0059  train_log_mse=0.00468  val_log_mse=0.08147  val_mse=0.000489  max_grad=2.50  patience=1/30
2026-10-09 08:13:13,806  gsv3.training             INFO     [family_holdout:qaoa] epoch 0076  count_mse=0.0574  count_rel_err_2q=0.172
2026-10-09 08:13:13,806  gsv3.training             INFO     [family_holdout:qaoa] epoch 0076  region_bce=0.0514  dist_mse=0.0614  region_overlap=0.943
2026-10-09 08:13:13,806  gsv3.training             INFO     [family_holdout:qaoa] epoch 0076  train_log_mse=0.00274  val_log_mse=0.05251  val_mse=0.000338  max_grad=0.43  patience=4/30
2026-10-09 08:14:25,502  gsv3.training             INFO     [family_holdout:qnn] epoch 0060  count_mse=0.0727  count_rel_err_2q=0.200
2026-10-09 08:14:25,503  gsv3.training             INFO     [family_holdout:qnn] epoch 0060  region_bce=0.0770  dist_mse=0.0754  region_overlap=0.925
2026-10-09 08:14:25,503  gsv3.training             INFO     [family_holdout:qnn] epoch 0060  train_log_mse=0.00476  val_log_mse=0.06015  val_mse=0.000452  max_grad=1.59  patience=2/30
2026-10-09 08:14:28,624  gsv3.training             INFO     [family_holdout:qaoa] epoch 0077  count_mse=0.0576  count_rel_err_2q=0.172
2026-10-09 08:14:28,624  gsv3.training             INFO     [family_holdout:qaoa] epoch 0077  region_bce=0.0526  dist_mse=0.0620  region_overlap=0.942
2026-10-09 08:14:28,624  gsv3.training             INFO     [family_holdout:qaoa] epoch 0077  train_log_mse=0.00312  val_log_mse=0.05735  val_mse=0.000363  max_grad=0.62  patience=5/30
2026-10-09 08:15:43,198  gsv3.training             INFO     [family_holdout:qaoa] epoch 0078  count_mse=0.0578  count_rel_err_2q=0.171
2026-10-09 08:15:43,199  gsv3.training             INFO     [family_holdout:qaoa] epoch 0078  region_bce=0.0551  dist_mse=0.0622  region_overlap=0.941
2026-10-09 08:15:43,199  gsv3.training             INFO     [family_holdout:qaoa] epoch 0078  train_log_mse=0.00332  val_log_mse=0.05187  val_mse=0.000347  max_grad=0.92  patience=6/30
2026-10-09 08:16:00,838  gsv3.training             INFO     [family_holdout:qnn] epoch 0061  count_mse=0.0691  count_rel_err_2q=0.198
2026-10-09 08:16:00,838  gsv3.training             INFO     [family_holdout:qnn] epoch 0061  region_bce=0.0643  dist_mse=0.0720  region_overlap=0.933
2026-10-09 08:16:00,838  gsv3.training             INFO     [family_holdout:qnn] epoch 0061  train_log_mse=0.00330  val_log_mse=0.06423  val_mse=0.000510  max_grad=0.59  patience=3/30
2026-10-09 08:16:57,897  gsv3.training             INFO     [family_holdout:qaoa] epoch 0079  count_mse=0.0563  count_rel_err_2q=0.171
2026-10-09 08:16:57,898  gsv3.training             INFO     [family_holdout:qaoa] epoch 0079  region_bce=0.0522  dist_mse=0.0611  region_overlap=0.942
2026-10-09 08:16:57,898  gsv3.training             INFO     [family_holdout:qaoa] epoch 0079  train_log_mse=0.00278  val_log_mse=0.05087  val_mse=0.000346  max_grad=1.46  patience=7/30
2026-10-09 08:17:36,442  gsv3.training             INFO     [family_holdout:qnn] epoch 0062  count_mse=0.0689  count_rel_err_2q=0.198
2026-10-09 08:17:36,443  gsv3.training             INFO     [family_holdout:qnn] epoch 0062  region_bce=0.0637  dist_mse=0.0716  region_overlap=0.933
2026-10-09 08:17:36,443  gsv3.training             INFO     [family_holdout:qnn] epoch 0062  train_log_mse=0.00371  val_log_mse=0.06394  val_mse=0.000458  max_grad=0.81  patience=4/30
2026-10-09 08:18:12,610  gsv3.training             INFO     [family_holdout:qaoa] epoch 0080  count_mse=0.0562  count_rel_err_2q=0.170
2026-10-09 08:18:12,610  gsv3.training             INFO     [family_holdout:qaoa] epoch 0080  region_bce=0.0500  dist_mse=0.0600  region_overlap=0.944
2026-10-09 08:18:12,610  gsv3.training             INFO     [family_holdout:qaoa] epoch 0080  train_log_mse=0.00260  val_log_mse=0.05176  val_mse=0.000334  max_grad=0.62  patience=8/30
2026-10-09 08:19:11,328  gsv3.training             INFO     [family_holdout:qnn] epoch 0063  count_mse=0.0682  count_rel_err_2q=0.197
2026-10-09 08:19:11,329  gsv3.training             INFO     [family_holdout:qnn] epoch 0063  region_bce=0.0619  dist_mse=0.0708  region_overlap=0.935
2026-10-09 08:19:11,329  gsv3.training             INFO     [family_holdout:qnn] epoch 0063  train_log_mse=0.00339  val_log_mse=0.06700  val_mse=0.000451  max_grad=0.65  patience=5/30
2026-10-09 08:19:27,307  gsv3.training             INFO     [family_holdout:qaoa] epoch 0081  count_mse=0.0569  count_rel_err_2q=0.171
2026-10-09 08:19:27,307  gsv3.training             INFO     [family_holdout:qaoa] epoch 0081  region_bce=0.0523  dist_mse=0.0615  region_overlap=0.942
2026-10-09 08:19:27,307  gsv3.training             INFO     [family_holdout:qaoa] epoch 0081  train_log_mse=0.00330  val_log_mse=0.05516  val_mse=0.000368  max_grad=0.76  patience=9/30
2026-10-09 08:20:41,590  gsv3.training             INFO     [family_holdout:qaoa] epoch 0082  count_mse=0.0622  count_rel_err_2q=0.176
2026-10-09 08:20:41,591  gsv3.training             INFO     [family_holdout:qaoa] epoch 0082  region_bce=0.0735  dist_mse=0.0662  region_overlap=0.930
2026-10-09 08:20:41,591  gsv3.training             INFO     [family_holdout:qaoa] epoch 0082  train_log_mse=0.00640  val_log_mse=0.08981  val_mse=0.000390  max_grad=5.91  patience=10/30
2026-10-09 08:20:46,345  gsv3.training             INFO     [family_holdout:qnn] epoch 0064  count_mse=0.0699  count_rel_err_2q=0.200
2026-10-09 08:20:46,345  gsv3.training             INFO     [family_holdout:qnn] epoch 0064  region_bce=0.0643  dist_mse=0.0715  region_overlap=0.933
2026-10-09 08:20:46,345  gsv3.training             INFO     [family_holdout:qnn] epoch 0064  train_log_mse=0.00419  val_log_mse=0.07275  val_mse=0.000522  max_grad=1.03  patience=6/30
2026-10-09 08:21:55,592  gsv3.training             INFO     [family_holdout:qaoa] epoch 0083  count_mse=0.0620  count_rel_err_2q=0.179
2026-10-09 08:21:55,592  gsv3.training             INFO     [family_holdout:qaoa] epoch 0083  region_bce=0.0668  dist_mse=0.0650  region_overlap=0.934
2026-10-09 08:21:55,592  gsv3.training             INFO     [family_holdout:qaoa] epoch 0083  train_log_mse=0.00631  val_log_mse=0.10114  val_mse=0.000418  max_grad=54.63  patience=11/30
2026-10-09 08:22:20,586  gsv3.training             INFO     [family_holdout:qnn] epoch 0065  count_mse=0.0695  count_rel_err_2q=0.200
2026-10-09 08:22:20,586  gsv3.training             INFO     [family_holdout:qnn] epoch 0065  region_bce=0.0682  dist_mse=0.0728  region_overlap=0.931
2026-10-09 08:22:20,586  gsv3.training             INFO     [family_holdout:qnn] epoch 0065  train_log_mse=0.00418  val_log_mse=0.06792  val_mse=0.000452  max_grad=1.61  patience=7/30
2026-10-09 08:23:09,947  gsv3.training             INFO     [family_holdout:qaoa] epoch 0084  count_mse=0.0573  count_rel_err_2q=0.174
2026-10-09 08:23:09,947  gsv3.training             INFO     [family_holdout:qaoa] epoch 0084  region_bce=0.0528  dist_mse=0.0614  region_overlap=0.942
2026-10-09 08:23:09,948  gsv3.training             INFO     [family_holdout:qaoa] epoch 0084  train_log_mse=0.00372  val_log_mse=0.05135  val_mse=0.000359  max_grad=1.15  patience=12/30
2026-10-09 08:23:55,301  gsv3.training             INFO     [family_holdout:qnn] epoch 0066  count_mse=0.0677  count_rel_err_2q=0.197
2026-10-09 08:23:55,301  gsv3.training             INFO     [family_holdout:qnn] epoch 0066  region_bce=0.0598  dist_mse=0.0699  region_overlap=0.936
2026-10-09 08:23:55,301  gsv3.training             INFO     [family_holdout:qnn] epoch 0066  train_log_mse=0.00344  val_log_mse=0.05956  val_mse=0.000440  max_grad=1.00  patience=8/30
2026-10-09 08:24:24,648  gsv3.training             INFO     [family_holdout:qaoa] epoch 0085  count_mse=0.0553  count_rel_err_2q=0.171
2026-10-09 08:24:24,649  gsv3.training             INFO     [family_holdout:qaoa] epoch 0085  region_bce=0.0467  dist_mse=0.0589  region_overlap=0.946
2026-10-09 08:24:24,649  gsv3.training             INFO     [family_holdout:qaoa] epoch 0085  train_log_mse=0.00266  val_log_mse=0.04907  val_mse=0.000340  max_grad=0.41  patience=13/30
2026-10-09 08:25:30,140  gsv3.training             INFO     [family_holdout:qnn] epoch 0067  count_mse=0.0666  count_rel_err_2q=0.198
2026-10-09 08:25:30,141  gsv3.training             INFO     [family_holdout:qnn] epoch 0067  region_bce=0.0584  dist_mse=0.0691  region_overlap=0.937
2026-10-09 08:25:30,141  gsv3.training             INFO     [family_holdout:qnn] epoch 0067  train_log_mse=0.00354  val_log_mse=0.06832  val_mse=0.000472  max_grad=0.71  patience=9/30
2026-10-09 08:25:39,075  gsv3.training             INFO     [family_holdout:qaoa] epoch 0086  count_mse=0.0542  count_rel_err_2q=0.170
2026-10-09 08:25:39,075  gsv3.training             INFO     [family_holdout:qaoa] epoch 0086  region_bce=0.0481  dist_mse=0.0582  region_overlap=0.945
2026-10-09 08:25:39,075  gsv3.training             INFO     [family_holdout:qaoa] epoch 0086  train_log_mse=0.00231  val_log_mse=0.05676  val_mse=0.000353  max_grad=0.46  patience=14/30
2026-10-09 08:26:53,624  gsv3.training             INFO     [family_holdout:qaoa] epoch 0087  count_mse=0.0542  count_rel_err_2q=0.170
2026-10-09 08:26:53,624  gsv3.training             INFO     [family_holdout:qaoa] epoch 0087  region_bce=0.0453  dist_mse=0.0573  region_overlap=0.947
2026-10-09 08:26:53,626  gsv3.training             INFO     [family_holdout:qaoa] epoch 0087  train_log_mse=0.00245  val_log_mse=0.05132  val_mse=0.000317  max_grad=0.32  patience=0/30
2026-10-09 08:27:05,295  gsv3.training             INFO     [family_holdout:qnn] epoch 0068  count_mse=0.0666  count_rel_err_2q=0.197
2026-10-09 08:27:05,296  gsv3.training             INFO     [family_holdout:qnn] epoch 0068  region_bce=0.0589  dist_mse=0.0692  region_overlap=0.937
2026-10-09 08:27:05,296  gsv3.training             INFO     [family_holdout:qnn] epoch 0068  train_log_mse=0.00338  val_log_mse=0.06810  val_mse=0.000426  max_grad=0.91  patience=10/30
2026-10-09 08:28:08,440  gsv3.training             INFO     [family_holdout:qaoa] epoch 0088  count_mse=0.0538  count_rel_err_2q=0.170
2026-10-09 08:28:08,440  gsv3.training             INFO     [family_holdout:qaoa] epoch 0088  region_bce=0.0461  dist_mse=0.0572  region_overlap=0.947
2026-10-09 08:28:08,440  gsv3.training             INFO     [family_holdout:qaoa] epoch 0088  train_log_mse=0.00245  val_log_mse=0.06375  val_mse=0.000359  max_grad=0.60  patience=1/30
2026-10-09 08:28:40,299  gsv3.training             INFO     [family_holdout:qnn] epoch 0069  count_mse=0.0664  count_rel_err_2q=0.199
2026-10-09 08:28:40,300  gsv3.training             INFO     [family_holdout:qnn] epoch 0069  region_bce=0.0584  dist_mse=0.0686  region_overlap=0.937
2026-10-09 08:28:40,301  gsv3.training             INFO     [family_holdout:qnn] epoch 0069  train_log_mse=0.00317  val_log_mse=0.06026  val_mse=0.000424  max_grad=0.74  patience=0/30
2026-10-09 08:29:23,247  gsv3.training             INFO     [family_holdout:qaoa] epoch 0089  count_mse=0.0543  count_rel_err_2q=0.171
2026-10-09 08:29:23,248  gsv3.training             INFO     [family_holdout:qaoa] epoch 0089  region_bce=0.0483  dist_mse=0.0582  region_overlap=0.945
2026-10-09 08:29:23,248  gsv3.training             INFO     [family_holdout:qaoa] epoch 0089  train_log_mse=0.00268  val_log_mse=0.08728  val_mse=0.000349  max_grad=0.45  patience=2/30
2026-10-09 08:30:15,865  gsv3.training             INFO     [family_holdout:qnn] epoch 0070  count_mse=0.0657  count_rel_err_2q=0.198
2026-10-09 08:30:15,866  gsv3.training             INFO     [family_holdout:qnn] epoch 0070  region_bce=0.0556  dist_mse=0.0677  region_overlap=0.939
2026-10-09 08:30:15,866  gsv3.training             INFO     [family_holdout:qnn] epoch 0070  train_log_mse=0.00341  val_log_mse=0.06313  val_mse=0.000449  max_grad=0.91  patience=1/30
2026-10-09 08:30:37,864  gsv3.training             INFO     [family_holdout:qaoa] epoch 0090  count_mse=0.0537  count_rel_err_2q=0.171
2026-10-09 08:30:37,864  gsv3.training             INFO     [family_holdout:qaoa] epoch 0090  region_bce=0.0508  dist_mse=0.0582  region_overlap=0.944
2026-10-09 08:30:37,865  gsv3.training             INFO     [family_holdout:qaoa] epoch 0090  train_log_mse=0.00288  val_log_mse=0.06074  val_mse=0.000416  max_grad=1.85  patience=3/30
2026-10-09 08:31:51,916  gsv3.training             INFO     [family_holdout:qnn] epoch 0071  count_mse=0.0654  count_rel_err_2q=0.197
2026-10-09 08:31:51,916  gsv3.training             INFO     [family_holdout:qnn] epoch 0071  region_bce=0.0545  dist_mse=0.0671  region_overlap=0.940
2026-10-09 08:31:51,916  gsv3.training             INFO     [family_holdout:qnn] epoch 0071  train_log_mse=0.00342  val_log_mse=0.06503  val_mse=0.000461  max_grad=0.58  patience=2/30
2026-10-09 08:31:52,355  gsv3.training             INFO     [family_holdout:qaoa] epoch 0091  count_mse=0.0541  count_rel_err_2q=0.171
2026-10-09 08:31:52,355  gsv3.training             INFO     [family_holdout:qaoa] epoch 0091  region_bce=0.0513  dist_mse=0.0581  region_overlap=0.944
2026-10-09 08:31:52,355  gsv3.training             INFO     [family_holdout:qaoa] epoch 0091  train_log_mse=0.00285  val_log_mse=0.05050  val_mse=0.000334  max_grad=0.51  patience=4/30
2026-10-09 08:33:06,811  gsv3.training             INFO     [family_holdout:qaoa] epoch 0092  count_mse=0.0531  count_rel_err_2q=0.170
2026-10-09 08:33:06,811  gsv3.training             INFO     [family_holdout:qaoa] epoch 0092  region_bce=0.0462  dist_mse=0.0563  region_overlap=0.947
2026-10-09 08:33:06,811  gsv3.training             INFO     [family_holdout:qaoa] epoch 0092  train_log_mse=0.00248  val_log_mse=0.05143  val_mse=0.000326  max_grad=0.56  patience=5/30
2026-10-09 08:33:27,647  gsv3.training             INFO     [family_holdout:qnn] epoch 0072  count_mse=0.0660  count_rel_err_2q=0.197
2026-10-09 08:33:27,648  gsv3.training             INFO     [family_holdout:qnn] epoch 0072  region_bce=0.0582  dist_mse=0.0681  region_overlap=0.938
2026-10-09 08:33:27,648  gsv3.training             INFO     [family_holdout:qnn] epoch 0072  train_log_mse=0.00343  val_log_mse=0.05842  val_mse=0.000452  max_grad=1.22  patience=3/30
2026-10-09 08:34:21,495  gsv3.training             INFO     [family_holdout:qaoa] epoch 0093  count_mse=0.0522  count_rel_err_2q=0.171
2026-10-09 08:34:21,496  gsv3.training             INFO     [family_holdout:qaoa] epoch 0093  region_bce=0.0445  dist_mse=0.0557  region_overlap=0.948
2026-10-09 08:34:21,496  gsv3.training             INFO     [family_holdout:qaoa] epoch 0093  train_log_mse=0.00228  val_log_mse=0.05313  val_mse=0.000370  max_grad=0.39  patience=6/30
2026-10-09 08:35:03,454  gsv3.training             INFO     [family_holdout:qnn] epoch 0073  count_mse=0.0654  count_rel_err_2q=0.198
2026-10-09 08:35:03,455  gsv3.training             INFO     [family_holdout:qnn] epoch 0073  region_bce=0.0552  dist_mse=0.0671  region_overlap=0.940
2026-10-09 08:35:03,455  gsv3.training             INFO     [family_holdout:qnn] epoch 0073  train_log_mse=0.00336  val_log_mse=0.05898  val_mse=0.000430  max_grad=0.68  patience=4/30
2026-10-09 08:35:36,147  gsv3.training             INFO     [family_holdout:qaoa] epoch 0094  count_mse=0.0522  count_rel_err_2q=0.170
2026-10-09 08:35:36,148  gsv3.training             INFO     [family_holdout:qaoa] epoch 0094  region_bce=0.0464  dist_mse=0.0563  region_overlap=0.946
2026-10-09 08:35:36,148  gsv3.training             INFO     [family_holdout:qaoa] epoch 0094  train_log_mse=0.00230  val_log_mse=0.05578  val_mse=0.000402  max_grad=0.33  patience=7/30
2026-10-09 08:36:39,241  gsv3.training             INFO     [family_holdout:qnn] epoch 0074  count_mse=0.0644  count_rel_err_2q=0.198
2026-10-09 08:36:39,242  gsv3.training             INFO     [family_holdout:qnn] epoch 0074  region_bce=0.0548  dist_mse=0.0663  region_overlap=0.940
2026-10-09 08:36:39,242  gsv3.training             INFO     [family_holdout:qnn] epoch 0074  train_log_mse=0.00320  val_log_mse=0.06549  val_mse=0.000457  max_grad=0.54  patience=5/30
2026-10-09 08:36:50,794  gsv3.training             INFO     [family_holdout:qaoa] epoch 0095  count_mse=0.0527  count_rel_err_2q=0.171
2026-10-09 08:36:50,794  gsv3.training             INFO     [family_holdout:qaoa] epoch 0095  region_bce=0.0466  dist_mse=0.0562  region_overlap=0.946
2026-10-09 08:36:50,794  gsv3.training             INFO     [family_holdout:qaoa] epoch 0095  train_log_mse=0.00271  val_log_mse=0.06061  val_mse=0.000401  max_grad=0.70  patience=8/30
2026-10-09 08:38:05,048  gsv3.training             INFO     [family_holdout:qaoa] epoch 0096  count_mse=0.0531  count_rel_err_2q=0.171
2026-10-09 08:38:05,049  gsv3.training             INFO     [family_holdout:qaoa] epoch 0096  region_bce=0.0504  dist_mse=0.0574  region_overlap=0.944
2026-10-09 08:38:05,049  gsv3.training             INFO     [family_holdout:qaoa] epoch 0096  train_log_mse=0.00307  val_log_mse=0.05483  val_mse=0.000398  max_grad=0.91  patience=9/30
2026-10-09 08:38:15,545  gsv3.training             INFO     [family_holdout:qnn] epoch 0075  count_mse=0.0637  count_rel_err_2q=0.196
2026-10-09 08:38:15,546  gsv3.training             INFO     [family_holdout:qnn] epoch 0075  region_bce=0.0516  dist_mse=0.0653  region_overlap=0.942
2026-10-09 08:38:15,546  gsv3.training             INFO     [family_holdout:qnn] epoch 0075  train_log_mse=0.00301  val_log_mse=0.06703  val_mse=0.000430  max_grad=0.54  patience=6/30
2026-10-09 08:39:19,584  gsv3.training             INFO     [family_holdout:qaoa] epoch 0097  count_mse=0.0525  count_rel_err_2q=0.169
2026-10-09 08:39:19,585  gsv3.training             INFO     [family_holdout:qaoa] epoch 0097  region_bce=0.0457  dist_mse=0.0560  region_overlap=0.947
2026-10-09 08:39:19,585  gsv3.training             INFO     [family_holdout:qaoa] epoch 0097  train_log_mse=0.00284  val_log_mse=0.05748  val_mse=0.000342  max_grad=0.58  patience=10/30
2026-10-09 08:39:51,523  gsv3.training             INFO     [family_holdout:qnn] epoch 0076  count_mse=0.0636  count_rel_err_2q=0.197
2026-10-09 08:39:51,523  gsv3.training             INFO     [family_holdout:qnn] epoch 0076  region_bce=0.0514  dist_mse=0.0650  region_overlap=0.942
2026-10-09 08:39:51,523  gsv3.training             INFO     [family_holdout:qnn] epoch 0076  train_log_mse=0.00326  val_log_mse=0.05846  val_mse=0.000426  max_grad=0.62  patience=7/30
2026-10-09 08:40:34,006  gsv3.training             INFO     [family_holdout:qaoa] epoch 0098  count_mse=0.0521  count_rel_err_2q=0.171
2026-10-09 08:40:34,006  gsv3.training             INFO     [family_holdout:qaoa] epoch 0098  region_bce=0.0455  dist_mse=0.0552  region_overlap=0.948
2026-10-09 08:40:34,006  gsv3.training             INFO     [family_holdout:qaoa] epoch 0098  train_log_mse=0.00279  val_log_mse=0.06247  val_mse=0.000365  max_grad=0.63  patience=11/30
2026-10-09 08:41:27,640  gsv3.training             INFO     [family_holdout:qnn] epoch 0077  count_mse=0.0628  count_rel_err_2q=0.196
2026-10-09 08:41:27,640  gsv3.training             INFO     [family_holdout:qnn] epoch 0077  region_bce=0.0527  dist_mse=0.0648  region_overlap=0.941
2026-10-09 08:41:27,640  gsv3.training             INFO     [family_holdout:qnn] epoch 0077  train_log_mse=0.00319  val_log_mse=0.06924  val_mse=0.000475  max_grad=0.59  patience=8/30
2026-10-09 08:41:48,411  gsv3.training             INFO     [family_holdout:qaoa] epoch 0099  count_mse=0.0522  count_rel_err_2q=0.170
2026-10-09 08:41:48,412  gsv3.training             INFO     [family_holdout:qaoa] epoch 0099  region_bce=0.0456  dist_mse=0.0550  region_overlap=0.948
2026-10-09 08:41:48,412  gsv3.training             INFO     [family_holdout:qaoa] epoch 0099  train_log_mse=0.00262  val_log_mse=0.04702  val_mse=0.000320  max_grad=0.56  patience=12/30
2026-10-09 08:43:02,845  gsv3.training             INFO     [family_holdout:qnn] epoch 0078  count_mse=0.0652  count_rel_err_2q=0.199
2026-10-09 08:43:02,846  gsv3.training             INFO     [family_holdout:qnn] epoch 0078  region_bce=0.0558  dist_mse=0.0660  region_overlap=0.939
2026-10-09 08:43:02,846  gsv3.training             INFO     [family_holdout:qnn] epoch 0078  train_log_mse=0.00478  val_log_mse=0.08361  val_mse=0.000468  max_grad=3.03  patience=9/30
2026-10-09 08:43:02,993  gsv3.training             INFO     [family_holdout:qaoa] epoch 0100  count_mse=0.0513  count_rel_err_2q=0.170
2026-10-09 08:43:02,997  gsv3.training             INFO     [family_holdout:qaoa] epoch 0100  region_bce=0.0439  dist_mse=0.0541  region_overlap=0.949
2026-10-09 08:43:02,997  gsv3.training             INFO     [family_holdout:qaoa] epoch 0100  train_log_mse=0.00235  val_log_mse=0.05445  val_mse=0.000340  max_grad=0.44  patience=13/30
2026-10-09 08:44:17,923  gsv3.training             INFO     [family_holdout:qaoa] epoch 0101  count_mse=0.0513  count_rel_err_2q=0.169
2026-10-09 08:44:17,924  gsv3.training             INFO     [family_holdout:qaoa] epoch 0101  region_bce=0.0462  dist_mse=0.0550  region_overlap=0.947
2026-10-09 08:44:17,924  gsv3.training             INFO     [family_holdout:qaoa] epoch 0101  train_log_mse=0.00258  val_log_mse=0.05125  val_mse=0.000361  max_grad=0.46  patience=14/30
2026-10-09 08:44:39,150  gsv3.training             INFO     [family_holdout:qnn] epoch 0079  count_mse=0.0654  count_rel_err_2q=0.200
2026-10-09 08:44:39,151  gsv3.training             INFO     [family_holdout:qnn] epoch 0079  region_bce=0.0588  dist_mse=0.0672  region_overlap=0.938
2026-10-09 08:44:39,151  gsv3.training             INFO     [family_holdout:qnn] epoch 0079  train_log_mse=0.00487  val_log_mse=0.08364  val_mse=0.000525  max_grad=18.91  patience=10/30
2026-10-09 08:45:32,432  gsv3.training             INFO     [family_holdout:qaoa] epoch 0102  count_mse=0.0501  count_rel_err_2q=0.168
2026-10-09 08:45:32,432  gsv3.training             INFO     [family_holdout:qaoa] epoch 0102  region_bce=0.0404  dist_mse=0.0528  region_overlap=0.951
2026-10-09 08:45:32,432  gsv3.training             INFO     [family_holdout:qaoa] epoch 0102  train_log_mse=0.00216  val_log_mse=0.04862  val_mse=0.000327  max_grad=0.43  patience=15/30
2026-10-09 08:46:15,380  gsv3.training             INFO     [family_holdout:qnn] epoch 0080  count_mse=0.0651  count_rel_err_2q=0.202
2026-10-09 08:46:15,381  gsv3.training             INFO     [family_holdout:qnn] epoch 0080  region_bce=0.0562  dist_mse=0.0667  region_overlap=0.939
2026-10-09 08:46:15,381  gsv3.training             INFO     [family_holdout:qnn] epoch 0080  train_log_mse=0.00407  val_log_mse=0.07557  val_mse=0.000425  max_grad=19.51  patience=11/30
2026-10-09 08:46:46,892  gsv3.training             INFO     [family_holdout:qaoa] epoch 0103  count_mse=0.0505  count_rel_err_2q=0.170
2026-10-09 08:46:46,893  gsv3.training             INFO     [family_holdout:qaoa] epoch 0103  region_bce=0.0443  dist_mse=0.0532  region_overlap=0.949
2026-10-09 08:46:46,893  gsv3.training             INFO     [family_holdout:qaoa] epoch 0103  train_log_mse=0.00248  val_log_mse=0.05939  val_mse=0.000403  max_grad=0.59  patience=16/30
2026-10-09 08:47:51,274  gsv3.training             INFO     [family_holdout:qnn] epoch 0081  count_mse=0.0719  count_rel_err_2q=0.211
2026-10-09 08:47:51,274  gsv3.training             INFO     [family_holdout:qnn] epoch 0081  region_bce=0.0690  dist_mse=0.0706  region_overlap=0.931
2026-10-09 08:47:51,276  gsv3.training             INFO     [family_holdout:qnn] epoch 0081  train_log_mse=0.00702  val_log_mse=0.06453  val_mse=0.000408  max_grad=5.46  patience=0/30
2026-10-09 08:48:01,526  gsv3.training             INFO     [family_holdout:qaoa] epoch 0104  count_mse=0.0534  count_rel_err_2q=0.174
2026-10-09 08:48:01,527  gsv3.training             INFO     [family_holdout:qaoa] epoch 0104  region_bce=0.0490  dist_mse=0.0556  region_overlap=0.945
2026-10-09 08:48:01,527  gsv3.training             INFO     [family_holdout:qaoa] epoch 0104  train_log_mse=0.00362  val_log_mse=0.05690  val_mse=0.000343  max_grad=1.07  patience=17/30
2026-10-09 08:49:16,222  gsv3.training             INFO     [family_holdout:qaoa] epoch 0105  count_mse=0.0503  count_rel_err_2q=0.171
2026-10-09 08:49:16,223  gsv3.training             INFO     [family_holdout:qaoa] epoch 0105  region_bce=0.0403  dist_mse=0.0517  region_overlap=0.951
2026-10-09 08:49:16,223  gsv3.training             INFO     [family_holdout:qaoa] epoch 0105  train_log_mse=0.00234  val_log_mse=0.05191  val_mse=0.000322  max_grad=0.41  patience=18/30
2026-10-09 08:49:26,541  gsv3.training             INFO     [family_holdout:qnn] epoch 0082  count_mse=0.0635  count_rel_err_2q=0.198
2026-10-09 08:49:26,542  gsv3.training             INFO     [family_holdout:qnn] epoch 0082  region_bce=0.0510  dist_mse=0.0647  region_overlap=0.943
2026-10-09 08:49:26,542  gsv3.training             INFO     [family_holdout:qnn] epoch 0082  train_log_mse=0.00334  val_log_mse=0.06049  val_mse=0.000422  max_grad=56.25  patience=1/30
2026-10-09 08:50:30,884  gsv3.training             INFO     [family_holdout:qaoa] epoch 0106  count_mse=0.0498  count_rel_err_2q=0.169
2026-10-09 08:50:30,884  gsv3.training             INFO     [family_holdout:qaoa] epoch 0106  region_bce=0.0420  dist_mse=0.0522  region_overlap=0.950
2026-10-09 08:50:30,886  gsv3.training             INFO     [family_holdout:qaoa] epoch 0106  train_log_mse=0.00225  val_log_mse=0.04895  val_mse=0.000315  max_grad=0.34  patience=0/30
2026-10-09 08:51:02,033  gsv3.training             INFO     [family_holdout:qnn] epoch 0083  count_mse=0.0611  count_rel_err_2q=0.195
2026-10-09 08:51:02,034  gsv3.training             INFO     [family_holdout:qnn] epoch 0083  region_bce=0.0453  dist_mse=0.0622  region_overlap=0.946
2026-10-09 08:51:02,034  gsv3.training             INFO     [family_holdout:qnn] epoch 0083  train_log_mse=0.00274  val_log_mse=0.05923  val_mse=0.000444  max_grad=0.41  patience=2/30
2026-10-09 08:51:45,931  gsv3.training             INFO     [family_holdout:qaoa] epoch 0107  count_mse=0.0495  count_rel_err_2q=0.168
2026-10-09 08:51:45,932  gsv3.training             INFO     [family_holdout:qaoa] epoch 0107  region_bce=0.0415  dist_mse=0.0522  region_overlap=0.950
2026-10-09 08:51:45,932  gsv3.training             INFO     [family_holdout:qaoa] epoch 0107  train_log_mse=0.00232  val_log_mse=0.05275  val_mse=0.000326  max_grad=0.49  patience=1/30
2026-10-09 08:52:37,051  gsv3.training             INFO     [family_holdout:qnn] epoch 0084  count_mse=0.0688  count_rel_err_2q=0.206
2026-10-09 08:52:37,051  gsv3.training             INFO     [family_holdout:qnn] epoch 0084  region_bce=0.0558  dist_mse=0.0656  region_overlap=0.940
2026-10-09 08:52:37,051  gsv3.training             INFO     [family_holdout:qnn] epoch 0084  train_log_mse=0.00431  val_log_mse=0.06038  val_mse=0.000425  max_grad=25.94  patience=3/30
2026-10-09 08:53:00,399  gsv3.training             INFO     [family_holdout:qaoa] epoch 0108  count_mse=0.0496  count_rel_err_2q=0.169
2026-10-09 08:53:00,399  gsv3.training             INFO     [family_holdout:qaoa] epoch 0108  region_bce=0.0429  dist_mse=0.0524  region_overlap=0.950
2026-10-09 08:53:00,399  gsv3.training             INFO     [family_holdout:qaoa] epoch 0108  train_log_mse=0.00232  val_log_mse=0.05083  val_mse=0.000326  max_grad=0.41  patience=2/30
2026-10-09 08:54:12,887  gsv3.training             INFO     [family_holdout:qnn] epoch 0085  count_mse=0.0613  count_rel_err_2q=0.199
2026-10-09 08:54:12,887  gsv3.training             INFO     [family_holdout:qnn] epoch 0085  region_bce=0.0466  dist_mse=0.0620  region_overlap=0.945
2026-10-09 08:54:12,889  gsv3.training             INFO     [family_holdout:qnn] epoch 0085  train_log_mse=0.00289  val_log_mse=0.05819  val_mse=0.000408  max_grad=0.63  patience=0/30
2026-10-09 08:54:15,384  gsv3.training             INFO     [family_holdout:qaoa] epoch 0109  count_mse=0.0497  count_rel_err_2q=0.169
2026-10-09 08:54:15,385  gsv3.training             INFO     [family_holdout:qaoa] epoch 0109  region_bce=0.0427  dist_mse=0.0521  region_overlap=0.950
2026-10-09 08:54:15,385  gsv3.training             INFO     [family_holdout:qaoa] epoch 0109  train_log_mse=0.00253  val_log_mse=0.05157  val_mse=0.000335  max_grad=0.54  patience=3/30
2026-10-09 08:55:30,012  gsv3.training             INFO     [family_holdout:qaoa] epoch 0110  count_mse=0.0488  count_rel_err_2q=0.169
2026-10-09 08:55:30,013  gsv3.training             INFO     [family_holdout:qaoa] epoch 0110  region_bce=0.0386  dist_mse=0.0505  region_overlap=0.952
2026-10-09 08:55:30,013  gsv3.training             INFO     [family_holdout:qaoa] epoch 0110  train_log_mse=0.00214  val_log_mse=0.05531  val_mse=0.000322  max_grad=0.33  patience=4/30
2026-10-09 08:55:49,058  gsv3.training             INFO     [family_holdout:qnn] epoch 0086  count_mse=0.0605  count_rel_err_2q=0.198
2026-10-09 08:55:49,058  gsv3.training             INFO     [family_holdout:qnn] epoch 0086  region_bce=0.0470  dist_mse=0.0618  region_overlap=0.945
2026-10-09 08:55:49,060  gsv3.training             INFO     [family_holdout:qnn] epoch 0086  train_log_mse=0.00308  val_log_mse=0.07067  val_mse=0.000401  max_grad=0.80  patience=0/30
2026-10-09 08:56:44,665  gsv3.training             INFO     [family_holdout:qaoa] epoch 0111  count_mse=0.0492  count_rel_err_2q=0.170
2026-10-09 08:56:44,666  gsv3.training             INFO     [family_holdout:qaoa] epoch 0111  region_bce=0.0420  dist_mse=0.0517  region_overlap=0.950
2026-10-09 08:56:44,666  gsv3.training             INFO     [family_holdout:qaoa] epoch 0111  train_log_mse=0.00251  val_log_mse=0.05260  val_mse=0.000358  max_grad=0.40  patience=5/30
2026-10-09 08:57:24,491  gsv3.training             INFO     [family_holdout:qnn] epoch 0087  count_mse=0.0609  count_rel_err_2q=0.199
2026-10-09 08:57:24,491  gsv3.training             INFO     [family_holdout:qnn] epoch 0087  region_bce=0.0480  dist_mse=0.0617  region_overlap=0.945
2026-10-09 08:57:24,491  gsv3.training             INFO     [family_holdout:qnn] epoch 0087  train_log_mse=0.00299  val_log_mse=0.05878  val_mse=0.000412  max_grad=0.62  patience=1/30
2026-10-09 08:57:59,322  gsv3.training             INFO     [family_holdout:qaoa] epoch 0112  count_mse=0.0487  count_rel_err_2q=0.169
2026-10-09 08:57:59,322  gsv3.training             INFO     [family_holdout:qaoa] epoch 0112  region_bce=0.0398  dist_mse=0.0506  region_overlap=0.951
2026-10-09 08:57:59,322  gsv3.training             INFO     [family_holdout:qaoa] epoch 0112  train_log_mse=0.00225  val_log_mse=0.05682  val_mse=0.000371  max_grad=0.45  patience=6/30
2026-10-09 08:59:00,460  gsv3.training             INFO     [family_holdout:qnn] epoch 0088  count_mse=0.0602  count_rel_err_2q=0.199
2026-10-09 08:59:00,461  gsv3.training             INFO     [family_holdout:qnn] epoch 0088  region_bce=0.0466  dist_mse=0.0607  region_overlap=0.946
2026-10-09 08:59:00,461  gsv3.training             INFO     [family_holdout:qnn] epoch 0088  train_log_mse=0.00293  val_log_mse=0.06082  val_mse=0.000407  max_grad=0.42  patience=2/30
2026-10-09 08:59:13,981  gsv3.training             INFO     [family_holdout:qaoa] epoch 0113  count_mse=0.0487  count_rel_err_2q=0.169
2026-10-09 08:59:13,982  gsv3.training             INFO     [family_holdout:qaoa] epoch 0113  region_bce=0.0400  dist_mse=0.0506  region_overlap=0.951
2026-10-09 08:59:13,982  gsv3.training             INFO     [family_holdout:qaoa] epoch 0113  train_log_mse=0.00229  val_log_mse=0.05114  val_mse=0.000361  max_grad=0.44  patience=7/30
2026-10-09 09:00:28,468  gsv3.training             INFO     [family_holdout:qaoa] epoch 0114  count_mse=0.0492  count_rel_err_2q=0.170
2026-10-09 09:00:28,469  gsv3.training             INFO     [family_holdout:qaoa] epoch 0114  region_bce=0.0412  dist_mse=0.0506  region_overlap=0.950
2026-10-09 09:00:28,469  gsv3.training             INFO     [family_holdout:qaoa] epoch 0114  train_log_mse=0.00258  val_log_mse=0.05458  val_mse=0.000379  max_grad=0.65  patience=8/30
2026-10-09 09:00:35,763  gsv3.training             INFO     [family_holdout:qnn] epoch 0089  count_mse=0.0618  count_rel_err_2q=0.200
2026-10-09 09:00:35,763  gsv3.training             INFO     [family_holdout:qnn] epoch 0089  region_bce=0.0535  dist_mse=0.0630  region_overlap=0.942
2026-10-09 09:00:35,763  gsv3.training             INFO     [family_holdout:qnn] epoch 0089  train_log_mse=0.00363  val_log_mse=0.06284  val_mse=0.000427  max_grad=2.10  patience=3/30
2026-10-09 09:01:43,158  gsv3.training             INFO     [family_holdout:qaoa] epoch 0115  count_mse=0.0483  count_rel_err_2q=0.168
2026-10-09 09:01:43,158  gsv3.training             INFO     [family_holdout:qaoa] epoch 0115  region_bce=0.0404  dist_mse=0.0498  region_overlap=0.951
2026-10-09 09:01:43,158  gsv3.training             INFO     [family_holdout:qaoa] epoch 0115  train_log_mse=0.00220  val_log_mse=0.05726  val_mse=0.000374  max_grad=0.35  patience=9/30
2026-10-09 09:02:11,125  gsv3.training             INFO     [family_holdout:qnn] epoch 0090  count_mse=0.0602  count_rel_err_2q=0.199
2026-10-09 09:02:11,126  gsv3.training             INFO     [family_holdout:qnn] epoch 0090  region_bce=0.0457  dist_mse=0.0604  region_overlap=0.946
2026-10-09 09:02:11,126  gsv3.training             INFO     [family_holdout:qnn] epoch 0090  train_log_mse=0.00292  val_log_mse=0.06503  val_mse=0.000410  max_grad=0.41  patience=4/30
2026-10-09 09:02:57,992  gsv3.training             INFO     [family_holdout:qaoa] epoch 0116  count_mse=0.0477  count_rel_err_2q=0.169
2026-10-09 09:02:57,993  gsv3.training             INFO     [family_holdout:qaoa] epoch 0116  region_bce=0.0376  dist_mse=0.0488  region_overlap=0.953
2026-10-09 09:02:57,993  gsv3.training             INFO     [family_holdout:qaoa] epoch 0116  train_log_mse=0.00213  val_log_mse=0.05008  val_mse=0.000324  max_grad=0.30  patience=10/30
2026-10-09 09:03:46,600  gsv3.training             INFO     [family_holdout:qnn] epoch 0091  count_mse=0.0595  count_rel_err_2q=0.198
2026-10-09 09:03:46,600  gsv3.training             INFO     [family_holdout:qnn] epoch 0091  region_bce=0.0435  dist_mse=0.0595  region_overlap=0.948
2026-10-09 09:03:46,600  gsv3.training             INFO     [family_holdout:qnn] epoch 0091  train_log_mse=0.00282  val_log_mse=0.06338  val_mse=0.000434  max_grad=0.47  patience=5/30
2026-10-09 09:04:12,974  gsv3.training             INFO     [family_holdout:qaoa] epoch 0117  count_mse=0.0479  count_rel_err_2q=0.169
2026-10-09 09:04:12,974  gsv3.training             INFO     [family_holdout:qaoa] epoch 0117  region_bce=0.0381  dist_mse=0.0490  region_overlap=0.953
2026-10-09 09:04:12,974  gsv3.training             INFO     [family_holdout:qaoa] epoch 0117  train_log_mse=0.00235  val_log_mse=0.05107  val_mse=0.000363  max_grad=0.42  patience=11/30
2026-10-09 09:05:22,664  gsv3.training             INFO     [family_holdout:qnn] epoch 0092  count_mse=0.0591  count_rel_err_2q=0.197
2026-10-09 09:05:22,665  gsv3.training             INFO     [family_holdout:qnn] epoch 0092  region_bce=0.0436  dist_mse=0.0595  region_overlap=0.948
2026-10-09 09:05:22,665  gsv3.training             INFO     [family_holdout:qnn] epoch 0092  train_log_mse=0.00295  val_log_mse=0.07279  val_mse=0.000433  max_grad=0.56  patience=6/30
2026-10-09 09:05:28,066  gsv3.training             INFO     [family_holdout:qaoa] epoch 0118  count_mse=0.0483  count_rel_err_2q=0.170
2026-10-09 09:05:28,066  gsv3.training             INFO     [family_holdout:qaoa] epoch 0118  region_bce=0.0439  dist_mse=0.0511  region_overlap=0.949
2026-10-09 09:05:28,066  gsv3.training             INFO     [family_holdout:qaoa] epoch 0118  train_log_mse=0.00264  val_log_mse=0.05235  val_mse=0.000335  max_grad=0.59  patience=12/30
2026-10-09 09:06:43,028  gsv3.training             INFO     [family_holdout:qaoa] epoch 0119  count_mse=0.0479  count_rel_err_2q=0.169
2026-10-09 09:06:43,029  gsv3.training             INFO     [family_holdout:qaoa] epoch 0119  region_bce=0.0394  dist_mse=0.0493  region_overlap=0.952
2026-10-09 09:06:43,029  gsv3.training             INFO     [family_holdout:qaoa] epoch 0119  train_log_mse=0.00217  val_log_mse=0.05130  val_mse=0.000333  max_grad=0.52  patience=13/30
2026-10-09 09:06:58,100  gsv3.training             INFO     [family_holdout:qnn] epoch 0093  count_mse=0.0611  count_rel_err_2q=0.201
2026-10-09 09:06:58,100  gsv3.training             INFO     [family_holdout:qnn] epoch 0093  region_bce=0.0519  dist_mse=0.0621  region_overlap=0.943
2026-10-09 09:06:58,101  gsv3.training             INFO     [family_holdout:qnn] epoch 0093  train_log_mse=0.00427  val_log_mse=0.07088  val_mse=0.000457  max_grad=108.45  patience=7/30
2026-10-09 09:07:57,978  gsv3.training             INFO     [family_holdout:qaoa] epoch 0120  count_mse=0.0468  count_rel_err_2q=0.169
2026-10-09 09:07:57,978  gsv3.training             INFO     [family_holdout:qaoa] epoch 0120  region_bce=0.0362  dist_mse=0.0474  region_overlap=0.954
2026-10-09 09:07:57,978  gsv3.training             INFO     [family_holdout:qaoa] epoch 0120  train_log_mse=0.00200  val_log_mse=0.05530  val_mse=0.000359  max_grad=0.26  patience=14/30
2026-10-09 09:08:33,390  gsv3.training             INFO     [family_holdout:qnn] epoch 0094  count_mse=0.0616  count_rel_err_2q=0.204
2026-10-09 09:08:33,391  gsv3.training             INFO     [family_holdout:qnn] epoch 0094  region_bce=0.0541  dist_mse=0.0632  region_overlap=0.941
2026-10-09 09:08:33,391  gsv3.training             INFO     [family_holdout:qnn] epoch 0094  train_log_mse=0.00372  val_log_mse=0.06349  val_mse=0.000419  max_grad=7.81  patience=8/30
2026-10-09 09:09:12,945  gsv3.training             INFO     [family_holdout:qaoa] epoch 0121  count_mse=0.0486  count_rel_err_2q=0.169
2026-10-09 09:09:12,945  gsv3.training             INFO     [family_holdout:qaoa] epoch 0121  region_bce=0.0429  dist_mse=0.0501  region_overlap=0.950
2026-10-09 09:09:12,945  gsv3.training             INFO     [family_holdout:qaoa] epoch 0121  train_log_mse=0.00278  val_log_mse=0.05576  val_mse=0.000351  max_grad=0.54  patience=15/30
2026-10-09 09:10:09,350  gsv3.training             INFO     [family_holdout:qnn] epoch 0095  count_mse=0.0608  count_rel_err_2q=0.201
2026-10-09 09:10:09,351  gsv3.training             INFO     [family_holdout:qnn] epoch 0095  region_bce=0.0506  dist_mse=0.0621  region_overlap=0.943
2026-10-09 09:10:09,351  gsv3.training             INFO     [family_holdout:qnn] epoch 0095  train_log_mse=0.00377  val_log_mse=0.06491  val_mse=0.000441  max_grad=3.57  patience=9/30
2026-10-09 09:10:29,053  gsv3.training             INFO     [family_holdout:qaoa] epoch 0122  count_mse=0.0469  count_rel_err_2q=0.168
2026-10-09 09:10:29,054  gsv3.training             INFO     [family_holdout:qaoa] epoch 0122  region_bce=0.0400  dist_mse=0.0489  region_overlap=0.952
2026-10-09 09:10:29,054  gsv3.training             INFO     [family_holdout:qaoa] epoch 0122  train_log_mse=0.00217  val_log_mse=0.05424  val_mse=0.000333  max_grad=0.80  patience=16/30
2026-10-09 09:11:45,699  gsv3.training             INFO     [family_holdout:qaoa] epoch 0123  count_mse=0.0464  count_rel_err_2q=0.168
2026-10-09 09:11:45,700  gsv3.training             INFO     [family_holdout:qaoa] epoch 0123  region_bce=0.0362  dist_mse=0.0474  region_overlap=0.954
2026-10-09 09:11:45,700  gsv3.training             INFO     [family_holdout:qaoa] epoch 0123  train_log_mse=0.00222  val_log_mse=0.05409  val_mse=0.000354  max_grad=0.34  patience=17/30
2026-10-09 09:11:47,377  gsv3.training             INFO     [family_holdout:qnn] epoch 0096  count_mse=0.0582  count_rel_err_2q=0.197
2026-10-09 09:11:47,378  gsv3.training             INFO     [family_holdout:qnn] epoch 0096  region_bce=0.0427  dist_mse=0.0586  region_overlap=0.948
2026-10-09 09:11:47,378  gsv3.training             INFO     [family_holdout:qnn] epoch 0096  train_log_mse=0.00274  val_log_mse=0.05809  val_mse=0.000408  max_grad=0.55  patience=10/30
2026-10-09 09:13:02,411  gsv3.training             INFO     [family_holdout:qaoa] epoch 0124  count_mse=0.0464  count_rel_err_2q=0.168
2026-10-09 09:13:02,412  gsv3.training             INFO     [family_holdout:qaoa] epoch 0124  region_bce=0.0359  dist_mse=0.0470  region_overlap=0.954
2026-10-09 09:13:02,412  gsv3.training             INFO     [family_holdout:qaoa] epoch 0124  train_log_mse=0.00210  val_log_mse=0.05378  val_mse=0.000332  max_grad=0.41  patience=18/30
2026-10-09 09:13:25,170  gsv3.training             INFO     [family_holdout:qnn] epoch 0097  count_mse=0.0578  count_rel_err_2q=0.196
2026-10-09 09:13:25,171  gsv3.training             INFO     [family_holdout:qnn] epoch 0097  region_bce=0.0412  dist_mse=0.0575  region_overlap=0.949
2026-10-09 09:13:25,171  gsv3.training             INFO     [family_holdout:qnn] epoch 0097  train_log_mse=0.00281  val_log_mse=0.06372  val_mse=0.000408  max_grad=0.47  patience=11/30
2026-10-09 09:14:19,290  gsv3.training             INFO     [family_holdout:qaoa] epoch 0125  count_mse=0.0463  count_rel_err_2q=0.168
2026-10-09 09:14:19,290  gsv3.training             INFO     [family_holdout:qaoa] epoch 0125  region_bce=0.0358  dist_mse=0.0470  region_overlap=0.954
2026-10-09 09:14:19,290  gsv3.training             INFO     [family_holdout:qaoa] epoch 0125  train_log_mse=0.00202  val_log_mse=0.05159  val_mse=0.000334  max_grad=0.71  patience=19/30
2026-10-09 09:15:03,076  gsv3.training             INFO     [family_holdout:qnn] epoch 0098  count_mse=0.0578  count_rel_err_2q=0.197
2026-10-09 09:15:03,077  gsv3.training             INFO     [family_holdout:qnn] epoch 0098  region_bce=0.0422  dist_mse=0.0574  region_overlap=0.949
2026-10-09 09:15:03,077  gsv3.training             INFO     [family_holdout:qnn] epoch 0098  train_log_mse=0.00273  val_log_mse=0.06821  val_mse=0.000445  max_grad=0.44  patience=12/30
2026-10-09 09:15:36,189  gsv3.training             INFO     [family_holdout:qaoa] epoch 0126  count_mse=0.0461  count_rel_err_2q=0.168
2026-10-09 09:15:36,190  gsv3.training             INFO     [family_holdout:qaoa] epoch 0126  region_bce=0.0363  dist_mse=0.0466  region_overlap=0.954
2026-10-09 09:15:36,190  gsv3.training             INFO     [family_holdout:qaoa] epoch 0126  train_log_mse=0.00207  val_log_mse=0.06026  val_mse=0.000336  max_grad=0.37  patience=20/30
2026-10-09 09:16:41,124  gsv3.training             INFO     [family_holdout:qnn] epoch 0099  count_mse=0.0578  count_rel_err_2q=0.196
2026-10-09 09:16:41,124  gsv3.training             INFO     [family_holdout:qnn] epoch 0099  region_bce=0.0442  dist_mse=0.0583  region_overlap=0.948
2026-10-09 09:16:41,124  gsv3.training             INFO     [family_holdout:qnn] epoch 0099  train_log_mse=0.00299  val_log_mse=0.06956  val_mse=0.000441  max_grad=0.48  patience=13/30
2026-10-09 09:16:53,217  gsv3.training             INFO     [family_holdout:qaoa] epoch 0127  count_mse=0.0468  count_rel_err_2q=0.169
2026-10-09 09:16:53,218  gsv3.training             INFO     [family_holdout:qaoa] epoch 0127  region_bce=0.0384  dist_mse=0.0476  region_overlap=0.953
2026-10-09 09:16:53,218  gsv3.training             INFO     [family_holdout:qaoa] epoch 0127  train_log_mse=0.00227  val_log_mse=0.05390  val_mse=0.000344  max_grad=0.43  patience=21/30
2026-10-09 09:18:09,860  gsv3.training             INFO     [family_holdout:qaoa] epoch 0128  count_mse=0.0480  count_rel_err_2q=0.171
2026-10-09 09:18:09,860  gsv3.training             INFO     [family_holdout:qaoa] epoch 0128  region_bce=0.0444  dist_mse=0.0496  region_overlap=0.949
2026-10-09 09:18:09,860  gsv3.training             INFO     [family_holdout:qaoa] epoch 0128  train_log_mse=0.00279  val_log_mse=0.06605  val_mse=0.000349  max_grad=0.55  patience=22/30
2026-10-09 09:18:18,940  gsv3.training             INFO     [family_holdout:qnn] epoch 0100  count_mse=0.0577  count_rel_err_2q=0.196
2026-10-09 09:18:18,941  gsv3.training             INFO     [family_holdout:qnn] epoch 0100  region_bce=0.0446  dist_mse=0.0580  region_overlap=0.947
2026-10-09 09:18:18,941  gsv3.training             INFO     [family_holdout:qnn] epoch 0100  train_log_mse=0.00292  val_log_mse=0.06237  val_mse=0.000442  max_grad=0.58  patience=14/30
2026-10-09 09:19:27,049  gsv3.training             INFO     [family_holdout:qaoa] epoch 0129  count_mse=0.0468  count_rel_err_2q=0.169
2026-10-09 09:19:27,049  gsv3.training             INFO     [family_holdout:qaoa] epoch 0129  region_bce=0.0397  dist_mse=0.0478  region_overlap=0.952
2026-10-09 09:19:27,049  gsv3.training             INFO     [family_holdout:qaoa] epoch 0129  train_log_mse=0.00241  val_log_mse=0.06660  val_mse=0.000365  max_grad=0.40  patience=23/30
2026-10-09 09:19:56,920  gsv3.training             INFO     [family_holdout:qnn] epoch 0101  count_mse=0.0570  count_rel_err_2q=0.196
2026-10-09 09:19:56,920  gsv3.training             INFO     [family_holdout:qnn] epoch 0101  region_bce=0.0417  dist_mse=0.0569  region_overlap=0.949
2026-10-09 09:19:56,920  gsv3.training             INFO     [family_holdout:qnn] epoch 0101  train_log_mse=0.00267  val_log_mse=0.06153  val_mse=0.000409  max_grad=0.62  patience=15/30
2026-10-09 09:20:44,262  gsv3.training             INFO     [family_holdout:qaoa] epoch 0130  count_mse=0.0461  count_rel_err_2q=0.168
2026-10-09 09:20:44,262  gsv3.training             INFO     [family_holdout:qaoa] epoch 0130  region_bce=0.0371  dist_mse=0.0465  region_overlap=0.954
2026-10-09 09:20:44,264  gsv3.training             INFO     [family_holdout:qaoa] epoch 0130  train_log_mse=0.00201  val_log_mse=0.05349  val_mse=0.000314  max_grad=0.43  patience=0/30
2026-10-09 09:21:34,962  gsv3.training             INFO     [family_holdout:qnn] epoch 0102  count_mse=0.0570  count_rel_err_2q=0.198
2026-10-09 09:21:34,962  gsv3.training             INFO     [family_holdout:qnn] epoch 0102  region_bce=0.0411  dist_mse=0.0566  region_overlap=0.950
2026-10-09 09:21:34,962  gsv3.training             INFO     [family_holdout:qnn] epoch 0102  train_log_mse=0.00293  val_log_mse=0.06194  val_mse=0.000433  max_grad=0.53  patience=16/30
2026-10-09 09:22:01,462  gsv3.training             INFO     [family_holdout:qaoa] epoch 0131  count_mse=0.0452  count_rel_err_2q=0.167
2026-10-09 09:22:01,462  gsv3.training             INFO     [family_holdout:qaoa] epoch 0131  region_bce=0.0338  dist_mse=0.0450  region_overlap=0.956
2026-10-09 09:22:01,463  gsv3.training             INFO     [family_holdout:qaoa] epoch 0131  train_log_mse=0.00193  val_log_mse=0.05525  val_mse=0.000345  max_grad=0.40  patience=1/30
2026-10-09 09:23:12,879  gsv3.training             INFO     [family_holdout:qnn] epoch 0103  count_mse=0.0566  count_rel_err_2q=0.196
2026-10-09 09:23:12,880  gsv3.training             INFO     [family_holdout:qnn] epoch 0103  region_bce=0.0414  dist_mse=0.0561  region_overlap=0.950
2026-10-09 09:23:12,880  gsv3.training             INFO     [family_holdout:qnn] epoch 0103  train_log_mse=0.00275  val_log_mse=0.07206  val_mse=0.000418  max_grad=0.38  patience=17/30
2026-10-09 09:23:19,123  gsv3.training             INFO     [family_holdout:qaoa] epoch 0132  count_mse=0.0450  count_rel_err_2q=0.168
2026-10-09 09:23:19,124  gsv3.training             INFO     [family_holdout:qaoa] epoch 0132  region_bce=0.0349  dist_mse=0.0449  region_overlap=0.955
2026-10-09 09:23:19,124  gsv3.training             INFO     [family_holdout:qaoa] epoch 0132  train_log_mse=0.00184  val_log_mse=0.05797  val_mse=0.000395  max_grad=0.25  patience=2/30
2026-10-09 09:24:35,730  gsv3.training             INFO     [family_holdout:qaoa] epoch 0133  count_mse=0.0459  count_rel_err_2q=0.169
2026-10-09 09:24:35,731  gsv3.training             INFO     [family_holdout:qaoa] epoch 0133  region_bce=0.0406  dist_mse=0.0470  region_overlap=0.951
2026-10-09 09:24:35,731  gsv3.training             INFO     [family_holdout:qaoa] epoch 0133  train_log_mse=0.00217  val_log_mse=0.05183  val_mse=0.000361  max_grad=0.38  patience=3/30
2026-10-09 09:24:51,016  gsv3.training             INFO     [family_holdout:qnn] epoch 0104  count_mse=0.0575  count_rel_err_2q=0.198
2026-10-09 09:24:51,016  gsv3.training             INFO     [family_holdout:qnn] epoch 0104  region_bce=0.0442  dist_mse=0.0573  region_overlap=0.948
2026-10-09 09:24:51,016  gsv3.training             INFO     [family_holdout:qnn] epoch 0104  train_log_mse=0.00341  val_log_mse=0.09153  val_mse=0.000491  max_grad=4.66  patience=18/30
2026-10-09 09:25:52,435  gsv3.training             INFO     [family_holdout:qaoa] epoch 0134  count_mse=0.0447  count_rel_err_2q=0.167
2026-10-09 09:25:52,435  gsv3.training             INFO     [family_holdout:qaoa] epoch 0134  region_bce=0.0342  dist_mse=0.0448  region_overlap=0.956
2026-10-09 09:25:52,435  gsv3.training             INFO     [family_holdout:qaoa] epoch 0134  train_log_mse=0.00194  val_log_mse=0.05946  val_mse=0.000330  max_grad=0.23  patience=4/30
2026-10-09 09:26:29,166  gsv3.training             INFO     [family_holdout:qnn] epoch 0105  count_mse=0.0578  count_rel_err_2q=0.200
2026-10-09 09:26:29,166  gsv3.training             INFO     [family_holdout:qnn] epoch 0105  region_bce=0.0431  dist_mse=0.0570  region_overlap=0.948
2026-10-09 09:26:29,167  gsv3.training             INFO     [family_holdout:qnn] epoch 0105  train_log_mse=0.00316  val_log_mse=0.06130  val_mse=0.000417  max_grad=0.68  patience=19/30
2026-10-09 09:27:09,149  gsv3.training             INFO     [family_holdout:qaoa] epoch 0135  count_mse=0.0454  count_rel_err_2q=0.168
2026-10-09 09:27:09,150  gsv3.training             INFO     [family_holdout:qaoa] epoch 0135  region_bce=0.0369  dist_mse=0.0464  region_overlap=0.954
2026-10-09 09:27:09,150  gsv3.training             INFO     [family_holdout:qaoa] epoch 0135  train_log_mse=0.00227  val_log_mse=0.05620  val_mse=0.000332  max_grad=0.70  patience=5/30
2026-10-09 09:28:07,430  gsv3.training             INFO     [family_holdout:qnn] epoch 0106  count_mse=0.0559  count_rel_err_2q=0.196
2026-10-09 09:28:07,431  gsv3.training             INFO     [family_holdout:qnn] epoch 0106  region_bce=0.0398  dist_mse=0.0552  region_overlap=0.951
2026-10-09 09:28:07,431  gsv3.training             INFO     [family_holdout:qnn] epoch 0106  train_log_mse=0.00270  val_log_mse=0.06344  val_mse=0.000441  max_grad=0.54  patience=20/30
2026-10-09 09:28:26,734  gsv3.training             INFO     [family_holdout:qaoa] epoch 0136  count_mse=0.0452  count_rel_err_2q=0.169
2026-10-09 09:28:26,734  gsv3.training             INFO     [family_holdout:qaoa] epoch 0136  region_bce=0.0366  dist_mse=0.0458  region_overlap=0.954
2026-10-09 09:28:26,734  gsv3.training             INFO     [family_holdout:qaoa] epoch 0136  train_log_mse=0.00212  val_log_mse=0.05447  val_mse=0.000345  max_grad=0.43  patience=6/30
2026-10-09 09:29:44,041  gsv3.training             INFO     [family_holdout:qaoa] epoch 0137  count_mse=0.0447  count_rel_err_2q=0.167
2026-10-09 09:29:44,042  gsv3.training             INFO     [family_holdout:qaoa] epoch 0137  region_bce=0.0346  dist_mse=0.0446  region_overlap=0.956
2026-10-09 09:29:44,042  gsv3.training             INFO     [family_holdout:qaoa] epoch 0137  train_log_mse=0.00207  val_log_mse=0.05611  val_mse=0.000323  max_grad=0.32  patience=7/30
2026-10-09 09:29:45,511  gsv3.training             INFO     [family_holdout:qnn] epoch 0107  count_mse=0.0559  count_rel_err_2q=0.197
2026-10-09 09:29:45,511  gsv3.training             INFO     [family_holdout:qnn] epoch 0107  region_bce=0.0409  dist_mse=0.0557  region_overlap=0.950
2026-10-09 09:29:45,511  gsv3.training             INFO     [family_holdout:qnn] epoch 0107  train_log_mse=0.00274  val_log_mse=0.06251  val_mse=0.000426  max_grad=2.58  patience=21/30
2026-10-09 09:31:00,736  gsv3.training             INFO     [family_holdout:qaoa] epoch 0138  count_mse=0.0446  count_rel_err_2q=0.168
2026-10-09 09:31:00,737  gsv3.training             INFO     [family_holdout:qaoa] epoch 0138  region_bce=0.0351  dist_mse=0.0445  region_overlap=0.955
2026-10-09 09:31:00,737  gsv3.training             INFO     [family_holdout:qaoa] epoch 0138  train_log_mse=0.00210  val_log_mse=0.06059  val_mse=0.000367  max_grad=0.33  patience=8/30
2026-10-09 09:31:23,819  gsv3.training             INFO     [family_holdout:qnn] epoch 0108  count_mse=0.0557  count_rel_err_2q=0.194
2026-10-09 09:31:23,820  gsv3.training             INFO     [family_holdout:qnn] epoch 0108  region_bce=0.0410  dist_mse=0.0555  region_overlap=0.950
2026-10-09 09:31:23,820  gsv3.training             INFO     [family_holdout:qnn] epoch 0108  train_log_mse=0.00287  val_log_mse=0.07808  val_mse=0.000423  max_grad=0.61  patience=22/30
2026-10-09 09:32:18,051  gsv3.training             INFO     [family_holdout:qaoa] epoch 0139  count_mse=0.0452  count_rel_err_2q=0.168
2026-10-09 09:32:18,051  gsv3.training             INFO     [family_holdout:qaoa] epoch 0139  region_bce=0.0390  dist_mse=0.0461  region_overlap=0.953
2026-10-09 09:32:18,052  gsv3.training             INFO     [family_holdout:qaoa] epoch 0139  train_log_mse=0.00227  val_log_mse=0.05302  val_mse=0.000356  max_grad=0.51  patience=9/30
2026-10-09 09:33:02,231  gsv3.training             INFO     [family_holdout:qnn] epoch 0109  count_mse=0.0560  count_rel_err_2q=0.196
2026-10-09 09:33:02,232  gsv3.training             INFO     [family_holdout:qnn] epoch 0109  region_bce=0.0404  dist_mse=0.0552  region_overlap=0.950
2026-10-09 09:33:02,233  gsv3.training             INFO     [family_holdout:qnn] epoch 0109  train_log_mse=0.00286  val_log_mse=0.06395  val_mse=0.000387  max_grad=0.57  patience=0/30
2026-10-09 09:33:35,334  gsv3.training             INFO     [family_holdout:qaoa] epoch 0140  count_mse=0.0460  count_rel_err_2q=0.170
2026-10-09 09:33:35,334  gsv3.training             INFO     [family_holdout:qaoa] epoch 0140  region_bce=0.0399  dist_mse=0.0469  region_overlap=0.952
2026-10-09 09:33:35,334  gsv3.training             INFO     [family_holdout:qaoa] epoch 0140  train_log_mse=0.00234  val_log_mse=0.05635  val_mse=0.000338  max_grad=0.60  patience=10/30
2026-10-09 09:34:40,842  gsv3.training             INFO     [family_holdout:qnn] epoch 0110  count_mse=0.0552  count_rel_err_2q=0.196
2026-10-09 09:34:40,842  gsv3.training             INFO     [family_holdout:qnn] epoch 0110  region_bce=0.0386  dist_mse=0.0539  region_overlap=0.952
2026-10-09 09:34:40,842  gsv3.training             INFO     [family_holdout:qnn] epoch 0110  train_log_mse=0.00261  val_log_mse=0.06666  val_mse=0.000406  max_grad=0.60  patience=1/30
2026-10-09 09:34:52,641  gsv3.training             INFO     [family_holdout:qaoa] epoch 0141  count_mse=0.0440  count_rel_err_2q=0.167
2026-10-09 09:34:52,641  gsv3.training             INFO     [family_holdout:qaoa] epoch 0141  region_bce=0.0336  dist_mse=0.0439  region_overlap=0.956
2026-10-09 09:34:52,641  gsv3.training             INFO     [family_holdout:qaoa] epoch 0141  train_log_mse=0.00195  val_log_mse=0.05380  val_mse=0.000336  max_grad=0.70  patience=11/30
2026-10-09 09:36:09,899  gsv3.training             INFO     [family_holdout:qaoa] epoch 0142  count_mse=0.0435  count_rel_err_2q=0.167
2026-10-09 09:36:09,900  gsv3.training             INFO     [family_holdout:qaoa] epoch 0142  region_bce=0.0325  dist_mse=0.0429  region_overlap=0.957
2026-10-09 09:36:09,900  gsv3.training             INFO     [family_holdout:qaoa] epoch 0142  train_log_mse=0.00185  val_log_mse=0.05887  val_mse=0.000321  max_grad=0.43  patience=12/30
2026-10-09 09:36:19,537  gsv3.training             INFO     [family_holdout:qnn] epoch 0111  count_mse=0.0564  count_rel_err_2q=0.198
2026-10-09 09:36:19,538  gsv3.training             INFO     [family_holdout:qnn] epoch 0111  region_bce=0.0443  dist_mse=0.0559  region_overlap=0.948
2026-10-09 09:36:19,538  gsv3.training             INFO     [family_holdout:qnn] epoch 0111  train_log_mse=0.00316  val_log_mse=0.06530  val_mse=0.000449  max_grad=0.69  patience=2/30
2026-10-09 09:37:27,203  gsv3.training             INFO     [family_holdout:qaoa] epoch 0143  count_mse=0.0442  count_rel_err_2q=0.169
2026-10-09 09:37:27,204  gsv3.training             INFO     [family_holdout:qaoa] epoch 0143  region_bce=0.0375  dist_mse=0.0448  region_overlap=0.954
2026-10-09 09:37:27,204  gsv3.training             INFO     [family_holdout:qaoa] epoch 0143  train_log_mse=0.00199  val_log_mse=0.05252  val_mse=0.000341  max_grad=0.60  patience=13/30
2026-10-09 09:37:57,865  gsv3.training             INFO     [family_holdout:qnn] epoch 0112  count_mse=0.0549  count_rel_err_2q=0.196
2026-10-09 09:37:57,866  gsv3.training             INFO     [family_holdout:qnn] epoch 0112  region_bce=0.0385  dist_mse=0.0536  region_overlap=0.952
2026-10-09 09:37:57,866  gsv3.training             INFO     [family_holdout:qnn] epoch 0112  train_log_mse=0.00260  val_log_mse=0.05957  val_mse=0.000430  max_grad=0.40  patience=3/30
2026-10-09 09:38:44,397  gsv3.training             INFO     [family_holdout:qaoa] epoch 0144  count_mse=0.0436  count_rel_err_2q=0.168
2026-10-09 09:38:44,397  gsv3.training             INFO     [family_holdout:qaoa] epoch 0144  region_bce=0.0346  dist_mse=0.0432  region_overlap=0.955
2026-10-09 09:38:44,397  gsv3.training             INFO     [family_holdout:qaoa] epoch 0144  train_log_mse=0.00188  val_log_mse=0.06054  val_mse=0.000364  max_grad=0.36  patience=14/30
2026-10-09 09:39:36,402  gsv3.training             INFO     [family_holdout:qnn] epoch 0113  count_mse=0.0546  count_rel_err_2q=0.196
2026-10-09 09:39:36,403  gsv3.training             INFO     [family_holdout:qnn] epoch 0113  region_bce=0.0372  dist_mse=0.0528  region_overlap=0.953
2026-10-09 09:39:36,403  gsv3.training             INFO     [family_holdout:qnn] epoch 0113  train_log_mse=0.00250  val_log_mse=0.06753  val_mse=0.000430  max_grad=0.34  patience=4/30
2026-10-09 09:40:01,781  gsv3.training             INFO     [family_holdout:qaoa] epoch 0145  count_mse=0.0437  count_rel_err_2q=0.168
2026-10-09 09:40:01,782  gsv3.training             INFO     [family_holdout:qaoa] epoch 0145  region_bce=0.0328  dist_mse=0.0429  region_overlap=0.957
2026-10-09 09:40:01,782  gsv3.training             INFO     [family_holdout:qaoa] epoch 0145  train_log_mse=0.00190  val_log_mse=0.05399  val_mse=0.000332  max_grad=0.23  patience=15/30
2026-10-09 09:41:14,893  gsv3.training             INFO     [family_holdout:qnn] epoch 0114  count_mse=0.0542  count_rel_err_2q=0.195
2026-10-09 09:41:14,894  gsv3.training             INFO     [family_holdout:qnn] epoch 0114  region_bce=0.0377  dist_mse=0.0531  region_overlap=0.952
2026-10-09 09:41:14,894  gsv3.training             INFO     [family_holdout:qnn] epoch 0114  train_log_mse=0.00270  val_log_mse=0.05986  val_mse=0.000448  max_grad=0.38  patience=5/30
2026-10-09 09:41:18,988  gsv3.training             INFO     [family_holdout:qaoa] epoch 0146  count_mse=0.0433  count_rel_err_2q=0.167
2026-10-09 09:41:18,989  gsv3.training             INFO     [family_holdout:qaoa] epoch 0146  region_bce=0.0321  dist_mse=0.0427  region_overlap=0.957
2026-10-09 09:41:18,989  gsv3.training             INFO     [family_holdout:qaoa] epoch 0146  train_log_mse=0.00188  val_log_mse=0.05708  val_mse=0.000333  max_grad=0.26  patience=16/30
2026-10-09 09:42:36,018  gsv3.training             INFO     [family_holdout:qaoa] epoch 0147  count_mse=0.0433  count_rel_err_2q=0.167
2026-10-09 09:42:36,018  gsv3.training             INFO     [family_holdout:qaoa] epoch 0147  region_bce=0.0325  dist_mse=0.0424  region_overlap=0.957
2026-10-09 09:42:36,018  gsv3.training             INFO     [family_holdout:qaoa] epoch 0147  train_log_mse=0.00186  val_log_mse=0.05539  val_mse=0.000336  max_grad=0.31  patience=17/30
2026-10-09 09:42:53,537  gsv3.training             INFO     [family_holdout:qnn] epoch 0115  count_mse=0.0543  count_rel_err_2q=0.196
2026-10-09 09:42:53,538  gsv3.training             INFO     [family_holdout:qnn] epoch 0115  region_bce=0.0387  dist_mse=0.0535  region_overlap=0.951
2026-10-09 09:42:53,538  gsv3.training             INFO     [family_holdout:qnn] epoch 0115  train_log_mse=0.00268  val_log_mse=0.05948  val_mse=0.000442  max_grad=0.45  patience=6/30
2026-10-09 09:43:53,145  gsv3.training             INFO     [family_holdout:qaoa] epoch 0148  count_mse=0.0449  count_rel_err_2q=0.170
2026-10-09 09:43:53,145  gsv3.training             INFO     [family_holdout:qaoa] epoch 0148  region_bce=0.0418  dist_mse=0.0470  region_overlap=0.951
2026-10-09 09:43:53,145  gsv3.training             INFO     [family_holdout:qaoa] epoch 0148  train_log_mse=0.00263  val_log_mse=0.06076  val_mse=0.000339  max_grad=1.01  patience=18/30
2026-10-09 09:44:32,042  gsv3.training             INFO     [family_holdout:qnn] epoch 0116  count_mse=0.0567  count_rel_err_2q=0.200
2026-10-09 09:44:32,043  gsv3.training             INFO     [family_holdout:qnn] epoch 0116  region_bce=0.0498  dist_mse=0.0590  region_overlap=0.944
2026-10-09 09:44:32,043  gsv3.training             INFO     [family_holdout:qnn] epoch 0116  train_log_mse=0.00393  val_log_mse=0.06245  val_mse=0.000416  max_grad=4.86  patience=7/30
2026-10-09 09:45:10,692  gsv3.training             INFO     [family_holdout:qaoa] epoch 0149  count_mse=0.0436  count_rel_err_2q=0.168
2026-10-09 09:45:10,692  gsv3.training             INFO     [family_holdout:qaoa] epoch 0149  region_bce=0.0356  dist_mse=0.0439  region_overlap=0.955
2026-10-09 09:45:10,692  gsv3.training             INFO     [family_holdout:qaoa] epoch 0149  train_log_mse=0.00209  val_log_mse=0.05711  val_mse=0.000349  max_grad=0.43  patience=19/30
2026-10-09 09:46:10,272  gsv3.training             INFO     [family_holdout:qnn] epoch 0117  count_mse=0.0547  count_rel_err_2q=0.197
2026-10-09 09:46:10,273  gsv3.training             INFO     [family_holdout:qnn] epoch 0117  region_bce=0.0401  dist_mse=0.0542  region_overlap=0.951
2026-10-09 09:46:10,273  gsv3.training             INFO     [family_holdout:qnn] epoch 0117  train_log_mse=0.00286  val_log_mse=0.06306  val_mse=0.000415  max_grad=2.18  patience=8/30
2026-10-09 09:46:27,994  gsv3.training             INFO     [family_holdout:qaoa] epoch 0150  count_mse=0.0435  count_rel_err_2q=0.170
2026-10-09 09:46:27,994  gsv3.training             INFO     [family_holdout:qaoa] epoch 0150  region_bce=0.0338  dist_mse=0.0424  region_overlap=0.956
2026-10-09 09:46:27,994  gsv3.training             INFO     [family_holdout:qaoa] epoch 0150  train_log_mse=0.00187  val_log_mse=0.05619  val_mse=0.000378  max_grad=0.31  patience=20/30
2026-10-09 09:47:45,242  gsv3.training             INFO     [family_holdout:qaoa] epoch 0151  count_mse=0.0428  count_rel_err_2q=0.167
2026-10-09 09:47:45,243  gsv3.training             INFO     [family_holdout:qaoa] epoch 0151  region_bce=0.0330  dist_mse=0.0425  region_overlap=0.957
2026-10-09 09:47:45,243  gsv3.training             INFO     [family_holdout:qaoa] epoch 0151  train_log_mse=0.00191  val_log_mse=0.05606  val_mse=0.000354  max_grad=0.41  patience=21/30
2026-10-09 09:47:48,978  gsv3.training             INFO     [family_holdout:qnn] epoch 0118  count_mse=0.0539  count_rel_err_2q=0.197
2026-10-09 09:47:48,978  gsv3.training             INFO     [family_holdout:qnn] epoch 0118  region_bce=0.0362  dist_mse=0.0519  region_overlap=0.953
2026-10-09 09:47:48,978  gsv3.training             INFO     [family_holdout:qnn] epoch 0118  train_log_mse=0.00244  val_log_mse=0.06530  val_mse=0.000432  max_grad=0.35  patience=9/30
2026-10-09 09:49:02,729  gsv3.training             INFO     [family_holdout:qaoa] epoch 0152  count_mse=0.0426  count_rel_err_2q=0.168
2026-10-09 09:49:02,729  gsv3.training             INFO     [family_holdout:qaoa] epoch 0152  region_bce=0.0312  dist_mse=0.0416  region_overlap=0.958
2026-10-09 09:49:02,729  gsv3.training             INFO     [family_holdout:qaoa] epoch 0152  train_log_mse=0.00182  val_log_mse=0.06283  val_mse=0.000328  max_grad=0.32  patience=22/30
2026-10-09 09:49:27,585  gsv3.training             INFO     [family_holdout:qnn] epoch 0119  count_mse=0.0539  count_rel_err_2q=0.195
2026-10-09 09:49:27,585  gsv3.training             INFO     [family_holdout:qnn] epoch 0119  region_bce=0.0359  dist_mse=0.0514  region_overlap=0.953
2026-10-09 09:49:27,585  gsv3.training             INFO     [family_holdout:qnn] epoch 0119  train_log_mse=0.00250  val_log_mse=0.06170  val_mse=0.000420  max_grad=0.36  patience=10/30
2026-10-09 09:50:20,086  gsv3.training             INFO     [family_holdout:qaoa] epoch 0153  count_mse=0.0427  count_rel_err_2q=0.167
2026-10-09 09:50:20,087  gsv3.training             INFO     [family_holdout:qaoa] epoch 0153  region_bce=0.0320  dist_mse=0.0416  region_overlap=0.957
2026-10-09 09:50:20,087  gsv3.training             INFO     [family_holdout:qaoa] epoch 0153  train_log_mse=0.00199  val_log_mse=0.05462  val_mse=0.000349  max_grad=0.30  patience=23/30
2026-10-09 09:51:06,178  gsv3.training             INFO     [family_holdout:qnn] epoch 0120  count_mse=0.0541  count_rel_err_2q=0.198
2026-10-09 09:51:06,179  gsv3.training             INFO     [family_holdout:qnn] epoch 0120  region_bce=0.0381  dist_mse=0.0527  region_overlap=0.952
2026-10-09 09:51:06,179  gsv3.training             INFO     [family_holdout:qnn] epoch 0120  train_log_mse=0.00279  val_log_mse=0.06430  val_mse=0.000403  max_grad=0.46  patience=11/30
2026-10-09 09:51:37,499  gsv3.training             INFO     [family_holdout:qaoa] epoch 0154  count_mse=0.0427  count_rel_err_2q=0.168
2026-10-09 09:51:37,499  gsv3.training             INFO     [family_holdout:qaoa] epoch 0154  region_bce=0.0325  dist_mse=0.0419  region_overlap=0.957
2026-10-09 09:51:37,499  gsv3.training             INFO     [family_holdout:qaoa] epoch 0154  train_log_mse=0.00187  val_log_mse=0.05568  val_mse=0.000329  max_grad=0.29  patience=24/30
2026-10-09 09:52:44,432  gsv3.training             INFO     [family_holdout:qnn] epoch 0121  count_mse=0.0531  count_rel_err_2q=0.196
2026-10-09 09:52:44,433  gsv3.training             INFO     [family_holdout:qnn] epoch 0121  region_bce=0.0361  dist_mse=0.0512  region_overlap=0.954
2026-10-09 09:52:44,433  gsv3.training             INFO     [family_holdout:qnn] epoch 0121  train_log_mse=0.00255  val_log_mse=0.07074  val_mse=0.000421  max_grad=0.39  patience=12/30
2026-10-09 09:52:54,560  gsv3.training             INFO     [family_holdout:qaoa] epoch 0155  count_mse=0.0427  count_rel_err_2q=0.169
2026-10-09 09:52:54,560  gsv3.training             INFO     [family_holdout:qaoa] epoch 0155  region_bce=0.0342  dist_mse=0.0424  region_overlap=0.956
2026-10-09 09:52:54,560  gsv3.training             INFO     [family_holdout:qaoa] epoch 0155  train_log_mse=0.00190  val_log_mse=0.06129  val_mse=0.000355  max_grad=0.35  patience=25/30
2026-10-09 09:54:11,377  gsv3.training             INFO     [family_holdout:qaoa] epoch 0156  count_mse=0.0432  count_rel_err_2q=0.169
2026-10-09 09:54:11,377  gsv3.training             INFO     [family_holdout:qaoa] epoch 0156  region_bce=0.0366  dist_mse=0.0430  region_overlap=0.954
2026-10-09 09:54:11,377  gsv3.training             INFO     [family_holdout:qaoa] epoch 0156  train_log_mse=0.00212  val_log_mse=0.05378  val_mse=0.000347  max_grad=0.30  patience=26/30
2026-10-09 09:54:22,566  gsv3.training             INFO     [family_holdout:qnn] epoch 0122  count_mse=0.0533  count_rel_err_2q=0.196
2026-10-09 09:54:22,567  gsv3.training             INFO     [family_holdout:qnn] epoch 0122  region_bce=0.0358  dist_mse=0.0509  region_overlap=0.954
2026-10-09 09:54:22,567  gsv3.training             INFO     [family_holdout:qnn] epoch 0122  train_log_mse=0.00252  val_log_mse=0.06549  val_mse=0.000426  max_grad=0.40  patience=13/30
2026-10-09 09:55:26,636  gsv3.training             INFO     [family_holdout:qaoa] epoch 0157  count_mse=0.0425  count_rel_err_2q=0.168
2026-10-09 09:55:26,637  gsv3.training             INFO     [family_holdout:qaoa] epoch 0157  region_bce=0.0319  dist_mse=0.0413  region_overlap=0.958
2026-10-09 09:55:26,637  gsv3.training             INFO     [family_holdout:qaoa] epoch 0157  train_log_mse=0.00183  val_log_mse=0.06332  val_mse=0.000342  max_grad=0.34  patience=27/30
2026-10-09 09:55:58,486  gsv3.training             INFO     [family_holdout:qnn] epoch 0123  count_mse=0.0531  count_rel_err_2q=0.197
2026-10-09 09:55:58,486  gsv3.training             INFO     [family_holdout:qnn] epoch 0123  region_bce=0.0376  dist_mse=0.0511  region_overlap=0.953
2026-10-09 09:55:58,486  gsv3.training             INFO     [family_holdout:qnn] epoch 0123  train_log_mse=0.00252  val_log_mse=0.05998  val_mse=0.000439  max_grad=0.31  patience=14/30
2026-10-09 09:56:41,641  gsv3.training             INFO     [family_holdout:qaoa] epoch 0158  count_mse=0.0421  count_rel_err_2q=0.167
2026-10-09 09:56:41,641  gsv3.training             INFO     [family_holdout:qaoa] epoch 0158  region_bce=0.0307  dist_mse=0.0407  region_overlap=0.958
2026-10-09 09:56:41,641  gsv3.training             INFO     [family_holdout:qaoa] epoch 0158  train_log_mse=0.00179  val_log_mse=0.05736  val_mse=0.000327  max_grad=0.28  patience=28/30
2026-10-09 09:57:34,480  gsv3.training             INFO     [family_holdout:qnn] epoch 0124  count_mse=0.0539  count_rel_err_2q=0.200
2026-10-09 09:57:34,480  gsv3.training             INFO     [family_holdout:qnn] epoch 0124  region_bce=0.0426  dist_mse=0.0540  region_overlap=0.949
2026-10-09 09:57:34,480  gsv3.training             INFO     [family_holdout:qnn] epoch 0124  train_log_mse=0.00325  val_log_mse=0.06151  val_mse=0.000449  max_grad=3.23  patience=15/30
2026-10-09 09:57:56,345  gsv3.training             INFO     [family_holdout:qaoa] epoch 0159  count_mse=0.0420  count_rel_err_2q=0.168
2026-10-09 09:57:56,345  gsv3.training             INFO     [family_holdout:qaoa] epoch 0159  region_bce=0.0339  dist_mse=0.0416  region_overlap=0.956
2026-10-09 09:57:56,345  gsv3.training             INFO     [family_holdout:qaoa] epoch 0159  train_log_mse=0.00203  val_log_mse=0.07718  val_mse=0.000406  max_grad=11.17  patience=29/30
2026-10-09 09:59:10,628  gsv3.training             INFO     [family_holdout:qnn] epoch 0125  count_mse=0.0529  count_rel_err_2q=0.196
2026-10-09 09:59:10,629  gsv3.training             INFO     [family_holdout:qnn] epoch 0125  region_bce=0.0355  dist_mse=0.0509  region_overlap=0.954
2026-10-09 09:59:10,629  gsv3.training             INFO     [family_holdout:qnn] epoch 0125  train_log_mse=0.00260  val_log_mse=0.07330  val_mse=0.000425  max_grad=0.38  patience=16/30
2026-10-09 09:59:10,806  gsv3.training             INFO     [family_holdout:qaoa] epoch 0160  count_mse=0.0444  count_rel_err_2q=0.171
2026-10-09 09:59:10,806  gsv3.training             INFO     [family_holdout:qaoa] epoch 0160  region_bce=0.0406  dist_mse=0.0461  region_overlap=0.952
2026-10-09 09:59:10,806  gsv3.training             INFO     [family_holdout:qaoa] epoch 0160  train_log_mse=0.00283  val_log_mse=0.06183  val_mse=0.000348  max_grad=1.77  patience=30/30
2026-10-09 09:59:19,540  gsv3.experiment           INFO     [qaoa] TEST  n=2706  MAE=0.1058  R2=0.7996  device-acc=0.388  regret=0.0137
2026-10-09 09:59:19,545  genstudy.io               INFO     Wrote evaluations/generalization_v8/results/v8a_c001_s7/leave_one_family_out/qaoa/metrics.json
2026-10-09 09:59:19,559  genstudy.io               INFO     Wrote evaluations/generalization_v8/results/v8a_c001_s7/leave_one_family_out/qaoa/predictions.json
2026-10-09 09:59:19,572  genstudy.io               INFO     Wrote evaluations/generalization_v8/results/v8a_c001_s7/leave_one_family_out/qaoa/history.json
2026-10-09 09:59:19,593  genstudy.io               INFO     Wrote evaluations/generalization_v8/results/v8a_c001_s7/leave_one_family_out/folds.json
2026-10-09 09:59:19,600  genstudy.experiment       INFO     Merged held-out predictions for 2706 circuits
2026-10-09 09:59:19,611  genstudy.io               INFO     Wrote evaluations/generalization_v8/results/v8a_c001_s7/leave_one_family_out/heldout_predictions.json
2026-10-09 09:59:19,612  run_experiment            INFO     leave_one_family_out finished: 1 complete, 0 skipped
2026-10-09 10:00:39,101  gsv3.training             INFO     [family_holdout:qnn] epoch 0126  count_mse=0.0536  count_rel_err_2q=0.198
2026-10-09 10:00:39,102  gsv3.training             INFO     [family_holdout:qnn] epoch 0126  region_bce=0.0387  dist_mse=0.0517  region_overlap=0.952
2026-10-09 10:00:39,102  gsv3.training             INFO     [family_holdout:qnn] epoch 0126  train_log_mse=0.00294  val_log_mse=0.06632  val_mse=0.000428  max_grad=0.45  patience=17/30
2026-10-09 10:02:06,770  gsv3.training             INFO     [family_holdout:qnn] epoch 0127  count_mse=0.0529  count_rel_err_2q=0.198
2026-10-09 10:02:06,770  gsv3.training             INFO     [family_holdout:qnn] epoch 0127  region_bce=0.0364  dist_mse=0.0509  region_overlap=0.953
2026-10-09 10:02:06,770  gsv3.training             INFO     [family_holdout:qnn] epoch 0127  train_log_mse=0.00275  val_log_mse=0.06741  val_mse=0.000424  max_grad=0.56  patience=18/30
2026-10-09 10:03:34,457  gsv3.training             INFO     [family_holdout:qnn] epoch 0128  count_mse=0.0523  count_rel_err_2q=0.198
2026-10-09 10:03:34,459  gsv3.training             INFO     [family_holdout:qnn] epoch 0128  region_bce=0.0343  dist_mse=0.0496  region_overlap=0.955
2026-10-09 10:03:34,459  gsv3.training             INFO     [family_holdout:qnn] epoch 0128  train_log_mse=0.00239  val_log_mse=0.06265  val_mse=0.000423  max_grad=0.46  patience=19/30
2026-10-09 10:05:02,544  gsv3.training             INFO     [family_holdout:qnn] epoch 0129  count_mse=0.0526  count_rel_err_2q=0.197
2026-10-09 10:05:02,544  gsv3.training             INFO     [family_holdout:qnn] epoch 0129  region_bce=0.0383  dist_mse=0.0508  region_overlap=0.952
2026-10-09 10:05:02,544  gsv3.training             INFO     [family_holdout:qnn] epoch 0129  train_log_mse=0.00264  val_log_mse=0.06123  val_mse=0.000402  max_grad=0.77  patience=20/30
2026-10-09 10:06:30,830  gsv3.training             INFO     [family_holdout:qnn] epoch 0130  count_mse=0.0524  count_rel_err_2q=0.196
2026-10-09 10:06:30,831  gsv3.training             INFO     [family_holdout:qnn] epoch 0130  region_bce=0.0350  dist_mse=0.0499  region_overlap=0.954
2026-10-09 10:06:30,831  gsv3.training             INFO     [family_holdout:qnn] epoch 0130  train_log_mse=0.00260  val_log_mse=0.06217  val_mse=0.000415  max_grad=0.38  patience=21/30
2026-10-09 10:07:58,714  gsv3.training             INFO     [family_holdout:qnn] epoch 0131  count_mse=0.0519  count_rel_err_2q=0.196
2026-10-09 10:07:58,714  gsv3.training             INFO     [family_holdout:qnn] epoch 0131  region_bce=0.0343  dist_mse=0.0495  region_overlap=0.955
2026-10-09 10:07:58,714  gsv3.training             INFO     [family_holdout:qnn] epoch 0131  train_log_mse=0.00252  val_log_mse=0.06349  val_mse=0.000460  max_grad=0.76  patience=22/30
2026-10-09 10:09:26,335  gsv3.training             INFO     [family_holdout:qnn] epoch 0132  count_mse=0.0529  count_rel_err_2q=0.197
2026-10-09 10:09:26,335  gsv3.training             INFO     [family_holdout:qnn] epoch 0132  region_bce=0.0381  dist_mse=0.0508  region_overlap=0.952
2026-10-09 10:09:26,335  gsv3.training             INFO     [family_holdout:qnn] epoch 0132  train_log_mse=0.00293  val_log_mse=0.07137  val_mse=0.000430  max_grad=0.73  patience=23/30
2026-10-09 10:10:53,959  gsv3.training             INFO     [family_holdout:qnn] epoch 0133  count_mse=0.0520  count_rel_err_2q=0.196
2026-10-09 10:10:53,959  gsv3.training             INFO     [family_holdout:qnn] epoch 0133  region_bce=0.0350  dist_mse=0.0493  region_overlap=0.954
2026-10-09 10:10:53,959  gsv3.training             INFO     [family_holdout:qnn] epoch 0133  train_log_mse=0.00244  val_log_mse=0.06467  val_mse=0.000421  max_grad=0.90  patience=24/30
2026-10-09 10:12:21,661  gsv3.training             INFO     [family_holdout:qnn] epoch 0134  count_mse=0.0513  count_rel_err_2q=0.195
2026-10-09 10:12:21,662  gsv3.training             INFO     [family_holdout:qnn] epoch 0134  region_bce=0.0334  dist_mse=0.0483  region_overlap=0.955
2026-10-09 10:12:21,662  gsv3.training             INFO     [family_holdout:qnn] epoch 0134  train_log_mse=0.00242  val_log_mse=0.06523  val_mse=0.000425  max_grad=0.66  patience=25/30
2026-10-09 10:13:49,814  gsv3.training             INFO     [family_holdout:qnn] epoch 0135  count_mse=0.0511  count_rel_err_2q=0.196
2026-10-09 10:13:49,822  gsv3.training             INFO     [family_holdout:qnn] epoch 0135  region_bce=0.0345  dist_mse=0.0486  region_overlap=0.955
2026-10-09 10:13:49,822  gsv3.training             INFO     [family_holdout:qnn] epoch 0135  train_log_mse=0.00246  val_log_mse=0.06287  val_mse=0.000433  max_grad=0.35  patience=26/30
2026-10-09 10:15:18,136  gsv3.training             INFO     [family_holdout:qnn] epoch 0136  count_mse=0.0519  count_rel_err_2q=0.197
2026-10-09 10:15:18,137  gsv3.training             INFO     [family_holdout:qnn] epoch 0136  region_bce=0.0350  dist_mse=0.0489  region_overlap=0.954
2026-10-09 10:15:18,137  gsv3.training             INFO     [family_holdout:qnn] epoch 0136  train_log_mse=0.00260  val_log_mse=0.07192  val_mse=0.000451  max_grad=0.43  patience=27/30
2026-10-09 10:16:46,173  gsv3.training             INFO     [family_holdout:qnn] epoch 0137  count_mse=0.0517  count_rel_err_2q=0.197
2026-10-09 10:16:46,174  gsv3.training             INFO     [family_holdout:qnn] epoch 0137  region_bce=0.0386  dist_mse=0.0497  region_overlap=0.953
2026-10-09 10:16:46,174  gsv3.training             INFO     [family_holdout:qnn] epoch 0137  train_log_mse=0.00261  val_log_mse=0.06209  val_mse=0.000417  max_grad=0.56  patience=28/30
2026-10-09 10:18:14,586  gsv3.training             INFO     [family_holdout:qnn] epoch 0138  count_mse=0.0514  count_rel_err_2q=0.196
2026-10-09 10:18:14,589  gsv3.training             INFO     [family_holdout:qnn] epoch 0138  region_bce=0.0343  dist_mse=0.0481  region_overlap=0.955
2026-10-09 10:18:14,589  gsv3.training             INFO     [family_holdout:qnn] epoch 0138  train_log_mse=0.00248  val_log_mse=0.06111  val_mse=0.000426  max_grad=0.40  patience=29/30
2026-10-09 10:19:42,399  gsv3.training             INFO     [family_holdout:qnn] epoch 0139  count_mse=0.0506  count_rel_err_2q=0.195
2026-10-09 10:19:42,399  gsv3.training             INFO     [family_holdout:qnn] epoch 0139  region_bce=0.0325  dist_mse=0.0471  region_overlap=0.956
2026-10-09 10:19:42,399  gsv3.training             INFO     [family_holdout:qnn] epoch 0139  train_log_mse=0.00230  val_log_mse=0.06372  val_mse=0.000419  max_grad=0.34  patience=30/30
2026-10-09 10:19:43,598  gsv3.experiment           INFO     [qnn] TEST  n=760  MAE=0.0706  R2=0.8066  device-acc=0.613  regret=0.0106
2026-10-09 10:19:43,602  genstudy.io               INFO     Wrote evaluations/generalization_v8/results/v8a_c001_s7/leave_one_family_out/qnn/metrics.json
2026-10-09 10:19:43,607  genstudy.io               INFO     Wrote evaluations/generalization_v8/results/v8a_c001_s7/leave_one_family_out/qnn/predictions.json
2026-10-09 10:19:43,621  genstudy.io               INFO     Wrote evaluations/generalization_v8/results/v8a_c001_s7/leave_one_family_out/qnn/history.json
2026-10-09 10:19:43,657  genstudy.io               INFO     Wrote evaluations/generalization_v8/results/v8a_c001_s7/leave_one_family_out/folds.json
2026-10-09 10:19:43,659  genstudy.experiment       INFO     Merged held-out predictions for 760 circuits
2026-10-09 10:19:43,664  genstudy.io               INFO     Wrote evaluations/generalization_v8/results/v8a_c001_s7/leave_one_family_out/heldout_predictions.json
2026-10-09 10:19:43,664  run_experiment            INFO     leave_one_family_out finished: 1 complete, 0 skipped
