2026-10-07 14:38:46,957  genstudy.io               INFO     Logging to /home/atudisco/pred-distr-tool/evaluations/generalization/results/scheduling/leave_one_family_out/run.log
2026-10-07 14:38:46,957  run_scheduling_eval       INFO     Command line: /home/atudisco/pred-distr-tool/evaluations/generalization/scripts/run_scheduling_eval.py --results-dir /home/atudisco/pred-distr-tool/evaluations/generalization/results --fidelity-weights 0.0:1.0:0.1 --per-family --min-family-size 50
2026-10-07 14:38:46,979  run_scheduling_eval       INFO     Loaded 16702 held-out predictions from /home/atudisco/pred-distr-tool/evaluations/generalization/results/leave_one_family_out/heldout_predictions.json
2026-10-07 14:38:47,369  run_gnn_dispatch          INFO     Loaded ground-truth fidelities for 19465 circuits from /home/atudisco/pred-distr-tool/src/model/expected_fidelity_results_benchmark.json
2026-10-07 14:38:47,372  run_scheduling_eval       INFO     Weight sweep: [0.0, 0.1, 0.2, 0.3, 0.4, 0.5, 0.6, 0.7, 0.8, 0.9, 1.0]
2026-10-07 14:38:47,382  run_scheduling_eval       INFO     Scheduling on 16702 circuits -> /home/atudisco/pred-distr-tool/evaluations/generalization/results/scheduling/leave_one_family_out
2026-10-07 14:38:47,382  run_gnn_dispatch          INFO     === Fidelity weight 0.00 ===
2026-10-07 14:38:47,485  run_gnn_dispatch          INFO       [oracle] EQE1_Top  ->  1600 circuits
2026-10-07 14:38:47,485  run_gnn_dispatch          INFO       [oracle] EQE1_Bottom  ->  9250 circuits
2026-10-07 14:38:47,485  run_gnn_dispatch          INFO       [oracle] QExa20  ->  5852 circuits
2026-10-07 14:38:47,513  run_gnn_dispatch          INFO       [oracle] overall mean fidelity: 0.3763  (load CV: 0.688)
2026-10-07 14:38:47,513  run_gnn_dispatch          INFO       [gt_weighted] EQE1_Top  ->  5568 circuits
2026-10-07 14:38:47,513  run_gnn_dispatch          INFO       [gt_weighted] EQE1_Bottom  ->  5567 circuits
2026-10-07 14:38:47,513  run_gnn_dispatch          INFO       [gt_weighted] QExa20  ->  5567 circuits
2026-10-07 14:38:47,542  run_gnn_dispatch          INFO       [gt_weighted] overall mean fidelity: 0.3441  (load CV: 0.000)
2026-10-07 14:38:47,542  run_gnn_dispatch          INFO       [gnn] EQE1_Top  ->  5568 circuits
2026-10-07 14:38:47,542  run_gnn_dispatch          INFO       [gnn] EQE1_Bottom  ->  5567 circuits
2026-10-07 14:38:47,542  run_gnn_dispatch          INFO       [gnn] QExa20  ->  5567 circuits
2026-10-07 14:38:47,570  run_gnn_dispatch          INFO       [gnn] overall mean fidelity: 0.3441  (load CV: 0.000)
2026-10-07 14:38:47,570  run_gnn_dispatch          INFO       [round_robin] EQE1_Top  ->  5568 circuits
2026-10-07 14:38:47,570  run_gnn_dispatch          INFO       [round_robin] EQE1_Bottom  ->  5567 circuits
2026-10-07 14:38:47,570  run_gnn_dispatch          INFO       [round_robin] QExa20  ->  5567 circuits
2026-10-07 14:38:47,598  run_gnn_dispatch          INFO       [round_robin] overall mean fidelity: 0.3441  (load CV: 0.000)
2026-10-07 14:38:47,615  run_gnn_dispatch          INFO       [cross-policy oracle↔gnn] agreement: 33.3%  mean regret: 0.0323
2026-10-07 14:38:47,627  run_gnn_dispatch          INFO       [cross-policy gt_weighted↔gnn] agreement: 100.0%  mean regret: 0.0000
2026-10-07 14:38:47,627  run_gnn_dispatch          INFO     === Fidelity weight 0.10 ===
2026-10-07 14:38:47,891  run_gnn_dispatch          INFO       [oracle] EQE1_Top  ->  1600 circuits
2026-10-07 14:38:47,891  run_gnn_dispatch          INFO       [oracle] EQE1_Bottom  ->  9250 circuits
2026-10-07 14:38:47,891  run_gnn_dispatch          INFO       [oracle] QExa20  ->  5852 circuits
2026-10-07 14:38:47,918  run_gnn_dispatch          INFO       [oracle] overall mean fidelity: 0.3763  (load CV: 0.688)
2026-10-07 14:38:47,918  run_gnn_dispatch          INFO       [gt_weighted] EQE1_Top  ->  5530 circuits
2026-10-07 14:38:47,918  run_gnn_dispatch          INFO       [gt_weighted] EQE1_Bottom  ->  5629 circuits
2026-10-07 14:38:47,918  run_gnn_dispatch          INFO       [gt_weighted] QExa20  ->  5543 circuits
2026-10-07 14:38:47,943  run_gnn_dispatch          INFO       [gt_weighted] overall mean fidelity: 0.3643  (load CV: 0.010)
2026-10-07 14:38:47,944  run_gnn_dispatch          INFO       [gnn] EQE1_Top  ->  5553 circuits
2026-10-07 14:38:47,944  run_gnn_dispatch          INFO       [gnn] EQE1_Bottom  ->  5600 circuits
2026-10-07 14:38:47,944  run_gnn_dispatch          INFO       [gnn] QExa20  ->  5549 circuits
2026-10-07 14:38:47,971  run_gnn_dispatch          INFO       [gnn] overall mean fidelity: 0.3556  (load CV: 0.005)
2026-10-07 14:38:47,971  run_gnn_dispatch          INFO       [round_robin] EQE1_Top  ->  5568 circuits
2026-10-07 14:38:47,971  run_gnn_dispatch          INFO       [round_robin] EQE1_Bottom  ->  5567 circuits
2026-10-07 14:38:47,971  run_gnn_dispatch          INFO       [round_robin] QExa20  ->  5567 circuits
2026-10-07 14:38:48,000  run_gnn_dispatch          INFO       [round_robin] overall mean fidelity: 0.3441  (load CV: 0.000)
2026-10-07 14:38:48,018  run_gnn_dispatch          INFO       [cross-policy oracle↔gnn] agreement: 45.7%  mean regret: 0.0208
2026-10-07 14:38:48,033  run_gnn_dispatch          INFO       [cross-policy gt_weighted↔gnn] agreement: 51.3%  mean regret: 0.0088
2026-10-07 14:38:48,034  run_gnn_dispatch          INFO     === Fidelity weight 0.20 ===
2026-10-07 14:38:48,244  run_gnn_dispatch          INFO       [oracle] EQE1_Top  ->  1600 circuits
2026-10-07 14:38:48,244  run_gnn_dispatch          INFO       [oracle] EQE1_Bottom  ->  9250 circuits
2026-10-07 14:38:48,244  run_gnn_dispatch          INFO       [oracle] QExa20  ->  5852 circuits
2026-10-07 14:38:48,270  run_gnn_dispatch          INFO       [oracle] overall mean fidelity: 0.3763  (load CV: 0.688)
2026-10-07 14:38:48,270  run_gnn_dispatch          INFO       [gt_weighted] EQE1_Top  ->  5512 circuits
2026-10-07 14:38:48,270  run_gnn_dispatch          INFO       [gt_weighted] EQE1_Bottom  ->  5686 circuits
2026-10-07 14:38:48,270  run_gnn_dispatch          INFO       [gt_weighted] QExa20  ->  5504 circuits
2026-10-07 14:38:48,295  run_gnn_dispatch          INFO       [gt_weighted] overall mean fidelity: 0.3665  (load CV: 0.018)
2026-10-07 14:38:48,295  run_gnn_dispatch          INFO       [gnn] EQE1_Top  ->  5537 circuits
2026-10-07 14:38:48,295  run_gnn_dispatch          INFO       [gnn] EQE1_Bottom  ->  5663 circuits
2026-10-07 14:38:48,296  run_gnn_dispatch          INFO       [gnn] QExa20  ->  5502 circuits
2026-10-07 14:38:48,323  run_gnn_dispatch          INFO       [gnn] overall mean fidelity: 0.3568  (load CV: 0.015)
2026-10-07 14:38:48,323  run_gnn_dispatch          INFO       [round_robin] EQE1_Top  ->  5568 circuits
2026-10-07 14:38:48,323  run_gnn_dispatch          INFO       [round_robin] EQE1_Bottom  ->  5567 circuits
2026-10-07 14:38:48,323  run_gnn_dispatch          INFO       [round_robin] QExa20  ->  5567 circuits
2026-10-07 14:38:48,350  run_gnn_dispatch          INFO       [round_robin] overall mean fidelity: 0.3441  (load CV: 0.000)
2026-10-07 14:38:48,365  run_gnn_dispatch          INFO       [cross-policy oracle↔gnn] agreement: 48.2%  mean regret: 0.0195
2026-10-07 14:38:48,380  run_gnn_dispatch          INFO       [cross-policy gt_weighted↔gnn] agreement: 53.0%  mean regret: 0.0097
2026-10-07 14:38:48,381  run_gnn_dispatch          INFO     === Fidelity weight 0.30 ===
2026-10-07 14:38:48,565  run_gnn_dispatch          INFO       [oracle] EQE1_Top  ->  1600 circuits
2026-10-07 14:38:48,566  run_gnn_dispatch          INFO       [oracle] EQE1_Bottom  ->  9250 circuits
2026-10-07 14:38:48,566  run_gnn_dispatch          INFO       [oracle] QExa20  ->  5852 circuits
2026-10-07 14:38:48,593  run_gnn_dispatch          INFO       [oracle] overall mean fidelity: 0.3763  (load CV: 0.688)
2026-10-07 14:38:48,593  run_gnn_dispatch          INFO       [gt_weighted] EQE1_Top  ->  5502 circuits
2026-10-07 14:38:48,593  run_gnn_dispatch          INFO       [gt_weighted] EQE1_Bottom  ->  5753 circuits
2026-10-07 14:38:48,593  run_gnn_dispatch          INFO       [gt_weighted] QExa20  ->  5447 circuits
2026-10-07 14:38:48,619  run_gnn_dispatch          INFO       [gt_weighted] overall mean fidelity: 0.3680  (load CV: 0.029)
2026-10-07 14:38:48,619  run_gnn_dispatch          INFO       [gnn] EQE1_Top  ->  5532 circuits
2026-10-07 14:38:48,619  run_gnn_dispatch          INFO       [gnn] EQE1_Bottom  ->  5736 circuits
2026-10-07 14:38:48,619  run_gnn_dispatch          INFO       [gnn] QExa20  ->  5434 circuits
2026-10-07 14:38:48,646  run_gnn_dispatch          INFO       [gnn] overall mean fidelity: 0.3580  (load CV: 0.028)
2026-10-07 14:38:48,646  run_gnn_dispatch          INFO       [round_robin] EQE1_Top  ->  5568 circuits
2026-10-07 14:38:48,646  run_gnn_dispatch          INFO       [round_robin] EQE1_Bottom  ->  5567 circuits
2026-10-07 14:38:48,646  run_gnn_dispatch          INFO       [round_robin] QExa20  ->  5567 circuits
2026-10-07 14:38:48,673  run_gnn_dispatch          INFO       [round_robin] overall mean fidelity: 0.3441  (load CV: 0.000)
2026-10-07 14:38:48,690  run_gnn_dispatch          INFO       [cross-policy oracle↔gnn] agreement: 50.4%  mean regret: 0.0184
2026-10-07 14:38:48,705  run_gnn_dispatch          INFO       [cross-policy gt_weighted↔gnn] agreement: 54.1%  mean regret: 0.0101
2026-10-07 14:38:48,706  run_gnn_dispatch          INFO     === Fidelity weight 0.40 ===
2026-10-07 14:38:48,919  run_gnn_dispatch          INFO       [oracle] EQE1_Top  ->  1600 circuits
2026-10-07 14:38:48,919  run_gnn_dispatch          INFO       [oracle] EQE1_Bottom  ->  9250 circuits
2026-10-07 14:38:48,919  run_gnn_dispatch          INFO       [oracle] QExa20  ->  5852 circuits
2026-10-07 14:38:48,946  run_gnn_dispatch          INFO       [oracle] overall mean fidelity: 0.3763  (load CV: 0.688)
2026-10-07 14:38:48,946  run_gnn_dispatch          INFO       [gt_weighted] EQE1_Top  ->  5496 circuits
2026-10-07 14:38:48,946  run_gnn_dispatch          INFO       [gt_weighted] EQE1_Bottom  ->  5839 circuits
2026-10-07 14:38:48,946  run_gnn_dispatch          INFO       [gt_weighted] QExa20  ->  5367 circuits
2026-10-07 14:38:48,973  run_gnn_dispatch          INFO       [gt_weighted] overall mean fidelity: 0.3693  (load CV: 0.044)
2026-10-07 14:38:48,973  run_gnn_dispatch          INFO       [gnn] EQE1_Top  ->  5535 circuits
2026-10-07 14:38:48,973  run_gnn_dispatch          INFO       [gnn] EQE1_Bottom  ->  5821 circuits
2026-10-07 14:38:48,973  run_gnn_dispatch          INFO       [gnn] QExa20  ->  5346 circuits
2026-10-07 14:38:49,000  run_gnn_dispatch          INFO       [gnn] overall mean fidelity: 0.3589  (load CV: 0.043)
2026-10-07 14:38:49,000  run_gnn_dispatch          INFO       [round_robin] EQE1_Top  ->  5568 circuits
2026-10-07 14:38:49,000  run_gnn_dispatch          INFO       [round_robin] EQE1_Bottom  ->  5567 circuits
2026-10-07 14:38:49,000  run_gnn_dispatch          INFO       [round_robin] QExa20  ->  5567 circuits
2026-10-07 14:38:49,027  run_gnn_dispatch          INFO       [round_robin] overall mean fidelity: 0.3441  (load CV: 0.000)
2026-10-07 14:38:49,042  run_gnn_dispatch          INFO       [cross-policy oracle↔gnn] agreement: 52.3%  mean regret: 0.0174
2026-10-07 14:38:49,057  run_gnn_dispatch          INFO       [cross-policy gt_weighted↔gnn] agreement: 55.4%  mean regret: 0.0104
2026-10-07 14:38:49,057  run_gnn_dispatch          INFO     === Fidelity weight 0.50 ===
2026-10-07 14:38:49,151  run_gnn_dispatch          INFO       [oracle] EQE1_Top  ->  1600 circuits
2026-10-07 14:38:49,151  run_gnn_dispatch          INFO       [oracle] EQE1_Bottom  ->  9250 circuits
2026-10-07 14:38:49,151  run_gnn_dispatch          INFO       [oracle] QExa20  ->  5852 circuits
2026-10-07 14:38:49,177  run_gnn_dispatch          INFO       [oracle] overall mean fidelity: 0.3763  (load CV: 0.688)
2026-10-07 14:38:49,177  run_gnn_dispatch          INFO       [gt_weighted] EQE1_Top  ->  5497 circuits
2026-10-07 14:38:49,177  run_gnn_dispatch          INFO       [gt_weighted] EQE1_Bottom  ->  5950 circuits
2026-10-07 14:38:49,177  run_gnn_dispatch          INFO       [gt_weighted] QExa20  ->  5255 circuits
2026-10-07 14:38:49,202  run_gnn_dispatch          INFO       [gt_weighted] overall mean fidelity: 0.3705  (load CV: 0.063)
2026-10-07 14:38:49,202  run_gnn_dispatch          INFO       [gnn] EQE1_Top  ->  5540 circuits
2026-10-07 14:38:49,202  run_gnn_dispatch          INFO       [gnn] EQE1_Bottom  ->  5923 circuits
2026-10-07 14:38:49,202  run_gnn_dispatch          INFO       [gnn] QExa20  ->  5239 circuits
2026-10-07 14:38:49,229  run_gnn_dispatch          INFO       [gnn] overall mean fidelity: 0.3596  (load CV: 0.062)
2026-10-07 14:38:49,229  run_gnn_dispatch          INFO       [round_robin] EQE1_Top  ->  5568 circuits
2026-10-07 14:38:49,229  run_gnn_dispatch          INFO       [round_robin] EQE1_Bottom  ->  5567 circuits
2026-10-07 14:38:49,229  run_gnn_dispatch          INFO       [round_robin] QExa20  ->  5567 circuits
2026-10-07 14:38:49,256  run_gnn_dispatch          INFO       [round_robin] overall mean fidelity: 0.3441  (load CV: 0.000)
2026-10-07 14:38:49,271  run_gnn_dispatch          INFO       [cross-policy oracle↔gnn] agreement: 54.1%  mean regret: 0.0168
2026-10-07 14:38:49,285  run_gnn_dispatch          INFO       [cross-policy gt_weighted↔gnn] agreement: 55.0%  mean regret: 0.0109
2026-10-07 14:38:49,286  run_gnn_dispatch          INFO     === Fidelity weight 0.60 ===
2026-10-07 14:38:49,499  run_gnn_dispatch          INFO       [oracle] EQE1_Top  ->  1600 circuits
2026-10-07 14:38:49,500  run_gnn_dispatch          INFO       [oracle] EQE1_Bottom  ->  9250 circuits
2026-10-07 14:38:49,500  run_gnn_dispatch          INFO       [oracle] QExa20  ->  5852 circuits
2026-10-07 14:38:49,526  run_gnn_dispatch          INFO       [oracle] overall mean fidelity: 0.3763  (load CV: 0.688)
2026-10-07 14:38:49,526  run_gnn_dispatch          INFO       [gt_weighted] EQE1_Top  ->  5509 circuits
2026-10-07 14:38:49,526  run_gnn_dispatch          INFO       [gt_weighted] EQE1_Bottom  ->  6111 circuits
2026-10-07 14:38:49,526  run_gnn_dispatch          INFO       [gt_weighted] QExa20  ->  5082 circuits
2026-10-07 14:38:49,550  run_gnn_dispatch          INFO       [gt_weighted] overall mean fidelity: 0.3716  (load CV: 0.093)
2026-10-07 14:38:49,551  run_gnn_dispatch          INFO       [gnn] EQE1_Top  ->  5547 circuits
2026-10-07 14:38:49,551  run_gnn_dispatch          INFO       [gnn] EQE1_Bottom  ->  6049 circuits
2026-10-07 14:38:49,551  run_gnn_dispatch          INFO       [gnn] QExa20  ->  5106 circuits
2026-10-07 14:38:49,577  run_gnn_dispatch          INFO       [gnn] overall mean fidelity: 0.3602  (load CV: 0.085)
2026-10-07 14:38:49,577  run_gnn_dispatch          INFO       [round_robin] EQE1_Top  ->  5568 circuits
2026-10-07 14:38:49,578  run_gnn_dispatch          INFO       [round_robin] EQE1_Bottom  ->  5567 circuits
2026-10-07 14:38:49,578  run_gnn_dispatch          INFO       [round_robin] QExa20  ->  5567 circuits
2026-10-07 14:38:49,604  run_gnn_dispatch          INFO       [round_robin] overall mean fidelity: 0.3441  (load CV: 0.000)
2026-10-07 14:38:49,620  run_gnn_dispatch          INFO       [cross-policy oracle↔gnn] agreement: 55.8%  mean regret: 0.0161
2026-10-07 14:38:49,634  run_gnn_dispatch          INFO       [cross-policy gt_weighted↔gnn] agreement: 55.0%  mean regret: 0.0114
2026-10-07 14:38:49,635  run_gnn_dispatch          INFO     === Fidelity weight 0.70 ===
2026-10-07 14:38:49,818  run_gnn_dispatch          INFO       [oracle] EQE1_Top  ->  1600 circuits
2026-10-07 14:38:49,818  run_gnn_dispatch          INFO       [oracle] EQE1_Bottom  ->  9250 circuits
2026-10-07 14:38:49,818  run_gnn_dispatch          INFO       [oracle] QExa20  ->  5852 circuits
2026-10-07 14:38:49,844  run_gnn_dispatch          INFO       [oracle] overall mean fidelity: 0.3763  (load CV: 0.688)
2026-10-07 14:38:49,844  run_gnn_dispatch          INFO       [gt_weighted] EQE1_Top  ->  5505 circuits
2026-10-07 14:38:49,844  run_gnn_dispatch          INFO       [gt_weighted] EQE1_Bottom  ->  6368 circuits
2026-10-07 14:38:49,844  run_gnn_dispatch          INFO       [gt_weighted] QExa20  ->  4829 circuits
2026-10-07 14:38:49,868  run_gnn_dispatch          INFO       [gt_weighted] overall mean fidelity: 0.3730  (load CV: 0.139)
2026-10-07 14:38:49,868  run_gnn_dispatch          INFO       [gnn] EQE1_Top  ->  5556 circuits
2026-10-07 14:38:49,868  run_gnn_dispatch          INFO       [gnn] EQE1_Bottom  ->  6230 circuits
2026-10-07 14:38:49,868  run_gnn_dispatch          INFO       [gnn] QExa20  ->  4916 circuits
2026-10-07 14:38:49,895  run_gnn_dispatch          INFO       [gnn] overall mean fidelity: 0.3609  (load CV: 0.118)
2026-10-07 14:38:49,895  run_gnn_dispatch          INFO       [round_robin] EQE1_Top  ->  5568 circuits
2026-10-07 14:38:49,895  run_gnn_dispatch          INFO       [round_robin] EQE1_Bottom  ->  5567 circuits
2026-10-07 14:38:49,895  run_gnn_dispatch          INFO       [round_robin] QExa20  ->  5567 circuits
2026-10-07 14:38:49,922  run_gnn_dispatch          INFO       [round_robin] overall mean fidelity: 0.3441  (load CV: 0.000)
2026-10-07 14:38:49,936  run_gnn_dispatch          INFO       [cross-policy oracle↔gnn] agreement: 56.9%  mean regret: 0.0154
2026-10-07 14:38:49,951  run_gnn_dispatch          INFO       [cross-policy gt_weighted↔gnn] agreement: 54.8%  mean regret: 0.0121
2026-10-07 14:38:49,951  run_gnn_dispatch          INFO     === Fidelity weight 0.80 ===
2026-10-07 14:38:50,137  run_gnn_dispatch          INFO       [oracle] EQE1_Top  ->  1600 circuits
2026-10-07 14:38:50,137  run_gnn_dispatch          INFO       [oracle] EQE1_Bottom  ->  9250 circuits
2026-10-07 14:38:50,137  run_gnn_dispatch          INFO       [oracle] QExa20  ->  5852 circuits
2026-10-07 14:38:50,163  run_gnn_dispatch          INFO       [oracle] overall mean fidelity: 0.3763  (load CV: 0.688)
2026-10-07 14:38:50,163  run_gnn_dispatch          INFO       [gt_weighted] EQE1_Top  ->  5422 circuits
2026-10-07 14:38:50,163  run_gnn_dispatch          INFO       [gt_weighted] EQE1_Bottom  ->  6779 circuits
2026-10-07 14:38:50,163  run_gnn_dispatch          INFO       [gt_weighted] QExa20  ->  4501 circuits
2026-10-07 14:38:50,188  run_gnn_dispatch          INFO       [gt_weighted] overall mean fidelity: 0.3743  (load CV: 0.206)
2026-10-07 14:38:50,188  run_gnn_dispatch          INFO       [gnn] EQE1_Top  ->  5558 circuits
2026-10-07 14:38:50,188  run_gnn_dispatch          INFO       [gnn] EQE1_Bottom  ->  6460 circuits
2026-10-07 14:38:50,188  run_gnn_dispatch          INFO       [gnn] QExa20  ->  4684 circuits
2026-10-07 14:38:50,214  run_gnn_dispatch          INFO       [gnn] overall mean fidelity: 0.3617  (load CV: 0.160)
2026-10-07 14:38:50,214  run_gnn_dispatch          INFO       [round_robin] EQE1_Top  ->  5568 circuits
2026-10-07 14:38:50,214  run_gnn_dispatch          INFO       [round_robin] EQE1_Bottom  ->  5567 circuits
2026-10-07 14:38:50,214  run_gnn_dispatch          INFO       [round_robin] QExa20  ->  5567 circuits
2026-10-07 14:38:50,241  run_gnn_dispatch          INFO       [round_robin] overall mean fidelity: 0.3441  (load CV: 0.000)
2026-10-07 14:38:50,255  run_gnn_dispatch          INFO       [cross-policy oracle↔gnn] agreement: 57.9%  mean regret: 0.0147
2026-10-07 14:38:50,270  run_gnn_dispatch          INFO       [cross-policy gt_weighted↔gnn] agreement: 55.4%  mean regret: 0.0126
2026-10-07 14:38:50,270  run_gnn_dispatch          INFO     === Fidelity weight 0.90 ===
2026-10-07 14:38:50,454  run_gnn_dispatch          INFO       [oracle] EQE1_Top  ->  1600 circuits
2026-10-07 14:38:50,454  run_gnn_dispatch          INFO       [oracle] EQE1_Bottom  ->  9250 circuits
2026-10-07 14:38:50,454  run_gnn_dispatch          INFO       [oracle] QExa20  ->  5852 circuits
2026-10-07 14:38:50,480  run_gnn_dispatch          INFO       [oracle] overall mean fidelity: 0.3763  (load CV: 0.688)
2026-10-07 14:38:50,480  run_gnn_dispatch          INFO       [gt_weighted] EQE1_Top  ->  5015 circuits
2026-10-07 14:38:50,480  run_gnn_dispatch          INFO       [gt_weighted] EQE1_Bottom  ->  7479 circuits
2026-10-07 14:38:50,480  run_gnn_dispatch          INFO       [gt_weighted] QExa20  ->  4208 circuits
2026-10-07 14:38:50,505  run_gnn_dispatch          INFO       [gt_weighted] overall mean fidelity: 0.3754  (load CV: 0.306)
2026-10-07 14:38:50,505  run_gnn_dispatch          INFO       [gnn] EQE1_Top  ->  5433 circuits
2026-10-07 14:38:50,505  run_gnn_dispatch          INFO       [gnn] EQE1_Bottom  ->  6882 circuits
2026-10-07 14:38:50,505  run_gnn_dispatch          INFO       [gnn] QExa20  ->  4387 circuits
2026-10-07 14:38:50,532  run_gnn_dispatch          INFO       [gnn] overall mean fidelity: 0.3633  (load CV: 0.225)
2026-10-07 14:38:50,532  run_gnn_dispatch          INFO       [round_robin] EQE1_Top  ->  5568 circuits
2026-10-07 14:38:50,532  run_gnn_dispatch          INFO       [round_robin] EQE1_Bottom  ->  5567 circuits
2026-10-07 14:38:50,532  run_gnn_dispatch          INFO       [round_robin] QExa20  ->  5567 circuits
2026-10-07 14:38:50,559  run_gnn_dispatch          INFO       [round_robin] overall mean fidelity: 0.3441  (load CV: 0.000)
2026-10-07 14:38:50,574  run_gnn_dispatch          INFO       [cross-policy oracle↔gnn] agreement: 60.0%  mean regret: 0.0131
2026-10-07 14:38:50,588  run_gnn_dispatch          INFO       [cross-policy gt_weighted↔gnn] agreement: 57.9%  mean regret: 0.0121
2026-10-07 14:38:50,588  run_gnn_dispatch          INFO     === Fidelity weight 1.00 ===
2026-10-07 14:38:50,774  run_gnn_dispatch          INFO       [oracle] EQE1_Top  ->  1600 circuits
2026-10-07 14:38:50,774  run_gnn_dispatch          INFO       [oracle] EQE1_Bottom  ->  9250 circuits
2026-10-07 14:38:50,774  run_gnn_dispatch          INFO       [oracle] QExa20  ->  5852 circuits
2026-10-07 14:38:50,800  run_gnn_dispatch          INFO       [oracle] overall mean fidelity: 0.3763  (load CV: 0.688)
2026-10-07 14:38:50,800  run_gnn_dispatch          INFO       [gt_weighted] EQE1_Top  ->  1600 circuits
2026-10-07 14:38:50,800  run_gnn_dispatch          INFO       [gt_weighted] EQE1_Bottom  ->  9250 circuits
2026-10-07 14:38:50,800  run_gnn_dispatch          INFO       [gt_weighted] QExa20  ->  5852 circuits
2026-10-07 14:38:50,824  run_gnn_dispatch          INFO       [gt_weighted] overall mean fidelity: 0.3763  (load CV: 0.688)
2026-10-07 14:38:50,824  run_gnn_dispatch          INFO       [gnn] EQE1_Top  ->  5413 circuits
2026-10-07 14:38:50,824  run_gnn_dispatch          INFO       [gnn] EQE1_Bottom  ->  7375 circuits
2026-10-07 14:38:50,824  run_gnn_dispatch          INFO       [gnn] QExa20  ->  3914 circuits
2026-10-07 14:38:50,851  run_gnn_dispatch          INFO       [gnn] overall mean fidelity: 0.3648  (load CV: 0.312)
2026-10-07 14:38:50,851  run_gnn_dispatch          INFO       [round_robin] EQE1_Top  ->  5568 circuits
2026-10-07 14:38:50,851  run_gnn_dispatch          INFO       [round_robin] EQE1_Bottom  ->  5567 circuits
2026-10-07 14:38:50,851  run_gnn_dispatch          INFO       [round_robin] QExa20  ->  5567 circuits
2026-10-07 14:38:50,877  run_gnn_dispatch          INFO       [round_robin] overall mean fidelity: 0.3441  (load CV: 0.000)
2026-10-07 14:38:50,892  run_gnn_dispatch          INFO       [cross-policy oracle↔gnn] agreement: 61.5%  mean regret: 0.0116
2026-10-07 14:38:50,906  run_gnn_dispatch          INFO       [cross-policy gt_weighted↔gnn] agreement: 61.5%  mean regret: 0.0116
2026-10-07 14:38:50,968  run_gnn_dispatch          INFO     Ground-truth fidelities saved to /home/atudisco/pred-distr-tool/evaluations/generalization/results/scheduling/leave_one_family_out/fidelity_ground_truth.json
2026-10-07 14:38:51,034  run_gnn_dispatch          INFO     GNN-predicted fidelities saved to /home/atudisco/pred-distr-tool/evaluations/generalization/results/scheduling/leave_one_family_out/fidelity_gnn_predicted.json
2026-10-07 14:38:51,291  run_gnn_dispatch          INFO     Full results saved to /home/atudisco/pred-distr-tool/evaluations/generalization/results/scheduling/leave_one_family_out/dispatch_results.json
2026-10-07 14:38:51,293  run_gnn_dispatch          INFO     Summary CSV saved to /home/atudisco/pred-distr-tool/evaluations/generalization/results/scheduling/leave_one_family_out/dispatch_summary.csv
2026-10-07 14:38:51,295  run_gnn_dispatch          INFO     Cross-policy CSV saved to /home/atudisco/pred-distr-tool/evaluations/generalization/results/scheduling/leave_one_family_out/cross_policy_summary.csv
2026-10-07 14:38:51,297  genstudy.io               INFO     Wrote /home/atudisco/pred-distr-tool/evaluations/generalization/results/scheduling/leave_one_family_out/sweep_summary.csv (11 rows)
2026-10-07 14:38:51,302  run_scheduling_eval       INFO     === per-family scheduling: ae (758 circuits) ===
2026-10-07 14:38:51,305  run_scheduling_eval       INFO     Scheduling on 758 circuits -> /home/atudisco/pred-distr-tool/evaluations/generalization/results/scheduling/leave_one_family_out/by_family/ae
2026-10-07 14:38:51,305  run_gnn_dispatch          INFO     === Fidelity weight 0.00 ===
2026-10-07 14:38:51,307  run_gnn_dispatch          INFO       [oracle] EQE1_Top  ->  86 circuits
2026-10-07 14:38:51,307  run_gnn_dispatch          INFO       [oracle] EQE1_Bottom  ->  206 circuits
2026-10-07 14:38:51,307  run_gnn_dispatch          INFO       [oracle] QExa20  ->  466 circuits
2026-10-07 14:38:51,309  run_gnn_dispatch          INFO       [oracle] overall mean fidelity: 0.2067  (load CV: 0.769)
2026-10-07 14:38:51,309  run_gnn_dispatch          INFO       [gt_weighted] EQE1_Top  ->  253 circuits
2026-10-07 14:38:51,309  run_gnn_dispatch          INFO       [gt_weighted] EQE1_Bottom  ->  253 circuits
2026-10-07 14:38:51,309  run_gnn_dispatch          INFO       [gt_weighted] QExa20  ->  252 circuits
2026-10-07 14:38:51,311  run_gnn_dispatch          INFO       [gt_weighted] overall mean fidelity: 0.1942  (load CV: 0.002)
2026-10-07 14:38:51,311  run_gnn_dispatch          INFO       [gnn] EQE1_Top  ->  253 circuits
2026-10-07 14:38:51,311  run_gnn_dispatch          INFO       [gnn] EQE1_Bottom  ->  253 circuits
2026-10-07 14:38:51,311  run_gnn_dispatch          INFO       [gnn] QExa20  ->  252 circuits
2026-10-07 14:38:51,314  run_gnn_dispatch          INFO       [gnn] overall mean fidelity: 0.1942  (load CV: 0.002)
2026-10-07 14:38:51,314  run_gnn_dispatch          INFO       [round_robin] EQE1_Top  ->  253 circuits
2026-10-07 14:38:51,314  run_gnn_dispatch          INFO       [round_robin] EQE1_Bottom  ->  253 circuits
2026-10-07 14:38:51,314  run_gnn_dispatch          INFO       [round_robin] QExa20  ->  252 circuits
2026-10-07 14:38:51,316  run_gnn_dispatch          INFO       [round_robin] overall mean fidelity: 0.1942  (load CV: 0.002)
2026-10-07 14:38:51,317  run_gnn_dispatch          INFO       [cross-policy oracle↔gnn] agreement: 33.9%  mean regret: 0.0124
2026-10-07 14:38:51,317  run_gnn_dispatch          INFO       [cross-policy gt_weighted↔gnn] agreement: 100.0%  mean regret: 0.0000
2026-10-07 14:38:51,317  run_gnn_dispatch          INFO     === Fidelity weight 0.10 ===
2026-10-07 14:38:51,338  run_gnn_dispatch          INFO       [oracle] EQE1_Top  ->  86 circuits
2026-10-07 14:38:51,338  run_gnn_dispatch          INFO       [oracle] EQE1_Bottom  ->  206 circuits
2026-10-07 14:38:51,338  run_gnn_dispatch          INFO       [oracle] QExa20  ->  466 circuits
2026-10-07 14:38:51,341  run_gnn_dispatch          INFO       [oracle] overall mean fidelity: 0.2067  (load CV: 0.769)
2026-10-07 14:38:51,341  run_gnn_dispatch          INFO       [gt_weighted] EQE1_Top  ->  253 circuits
2026-10-07 14:38:51,341  run_gnn_dispatch          INFO       [gt_weighted] EQE1_Bottom  ->  251 circuits
2026-10-07 14:38:51,341  run_gnn_dispatch          INFO       [gt_weighted] QExa20  ->  254 circuits
2026-10-07 14:38:51,343  run_gnn_dispatch          INFO       [gt_weighted] overall mean fidelity: 0.2015  (load CV: 0.006)
2026-10-07 14:38:51,343  run_gnn_dispatch          INFO       [gnn] EQE1_Top  ->  252 circuits
2026-10-07 14:38:51,343  run_gnn_dispatch          INFO       [gnn] EQE1_Bottom  ->  251 circuits
2026-10-07 14:38:51,343  run_gnn_dispatch          INFO       [gnn] QExa20  ->  255 circuits
2026-10-07 14:38:51,346  run_gnn_dispatch          INFO       [gnn] overall mean fidelity: 0.1948  (load CV: 0.008)
2026-10-07 14:38:51,346  run_gnn_dispatch          INFO       [round_robin] EQE1_Top  ->  253 circuits
2026-10-07 14:38:51,346  run_gnn_dispatch          INFO       [round_robin] EQE1_Bottom  ->  253 circuits
2026-10-07 14:38:51,346  run_gnn_dispatch          INFO       [round_robin] QExa20  ->  252 circuits
2026-10-07 14:38:51,348  run_gnn_dispatch          INFO       [round_robin] overall mean fidelity: 0.1942  (load CV: 0.002)
2026-10-07 14:38:51,349  run_gnn_dispatch          INFO       [cross-policy oracle↔gnn] agreement: 34.0%  mean regret: 0.0118
2026-10-07 14:38:51,349  run_gnn_dispatch          INFO       [cross-policy gt_weighted↔gnn] agreement: 40.8%  mean regret: 0.0067
2026-10-07 14:38:51,350  run_gnn_dispatch          INFO     === Fidelity weight 0.20 ===
2026-10-07 14:38:51,370  run_gnn_dispatch          INFO       [oracle] EQE1_Top  ->  86 circuits
2026-10-07 14:38:51,370  run_gnn_dispatch          INFO       [oracle] EQE1_Bottom  ->  206 circuits
2026-10-07 14:38:51,370  run_gnn_dispatch          INFO       [oracle] QExa20  ->  466 circuits
2026-10-07 14:38:51,373  run_gnn_dispatch          INFO       [oracle] overall mean fidelity: 0.2067  (load CV: 0.769)
2026-10-07 14:38:51,373  run_gnn_dispatch          INFO       [gt_weighted] EQE1_Top  ->  252 circuits
2026-10-07 14:38:51,373  run_gnn_dispatch          INFO       [gt_weighted] EQE1_Bottom  ->  249 circuits
2026-10-07 14:38:51,373  run_gnn_dispatch          INFO       [gt_weighted] QExa20  ->  257 circuits
2026-10-07 14:38:51,375  run_gnn_dispatch          INFO       [gt_weighted] overall mean fidelity: 0.2025  (load CV: 0.016)
2026-10-07 14:38:51,375  run_gnn_dispatch          INFO       [gnn] EQE1_Top  ->  251 circuits
2026-10-07 14:38:51,375  run_gnn_dispatch          INFO       [gnn] EQE1_Bottom  ->  248 circuits
2026-10-07 14:38:51,375  run_gnn_dispatch          INFO       [gnn] QExa20  ->  259 circuits
2026-10-07 14:38:51,378  run_gnn_dispatch          INFO       [gnn] overall mean fidelity: 0.1947  (load CV: 0.023)
2026-10-07 14:38:51,378  run_gnn_dispatch          INFO       [round_robin] EQE1_Top  ->  253 circuits
2026-10-07 14:38:51,378  run_gnn_dispatch          INFO       [round_robin] EQE1_Bottom  ->  253 circuits
2026-10-07 14:38:51,378  run_gnn_dispatch          INFO       [round_robin] QExa20  ->  252 circuits
2026-10-07 14:38:51,380  run_gnn_dispatch          INFO       [round_robin] overall mean fidelity: 0.1942  (load CV: 0.002)
2026-10-07 14:38:51,381  run_gnn_dispatch          INFO       [cross-policy oracle↔gnn] agreement: 33.8%  mean regret: 0.0120
2026-10-07 14:38:51,381  run_gnn_dispatch          INFO       [cross-policy gt_weighted↔gnn] agreement: 36.5%  mean regret: 0.0078
2026-10-07 14:38:51,382  run_gnn_dispatch          INFO     === Fidelity weight 0.30 ===
2026-10-07 14:38:51,402  run_gnn_dispatch          INFO       [oracle] EQE1_Top  ->  86 circuits
2026-10-07 14:38:51,402  run_gnn_dispatch          INFO       [oracle] EQE1_Bottom  ->  206 circuits
2026-10-07 14:38:51,402  run_gnn_dispatch          INFO       [oracle] QExa20  ->  466 circuits
2026-10-07 14:38:51,405  run_gnn_dispatch          INFO       [oracle] overall mean fidelity: 0.2067  (load CV: 0.769)
2026-10-07 14:38:51,405  run_gnn_dispatch          INFO       [gt_weighted] EQE1_Top  ->  252 circuits
2026-10-07 14:38:51,405  run_gnn_dispatch          INFO       [gt_weighted] EQE1_Bottom  ->  246 circuits
2026-10-07 14:38:51,405  run_gnn_dispatch          INFO       [gt_weighted] QExa20  ->  260 circuits
2026-10-07 14:38:51,407  run_gnn_dispatch          INFO       [gt_weighted] overall mean fidelity: 0.2029  (load CV: 0.028)
2026-10-07 14:38:51,407  run_gnn_dispatch          INFO       [gnn] EQE1_Top  ->  250 circuits
2026-10-07 14:38:51,407  run_gnn_dispatch          INFO       [gnn] EQE1_Bottom  ->  246 circuits
2026-10-07 14:38:51,407  run_gnn_dispatch          INFO       [gnn] QExa20  ->  262 circuits
2026-10-07 14:38:51,409  run_gnn_dispatch          INFO       [gnn] overall mean fidelity: 0.1940  (load CV: 0.033)
2026-10-07 14:38:51,409  run_gnn_dispatch          INFO       [round_robin] EQE1_Top  ->  253 circuits
2026-10-07 14:38:51,409  run_gnn_dispatch          INFO       [round_robin] EQE1_Bottom  ->  253 circuits
2026-10-07 14:38:51,409  run_gnn_dispatch          INFO       [round_robin] QExa20  ->  252 circuits
2026-10-07 14:38:51,412  run_gnn_dispatch          INFO       [round_robin] overall mean fidelity: 0.1942  (load CV: 0.002)
2026-10-07 14:38:51,412  run_gnn_dispatch          INFO       [cross-policy oracle↔gnn] agreement: 33.1%  mean regret: 0.0126
2026-10-07 14:38:51,413  run_gnn_dispatch          INFO       [cross-policy gt_weighted↔gnn] agreement: 33.2%  mean regret: 0.0088
2026-10-07 14:38:51,413  run_gnn_dispatch          INFO     === Fidelity weight 0.40 ===
2026-10-07 14:38:51,434  run_gnn_dispatch          INFO       [oracle] EQE1_Top  ->  86 circuits
2026-10-07 14:38:51,434  run_gnn_dispatch          INFO       [oracle] EQE1_Bottom  ->  206 circuits
2026-10-07 14:38:51,434  run_gnn_dispatch          INFO       [oracle] QExa20  ->  466 circuits
2026-10-07 14:38:51,437  run_gnn_dispatch          INFO       [oracle] overall mean fidelity: 0.2067  (load CV: 0.769)
2026-10-07 14:38:51,437  run_gnn_dispatch          INFO       [gt_weighted] EQE1_Top  ->  250 circuits
2026-10-07 14:38:51,437  run_gnn_dispatch          INFO       [gt_weighted] EQE1_Bottom  ->  244 circuits
2026-10-07 14:38:51,437  run_gnn_dispatch          INFO       [gt_weighted] QExa20  ->  264 circuits
2026-10-07 14:38:51,439  run_gnn_dispatch          INFO       [gt_weighted] overall mean fidelity: 0.2033  (load CV: 0.041)
2026-10-07 14:38:51,439  run_gnn_dispatch          INFO       [gnn] EQE1_Top  ->  248 circuits
2026-10-07 14:38:51,439  run_gnn_dispatch          INFO       [gnn] EQE1_Bottom  ->  242 circuits
2026-10-07 14:38:51,439  run_gnn_dispatch          INFO       [gnn] QExa20  ->  268 circuits
2026-10-07 14:38:51,441  run_gnn_dispatch          INFO       [gnn] overall mean fidelity: 0.1953  (load CV: 0.054)
2026-10-07 14:38:51,441  run_gnn_dispatch          INFO       [round_robin] EQE1_Top  ->  253 circuits
2026-10-07 14:38:51,441  run_gnn_dispatch          INFO       [round_robin] EQE1_Bottom  ->  253 circuits
2026-10-07 14:38:51,441  run_gnn_dispatch          INFO       [round_robin] QExa20  ->  252 circuits
2026-10-07 14:38:51,444  run_gnn_dispatch          INFO       [round_robin] overall mean fidelity: 0.1942  (load CV: 0.002)
2026-10-07 14:38:51,444  run_gnn_dispatch          INFO       [cross-policy oracle↔gnn] agreement: 35.8%  mean regret: 0.0114
2026-10-07 14:38:51,445  run_gnn_dispatch          INFO       [cross-policy gt_weighted↔gnn] agreement: 39.6%  mean regret: 0.0080
2026-10-07 14:38:51,445  run_gnn_dispatch          INFO     === Fidelity weight 0.50 ===
2026-10-07 14:38:51,466  run_gnn_dispatch          INFO       [oracle] EQE1_Top  ->  86 circuits
2026-10-07 14:38:51,466  run_gnn_dispatch          INFO       [oracle] EQE1_Bottom  ->  206 circuits
2026-10-07 14:38:51,466  run_gnn_dispatch          INFO       [oracle] QExa20  ->  466 circuits
2026-10-07 14:38:51,468  run_gnn_dispatch          INFO       [oracle] overall mean fidelity: 0.2067  (load CV: 0.769)
2026-10-07 14:38:51,469  run_gnn_dispatch          INFO       [gt_weighted] EQE1_Top  ->  250 circuits
2026-10-07 14:38:51,469  run_gnn_dispatch          INFO       [gt_weighted] EQE1_Bottom  ->  241 circuits
2026-10-07 14:38:51,469  run_gnn_dispatch          INFO       [gt_weighted] QExa20  ->  267 circuits
2026-10-07 14:38:51,471  run_gnn_dispatch          INFO       [gt_weighted] overall mean fidelity: 0.2036  (load CV: 0.052)
2026-10-07 14:38:51,471  run_gnn_dispatch          INFO       [gnn] EQE1_Top  ->  245 circuits
2026-10-07 14:38:51,471  run_gnn_dispatch          INFO       [gnn] EQE1_Bottom  ->  237 circuits
2026-10-07 14:38:51,471  run_gnn_dispatch          INFO       [gnn] QExa20  ->  276 circuits
2026-10-07 14:38:51,473  run_gnn_dispatch          INFO       [gnn] overall mean fidelity: 0.1962  (load CV: 0.082)
2026-10-07 14:38:51,473  run_gnn_dispatch          INFO       [round_robin] EQE1_Top  ->  253 circuits
2026-10-07 14:38:51,473  run_gnn_dispatch          INFO       [round_robin] EQE1_Bottom  ->  253 circuits
2026-10-07 14:38:51,473  run_gnn_dispatch          INFO       [round_robin] QExa20  ->  252 circuits
2026-10-07 14:38:51,476  run_gnn_dispatch          INFO       [round_robin] overall mean fidelity: 0.1942  (load CV: 0.002)
2026-10-07 14:38:51,476  run_gnn_dispatch          INFO       [cross-policy oracle↔gnn] agreement: 35.6%  mean regret: 0.0105
2026-10-07 14:38:51,477  run_gnn_dispatch          INFO       [cross-policy gt_weighted↔gnn] agreement: 39.8%  mean regret: 0.0074
2026-10-07 14:38:51,477  run_gnn_dispatch          INFO     === Fidelity weight 0.60 ===
2026-10-07 14:38:51,497  run_gnn_dispatch          INFO       [oracle] EQE1_Top  ->  86 circuits
2026-10-07 14:38:51,497  run_gnn_dispatch          INFO       [oracle] EQE1_Bottom  ->  206 circuits
2026-10-07 14:38:51,497  run_gnn_dispatch          INFO       [oracle] QExa20  ->  466 circuits
2026-10-07 14:38:51,500  run_gnn_dispatch          INFO       [oracle] overall mean fidelity: 0.2067  (load CV: 0.769)
2026-10-07 14:38:51,500  run_gnn_dispatch          INFO       [gt_weighted] EQE1_Top  ->  246 circuits
2026-10-07 14:38:51,500  run_gnn_dispatch          INFO       [gt_weighted] EQE1_Bottom  ->  242 circuits
2026-10-07 14:38:51,500  run_gnn_dispatch          INFO       [gt_weighted] QExa20  ->  270 circuits
2026-10-07 14:38:51,502  run_gnn_dispatch          INFO       [gt_weighted] overall mean fidelity: 0.2041  (load CV: 0.060)
2026-10-07 14:38:51,502  run_gnn_dispatch          INFO       [gnn] EQE1_Top  ->  241 circuits
2026-10-07 14:38:51,502  run_gnn_dispatch          INFO       [gnn] EQE1_Bottom  ->  231 circuits
2026-10-07 14:38:51,502  run_gnn_dispatch          INFO       [gnn] QExa20  ->  286 circuits
2026-10-07 14:38:51,505  run_gnn_dispatch          INFO       [gnn] overall mean fidelity: 0.1975  (load CV: 0.116)
2026-10-07 14:38:51,505  run_gnn_dispatch          INFO       [round_robin] EQE1_Top  ->  253 circuits
2026-10-07 14:38:51,505  run_gnn_dispatch          INFO       [round_robin] EQE1_Bottom  ->  253 circuits
2026-10-07 14:38:51,505  run_gnn_dispatch          INFO       [round_robin] QExa20  ->  252 circuits
2026-10-07 14:38:51,507  run_gnn_dispatch          INFO       [round_robin] overall mean fidelity: 0.1942  (load CV: 0.002)
2026-10-07 14:38:51,508  run_gnn_dispatch          INFO       [cross-policy oracle↔gnn] agreement: 36.4%  mean regret: 0.0092
2026-10-07 14:38:51,508  run_gnn_dispatch          INFO       [cross-policy gt_weighted↔gnn] agreement: 37.1%  mean regret: 0.0066
2026-10-07 14:38:51,509  run_gnn_dispatch          INFO     === Fidelity weight 0.70 ===
2026-10-07 14:38:51,529  run_gnn_dispatch          INFO       [oracle] EQE1_Top  ->  86 circuits
2026-10-07 14:38:51,529  run_gnn_dispatch          INFO       [oracle] EQE1_Bottom  ->  206 circuits
2026-10-07 14:38:51,529  run_gnn_dispatch          INFO       [oracle] QExa20  ->  466 circuits
2026-10-07 14:38:51,532  run_gnn_dispatch          INFO       [oracle] overall mean fidelity: 0.2067  (load CV: 0.769)
2026-10-07 14:38:51,532  run_gnn_dispatch          INFO       [gt_weighted] EQE1_Top  ->  243 circuits
2026-10-07 14:38:51,532  run_gnn_dispatch          INFO       [gt_weighted] EQE1_Bottom  ->  244 circuits
2026-10-07 14:38:51,532  run_gnn_dispatch          INFO       [gt_weighted] QExa20  ->  271 circuits
2026-10-07 14:38:51,534  run_gnn_dispatch          INFO       [gt_weighted] overall mean fidelity: 0.2047  (load CV: 0.063)
2026-10-07 14:38:51,534  run_gnn_dispatch          INFO       [gnn] EQE1_Top  ->  229 circuits
2026-10-07 14:38:51,534  run_gnn_dispatch          INFO       [gnn] EQE1_Bottom  ->  237 circuits
2026-10-07 14:38:51,534  run_gnn_dispatch          INFO       [gnn] QExa20  ->  292 circuits
2026-10-07 14:38:51,536  run_gnn_dispatch          INFO       [gnn] overall mean fidelity: 0.1994  (load CV: 0.136)
2026-10-07 14:38:51,536  run_gnn_dispatch          INFO       [round_robin] EQE1_Top  ->  253 circuits
2026-10-07 14:38:51,536  run_gnn_dispatch          INFO       [round_robin] EQE1_Bottom  ->  253 circuits
2026-10-07 14:38:51,536  run_gnn_dispatch          INFO       [round_robin] QExa20  ->  252 circuits
2026-10-07 14:38:51,539  run_gnn_dispatch          INFO       [round_robin] overall mean fidelity: 0.1942  (load CV: 0.002)
2026-10-07 14:38:51,539  run_gnn_dispatch          INFO       [cross-policy oracle↔gnn] agreement: 39.4%  mean regret: 0.0073
2026-10-07 14:38:51,540  run_gnn_dispatch          INFO       [cross-policy gt_weighted↔gnn] agreement: 43.3%  mean regret: 0.0052
2026-10-07 14:38:51,540  run_gnn_dispatch          INFO     === Fidelity weight 0.80 ===
2026-10-07 14:38:51,561  run_gnn_dispatch          INFO       [oracle] EQE1_Top  ->  86 circuits
2026-10-07 14:38:51,561  run_gnn_dispatch          INFO       [oracle] EQE1_Bottom  ->  206 circuits
2026-10-07 14:38:51,561  run_gnn_dispatch          INFO       [oracle] QExa20  ->  466 circuits
2026-10-07 14:38:51,563  run_gnn_dispatch          INFO       [oracle] overall mean fidelity: 0.2067  (load CV: 0.769)
2026-10-07 14:38:51,563  run_gnn_dispatch          INFO       [gt_weighted] EQE1_Top  ->  239 circuits
2026-10-07 14:38:51,563  run_gnn_dispatch          INFO       [gt_weighted] EQE1_Bottom  ->  252 circuits
2026-10-07 14:38:51,563  run_gnn_dispatch          INFO       [gt_weighted] QExa20  ->  267 circuits
2026-10-07 14:38:51,566  run_gnn_dispatch          INFO       [gt_weighted] overall mean fidelity: 0.2053  (load CV: 0.055)
2026-10-07 14:38:51,566  run_gnn_dispatch          INFO       [gnn] EQE1_Top  ->  230 circuits
2026-10-07 14:38:51,566  run_gnn_dispatch          INFO       [gnn] EQE1_Bottom  ->  236 circuits
2026-10-07 14:38:51,566  run_gnn_dispatch          INFO       [gnn] QExa20  ->  292 circuits
2026-10-07 14:38:51,568  run_gnn_dispatch          INFO       [gnn] overall mean fidelity: 0.2005  (load CV: 0.135)
2026-10-07 14:38:51,568  run_gnn_dispatch          INFO       [round_robin] EQE1_Top  ->  253 circuits
2026-10-07 14:38:51,568  run_gnn_dispatch          INFO       [round_robin] EQE1_Bottom  ->  253 circuits
2026-10-07 14:38:51,568  run_gnn_dispatch          INFO       [round_robin] QExa20  ->  252 circuits
2026-10-07 14:38:51,570  run_gnn_dispatch          INFO       [round_robin] overall mean fidelity: 0.1942  (load CV: 0.002)
2026-10-07 14:38:51,571  run_gnn_dispatch          INFO       [cross-policy oracle↔gnn] agreement: 38.7%  mean regret: 0.0062
2026-10-07 14:38:51,572  run_gnn_dispatch          INFO       [cross-policy gt_weighted↔gnn] agreement: 42.3%  mean regret: 0.0048
2026-10-07 14:38:51,572  run_gnn_dispatch          INFO     === Fidelity weight 0.90 ===
2026-10-07 14:38:51,592  run_gnn_dispatch          INFO       [oracle] EQE1_Top  ->  86 circuits
2026-10-07 14:38:51,592  run_gnn_dispatch          INFO       [oracle] EQE1_Bottom  ->  206 circuits
2026-10-07 14:38:51,592  run_gnn_dispatch          INFO       [oracle] QExa20  ->  466 circuits
2026-10-07 14:38:51,595  run_gnn_dispatch          INFO       [oracle] overall mean fidelity: 0.2067  (load CV: 0.769)
2026-10-07 14:38:51,595  run_gnn_dispatch          INFO       [gt_weighted] EQE1_Top  ->  232 circuits
2026-10-07 14:38:51,595  run_gnn_dispatch          INFO       [gt_weighted] EQE1_Bottom  ->  269 circuits
2026-10-07 14:38:51,595  run_gnn_dispatch          INFO       [gt_weighted] QExa20  ->  257 circuits
2026-10-07 14:38:51,597  run_gnn_dispatch          INFO       [gt_weighted] overall mean fidelity: 0.2057  (load CV: 0.075)
2026-10-07 14:38:51,597  run_gnn_dispatch          INFO       [gnn] EQE1_Top  ->  270 circuits
2026-10-07 14:38:51,597  run_gnn_dispatch          INFO       [gnn] EQE1_Bottom  ->  239 circuits
2026-10-07 14:38:51,597  run_gnn_dispatch          INFO       [gnn] QExa20  ->  249 circuits
2026-10-07 14:38:51,599  run_gnn_dispatch          INFO       [gnn] overall mean fidelity: 0.2016  (load CV: 0.063)
2026-10-07 14:38:51,599  run_gnn_dispatch          INFO       [round_robin] EQE1_Top  ->  253 circuits
2026-10-07 14:38:51,599  run_gnn_dispatch          INFO       [round_robin] EQE1_Bottom  ->  253 circuits
2026-10-07 14:38:51,599  run_gnn_dispatch          INFO       [round_robin] QExa20  ->  252 circuits
2026-10-07 14:38:51,602  run_gnn_dispatch          INFO       [round_robin] overall mean fidelity: 0.1942  (load CV: 0.002)
2026-10-07 14:38:51,603  run_gnn_dispatch          INFO       [cross-policy oracle↔gnn] agreement: 39.7%  mean regret: 0.0051
2026-10-07 14:38:51,603  run_gnn_dispatch          INFO       [cross-policy gt_weighted↔gnn] agreement: 44.2%  mean regret: 0.0042
2026-10-07 14:38:51,603  run_gnn_dispatch          INFO     === Fidelity weight 1.00 ===
2026-10-07 14:38:51,623  run_gnn_dispatch          INFO       [oracle] EQE1_Top  ->  86 circuits
2026-10-07 14:38:51,624  run_gnn_dispatch          INFO       [oracle] EQE1_Bottom  ->  206 circuits
2026-10-07 14:38:51,624  run_gnn_dispatch          INFO       [oracle] QExa20  ->  466 circuits
2026-10-07 14:38:51,626  run_gnn_dispatch          INFO       [oracle] overall mean fidelity: 0.2067  (load CV: 0.769)
2026-10-07 14:38:51,626  run_gnn_dispatch          INFO       [gt_weighted] EQE1_Top  ->  86 circuits
2026-10-07 14:38:51,626  run_gnn_dispatch          INFO       [gt_weighted] EQE1_Bottom  ->  206 circuits
2026-10-07 14:38:51,626  run_gnn_dispatch          INFO       [gt_weighted] QExa20  ->  466 circuits
2026-10-07 14:38:51,628  run_gnn_dispatch          INFO       [gt_weighted] overall mean fidelity: 0.2067  (load CV: 0.769)
2026-10-07 14:38:51,628  run_gnn_dispatch          INFO       [gnn] EQE1_Top  ->  299 circuits
2026-10-07 14:38:51,628  run_gnn_dispatch          INFO       [gnn] EQE1_Bottom  ->  109 circuits
2026-10-07 14:38:51,628  run_gnn_dispatch          INFO       [gnn] QExa20  ->  350 circuits
2026-10-07 14:38:51,630  run_gnn_dispatch          INFO       [gnn] overall mean fidelity: 0.2013  (load CV: 0.503)
2026-10-07 14:38:51,630  run_gnn_dispatch          INFO       [round_robin] EQE1_Top  ->  253 circuits
2026-10-07 14:38:51,630  run_gnn_dispatch          INFO       [round_robin] EQE1_Bottom  ->  253 circuits
2026-10-07 14:38:51,630  run_gnn_dispatch          INFO       [round_robin] QExa20  ->  252 circuits
2026-10-07 14:38:51,633  run_gnn_dispatch          INFO       [round_robin] overall mean fidelity: 0.1942  (load CV: 0.002)
2026-10-07 14:38:51,633  run_gnn_dispatch          INFO       [cross-policy oracle↔gnn] agreement: 51.3%  mean regret: 0.0053
2026-10-07 14:38:51,634  run_gnn_dispatch          INFO       [cross-policy gt_weighted↔gnn] agreement: 51.3%  mean regret: 0.0053
2026-10-07 14:38:51,641  run_gnn_dispatch          INFO     Ground-truth fidelities saved to /home/atudisco/pred-distr-tool/evaluations/generalization/results/scheduling/leave_one_family_out/by_family/ae/fidelity_ground_truth.json
2026-10-07 14:38:51,645  run_gnn_dispatch          INFO     GNN-predicted fidelities saved to /home/atudisco/pred-distr-tool/evaluations/generalization/results/scheduling/leave_one_family_out/by_family/ae/fidelity_gnn_predicted.json
2026-10-07 14:38:51,663  run_gnn_dispatch          INFO     Full results saved to /home/atudisco/pred-distr-tool/evaluations/generalization/results/scheduling/leave_one_family_out/by_family/ae/dispatch_results.json
2026-10-07 14:38:51,665  run_gnn_dispatch          INFO     Summary CSV saved to /home/atudisco/pred-distr-tool/evaluations/generalization/results/scheduling/leave_one_family_out/by_family/ae/dispatch_summary.csv
2026-10-07 14:38:51,667  run_gnn_dispatch          INFO     Cross-policy CSV saved to /home/atudisco/pred-distr-tool/evaluations/generalization/results/scheduling/leave_one_family_out/by_family/ae/cross_policy_summary.csv
2026-10-07 14:38:51,669  genstudy.io               INFO     Wrote /home/atudisco/pred-distr-tool/evaluations/generalization/results/scheduling/leave_one_family_out/by_family/ae/sweep_summary.csv (11 rows)
2026-10-07 14:38:51,670  run_scheduling_eval       INFO     === per-family scheduling: iqpe (570 circuits) ===
2026-10-07 14:38:51,671  run_scheduling_eval       INFO     Scheduling on 570 circuits -> /home/atudisco/pred-distr-tool/evaluations/generalization/results/scheduling/leave_one_family_out/by_family/iqpe
2026-10-07 14:38:51,671  run_gnn_dispatch          INFO     === Fidelity weight 0.00 ===
2026-10-07 14:38:51,671  run_gnn_dispatch          INFO       [oracle] EQE1_Top  ->  13 circuits
2026-10-07 14:38:51,671  run_gnn_dispatch          INFO       [oracle] EQE1_Bottom  ->  557 circuits
2026-10-07 14:38:51,671  run_gnn_dispatch          INFO       [oracle] QExa20  ->  0 circuits
2026-10-07 14:38:51,672  run_gnn_dispatch          INFO       [oracle] overall mean fidelity: 0.6817  (load CV: 1.673)
2026-10-07 14:38:51,672  run_gnn_dispatch          INFO       [gt_weighted] EQE1_Top  ->  190 circuits
2026-10-07 14:38:51,673  run_gnn_dispatch          INFO       [gt_weighted] EQE1_Bottom  ->  190 circuits
2026-10-07 14:38:51,673  run_gnn_dispatch          INFO       [gt_weighted] QExa20  ->  190 circuits
2026-10-07 14:38:51,674  run_gnn_dispatch          INFO       [gt_weighted] overall mean fidelity: 0.6046  (load CV: 0.000)
2026-10-07 14:38:51,674  run_gnn_dispatch          INFO       [gnn] EQE1_Top  ->  190 circuits
2026-10-07 14:38:51,674  run_gnn_dispatch          INFO       [gnn] EQE1_Bottom  ->  190 circuits
2026-10-07 14:38:51,674  run_gnn_dispatch          INFO       [gnn] QExa20  ->  190 circuits
2026-10-07 14:38:51,675  run_gnn_dispatch          INFO       [gnn] overall mean fidelity: 0.6046  (load CV: 0.000)
2026-10-07 14:38:51,675  run_gnn_dispatch          INFO       [round_robin] EQE1_Top  ->  190 circuits
2026-10-07 14:38:51,675  run_gnn_dispatch          INFO       [round_robin] EQE1_Bottom  ->  190 circuits
2026-10-07 14:38:51,675  run_gnn_dispatch          INFO       [round_robin] QExa20  ->  190 circuits
2026-10-07 14:38:51,676  run_gnn_dispatch          INFO       [round_robin] overall mean fidelity: 0.6046  (load CV: 0.000)
2026-10-07 14:38:51,676  run_gnn_dispatch          INFO       [cross-policy oracle↔gnn] agreement: 33.3%  mean regret: 0.0771
2026-10-07 14:38:51,677  run_gnn_dispatch          INFO       [cross-policy gt_weighted↔gnn] agreement: 100.0%  mean regret: 0.0000
2026-10-07 14:38:51,677  run_gnn_dispatch          INFO     === Fidelity weight 0.10 ===
2026-10-07 14:38:51,697  run_gnn_dispatch          INFO       [oracle] EQE1_Top  ->  13 circuits
2026-10-07 14:38:51,697  run_gnn_dispatch          INFO       [oracle] EQE1_Bottom  ->  557 circuits
2026-10-07 14:38:51,697  run_gnn_dispatch          INFO       [oracle] QExa20  ->  0 circuits
2026-10-07 14:38:51,698  run_gnn_dispatch          INFO       [oracle] overall mean fidelity: 0.6817  (load CV: 1.673)
2026-10-07 14:38:51,698  run_gnn_dispatch          INFO       [gt_weighted] EQE1_Top  ->  191 circuits
2026-10-07 14:38:51,698  run_gnn_dispatch          INFO       [gt_weighted] EQE1_Bottom  ->  195 circuits
2026-10-07 14:38:51,698  run_gnn_dispatch          INFO       [gt_weighted] QExa20  ->  184 circuits
2026-10-07 14:38:51,699  run_gnn_dispatch          INFO       [gt_weighted] overall mean fidelity: 0.6075  (load CV: 0.029)
2026-10-07 14:38:51,699  run_gnn_dispatch          INFO       [gnn] EQE1_Top  ->  191 circuits
2026-10-07 14:38:51,699  run_gnn_dispatch          INFO       [gnn] EQE1_Bottom  ->  190 circuits
2026-10-07 14:38:51,699  run_gnn_dispatch          INFO       [gnn] QExa20  ->  189 circuits
2026-10-07 14:38:51,701  run_gnn_dispatch          INFO       [gnn] overall mean fidelity: 0.6047  (load CV: 0.005)
2026-10-07 14:38:51,701  run_gnn_dispatch          INFO       [round_robin] EQE1_Top  ->  190 circuits
2026-10-07 14:38:51,701  run_gnn_dispatch          INFO       [round_robin] EQE1_Bottom  ->  190 circuits
2026-10-07 14:38:51,701  run_gnn_dispatch          INFO       [round_robin] QExa20  ->  190 circuits
2026-10-07 14:38:51,702  run_gnn_dispatch          INFO       [round_robin] overall mean fidelity: 0.6046  (load CV: 0.000)
2026-10-07 14:38:51,702  run_gnn_dispatch          INFO       [cross-policy oracle↔gnn] agreement: 33.5%  mean regret: 0.0770
2026-10-07 14:38:51,703  run_gnn_dispatch          INFO       [cross-policy gt_weighted↔gnn] agreement: 34.0%  mean regret: 0.0029
2026-10-07 14:38:51,703  run_gnn_dispatch          INFO     === Fidelity weight 0.20 ===
2026-10-07 14:38:51,722  run_gnn_dispatch          INFO       [oracle] EQE1_Top  ->  13 circuits
2026-10-07 14:38:51,722  run_gnn_dispatch          INFO       [oracle] EQE1_Bottom  ->  557 circuits
2026-10-07 14:38:51,723  run_gnn_dispatch          INFO       [oracle] QExa20  ->  0 circuits
2026-10-07 14:38:51,724  run_gnn_dispatch          INFO       [oracle] overall mean fidelity: 0.6817  (load CV: 1.673)
2026-10-07 14:38:51,724  run_gnn_dispatch          INFO       [gt_weighted] EQE1_Top  ->  192 circuits
2026-10-07 14:38:51,724  run_gnn_dispatch          INFO       [gt_weighted] EQE1_Bottom  ->  201 circuits
2026-10-07 14:38:51,724  run_gnn_dispatch          INFO       [gt_weighted] QExa20  ->  177 circuits
2026-10-07 14:38:51,725  run_gnn_dispatch          INFO       [gt_weighted] overall mean fidelity: 0.6108  (load CV: 0.064)
2026-10-07 14:38:51,725  run_gnn_dispatch          INFO       [gnn] EQE1_Top  ->  193 circuits
2026-10-07 14:38:51,725  run_gnn_dispatch          INFO       [gnn] EQE1_Bottom  ->  189 circuits
2026-10-07 14:38:51,725  run_gnn_dispatch          INFO       [gnn] QExa20  ->  188 circuits
2026-10-07 14:38:51,727  run_gnn_dispatch          INFO       [gnn] overall mean fidelity: 0.6045  (load CV: 0.014)
2026-10-07 14:38:51,727  run_gnn_dispatch          INFO       [round_robin] EQE1_Top  ->  190 circuits
2026-10-07 14:38:51,727  run_gnn_dispatch          INFO       [round_robin] EQE1_Bottom  ->  190 circuits
2026-10-07 14:38:51,727  run_gnn_dispatch          INFO       [round_robin] QExa20  ->  190 circuits
2026-10-07 14:38:51,728  run_gnn_dispatch          INFO       [round_robin] overall mean fidelity: 0.6046  (load CV: 0.000)
2026-10-07 14:38:51,728  run_gnn_dispatch          INFO       [cross-policy oracle↔gnn] agreement: 33.0%  mean regret: 0.0772
2026-10-07 14:38:51,729  run_gnn_dispatch          INFO       [cross-policy gt_weighted↔gnn] agreement: 33.5%  mean regret: 0.0063
2026-10-07 14:38:51,729  run_gnn_dispatch          INFO     === Fidelity weight 0.30 ===
2026-10-07 14:38:51,748  run_gnn_dispatch          INFO       [oracle] EQE1_Top  ->  13 circuits
2026-10-07 14:38:51,749  run_gnn_dispatch          INFO       [oracle] EQE1_Bottom  ->  557 circuits
2026-10-07 14:38:51,749  run_gnn_dispatch          INFO       [oracle] QExa20  ->  0 circuits
2026-10-07 14:38:51,750  run_gnn_dispatch          INFO       [oracle] overall mean fidelity: 0.6817  (load CV: 1.673)
2026-10-07 14:38:51,750  run_gnn_dispatch          INFO       [gt_weighted] EQE1_Top  ->  194 circuits
2026-10-07 14:38:51,750  run_gnn_dispatch          INFO       [gt_weighted] EQE1_Bottom  ->  208 circuits
2026-10-07 14:38:51,750  run_gnn_dispatch          INFO       [gt_weighted] QExa20  ->  168 circuits
2026-10-07 14:38:51,751  run_gnn_dispatch          INFO       [gt_weighted] overall mean fidelity: 0.6147  (load CV: 0.107)
2026-10-07 14:38:51,751  run_gnn_dispatch          INFO       [gnn] EQE1_Top  ->  195 circuits
2026-10-07 14:38:51,751  run_gnn_dispatch          INFO       [gnn] EQE1_Bottom  ->  189 circuits
2026-10-07 14:38:51,751  run_gnn_dispatch          INFO       [gnn] QExa20  ->  186 circuits
2026-10-07 14:38:51,753  run_gnn_dispatch          INFO       [gnn] overall mean fidelity: 0.6045  (load CV: 0.024)
2026-10-07 14:38:51,753  run_gnn_dispatch          INFO       [round_robin] EQE1_Top  ->  190 circuits
2026-10-07 14:38:51,753  run_gnn_dispatch          INFO       [round_robin] EQE1_Bottom  ->  190 circuits
2026-10-07 14:38:51,753  run_gnn_dispatch          INFO       [round_robin] QExa20  ->  190 circuits
2026-10-07 14:38:51,754  run_gnn_dispatch          INFO       [round_robin] overall mean fidelity: 0.6046  (load CV: 0.000)
2026-10-07 14:38:51,754  run_gnn_dispatch          INFO       [cross-policy oracle↔gnn] agreement: 32.8%  mean regret: 0.0772
2026-10-07 14:38:51,755  run_gnn_dispatch          INFO       [cross-policy gt_weighted↔gnn] agreement: 34.9%  mean regret: 0.0102
2026-10-07 14:38:51,755  run_gnn_dispatch          INFO     === Fidelity weight 0.40 ===
2026-10-07 14:38:51,775  run_gnn_dispatch          INFO       [oracle] EQE1_Top  ->  13 circuits
2026-10-07 14:38:51,775  run_gnn_dispatch          INFO       [oracle] EQE1_Bottom  ->  557 circuits
2026-10-07 14:38:51,775  run_gnn_dispatch          INFO       [oracle] QExa20  ->  0 circuits
2026-10-07 14:38:51,776  run_gnn_dispatch          INFO       [oracle] overall mean fidelity: 0.6817  (load CV: 1.673)
2026-10-07 14:38:51,776  run_gnn_dispatch          INFO       [gt_weighted] EQE1_Top  ->  196 circuits
2026-10-07 14:38:51,776  run_gnn_dispatch          INFO       [gt_weighted] EQE1_Bottom  ->  218 circuits
2026-10-07 14:38:51,776  run_gnn_dispatch          INFO       [gt_weighted] QExa20  ->  156 circuits
2026-10-07 14:38:51,778  run_gnn_dispatch          INFO       [gt_weighted] overall mean fidelity: 0.6196  (load CV: 0.165)
2026-10-07 14:38:51,778  run_gnn_dispatch          INFO       [gnn] EQE1_Top  ->  197 circuits
2026-10-07 14:38:51,778  run_gnn_dispatch          INFO       [gnn] EQE1_Bottom  ->  189 circuits
2026-10-07 14:38:51,778  run_gnn_dispatch          INFO       [gnn] QExa20  ->  184 circuits
2026-10-07 14:38:51,779  run_gnn_dispatch          INFO       [gnn] overall mean fidelity: 0.6042  (load CV: 0.035)
2026-10-07 14:38:51,779  run_gnn_dispatch          INFO       [round_robin] EQE1_Top  ->  190 circuits
2026-10-07 14:38:51,779  run_gnn_dispatch          INFO       [round_robin] EQE1_Bottom  ->  190 circuits
2026-10-07 14:38:51,779  run_gnn_dispatch          INFO       [round_robin] QExa20  ->  190 circuits
2026-10-07 14:38:51,780  run_gnn_dispatch          INFO       [round_robin] overall mean fidelity: 0.6046  (load CV: 0.000)
2026-10-07 14:38:51,781  run_gnn_dispatch          INFO       [cross-policy oracle↔gnn] agreement: 31.6%  mean regret: 0.0775
2026-10-07 14:38:51,781  run_gnn_dispatch          INFO       [cross-policy gt_weighted↔gnn] agreement: 36.0%  mean regret: 0.0154
2026-10-07 14:38:51,781  run_gnn_dispatch          INFO     === Fidelity weight 0.50 ===
2026-10-07 14:38:51,801  run_gnn_dispatch          INFO       [oracle] EQE1_Top  ->  13 circuits
2026-10-07 14:38:51,801  run_gnn_dispatch          INFO       [oracle] EQE1_Bottom  ->  557 circuits
2026-10-07 14:38:51,801  run_gnn_dispatch          INFO       [oracle] QExa20  ->  0 circuits
2026-10-07 14:38:51,802  run_gnn_dispatch          INFO       [oracle] overall mean fidelity: 0.6817  (load CV: 1.673)
2026-10-07 14:38:51,802  run_gnn_dispatch          INFO       [gt_weighted] EQE1_Top  ->  198 circuits
2026-10-07 14:38:51,802  run_gnn_dispatch          INFO       [gt_weighted] EQE1_Bottom  ->  231 circuits
2026-10-07 14:38:51,802  run_gnn_dispatch          INFO       [gt_weighted] QExa20  ->  141 circuits
2026-10-07 14:38:51,804  run_gnn_dispatch          INFO       [gt_weighted] overall mean fidelity: 0.6257  (load CV: 0.240)
2026-10-07 14:38:51,804  run_gnn_dispatch          INFO       [gnn] EQE1_Top  ->  201 circuits
2026-10-07 14:38:51,804  run_gnn_dispatch          INFO       [gnn] EQE1_Bottom  ->  188 circuits
2026-10-07 14:38:51,804  run_gnn_dispatch          INFO       [gnn] QExa20  ->  181 circuits
2026-10-07 14:38:51,805  run_gnn_dispatch          INFO       [gnn] overall mean fidelity: 0.6045  (load CV: 0.053)
2026-10-07 14:38:51,805  run_gnn_dispatch          INFO       [round_robin] EQE1_Top  ->  190 circuits
2026-10-07 14:38:51,805  run_gnn_dispatch          INFO       [round_robin] EQE1_Bottom  ->  190 circuits
2026-10-07 14:38:51,805  run_gnn_dispatch          INFO       [round_robin] QExa20  ->  190 circuits
2026-10-07 14:38:51,806  run_gnn_dispatch          INFO       [round_robin] overall mean fidelity: 0.6046  (load CV: 0.000)
2026-10-07 14:38:51,806  run_gnn_dispatch          INFO       [cross-policy oracle↔gnn] agreement: 31.4%  mean regret: 0.0772
2026-10-07 14:38:51,807  run_gnn_dispatch          INFO       [cross-policy gt_weighted↔gnn] agreement: 37.2%  mean regret: 0.0212
2026-10-07 14:38:51,807  run_gnn_dispatch          INFO     === Fidelity weight 0.60 ===
2026-10-07 14:38:51,827  run_gnn_dispatch          INFO       [oracle] EQE1_Top  ->  13 circuits
2026-10-07 14:38:51,827  run_gnn_dispatch          INFO       [oracle] EQE1_Bottom  ->  557 circuits
2026-10-07 14:38:51,827  run_gnn_dispatch          INFO       [oracle] QExa20  ->  0 circuits
2026-10-07 14:38:51,828  run_gnn_dispatch          INFO       [oracle] overall mean fidelity: 0.6817  (load CV: 1.673)
2026-10-07 14:38:51,828  run_gnn_dispatch          INFO       [gt_weighted] EQE1_Top  ->  199 circuits
2026-10-07 14:38:51,828  run_gnn_dispatch          INFO       [gt_weighted] EQE1_Bottom  ->  250 circuits
2026-10-07 14:38:51,828  run_gnn_dispatch          INFO       [gt_weighted] QExa20  ->  121 circuits
2026-10-07 14:38:51,830  run_gnn_dispatch          INFO       [gt_weighted] overall mean fidelity: 0.6338  (load CV: 0.342)
2026-10-07 14:38:51,830  run_gnn_dispatch          INFO       [gnn] EQE1_Top  ->  206 circuits
2026-10-07 14:38:51,830  run_gnn_dispatch          INFO       [gnn] EQE1_Bottom  ->  188 circuits
2026-10-07 14:38:51,830  run_gnn_dispatch          INFO       [gnn] QExa20  ->  176 circuits
2026-10-07 14:38:51,831  run_gnn_dispatch          INFO       [gnn] overall mean fidelity: 0.6044  (load CV: 0.079)
2026-10-07 14:38:51,831  run_gnn_dispatch          INFO       [round_robin] EQE1_Top  ->  190 circuits
2026-10-07 14:38:51,831  run_gnn_dispatch          INFO       [round_robin] EQE1_Bottom  ->  190 circuits
2026-10-07 14:38:51,831  run_gnn_dispatch          INFO       [round_robin] QExa20  ->  190 circuits
2026-10-07 14:38:51,832  run_gnn_dispatch          INFO       [round_robin] overall mean fidelity: 0.6046  (load CV: 0.000)
2026-10-07 14:38:51,833  run_gnn_dispatch          INFO       [cross-policy oracle↔gnn] agreement: 31.2%  mean regret: 0.0773
2026-10-07 14:38:51,833  run_gnn_dispatch          INFO       [cross-policy gt_weighted↔gnn] agreement: 29.6%  mean regret: 0.0294
2026-10-07 14:38:51,833  run_gnn_dispatch          INFO     === Fidelity weight 0.70 ===
2026-10-07 14:38:51,853  run_gnn_dispatch          INFO       [oracle] EQE1_Top  ->  13 circuits
2026-10-07 14:38:51,853  run_gnn_dispatch          INFO       [oracle] EQE1_Bottom  ->  557 circuits
2026-10-07 14:38:51,853  run_gnn_dispatch          INFO       [oracle] QExa20  ->  0 circuits
2026-10-07 14:38:51,854  run_gnn_dispatch          INFO       [oracle] overall mean fidelity: 0.6817  (load CV: 1.673)
2026-10-07 14:38:51,854  run_gnn_dispatch          INFO       [gt_weighted] EQE1_Top  ->  196 circuits
2026-10-07 14:38:51,854  run_gnn_dispatch          INFO       [gt_weighted] EQE1_Bottom  ->  275 circuits
2026-10-07 14:38:51,854  run_gnn_dispatch          INFO       [gt_weighted] QExa20  ->  99 circuits
2026-10-07 14:38:51,856  run_gnn_dispatch          INFO       [gt_weighted] overall mean fidelity: 0.6449  (load CV: 0.464)
2026-10-07 14:38:51,856  run_gnn_dispatch          INFO       [gnn] EQE1_Top  ->  212 circuits
2026-10-07 14:38:51,856  run_gnn_dispatch          INFO       [gnn] EQE1_Bottom  ->  190 circuits
2026-10-07 14:38:51,856  run_gnn_dispatch          INFO       [gnn] QExa20  ->  168 circuits
2026-10-07 14:38:51,857  run_gnn_dispatch          INFO       [gnn] overall mean fidelity: 0.6040  (load CV: 0.116)
2026-10-07 14:38:51,857  run_gnn_dispatch          INFO       [round_robin] EQE1_Top  ->  190 circuits
2026-10-07 14:38:51,857  run_gnn_dispatch          INFO       [round_robin] EQE1_Bottom  ->  190 circuits
2026-10-07 14:38:51,857  run_gnn_dispatch          INFO       [round_robin] QExa20  ->  190 circuits
2026-10-07 14:38:51,858  run_gnn_dispatch          INFO       [round_robin] overall mean fidelity: 0.6046  (load CV: 0.000)
2026-10-07 14:38:51,859  run_gnn_dispatch          INFO       [cross-policy oracle↔gnn] agreement: 31.2%  mean regret: 0.0778
2026-10-07 14:38:51,859  run_gnn_dispatch          INFO       [cross-policy gt_weighted↔gnn] agreement: 30.0%  mean regret: 0.0410
2026-10-07 14:38:51,859  run_gnn_dispatch          INFO     === Fidelity weight 0.80 ===
2026-10-07 14:38:51,879  run_gnn_dispatch          INFO       [oracle] EQE1_Top  ->  13 circuits
2026-10-07 14:38:51,879  run_gnn_dispatch          INFO       [oracle] EQE1_Bottom  ->  557 circuits
2026-10-07 14:38:51,879  run_gnn_dispatch          INFO       [oracle] QExa20  ->  0 circuits
2026-10-07 14:38:51,881  run_gnn_dispatch          INFO       [oracle] overall mean fidelity: 0.6817  (load CV: 1.673)
2026-10-07 14:38:51,881  run_gnn_dispatch          INFO       [gt_weighted] EQE1_Top  ->  191 circuits
2026-10-07 14:38:51,881  run_gnn_dispatch          INFO       [gt_weighted] EQE1_Bottom  ->  326 circuits
2026-10-07 14:38:51,881  run_gnn_dispatch          INFO       [gt_weighted] QExa20  ->  53 circuits
2026-10-07 14:38:51,882  run_gnn_dispatch          INFO       [gt_weighted] overall mean fidelity: 0.6603  (load CV: 0.718)
2026-10-07 14:38:51,882  run_gnn_dispatch          INFO       [gnn] EQE1_Top  ->  226 circuits
2026-10-07 14:38:51,882  run_gnn_dispatch          INFO       [gnn] EQE1_Bottom  ->  193 circuits
2026-10-07 14:38:51,882  run_gnn_dispatch          INFO       [gnn] QExa20  ->  151 circuits
2026-10-07 14:38:51,883  run_gnn_dispatch          INFO       [gnn] overall mean fidelity: 0.6035  (load CV: 0.198)
2026-10-07 14:38:51,883  run_gnn_dispatch          INFO       [round_robin] EQE1_Top  ->  190 circuits
2026-10-07 14:38:51,883  run_gnn_dispatch          INFO       [round_robin] EQE1_Bottom  ->  190 circuits
2026-10-07 14:38:51,884  run_gnn_dispatch          INFO       [round_robin] QExa20  ->  190 circuits
2026-10-07 14:38:51,885  run_gnn_dispatch          INFO       [round_robin] overall mean fidelity: 0.6046  (load CV: 0.000)
2026-10-07 14:38:51,885  run_gnn_dispatch          INFO       [cross-policy oracle↔gnn] agreement: 31.6%  mean regret: 0.0782
2026-10-07 14:38:51,886  run_gnn_dispatch          INFO       [cross-policy gt_weighted↔gnn] agreement: 22.3%  mean regret: 0.0567
2026-10-07 14:38:51,886  run_gnn_dispatch          INFO     === Fidelity weight 0.90 ===
2026-10-07 14:38:51,905  run_gnn_dispatch          INFO       [oracle] EQE1_Top  ->  13 circuits
2026-10-07 14:38:51,905  run_gnn_dispatch          INFO       [oracle] EQE1_Bottom  ->  557 circuits
2026-10-07 14:38:51,905  run_gnn_dispatch          INFO       [oracle] QExa20  ->  0 circuits
2026-10-07 14:38:51,907  run_gnn_dispatch          INFO       [oracle] overall mean fidelity: 0.6817  (load CV: 1.673)
2026-10-07 14:38:51,907  run_gnn_dispatch          INFO       [gt_weighted] EQE1_Top  ->  166 circuits
2026-10-07 14:38:51,907  run_gnn_dispatch          INFO       [gt_weighted] EQE1_Bottom  ->  404 circuits
2026-10-07 14:38:51,907  run_gnn_dispatch          INFO       [gt_weighted] QExa20  ->  0 circuits
2026-10-07 14:38:51,908  run_gnn_dispatch          INFO       [gt_weighted] overall mean fidelity: 0.6754  (load CV: 1.069)
2026-10-07 14:38:51,908  run_gnn_dispatch          INFO       [gnn] EQE1_Top  ->  275 circuits
2026-10-07 14:38:51,908  run_gnn_dispatch          INFO       [gnn] EQE1_Bottom  ->  190 circuits
2026-10-07 14:38:51,908  run_gnn_dispatch          INFO       [gnn] QExa20  ->  105 circuits
2026-10-07 14:38:51,909  run_gnn_dispatch          INFO       [gnn] overall mean fidelity: 0.6030  (load CV: 0.447)
2026-10-07 14:38:51,910  run_gnn_dispatch          INFO       [round_robin] EQE1_Top  ->  190 circuits
2026-10-07 14:38:51,910  run_gnn_dispatch          INFO       [round_robin] EQE1_Bottom  ->  190 circuits
2026-10-07 14:38:51,910  run_gnn_dispatch          INFO       [round_robin] QExa20  ->  190 circuits
2026-10-07 14:38:51,911  run_gnn_dispatch          INFO       [round_robin] overall mean fidelity: 0.6046  (load CV: 0.000)
2026-10-07 14:38:51,911  run_gnn_dispatch          INFO       [cross-policy oracle↔gnn] agreement: 31.1%  mean regret: 0.0787
2026-10-07 14:38:51,912  run_gnn_dispatch          INFO       [cross-policy gt_weighted↔gnn] agreement: 9.6%  mean regret: 0.0724
2026-10-07 14:38:51,912  run_gnn_dispatch          INFO     === Fidelity weight 1.00 ===
2026-10-07 14:38:51,931  run_gnn_dispatch          INFO       [oracle] EQE1_Top  ->  13 circuits
2026-10-07 14:38:51,931  run_gnn_dispatch          INFO       [oracle] EQE1_Bottom  ->  557 circuits
2026-10-07 14:38:51,931  run_gnn_dispatch          INFO       [oracle] QExa20  ->  0 circuits
2026-10-07 14:38:51,933  run_gnn_dispatch          INFO       [oracle] overall mean fidelity: 0.6817  (load CV: 1.673)
2026-10-07 14:38:51,933  run_gnn_dispatch          INFO       [gt_weighted] EQE1_Top  ->  13 circuits
2026-10-07 14:38:51,933  run_gnn_dispatch          INFO       [gt_weighted] EQE1_Bottom  ->  557 circuits
2026-10-07 14:38:51,933  run_gnn_dispatch          INFO       [gt_weighted] QExa20  ->  0 circuits
2026-10-07 14:38:51,934  run_gnn_dispatch          INFO       [gt_weighted] overall mean fidelity: 0.6817  (load CV: 1.673)
2026-10-07 14:38:51,934  run_gnn_dispatch          INFO       [gnn] EQE1_Top  ->  437 circuits
2026-10-07 14:38:51,934  run_gnn_dispatch          INFO       [gnn] EQE1_Bottom  ->  133 circuits
2026-10-07 14:38:51,934  run_gnn_dispatch          INFO       [gnn] QExa20  ->  0 circuits
2026-10-07 14:38:51,935  run_gnn_dispatch          INFO       [gnn] overall mean fidelity: 0.6135  (load CV: 1.179)
2026-10-07 14:38:51,935  run_gnn_dispatch          INFO       [round_robin] EQE1_Top  ->  190 circuits
2026-10-07 14:38:51,935  run_gnn_dispatch          INFO       [round_robin] EQE1_Bottom  ->  190 circuits
2026-10-07 14:38:51,935  run_gnn_dispatch          INFO       [round_robin] QExa20  ->  190 circuits
2026-10-07 14:38:51,936  run_gnn_dispatch          INFO       [round_robin] overall mean fidelity: 0.6046  (load CV: 0.000)
2026-10-07 14:38:51,937  run_gnn_dispatch          INFO       [cross-policy oracle↔gnn] agreement: 21.1%  mean regret: 0.0682
2026-10-07 14:38:51,937  run_gnn_dispatch          INFO       [cross-policy gt_weighted↔gnn] agreement: 21.1%  mean regret: 0.0682
2026-10-07 14:38:51,944  run_gnn_dispatch          INFO     Ground-truth fidelities saved to /home/atudisco/pred-distr-tool/evaluations/generalization/results/scheduling/leave_one_family_out/by_family/iqpe/fidelity_ground_truth.json
2026-10-07 14:38:51,948  run_gnn_dispatch          INFO     GNN-predicted fidelities saved to /home/atudisco/pred-distr-tool/evaluations/generalization/results/scheduling/leave_one_family_out/by_family/iqpe/fidelity_gnn_predicted.json
2026-10-07 14:38:51,963  run_gnn_dispatch          INFO     Full results saved to /home/atudisco/pred-distr-tool/evaluations/generalization/results/scheduling/leave_one_family_out/by_family/iqpe/dispatch_results.json
2026-10-07 14:38:51,965  run_gnn_dispatch          INFO     Summary CSV saved to /home/atudisco/pred-distr-tool/evaluations/generalization/results/scheduling/leave_one_family_out/by_family/iqpe/dispatch_summary.csv
2026-10-07 14:38:51,967  run_gnn_dispatch          INFO     Cross-policy CSV saved to /home/atudisco/pred-distr-tool/evaluations/generalization/results/scheduling/leave_one_family_out/by_family/iqpe/cross_policy_summary.csv
2026-10-07 14:38:51,969  genstudy.io               INFO     Wrote /home/atudisco/pred-distr-tool/evaluations/generalization/results/scheduling/leave_one_family_out/by_family/iqpe/sweep_summary.csv (11 rows)
2026-10-07 14:38:51,969  run_scheduling_eval       INFO     === per-family scheduling: qaoa (2706 circuits) ===
2026-10-07 14:38:51,971  run_scheduling_eval       INFO     Scheduling on 2706 circuits -> /home/atudisco/pred-distr-tool/evaluations/generalization/results/scheduling/leave_one_family_out/by_family/qaoa
2026-10-07 14:38:51,972  run_gnn_dispatch          INFO     === Fidelity weight 0.00 ===
2026-10-07 14:38:51,975  run_gnn_dispatch          INFO       [oracle] EQE1_Top  ->  37 circuits
2026-10-07 14:38:51,975  run_gnn_dispatch          INFO       [oracle] EQE1_Bottom  ->  710 circuits
2026-10-07 14:38:51,975  run_gnn_dispatch          INFO       [oracle] QExa20  ->  1959 circuits
2026-10-07 14:38:51,980  run_gnn_dispatch          INFO       [oracle] overall mean fidelity: 0.2545  (load CV: 1.081)
2026-10-07 14:38:51,980  run_gnn_dispatch          INFO       [gt_weighted] EQE1_Top  ->  902 circuits
2026-10-07 14:38:51,980  run_gnn_dispatch          INFO       [gt_weighted] EQE1_Bottom  ->  902 circuits
2026-10-07 14:38:51,980  run_gnn_dispatch          INFO       [gt_weighted] QExa20  ->  902 circuits
2026-10-07 14:38:51,985  run_gnn_dispatch          INFO       [gt_weighted] overall mean fidelity: 0.2366  (load CV: 0.000)
2026-10-07 14:38:51,985  run_gnn_dispatch          INFO       [gnn] EQE1_Top  ->  902 circuits
2026-10-07 14:38:51,985  run_gnn_dispatch          INFO       [gnn] EQE1_Bottom  ->  902 circuits
2026-10-07 14:38:51,985  run_gnn_dispatch          INFO       [gnn] QExa20  ->  902 circuits
2026-10-07 14:38:51,990  run_gnn_dispatch          INFO       [gnn] overall mean fidelity: 0.2366  (load CV: 0.000)
2026-10-07 14:38:51,990  run_gnn_dispatch          INFO       [round_robin] EQE1_Top  ->  902 circuits
2026-10-07 14:38:51,990  run_gnn_dispatch          INFO       [round_robin] EQE1_Bottom  ->  902 circuits
2026-10-07 14:38:51,990  run_gnn_dispatch          INFO       [round_robin] QExa20  ->  902 circuits
2026-10-07 14:38:51,996  run_gnn_dispatch          INFO       [round_robin] overall mean fidelity: 0.2366  (load CV: 0.000)
2026-10-07 14:38:51,998  run_gnn_dispatch          INFO       [cross-policy oracle↔gnn] agreement: 33.2%  mean regret: 0.0179
2026-10-07 14:38:52,000  run_gnn_dispatch          INFO       [cross-policy gt_weighted↔gnn] agreement: 100.0%  mean regret: 0.0000
2026-10-07 14:38:52,000  run_gnn_dispatch          INFO     === Fidelity weight 0.10 ===
2026-10-07 14:38:52,030  run_gnn_dispatch          INFO       [oracle] EQE1_Top  ->  37 circuits
2026-10-07 14:38:52,030  run_gnn_dispatch          INFO       [oracle] EQE1_Bottom  ->  710 circuits
2026-10-07 14:38:52,030  run_gnn_dispatch          INFO       [oracle] QExa20  ->  1959 circuits
2026-10-07 14:38:52,035  run_gnn_dispatch          INFO       [oracle] overall mean fidelity: 0.2545  (load CV: 1.081)
2026-10-07 14:38:52,035  run_gnn_dispatch          INFO       [gt_weighted] EQE1_Top  ->  901 circuits
2026-10-07 14:38:52,035  run_gnn_dispatch          INFO       [gt_weighted] EQE1_Bottom  ->  901 circuits
2026-10-07 14:38:52,035  run_gnn_dispatch          INFO       [gt_weighted] QExa20  ->  904 circuits
2026-10-07 14:38:52,040  run_gnn_dispatch          INFO       [gt_weighted] overall mean fidelity: 0.2433  (load CV: 0.002)
2026-10-07 14:38:52,040  run_gnn_dispatch          INFO       [gnn] EQE1_Top  ->  909 circuits
2026-10-07 14:38:52,040  run_gnn_dispatch          INFO       [gnn] EQE1_Bottom  ->  894 circuits
2026-10-07 14:38:52,040  run_gnn_dispatch          INFO       [gnn] QExa20  ->  903 circuits
2026-10-07 14:38:52,045  run_gnn_dispatch          INFO       [gnn] overall mean fidelity: 0.2363  (load CV: 0.008)
2026-10-07 14:38:52,045  run_gnn_dispatch          INFO       [round_robin] EQE1_Top  ->  902 circuits
2026-10-07 14:38:52,045  run_gnn_dispatch          INFO       [round_robin] EQE1_Bottom  ->  902 circuits
2026-10-07 14:38:52,045  run_gnn_dispatch          INFO       [round_robin] QExa20  ->  902 circuits
2026-10-07 14:38:52,050  run_gnn_dispatch          INFO       [round_robin] overall mean fidelity: 0.2366  (load CV: 0.000)
2026-10-07 14:38:52,053  run_gnn_dispatch          INFO       [cross-policy oracle↔gnn] agreement: 33.7%  mean regret: 0.0181
2026-10-07 14:38:52,055  run_gnn_dispatch          INFO       [cross-policy gt_weighted↔gnn] agreement: 34.9%  mean regret: 0.0070
2026-10-07 14:38:52,055  run_gnn_dispatch          INFO     === Fidelity weight 0.20 ===
2026-10-07 14:38:52,085  run_gnn_dispatch          INFO       [oracle] EQE1_Top  ->  37 circuits
2026-10-07 14:38:52,085  run_gnn_dispatch          INFO       [oracle] EQE1_Bottom  ->  710 circuits
2026-10-07 14:38:52,085  run_gnn_dispatch          INFO       [oracle] QExa20  ->  1959 circuits
2026-10-07 14:38:52,090  run_gnn_dispatch          INFO       [oracle] overall mean fidelity: 0.2545  (load CV: 1.081)
2026-10-07 14:38:52,090  run_gnn_dispatch          INFO       [gt_weighted] EQE1_Top  ->  899 circuits
2026-10-07 14:38:52,090  run_gnn_dispatch          INFO       [gt_weighted] EQE1_Bottom  ->  899 circuits
2026-10-07 14:38:52,090  run_gnn_dispatch          INFO       [gt_weighted] QExa20  ->  908 circuits
2026-10-07 14:38:52,095  run_gnn_dispatch          INFO       [gt_weighted] overall mean fidelity: 0.2446  (load CV: 0.006)
2026-10-07 14:38:52,095  run_gnn_dispatch          INFO       [gnn] EQE1_Top  ->  922 circuits
2026-10-07 14:38:52,095  run_gnn_dispatch          INFO       [gnn] EQE1_Bottom  ->  880 circuits
2026-10-07 14:38:52,095  run_gnn_dispatch          INFO       [gnn] QExa20  ->  904 circuits
2026-10-07 14:38:52,101  run_gnn_dispatch          INFO       [gnn] overall mean fidelity: 0.2363  (load CV: 0.023)
2026-10-07 14:38:52,101  run_gnn_dispatch          INFO       [round_robin] EQE1_Top  ->  902 circuits
2026-10-07 14:38:52,101  run_gnn_dispatch          INFO       [round_robin] EQE1_Bottom  ->  902 circuits
2026-10-07 14:38:52,101  run_gnn_dispatch          INFO       [round_robin] QExa20  ->  902 circuits
2026-10-07 14:38:52,106  run_gnn_dispatch          INFO       [round_robin] overall mean fidelity: 0.2366  (load CV: 0.000)
2026-10-07 14:38:52,108  run_gnn_dispatch          INFO       [cross-policy oracle↔gnn] agreement: 35.0%  mean regret: 0.0182
2026-10-07 14:38:52,111  run_gnn_dispatch          INFO       [cross-policy gt_weighted↔gnn] agreement: 34.4%  mean regret: 0.0083
2026-10-07 14:38:52,111  run_gnn_dispatch          INFO     === Fidelity weight 0.30 ===
2026-10-07 14:38:52,229  run_gnn_dispatch          INFO       [oracle] EQE1_Top  ->  37 circuits
2026-10-07 14:38:52,229  run_gnn_dispatch          INFO       [oracle] EQE1_Bottom  ->  710 circuits
2026-10-07 14:38:52,229  run_gnn_dispatch          INFO       [oracle] QExa20  ->  1959 circuits
2026-10-07 14:38:52,234  run_gnn_dispatch          INFO       [oracle] overall mean fidelity: 0.2545  (load CV: 1.081)
2026-10-07 14:38:52,234  run_gnn_dispatch          INFO       [gt_weighted] EQE1_Top  ->  895 circuits
2026-10-07 14:38:52,234  run_gnn_dispatch          INFO       [gt_weighted] EQE1_Bottom  ->  895 circuits
2026-10-07 14:38:52,234  run_gnn_dispatch          INFO       [gt_weighted] QExa20  ->  916 circuits
2026-10-07 14:38:52,239  run_gnn_dispatch          INFO       [gt_weighted] overall mean fidelity: 0.2456  (load CV: 0.013)
2026-10-07 14:38:52,239  run_gnn_dispatch          INFO       [gnn] EQE1_Top  ->  931 circuits
2026-10-07 14:38:52,239  run_gnn_dispatch          INFO       [gnn] EQE1_Bottom  ->  869 circuits
2026-10-07 14:38:52,239  run_gnn_dispatch          INFO       [gnn] QExa20  ->  906 circuits
2026-10-07 14:38:52,244  run_gnn_dispatch          INFO       [gnn] overall mean fidelity: 0.2359  (load CV: 0.035)
2026-10-07 14:38:52,244  run_gnn_dispatch          INFO       [round_robin] EQE1_Top  ->  902 circuits
2026-10-07 14:38:52,245  run_gnn_dispatch          INFO       [round_robin] EQE1_Bottom  ->  902 circuits
2026-10-07 14:38:52,245  run_gnn_dispatch          INFO       [round_robin] QExa20  ->  902 circuits
2026-10-07 14:38:52,250  run_gnn_dispatch          INFO       [round_robin] overall mean fidelity: 0.2366  (load CV: 0.000)
2026-10-07 14:38:52,252  run_gnn_dispatch          INFO       [cross-policy oracle↔gnn] agreement: 34.8%  mean regret: 0.0186
2026-10-07 14:38:52,255  run_gnn_dispatch          INFO       [cross-policy gt_weighted↔gnn] agreement: 34.2%  mean regret: 0.0097
2026-10-07 14:38:52,255  run_gnn_dispatch          INFO     === Fidelity weight 0.40 ===
2026-10-07 14:38:52,285  run_gnn_dispatch          INFO       [oracle] EQE1_Top  ->  37 circuits
2026-10-07 14:38:52,285  run_gnn_dispatch          INFO       [oracle] EQE1_Bottom  ->  710 circuits
2026-10-07 14:38:52,285  run_gnn_dispatch          INFO       [oracle] QExa20  ->  1959 circuits
2026-10-07 14:38:52,290  run_gnn_dispatch          INFO       [oracle] overall mean fidelity: 0.2545  (load CV: 1.081)
2026-10-07 14:38:52,290  run_gnn_dispatch          INFO       [gt_weighted] EQE1_Top  ->  886 circuits
2026-10-07 14:38:52,290  run_gnn_dispatch          INFO       [gt_weighted] EQE1_Bottom  ->  886 circuits
2026-10-07 14:38:52,290  run_gnn_dispatch          INFO       [gt_weighted] QExa20  ->  934 circuits
2026-10-07 14:38:52,295  run_gnn_dispatch          INFO       [gt_weighted] overall mean fidelity: 0.2467  (load CV: 0.031)
2026-10-07 14:38:52,295  run_gnn_dispatch          INFO       [gnn] EQE1_Top  ->  943 circuits
2026-10-07 14:38:52,295  run_gnn_dispatch          INFO       [gnn] EQE1_Bottom  ->  859 circuits
2026-10-07 14:38:52,295  run_gnn_dispatch          INFO       [gnn] QExa20  ->  904 circuits
2026-10-07 14:38:52,300  run_gnn_dispatch          INFO       [gnn] overall mean fidelity: 0.2352  (load CV: 0.047)
2026-10-07 14:38:52,300  run_gnn_dispatch          INFO       [round_robin] EQE1_Top  ->  902 circuits
2026-10-07 14:38:52,300  run_gnn_dispatch          INFO       [round_robin] EQE1_Bottom  ->  902 circuits
2026-10-07 14:38:52,300  run_gnn_dispatch          INFO       [round_robin] QExa20  ->  902 circuits
2026-10-07 14:38:52,305  run_gnn_dispatch          INFO       [round_robin] overall mean fidelity: 0.2366  (load CV: 0.000)
2026-10-07 14:38:52,308  run_gnn_dispatch          INFO       [cross-policy oracle↔gnn] agreement: 35.3%  mean regret: 0.0193
2026-10-07 14:38:52,310  run_gnn_dispatch          INFO       [cross-policy gt_weighted↔gnn] agreement: 34.3%  mean regret: 0.0114
2026-10-07 14:38:52,311  run_gnn_dispatch          INFO     === Fidelity weight 0.50 ===
2026-10-07 14:38:52,340  run_gnn_dispatch          INFO       [oracle] EQE1_Top  ->  37 circuits
2026-10-07 14:38:52,341  run_gnn_dispatch          INFO       [oracle] EQE1_Bottom  ->  710 circuits
2026-10-07 14:38:52,341  run_gnn_dispatch          INFO       [oracle] QExa20  ->  1959 circuits
2026-10-07 14:38:52,345  run_gnn_dispatch          INFO       [oracle] overall mean fidelity: 0.2545  (load CV: 1.081)
2026-10-07 14:38:52,345  run_gnn_dispatch          INFO       [gt_weighted] EQE1_Top  ->  877 circuits
2026-10-07 14:38:52,345  run_gnn_dispatch          INFO       [gt_weighted] EQE1_Bottom  ->  876 circuits
2026-10-07 14:38:52,345  run_gnn_dispatch          INFO       [gt_weighted] QExa20  ->  953 circuits
2026-10-07 14:38:52,350  run_gnn_dispatch          INFO       [gt_weighted] overall mean fidelity: 0.2477  (load CV: 0.049)
2026-10-07 14:38:52,350  run_gnn_dispatch          INFO       [gnn] EQE1_Top  ->  960 circuits
2026-10-07 14:38:52,350  run_gnn_dispatch          INFO       [gnn] EQE1_Bottom  ->  847 circuits
2026-10-07 14:38:52,350  run_gnn_dispatch          INFO       [gnn] QExa20  ->  899 circuits
2026-10-07 14:38:52,356  run_gnn_dispatch          INFO       [gnn] overall mean fidelity: 0.2348  (load CV: 0.063)
2026-10-07 14:38:52,356  run_gnn_dispatch          INFO       [round_robin] EQE1_Top  ->  902 circuits
2026-10-07 14:38:52,356  run_gnn_dispatch          INFO       [round_robin] EQE1_Bottom  ->  902 circuits
2026-10-07 14:38:52,356  run_gnn_dispatch          INFO       [round_robin] QExa20  ->  902 circuits
2026-10-07 14:38:52,361  run_gnn_dispatch          INFO       [round_robin] overall mean fidelity: 0.2366  (load CV: 0.000)
2026-10-07 14:38:52,363  run_gnn_dispatch          INFO       [cross-policy oracle↔gnn] agreement: 36.3%  mean regret: 0.0197
2026-10-07 14:38:52,366  run_gnn_dispatch          INFO       [cross-policy gt_weighted↔gnn] agreement: 33.5%  mean regret: 0.0129
2026-10-07 14:38:52,366  run_gnn_dispatch          INFO     === Fidelity weight 0.60 ===
2026-10-07 14:38:52,396  run_gnn_dispatch          INFO       [oracle] EQE1_Top  ->  37 circuits
2026-10-07 14:38:52,396  run_gnn_dispatch          INFO       [oracle] EQE1_Bottom  ->  710 circuits
2026-10-07 14:38:52,396  run_gnn_dispatch          INFO       [oracle] QExa20  ->  1959 circuits
2026-10-07 14:38:52,401  run_gnn_dispatch          INFO       [oracle] overall mean fidelity: 0.2545  (load CV: 1.081)
2026-10-07 14:38:52,401  run_gnn_dispatch          INFO       [gt_weighted] EQE1_Top  ->  840 circuits
2026-10-07 14:38:52,401  run_gnn_dispatch          INFO       [gt_weighted] EQE1_Bottom  ->  888 circuits
2026-10-07 14:38:52,401  run_gnn_dispatch          INFO       [gt_weighted] QExa20  ->  978 circuits
2026-10-07 14:38:52,406  run_gnn_dispatch          INFO       [gt_weighted] overall mean fidelity: 0.2489  (load CV: 0.078)
2026-10-07 14:38:52,406  run_gnn_dispatch          INFO       [gnn] EQE1_Top  ->  987 circuits
2026-10-07 14:38:52,406  run_gnn_dispatch          INFO       [gnn] EQE1_Bottom  ->  828 circuits
2026-10-07 14:38:52,406  run_gnn_dispatch          INFO       [gnn] QExa20  ->  891 circuits
2026-10-07 14:38:52,411  run_gnn_dispatch          INFO       [gnn] overall mean fidelity: 0.2348  (load CV: 0.089)
2026-10-07 14:38:52,411  run_gnn_dispatch          INFO       [round_robin] EQE1_Top  ->  902 circuits
2026-10-07 14:38:52,411  run_gnn_dispatch          INFO       [round_robin] EQE1_Bottom  ->  902 circuits
2026-10-07 14:38:52,411  run_gnn_dispatch          INFO       [round_robin] QExa20  ->  902 circuits
2026-10-07 14:38:52,416  run_gnn_dispatch          INFO       [round_robin] overall mean fidelity: 0.2366  (load CV: 0.000)
2026-10-07 14:38:52,418  run_gnn_dispatch          INFO       [cross-policy oracle↔gnn] agreement: 37.7%  mean regret: 0.0197
2026-10-07 14:38:52,421  run_gnn_dispatch          INFO       [cross-policy gt_weighted↔gnn] agreement: 35.0%  mean regret: 0.0140
2026-10-07 14:38:52,421  run_gnn_dispatch          INFO     === Fidelity weight 0.70 ===
2026-10-07 14:38:52,451  run_gnn_dispatch          INFO       [oracle] EQE1_Top  ->  37 circuits
2026-10-07 14:38:52,451  run_gnn_dispatch          INFO       [oracle] EQE1_Bottom  ->  710 circuits
2026-10-07 14:38:52,451  run_gnn_dispatch          INFO       [oracle] QExa20  ->  1959 circuits
2026-10-07 14:38:52,455  run_gnn_dispatch          INFO       [oracle] overall mean fidelity: 0.2545  (load CV: 1.081)
2026-10-07 14:38:52,455  run_gnn_dispatch          INFO       [gt_weighted] EQE1_Top  ->  785 circuits
2026-10-07 14:38:52,455  run_gnn_dispatch          INFO       [gt_weighted] EQE1_Bottom  ->  920 circuits
2026-10-07 14:38:52,455  run_gnn_dispatch          INFO       [gt_weighted] QExa20  ->  1001 circuits
2026-10-07 14:38:52,460  run_gnn_dispatch          INFO       [gt_weighted] overall mean fidelity: 0.2503  (load CV: 0.121)
2026-10-07 14:38:52,460  run_gnn_dispatch          INFO       [gnn] EQE1_Top  ->  1011 circuits
2026-10-07 14:38:52,460  run_gnn_dispatch          INFO       [gnn] EQE1_Bottom  ->  805 circuits
2026-10-07 14:38:52,460  run_gnn_dispatch          INFO       [gnn] QExa20  ->  890 circuits
2026-10-07 14:38:52,465  run_gnn_dispatch          INFO       [gnn] overall mean fidelity: 0.2352  (load CV: 0.115)
2026-10-07 14:38:52,466  run_gnn_dispatch          INFO       [round_robin] EQE1_Top  ->  902 circuits
2026-10-07 14:38:52,466  run_gnn_dispatch          INFO       [round_robin] EQE1_Bottom  ->  902 circuits
2026-10-07 14:38:52,466  run_gnn_dispatch          INFO       [round_robin] QExa20  ->  902 circuits
2026-10-07 14:38:52,471  run_gnn_dispatch          INFO       [round_robin] overall mean fidelity: 0.2366  (load CV: 0.000)
2026-10-07 14:38:52,473  run_gnn_dispatch          INFO       [cross-policy oracle↔gnn] agreement: 39.6%  mean regret: 0.0192
2026-10-07 14:38:52,476  run_gnn_dispatch          INFO       [cross-policy gt_weighted↔gnn] agreement: 34.9%  mean regret: 0.0150
2026-10-07 14:38:52,476  run_gnn_dispatch          INFO     === Fidelity weight 0.80 ===
2026-10-07 14:38:52,506  run_gnn_dispatch          INFO       [oracle] EQE1_Top  ->  37 circuits
2026-10-07 14:38:52,506  run_gnn_dispatch          INFO       [oracle] EQE1_Bottom  ->  710 circuits
2026-10-07 14:38:52,506  run_gnn_dispatch          INFO       [oracle] QExa20  ->  1959 circuits
2026-10-07 14:38:52,510  run_gnn_dispatch          INFO       [oracle] overall mean fidelity: 0.2545  (load CV: 1.081)
2026-10-07 14:38:52,510  run_gnn_dispatch          INFO       [gt_weighted] EQE1_Top  ->  713 circuits
2026-10-07 14:38:52,510  run_gnn_dispatch          INFO       [gt_weighted] EQE1_Bottom  ->  963 circuits
2026-10-07 14:38:52,510  run_gnn_dispatch          INFO       [gt_weighted] QExa20  ->  1030 circuits
2026-10-07 14:38:52,515  run_gnn_dispatch          INFO       [gt_weighted] overall mean fidelity: 0.2517  (load CV: 0.185)
2026-10-07 14:38:52,515  run_gnn_dispatch          INFO       [gnn] EQE1_Top  ->  1029 circuits
2026-10-07 14:38:52,515  run_gnn_dispatch          INFO       [gnn] EQE1_Bottom  ->  779 circuits
2026-10-07 14:38:52,515  run_gnn_dispatch          INFO       [gnn] QExa20  ->  898 circuits
2026-10-07 14:38:52,520  run_gnn_dispatch          INFO       [gnn] overall mean fidelity: 0.2358  (load CV: 0.139)
2026-10-07 14:38:52,520  run_gnn_dispatch          INFO       [round_robin] EQE1_Top  ->  902 circuits
2026-10-07 14:38:52,520  run_gnn_dispatch          INFO       [round_robin] EQE1_Bottom  ->  902 circuits
2026-10-07 14:38:52,520  run_gnn_dispatch          INFO       [round_robin] QExa20  ->  902 circuits
2026-10-07 14:38:52,526  run_gnn_dispatch          INFO       [round_robin] overall mean fidelity: 0.2366  (load CV: 0.000)
2026-10-07 14:38:52,528  run_gnn_dispatch          INFO       [cross-policy oracle↔gnn] agreement: 41.7%  mean regret: 0.0187
2026-10-07 14:38:52,530  run_gnn_dispatch          INFO       [cross-policy gt_weighted↔gnn] agreement: 34.7%  mean regret: 0.0159
2026-10-07 14:38:52,531  run_gnn_dispatch          INFO     === Fidelity weight 0.90 ===
2026-10-07 14:38:52,560  run_gnn_dispatch          INFO       [oracle] EQE1_Top  ->  37 circuits
2026-10-07 14:38:52,560  run_gnn_dispatch          INFO       [oracle] EQE1_Bottom  ->  710 circuits
2026-10-07 14:38:52,561  run_gnn_dispatch          INFO       [oracle] QExa20  ->  1959 circuits
2026-10-07 14:38:52,567  run_gnn_dispatch          INFO       [oracle] overall mean fidelity: 0.2545  (load CV: 1.081)
2026-10-07 14:38:52,568  run_gnn_dispatch          INFO       [gt_weighted] EQE1_Top  ->  632 circuits
2026-10-07 14:38:52,568  run_gnn_dispatch          INFO       [gt_weighted] EQE1_Bottom  ->  1042 circuits
2026-10-07 14:38:52,568  run_gnn_dispatch          INFO       [gt_weighted] QExa20  ->  1032 circuits
2026-10-07 14:38:52,573  run_gnn_dispatch          INFO       [gt_weighted] overall mean fidelity: 0.2532  (load CV: 0.259)
2026-10-07 14:38:52,573  run_gnn_dispatch          INFO       [gnn] EQE1_Top  ->  1036 circuits
2026-10-07 14:38:52,573  run_gnn_dispatch          INFO       [gnn] EQE1_Bottom  ->  726 circuits
2026-10-07 14:38:52,573  run_gnn_dispatch          INFO       [gnn] QExa20  ->  944 circuits
2026-10-07 14:38:52,578  run_gnn_dispatch          INFO       [gnn] overall mean fidelity: 0.2370  (load CV: 0.177)
2026-10-07 14:38:52,578  run_gnn_dispatch          INFO       [round_robin] EQE1_Top  ->  902 circuits
2026-10-07 14:38:52,578  run_gnn_dispatch          INFO       [round_robin] EQE1_Bottom  ->  902 circuits
2026-10-07 14:38:52,578  run_gnn_dispatch          INFO       [round_robin] QExa20  ->  902 circuits
2026-10-07 14:38:52,583  run_gnn_dispatch          INFO       [round_robin] overall mean fidelity: 0.2366  (load CV: 0.000)
2026-10-07 14:38:52,586  run_gnn_dispatch          INFO       [cross-policy oracle↔gnn] agreement: 43.9%  mean regret: 0.0175
2026-10-07 14:38:52,588  run_gnn_dispatch          INFO       [cross-policy gt_weighted↔gnn] agreement: 33.5%  mean regret: 0.0162
2026-10-07 14:38:52,588  run_gnn_dispatch          INFO     === Fidelity weight 1.00 ===
2026-10-07 14:38:52,620  run_gnn_dispatch          INFO       [oracle] EQE1_Top  ->  37 circuits
2026-10-07 14:38:52,620  run_gnn_dispatch          INFO       [oracle] EQE1_Bottom  ->  710 circuits
2026-10-07 14:38:52,620  run_gnn_dispatch          INFO       [oracle] QExa20  ->  1959 circuits
2026-10-07 14:38:52,625  run_gnn_dispatch          INFO       [oracle] overall mean fidelity: 0.2545  (load CV: 1.081)
2026-10-07 14:38:52,625  run_gnn_dispatch          INFO       [gt_weighted] EQE1_Top  ->  37 circuits
2026-10-07 14:38:52,625  run_gnn_dispatch          INFO       [gt_weighted] EQE1_Bottom  ->  710 circuits
2026-10-07 14:38:52,625  run_gnn_dispatch          INFO       [gt_weighted] QExa20  ->  1959 circuits
2026-10-07 14:38:52,630  run_gnn_dispatch          INFO       [gt_weighted] overall mean fidelity: 0.2545  (load CV: 1.081)
2026-10-07 14:38:52,630  run_gnn_dispatch          INFO       [gnn] EQE1_Top  ->  1401 circuits
2026-10-07 14:38:52,630  run_gnn_dispatch          INFO       [gnn] EQE1_Bottom  ->  469 circuits
2026-10-07 14:38:52,630  run_gnn_dispatch          INFO       [gnn] QExa20  ->  836 circuits
2026-10-07 14:38:52,635  run_gnn_dispatch          INFO       [gnn] overall mean fidelity: 0.2377  (load CV: 0.521)
2026-10-07 14:38:52,635  run_gnn_dispatch          INFO       [round_robin] EQE1_Top  ->  902 circuits
2026-10-07 14:38:52,635  run_gnn_dispatch          INFO       [round_robin] EQE1_Bottom  ->  902 circuits
2026-10-07 14:38:52,635  run_gnn_dispatch          INFO       [round_robin] QExa20  ->  902 circuits
2026-10-07 14:38:52,640  run_gnn_dispatch          INFO       [round_robin] overall mean fidelity: 0.2366  (load CV: 0.000)
2026-10-07 14:38:52,642  run_gnn_dispatch          INFO       [cross-policy oracle↔gnn] agreement: 38.6%  mean regret: 0.0168
2026-10-07 14:38:52,645  run_gnn_dispatch          INFO       [cross-policy gt_weighted↔gnn] agreement: 38.6%  mean regret: 0.0168
2026-10-07 14:38:52,658  run_gnn_dispatch          INFO     Ground-truth fidelities saved to /home/atudisco/pred-distr-tool/evaluations/generalization/results/scheduling/leave_one_family_out/by_family/qaoa/fidelity_ground_truth.json
2026-10-07 14:38:52,670  run_gnn_dispatch          INFO     GNN-predicted fidelities saved to /home/atudisco/pred-distr-tool/evaluations/generalization/results/scheduling/leave_one_family_out/by_family/qaoa/fidelity_gnn_predicted.json
2026-10-07 14:38:52,721  run_gnn_dispatch          INFO     Full results saved to /home/atudisco/pred-distr-tool/evaluations/generalization/results/scheduling/leave_one_family_out/by_family/qaoa/dispatch_results.json
2026-10-07 14:38:52,724  run_gnn_dispatch          INFO     Summary CSV saved to /home/atudisco/pred-distr-tool/evaluations/generalization/results/scheduling/leave_one_family_out/by_family/qaoa/dispatch_summary.csv
2026-10-07 14:38:52,726  run_gnn_dispatch          INFO     Cross-policy CSV saved to /home/atudisco/pred-distr-tool/evaluations/generalization/results/scheduling/leave_one_family_out/by_family/qaoa/cross_policy_summary.csv
2026-10-07 14:38:52,728  genstudy.io               INFO     Wrote /home/atudisco/pred-distr-tool/evaluations/generalization/results/scheduling/leave_one_family_out/by_family/qaoa/sweep_summary.csv (11 rows)
2026-10-07 14:38:52,728  run_scheduling_eval       INFO     === per-family scheduling: qft (760 circuits) ===
2026-10-07 14:38:52,730  run_scheduling_eval       INFO     Scheduling on 760 circuits -> /home/atudisco/pred-distr-tool/evaluations/generalization/results/scheduling/leave_one_family_out/by_family/qft
2026-10-07 14:38:52,730  run_gnn_dispatch          INFO     === Fidelity weight 0.00 ===
2026-10-07 14:38:52,731  run_gnn_dispatch          INFO       [oracle] EQE1_Top  ->  110 circuits
2026-10-07 14:38:52,731  run_gnn_dispatch          INFO       [oracle] EQE1_Bottom  ->  193 circuits
2026-10-07 14:38:52,731  run_gnn_dispatch          INFO       [oracle] QExa20  ->  457 circuits
2026-10-07 14:38:52,733  run_gnn_dispatch          INFO       [oracle] overall mean fidelity: 0.2083  (load CV: 0.715)
2026-10-07 14:38:52,733  run_gnn_dispatch          INFO       [gt_weighted] EQE1_Top  ->  254 circuits
2026-10-07 14:38:52,733  run_gnn_dispatch          INFO       [gt_weighted] EQE1_Bottom  ->  253 circuits
2026-10-07 14:38:52,733  run_gnn_dispatch          INFO       [gt_weighted] QExa20  ->  253 circuits
2026-10-07 14:38:52,735  run_gnn_dispatch          INFO       [gt_weighted] overall mean fidelity: 0.1957  (load CV: 0.002)
2026-10-07 14:38:52,735  run_gnn_dispatch          INFO       [gnn] EQE1_Top  ->  254 circuits
2026-10-07 14:38:52,735  run_gnn_dispatch          INFO       [gnn] EQE1_Bottom  ->  253 circuits
2026-10-07 14:38:52,735  run_gnn_dispatch          INFO       [gnn] QExa20  ->  253 circuits
2026-10-07 14:38:52,737  run_gnn_dispatch          INFO       [gnn] overall mean fidelity: 0.1957  (load CV: 0.002)
2026-10-07 14:38:52,737  run_gnn_dispatch          INFO       [round_robin] EQE1_Top  ->  254 circuits
2026-10-07 14:38:52,738  run_gnn_dispatch          INFO       [round_robin] EQE1_Bottom  ->  253 circuits
2026-10-07 14:38:52,738  run_gnn_dispatch          INFO       [round_robin] QExa20  ->  253 circuits
2026-10-07 14:38:52,740  run_gnn_dispatch          INFO       [round_robin] overall mean fidelity: 0.1957  (load CV: 0.002)
2026-10-07 14:38:52,741  run_gnn_dispatch          INFO       [cross-policy oracle↔gnn] agreement: 32.9%  mean regret: 0.0125
2026-10-07 14:38:52,741  run_gnn_dispatch          INFO       [cross-policy gt_weighted↔gnn] agreement: 100.0%  mean regret: 0.0000
2026-10-07 14:38:52,741  run_gnn_dispatch          INFO     === Fidelity weight 0.10 ===
2026-10-07 14:38:52,762  run_gnn_dispatch          INFO       [oracle] EQE1_Top  ->  110 circuits
2026-10-07 14:38:52,762  run_gnn_dispatch          INFO       [oracle] EQE1_Bottom  ->  193 circuits
2026-10-07 14:38:52,762  run_gnn_dispatch          INFO       [oracle] QExa20  ->  457 circuits
2026-10-07 14:38:52,764  run_gnn_dispatch          INFO       [oracle] overall mean fidelity: 0.2083  (load CV: 0.715)
2026-10-07 14:38:52,765  run_gnn_dispatch          INFO       [gt_weighted] EQE1_Top  ->  252 circuits
2026-10-07 14:38:52,765  run_gnn_dispatch          INFO       [gt_weighted] EQE1_Bottom  ->  253 circuits
2026-10-07 14:38:52,765  run_gnn_dispatch          INFO       [gt_weighted] QExa20  ->  255 circuits
2026-10-07 14:38:52,767  run_gnn_dispatch          INFO       [gt_weighted] overall mean fidelity: 0.2006  (load CV: 0.006)
2026-10-07 14:38:52,767  run_gnn_dispatch          INFO       [gnn] EQE1_Top  ->  252 circuits
2026-10-07 14:38:52,767  run_gnn_dispatch          INFO       [gnn] EQE1_Bottom  ->  254 circuits
2026-10-07 14:38:52,767  run_gnn_dispatch          INFO       [gnn] QExa20  ->  254 circuits
2026-10-07 14:38:52,769  run_gnn_dispatch          INFO       [gnn] overall mean fidelity: 0.1972  (load CV: 0.005)
2026-10-07 14:38:52,769  run_gnn_dispatch          INFO       [round_robin] EQE1_Top  ->  254 circuits
2026-10-07 14:38:52,769  run_gnn_dispatch          INFO       [round_robin] EQE1_Bottom  ->  253 circuits
2026-10-07 14:38:52,769  run_gnn_dispatch          INFO       [round_robin] QExa20  ->  253 circuits
2026-10-07 14:38:52,771  run_gnn_dispatch          INFO       [round_robin] overall mean fidelity: 0.1957  (load CV: 0.002)
2026-10-07 14:38:52,772  run_gnn_dispatch          INFO       [cross-policy oracle↔gnn] agreement: 35.9%  mean regret: 0.0111
2026-10-07 14:38:52,773  run_gnn_dispatch          INFO       [cross-policy gt_weighted↔gnn] agreement: 46.6%  mean regret: 0.0034
2026-10-07 14:38:52,773  run_gnn_dispatch          INFO     === Fidelity weight 0.20 ===
2026-10-07 14:38:52,794  run_gnn_dispatch          INFO       [oracle] EQE1_Top  ->  110 circuits
2026-10-07 14:38:52,794  run_gnn_dispatch          INFO       [oracle] EQE1_Bottom  ->  193 circuits
2026-10-07 14:38:52,794  run_gnn_dispatch          INFO       [oracle] QExa20  ->  457 circuits
2026-10-07 14:38:52,796  run_gnn_dispatch          INFO       [oracle] overall mean fidelity: 0.2083  (load CV: 0.715)
2026-10-07 14:38:52,796  run_gnn_dispatch          INFO       [gt_weighted] EQE1_Top  ->  252 circuits
2026-10-07 14:38:52,796  run_gnn_dispatch          INFO       [gt_weighted] EQE1_Bottom  ->  251 circuits
2026-10-07 14:38:52,796  run_gnn_dispatch          INFO       [gt_weighted] QExa20  ->  257 circuits
2026-10-07 14:38:52,799  run_gnn_dispatch          INFO       [gt_weighted] overall mean fidelity: 0.2015  (load CV: 0.013)
2026-10-07 14:38:52,799  run_gnn_dispatch          INFO       [gnn] EQE1_Top  ->  251 circuits
2026-10-07 14:38:52,799  run_gnn_dispatch          INFO       [gnn] EQE1_Bottom  ->  253 circuits
2026-10-07 14:38:52,799  run_gnn_dispatch          INFO       [gnn] QExa20  ->  256 circuits
2026-10-07 14:38:52,801  run_gnn_dispatch          INFO       [gnn] overall mean fidelity: 0.1972  (load CV: 0.010)
2026-10-07 14:38:52,801  run_gnn_dispatch          INFO       [round_robin] EQE1_Top  ->  254 circuits
2026-10-07 14:38:52,801  run_gnn_dispatch          INFO       [round_robin] EQE1_Bottom  ->  253 circuits
2026-10-07 14:38:52,801  run_gnn_dispatch          INFO       [round_robin] QExa20  ->  253 circuits
2026-10-07 14:38:52,803  run_gnn_dispatch          INFO       [round_robin] overall mean fidelity: 0.1957  (load CV: 0.002)
2026-10-07 14:38:52,804  run_gnn_dispatch          INFO       [cross-policy oracle↔gnn] agreement: 35.1%  mean regret: 0.0111
2026-10-07 14:38:52,805  run_gnn_dispatch          INFO       [cross-policy gt_weighted↔gnn] agreement: 48.2%  mean regret: 0.0043
2026-10-07 14:38:52,805  run_gnn_dispatch          INFO     === Fidelity weight 0.30 ===
2026-10-07 14:38:52,825  run_gnn_dispatch          INFO       [oracle] EQE1_Top  ->  110 circuits
2026-10-07 14:38:52,825  run_gnn_dispatch          INFO       [oracle] EQE1_Bottom  ->  193 circuits
2026-10-07 14:38:52,825  run_gnn_dispatch          INFO       [oracle] QExa20  ->  457 circuits
2026-10-07 14:38:52,828  run_gnn_dispatch          INFO       [oracle] overall mean fidelity: 0.2083  (load CV: 0.715)
2026-10-07 14:38:52,828  run_gnn_dispatch          INFO       [gt_weighted] EQE1_Top  ->  252 circuits
2026-10-07 14:38:52,828  run_gnn_dispatch          INFO       [gt_weighted] EQE1_Bottom  ->  249 circuits
2026-10-07 14:38:52,828  run_gnn_dispatch          INFO       [gt_weighted] QExa20  ->  259 circuits
2026-10-07 14:38:52,830  run_gnn_dispatch          INFO       [gt_weighted] overall mean fidelity: 0.2021  (load CV: 0.020)
2026-10-07 14:38:52,830  run_gnn_dispatch          INFO       [gnn] EQE1_Top  ->  248 circuits
2026-10-07 14:38:52,830  run_gnn_dispatch          INFO       [gnn] EQE1_Bottom  ->  253 circuits
2026-10-07 14:38:52,830  run_gnn_dispatch          INFO       [gnn] QExa20  ->  259 circuits
2026-10-07 14:38:52,833  run_gnn_dispatch          INFO       [gnn] overall mean fidelity: 0.1975  (load CV: 0.022)
2026-10-07 14:38:52,833  run_gnn_dispatch          INFO       [round_robin] EQE1_Top  ->  254 circuits
2026-10-07 14:38:52,833  run_gnn_dispatch          INFO       [round_robin] EQE1_Bottom  ->  253 circuits
2026-10-07 14:38:52,833  run_gnn_dispatch          INFO       [round_robin] QExa20  ->  253 circuits
2026-10-07 14:38:52,835  run_gnn_dispatch          INFO       [round_robin] overall mean fidelity: 0.1957  (load CV: 0.002)
2026-10-07 14:38:52,836  run_gnn_dispatch          INFO       [cross-policy oracle↔gnn] agreement: 35.1%  mean regret: 0.0107
2026-10-07 14:38:52,836  run_gnn_dispatch          INFO       [cross-policy gt_weighted↔gnn] agreement: 50.5%  mean regret: 0.0045
2026-10-07 14:38:52,836  run_gnn_dispatch          INFO     === Fidelity weight 0.40 ===
2026-10-07 14:38:52,857  run_gnn_dispatch          INFO       [oracle] EQE1_Top  ->  110 circuits
2026-10-07 14:38:52,857  run_gnn_dispatch          INFO       [oracle] EQE1_Bottom  ->  193 circuits
2026-10-07 14:38:52,857  run_gnn_dispatch          INFO       [oracle] QExa20  ->  457 circuits
2026-10-07 14:38:52,860  run_gnn_dispatch          INFO       [oracle] overall mean fidelity: 0.2083  (load CV: 0.715)
2026-10-07 14:38:52,860  run_gnn_dispatch          INFO       [gt_weighted] EQE1_Top  ->  251 circuits
2026-10-07 14:38:52,860  run_gnn_dispatch          INFO       [gt_weighted] EQE1_Bottom  ->  246 circuits
2026-10-07 14:38:52,860  run_gnn_dispatch          INFO       [gt_weighted] QExa20  ->  263 circuits
2026-10-07 14:38:52,862  run_gnn_dispatch          INFO       [gt_weighted] overall mean fidelity: 0.2027  (load CV: 0.034)
2026-10-07 14:38:52,862  run_gnn_dispatch          INFO       [gnn] EQE1_Top  ->  245 circuits
2026-10-07 14:38:52,862  run_gnn_dispatch          INFO       [gnn] EQE1_Bottom  ->  254 circuits
2026-10-07 14:38:52,862  run_gnn_dispatch          INFO       [gnn] QExa20  ->  261 circuits
2026-10-07 14:38:52,864  run_gnn_dispatch          INFO       [gnn] overall mean fidelity: 0.1979  (load CV: 0.032)
2026-10-07 14:38:52,864  run_gnn_dispatch          INFO       [round_robin] EQE1_Top  ->  254 circuits
2026-10-07 14:38:52,864  run_gnn_dispatch          INFO       [round_robin] EQE1_Bottom  ->  253 circuits
2026-10-07 14:38:52,864  run_gnn_dispatch          INFO       [round_robin] QExa20  ->  253 circuits
2026-10-07 14:38:52,867  run_gnn_dispatch          INFO       [round_robin] overall mean fidelity: 0.1957  (load CV: 0.002)
2026-10-07 14:38:52,867  run_gnn_dispatch          INFO       [cross-policy oracle↔gnn] agreement: 35.4%  mean regret: 0.0104
2026-10-07 14:38:52,868  run_gnn_dispatch          INFO       [cross-policy gt_weighted↔gnn] agreement: 50.3%  mean regret: 0.0048
2026-10-07 14:38:52,868  run_gnn_dispatch          INFO     === Fidelity weight 0.50 ===
2026-10-07 14:38:52,889  run_gnn_dispatch          INFO       [oracle] EQE1_Top  ->  110 circuits
2026-10-07 14:38:52,889  run_gnn_dispatch          INFO       [oracle] EQE1_Bottom  ->  193 circuits
2026-10-07 14:38:52,889  run_gnn_dispatch          INFO       [oracle] QExa20  ->  457 circuits
2026-10-07 14:38:52,891  run_gnn_dispatch          INFO       [oracle] overall mean fidelity: 0.2083  (load CV: 0.715)
2026-10-07 14:38:52,891  run_gnn_dispatch          INFO       [gt_weighted] EQE1_Top  ->  250 circuits
2026-10-07 14:38:52,891  run_gnn_dispatch          INFO       [gt_weighted] EQE1_Bottom  ->  243 circuits
2026-10-07 14:38:52,891  run_gnn_dispatch          INFO       [gt_weighted] QExa20  ->  267 circuits
2026-10-07 14:38:52,894  run_gnn_dispatch          INFO       [gt_weighted] overall mean fidelity: 0.2034  (load CV: 0.049)
2026-10-07 14:38:52,894  run_gnn_dispatch          INFO       [gnn] EQE1_Top  ->  241 circuits
2026-10-07 14:38:52,894  run_gnn_dispatch          INFO       [gnn] EQE1_Bottom  ->  255 circuits
2026-10-07 14:38:52,894  run_gnn_dispatch          INFO       [gnn] QExa20  ->  264 circuits
2026-10-07 14:38:52,896  run_gnn_dispatch          INFO       [gnn] overall mean fidelity: 0.1985  (load CV: 0.046)
2026-10-07 14:38:52,896  run_gnn_dispatch          INFO       [round_robin] EQE1_Top  ->  254 circuits
2026-10-07 14:38:52,896  run_gnn_dispatch          INFO       [round_robin] EQE1_Bottom  ->  253 circuits
2026-10-07 14:38:52,896  run_gnn_dispatch          INFO       [round_robin] QExa20  ->  253 circuits
2026-10-07 14:38:52,898  run_gnn_dispatch          INFO       [round_robin] overall mean fidelity: 0.1957  (load CV: 0.002)
2026-10-07 14:38:52,899  run_gnn_dispatch          INFO       [cross-policy oracle↔gnn] agreement: 37.9%  mean regret: 0.0097
2026-10-07 14:38:52,900  run_gnn_dispatch          INFO       [cross-policy gt_weighted↔gnn] agreement: 50.3%  mean regret: 0.0048
2026-10-07 14:38:52,900  run_gnn_dispatch          INFO     === Fidelity weight 0.60 ===
2026-10-07 14:38:52,920  run_gnn_dispatch          INFO       [oracle] EQE1_Top  ->  110 circuits
2026-10-07 14:38:52,920  run_gnn_dispatch          INFO       [oracle] EQE1_Bottom  ->  193 circuits
2026-10-07 14:38:52,920  run_gnn_dispatch          INFO       [oracle] QExa20  ->  457 circuits
2026-10-07 14:38:52,923  run_gnn_dispatch          INFO       [oracle] overall mean fidelity: 0.2083  (load CV: 0.715)
2026-10-07 14:38:52,923  run_gnn_dispatch          INFO       [gt_weighted] EQE1_Top  ->  252 circuits
2026-10-07 14:38:52,923  run_gnn_dispatch          INFO       [gt_weighted] EQE1_Bottom  ->  238 circuits
2026-10-07 14:38:52,923  run_gnn_dispatch          INFO       [gt_weighted] QExa20  ->  270 circuits
2026-10-07 14:38:52,925  run_gnn_dispatch          INFO       [gt_weighted] overall mean fidelity: 0.2045  (load CV: 0.063)
2026-10-07 14:38:52,925  run_gnn_dispatch          INFO       [gnn] EQE1_Top  ->  236 circuits
2026-10-07 14:38:52,925  run_gnn_dispatch          INFO       [gnn] EQE1_Bottom  ->  257 circuits
2026-10-07 14:38:52,925  run_gnn_dispatch          INFO       [gnn] QExa20  ->  267 circuits
2026-10-07 14:38:52,927  run_gnn_dispatch          INFO       [gnn] overall mean fidelity: 0.1994  (load CV: 0.062)
2026-10-07 14:38:52,927  run_gnn_dispatch          INFO       [round_robin] EQE1_Top  ->  254 circuits
2026-10-07 14:38:52,927  run_gnn_dispatch          INFO       [round_robin] EQE1_Bottom  ->  253 circuits
2026-10-07 14:38:52,927  run_gnn_dispatch          INFO       [round_robin] QExa20  ->  253 circuits
2026-10-07 14:38:52,930  run_gnn_dispatch          INFO       [round_robin] overall mean fidelity: 0.1957  (load CV: 0.002)
2026-10-07 14:38:52,930  run_gnn_dispatch          INFO       [cross-policy oracle↔gnn] agreement: 38.3%  mean regret: 0.0089
2026-10-07 14:38:52,931  run_gnn_dispatch          INFO       [cross-policy gt_weighted↔gnn] agreement: 42.8%  mean regret: 0.0051
2026-10-07 14:38:52,931  run_gnn_dispatch          INFO     === Fidelity weight 0.70 ===
2026-10-07 14:38:52,952  run_gnn_dispatch          INFO       [oracle] EQE1_Top  ->  110 circuits
2026-10-07 14:38:52,952  run_gnn_dispatch          INFO       [oracle] EQE1_Bottom  ->  193 circuits
2026-10-07 14:38:52,952  run_gnn_dispatch          INFO       [oracle] QExa20  ->  457 circuits
2026-10-07 14:38:52,954  run_gnn_dispatch          INFO       [oracle] overall mean fidelity: 0.2083  (load CV: 0.715)
2026-10-07 14:38:52,954  run_gnn_dispatch          INFO       [gt_weighted] EQE1_Top  ->  255 circuits
2026-10-07 14:38:52,954  run_gnn_dispatch          INFO       [gt_weighted] EQE1_Bottom  ->  240 circuits
2026-10-07 14:38:52,954  run_gnn_dispatch          INFO       [gt_weighted] QExa20  ->  265 circuits
2026-10-07 14:38:52,957  run_gnn_dispatch          INFO       [gt_weighted] overall mean fidelity: 0.2054  (load CV: 0.050)
2026-10-07 14:38:52,957  run_gnn_dispatch          INFO       [gnn] EQE1_Top  ->  227 circuits
2026-10-07 14:38:52,957  run_gnn_dispatch          INFO       [gnn] EQE1_Bottom  ->  260 circuits
2026-10-07 14:38:52,957  run_gnn_dispatch          INFO       [gnn] QExa20  ->  273 circuits
2026-10-07 14:38:52,959  run_gnn_dispatch          INFO       [gnn] overall mean fidelity: 0.2006  (load CV: 0.094)
2026-10-07 14:38:52,959  run_gnn_dispatch          INFO       [round_robin] EQE1_Top  ->  254 circuits
2026-10-07 14:38:52,959  run_gnn_dispatch          INFO       [round_robin] EQE1_Bottom  ->  253 circuits
2026-10-07 14:38:52,959  run_gnn_dispatch          INFO       [round_robin] QExa20  ->  253 circuits
2026-10-07 14:38:52,961  run_gnn_dispatch          INFO       [round_robin] overall mean fidelity: 0.1957  (load CV: 0.002)
2026-10-07 14:38:52,962  run_gnn_dispatch          INFO       [cross-policy oracle↔gnn] agreement: 41.4%  mean regret: 0.0076
2026-10-07 14:38:52,963  run_gnn_dispatch          INFO       [cross-policy gt_weighted↔gnn] agreement: 39.3%  mean regret: 0.0048
2026-10-07 14:38:52,963  run_gnn_dispatch          INFO     === Fidelity weight 0.80 ===
2026-10-07 14:38:52,983  run_gnn_dispatch          INFO       [oracle] EQE1_Top  ->  110 circuits
2026-10-07 14:38:52,983  run_gnn_dispatch          INFO       [oracle] EQE1_Bottom  ->  193 circuits
2026-10-07 14:38:52,983  run_gnn_dispatch          INFO       [oracle] QExa20  ->  457 circuits
2026-10-07 14:38:52,986  run_gnn_dispatch          INFO       [oracle] overall mean fidelity: 0.2083  (load CV: 0.715)
2026-10-07 14:38:52,986  run_gnn_dispatch          INFO       [gt_weighted] EQE1_Top  ->  259 circuits
2026-10-07 14:38:52,986  run_gnn_dispatch          INFO       [gt_weighted] EQE1_Bottom  ->  251 circuits
2026-10-07 14:38:52,986  run_gnn_dispatch          INFO       [gt_weighted] QExa20  ->  250 circuits
2026-10-07 14:38:52,988  run_gnn_dispatch          INFO       [gt_weighted] overall mean fidelity: 0.2065  (load CV: 0.019)
2026-10-07 14:38:52,988  run_gnn_dispatch          INFO       [gnn] EQE1_Top  ->  221 circuits
2026-10-07 14:38:52,988  run_gnn_dispatch          INFO       [gnn] EQE1_Bottom  ->  269 circuits
2026-10-07 14:38:52,988  run_gnn_dispatch          INFO       [gnn] QExa20  ->  270 circuits
2026-10-07 14:38:52,990  run_gnn_dispatch          INFO       [gnn] overall mean fidelity: 0.2024  (load CV: 0.111)
2026-10-07 14:38:52,990  run_gnn_dispatch          INFO       [round_robin] EQE1_Top  ->  254 circuits
2026-10-07 14:38:52,990  run_gnn_dispatch          INFO       [round_robin] EQE1_Bottom  ->  253 circuits
2026-10-07 14:38:52,990  run_gnn_dispatch          INFO       [round_robin] QExa20  ->  253 circuits
2026-10-07 14:38:52,993  run_gnn_dispatch          INFO       [round_robin] overall mean fidelity: 0.1957  (load CV: 0.002)
2026-10-07 14:38:52,993  run_gnn_dispatch          INFO       [cross-policy oracle↔gnn] agreement: 44.9%  mean regret: 0.0059
2026-10-07 14:38:52,994  run_gnn_dispatch          INFO       [cross-policy gt_weighted↔gnn] agreement: 56.1%  mean regret: 0.0042
2026-10-07 14:38:52,994  run_gnn_dispatch          INFO     === Fidelity weight 0.90 ===
2026-10-07 14:38:53,015  run_gnn_dispatch          INFO       [oracle] EQE1_Top  ->  110 circuits
2026-10-07 14:38:53,015  run_gnn_dispatch          INFO       [oracle] EQE1_Bottom  ->  193 circuits
2026-10-07 14:38:53,015  run_gnn_dispatch          INFO       [oracle] QExa20  ->  457 circuits
2026-10-07 14:38:53,018  run_gnn_dispatch          INFO       [oracle] overall mean fidelity: 0.2083  (load CV: 0.715)
2026-10-07 14:38:53,018  run_gnn_dispatch          INFO       [gt_weighted] EQE1_Top  ->  260 circuits
2026-10-07 14:38:53,018  run_gnn_dispatch          INFO       [gt_weighted] EQE1_Bottom  ->  266 circuits
2026-10-07 14:38:53,018  run_gnn_dispatch          INFO       [gt_weighted] QExa20  ->  234 circuits
2026-10-07 14:38:53,020  run_gnn_dispatch          INFO       [gt_weighted] overall mean fidelity: 0.2072  (load CV: 0.067)
2026-10-07 14:38:53,020  run_gnn_dispatch          INFO       [gnn] EQE1_Top  ->  212 circuits
2026-10-07 14:38:53,020  run_gnn_dispatch          INFO       [gnn] EQE1_Bottom  ->  304 circuits
2026-10-07 14:38:53,020  run_gnn_dispatch          INFO       [gnn] QExa20  ->  244 circuits
2026-10-07 14:38:53,022  run_gnn_dispatch          INFO       [gnn] overall mean fidelity: 0.2018  (load CV: 0.184)
2026-10-07 14:38:53,022  run_gnn_dispatch          INFO       [round_robin] EQE1_Top  ->  254 circuits
2026-10-07 14:38:53,022  run_gnn_dispatch          INFO       [round_robin] EQE1_Bottom  ->  253 circuits
2026-10-07 14:38:53,022  run_gnn_dispatch          INFO       [round_robin] QExa20  ->  253 circuits
2026-10-07 14:38:53,025  run_gnn_dispatch          INFO       [round_robin] overall mean fidelity: 0.1957  (load CV: 0.002)
2026-10-07 14:38:53,025  run_gnn_dispatch          INFO       [cross-policy oracle↔gnn] agreement: 43.0%  mean regret: 0.0065
2026-10-07 14:38:53,026  run_gnn_dispatch          INFO       [cross-policy gt_weighted↔gnn] agreement: 47.6%  mean regret: 0.0054
2026-10-07 14:38:53,026  run_gnn_dispatch          INFO     === Fidelity weight 1.00 ===
2026-10-07 14:38:53,047  run_gnn_dispatch          INFO       [oracle] EQE1_Top  ->  110 circuits
2026-10-07 14:38:53,047  run_gnn_dispatch          INFO       [oracle] EQE1_Bottom  ->  193 circuits
2026-10-07 14:38:53,047  run_gnn_dispatch          INFO       [oracle] QExa20  ->  457 circuits
2026-10-07 14:38:53,049  run_gnn_dispatch          INFO       [oracle] overall mean fidelity: 0.2083  (load CV: 0.715)
2026-10-07 14:38:53,049  run_gnn_dispatch          INFO       [gt_weighted] EQE1_Top  ->  110 circuits
2026-10-07 14:38:53,049  run_gnn_dispatch          INFO       [gt_weighted] EQE1_Bottom  ->  193 circuits
2026-10-07 14:38:53,049  run_gnn_dispatch          INFO       [gt_weighted] QExa20  ->  457 circuits
2026-10-07 14:38:53,051  run_gnn_dispatch          INFO       [gt_weighted] overall mean fidelity: 0.2083  (load CV: 0.715)
2026-10-07 14:38:53,051  run_gnn_dispatch          INFO       [gnn] EQE1_Top  ->  49 circuits
2026-10-07 14:38:53,051  run_gnn_dispatch          INFO       [gnn] EQE1_Bottom  ->  201 circuits
2026-10-07 14:38:53,051  run_gnn_dispatch          INFO       [gnn] QExa20  ->  510 circuits
2026-10-07 14:38:53,053  run_gnn_dispatch          INFO       [gnn] overall mean fidelity: 0.2019  (load CV: 0.927)
2026-10-07 14:38:53,053  run_gnn_dispatch          INFO       [round_robin] EQE1_Top  ->  254 circuits
2026-10-07 14:38:53,053  run_gnn_dispatch          INFO       [round_robin] EQE1_Bottom  ->  253 circuits
2026-10-07 14:38:53,053  run_gnn_dispatch          INFO       [round_robin] QExa20  ->  253 circuits
2026-10-07 14:38:53,055  run_gnn_dispatch          INFO       [round_robin] overall mean fidelity: 0.1957  (load CV: 0.002)
2026-10-07 14:38:53,056  run_gnn_dispatch          INFO       [cross-policy oracle↔gnn] agreement: 72.9%  mean regret: 0.0064
2026-10-07 14:38:53,057  run_gnn_dispatch          INFO       [cross-policy gt_weighted↔gnn] agreement: 72.9%  mean regret: 0.0064
2026-10-07 14:38:53,063  run_gnn_dispatch          INFO     Ground-truth fidelities saved to /home/atudisco/pred-distr-tool/evaluations/generalization/results/scheduling/leave_one_family_out/by_family/qft/fidelity_ground_truth.json
2026-10-07 14:38:53,068  run_gnn_dispatch          INFO     GNN-predicted fidelities saved to /home/atudisco/pred-distr-tool/evaluations/generalization/results/scheduling/leave_one_family_out/by_family/qft/fidelity_gnn_predicted.json
2026-10-07 14:38:53,085  run_gnn_dispatch          INFO     Full results saved to /home/atudisco/pred-distr-tool/evaluations/generalization/results/scheduling/leave_one_family_out/by_family/qft/dispatch_results.json
2026-10-07 14:38:53,087  run_gnn_dispatch          INFO     Summary CSV saved to /home/atudisco/pred-distr-tool/evaluations/generalization/results/scheduling/leave_one_family_out/by_family/qft/dispatch_summary.csv
2026-10-07 14:38:53,089  run_gnn_dispatch          INFO     Cross-policy CSV saved to /home/atudisco/pred-distr-tool/evaluations/generalization/results/scheduling/leave_one_family_out/by_family/qft/cross_policy_summary.csv
2026-10-07 14:38:53,091  genstudy.io               INFO     Wrote /home/atudisco/pred-distr-tool/evaluations/generalization/results/scheduling/leave_one_family_out/by_family/qft/sweep_summary.csv (11 rows)
2026-10-07 14:38:53,091  run_scheduling_eval       INFO     === per-family scheduling: qftentangled (746 circuits) ===
2026-10-07 14:38:53,092  run_scheduling_eval       INFO     Scheduling on 746 circuits -> /home/atudisco/pred-distr-tool/evaluations/generalization/results/scheduling/leave_one_family_out/by_family/qftentangled
2026-10-07 14:38:53,092  run_gnn_dispatch          INFO     === Fidelity weight 0.00 ===
2026-10-07 14:38:53,093  run_gnn_dispatch          INFO       [oracle] EQE1_Top  ->  52 circuits
2026-10-07 14:38:53,093  run_gnn_dispatch          INFO       [oracle] EQE1_Bottom  ->  244 circuits
2026-10-07 14:38:53,093  run_gnn_dispatch          INFO       [oracle] QExa20  ->  450 circuits
2026-10-07 14:38:53,095  run_gnn_dispatch          INFO       [oracle] overall mean fidelity: 0.1932  (load CV: 0.800)
2026-10-07 14:38:53,095  run_gnn_dispatch          INFO       [gt_weighted] EQE1_Top  ->  249 circuits
2026-10-07 14:38:53,096  run_gnn_dispatch          INFO       [gt_weighted] EQE1_Bottom  ->  249 circuits
2026-10-07 14:38:53,096  run_gnn_dispatch          INFO       [gt_weighted] QExa20  ->  248 circuits
2026-10-07 14:38:53,098  run_gnn_dispatch          INFO       [gt_weighted] overall mean fidelity: 0.1808  (load CV: 0.002)
2026-10-07 14:38:53,098  run_gnn_dispatch          INFO       [gnn] EQE1_Top  ->  249 circuits
2026-10-07 14:38:53,098  run_gnn_dispatch          INFO       [gnn] EQE1_Bottom  ->  249 circuits
2026-10-07 14:38:53,098  run_gnn_dispatch          INFO       [gnn] QExa20  ->  248 circuits
2026-10-07 14:38:53,100  run_gnn_dispatch          INFO       [gnn] overall mean fidelity: 0.1808  (load CV: 0.002)
2026-10-07 14:38:53,100  run_gnn_dispatch          INFO       [round_robin] EQE1_Top  ->  249 circuits
2026-10-07 14:38:53,100  run_gnn_dispatch          INFO       [round_robin] EQE1_Bottom  ->  249 circuits
2026-10-07 14:38:53,100  run_gnn_dispatch          INFO       [round_robin] QExa20  ->  248 circuits
2026-10-07 14:38:53,102  run_gnn_dispatch          INFO       [round_robin] overall mean fidelity: 0.1808  (load CV: 0.002)
2026-10-07 14:38:53,103  run_gnn_dispatch          INFO       [cross-policy oracle↔gnn] agreement: 34.7%  mean regret: 0.0124
2026-10-07 14:38:53,103  run_gnn_dispatch          INFO       [cross-policy gt_weighted↔gnn] agreement: 100.0%  mean regret: 0.0000
2026-10-07 14:38:53,103  run_gnn_dispatch          INFO     === Fidelity weight 0.10 ===
2026-10-07 14:38:53,124  run_gnn_dispatch          INFO       [oracle] EQE1_Top  ->  52 circuits
2026-10-07 14:38:53,124  run_gnn_dispatch          INFO       [oracle] EQE1_Bottom  ->  244 circuits
2026-10-07 14:38:53,124  run_gnn_dispatch          INFO       [oracle] QExa20  ->  450 circuits
2026-10-07 14:38:53,126  run_gnn_dispatch          INFO       [oracle] overall mean fidelity: 0.1932  (load CV: 0.800)
2026-10-07 14:38:53,126  run_gnn_dispatch          INFO       [gt_weighted] EQE1_Top  ->  248 circuits
2026-10-07 14:38:53,126  run_gnn_dispatch          INFO       [gt_weighted] EQE1_Bottom  ->  248 circuits
2026-10-07 14:38:53,126  run_gnn_dispatch          INFO       [gt_weighted] QExa20  ->  250 circuits
2026-10-07 14:38:53,129  run_gnn_dispatch          INFO       [gt_weighted] overall mean fidelity: 0.1866  (load CV: 0.005)
2026-10-07 14:38:53,129  run_gnn_dispatch          INFO       [gnn] EQE1_Top  ->  248 circuits
2026-10-07 14:38:53,129  run_gnn_dispatch          INFO       [gnn] EQE1_Bottom  ->  248 circuits
2026-10-07 14:38:53,129  run_gnn_dispatch          INFO       [gnn] QExa20  ->  250 circuits
2026-10-07 14:38:53,131  run_gnn_dispatch          INFO       [gnn] overall mean fidelity: 0.1810  (load CV: 0.005)
2026-10-07 14:38:53,131  run_gnn_dispatch          INFO       [round_robin] EQE1_Top  ->  249 circuits
2026-10-07 14:38:53,131  run_gnn_dispatch          INFO       [round_robin] EQE1_Bottom  ->  249 circuits
2026-10-07 14:38:53,131  run_gnn_dispatch          INFO       [round_robin] QExa20  ->  248 circuits
2026-10-07 14:38:53,133  run_gnn_dispatch          INFO       [round_robin] overall mean fidelity: 0.1808  (load CV: 0.002)
2026-10-07 14:38:53,134  run_gnn_dispatch          INFO       [cross-policy oracle↔gnn] agreement: 33.9%  mean regret: 0.0121
2026-10-07 14:38:53,135  run_gnn_dispatch          INFO       [cross-policy gt_weighted↔gnn] agreement: 42.4%  mean regret: 0.0056
2026-10-07 14:38:53,135  run_gnn_dispatch          INFO     === Fidelity weight 0.20 ===
2026-10-07 14:38:53,155  run_gnn_dispatch          INFO       [oracle] EQE1_Top  ->  52 circuits
2026-10-07 14:38:53,155  run_gnn_dispatch          INFO       [oracle] EQE1_Bottom  ->  244 circuits
2026-10-07 14:38:53,155  run_gnn_dispatch          INFO       [oracle] QExa20  ->  450 circuits
2026-10-07 14:38:53,158  run_gnn_dispatch          INFO       [oracle] overall mean fidelity: 0.1932  (load CV: 0.800)
2026-10-07 14:38:53,158  run_gnn_dispatch          INFO       [gt_weighted] EQE1_Top  ->  247 circuits
2026-10-07 14:38:53,158  run_gnn_dispatch          INFO       [gt_weighted] EQE1_Bottom  ->  248 circuits
2026-10-07 14:38:53,158  run_gnn_dispatch          INFO       [gt_weighted] QExa20  ->  251 circuits
2026-10-07 14:38:53,160  run_gnn_dispatch          INFO       [gt_weighted] overall mean fidelity: 0.1870  (load CV: 0.008)
2026-10-07 14:38:53,160  run_gnn_dispatch          INFO       [gnn] EQE1_Top  ->  247 circuits
2026-10-07 14:38:53,160  run_gnn_dispatch          INFO       [gnn] EQE1_Bottom  ->  247 circuits
2026-10-07 14:38:53,160  run_gnn_dispatch          INFO       [gnn] QExa20  ->  252 circuits
2026-10-07 14:38:53,163  run_gnn_dispatch          INFO       [gnn] overall mean fidelity: 0.1800  (load CV: 0.012)
2026-10-07 14:38:53,163  run_gnn_dispatch          INFO       [round_robin] EQE1_Top  ->  249 circuits
2026-10-07 14:38:53,163  run_gnn_dispatch          INFO       [round_robin] EQE1_Bottom  ->  249 circuits
2026-10-07 14:38:53,163  run_gnn_dispatch          INFO       [round_robin] QExa20  ->  248 circuits
2026-10-07 14:38:53,165  run_gnn_dispatch          INFO       [round_robin] overall mean fidelity: 0.1808  (load CV: 0.002)
2026-10-07 14:38:53,165  run_gnn_dispatch          INFO       [cross-policy oracle↔gnn] agreement: 32.3%  mean regret: 0.0132
2026-10-07 14:38:53,166  run_gnn_dispatch          INFO       [cross-policy gt_weighted↔gnn] agreement: 39.3%  mean regret: 0.0071
2026-10-07 14:38:53,166  run_gnn_dispatch          INFO     === Fidelity weight 0.30 ===
2026-10-07 14:38:53,187  run_gnn_dispatch          INFO       [oracle] EQE1_Top  ->  52 circuits
2026-10-07 14:38:53,187  run_gnn_dispatch          INFO       [oracle] EQE1_Bottom  ->  244 circuits
2026-10-07 14:38:53,187  run_gnn_dispatch          INFO       [oracle] QExa20  ->  450 circuits
2026-10-07 14:38:53,189  run_gnn_dispatch          INFO       [oracle] overall mean fidelity: 0.1932  (load CV: 0.800)
2026-10-07 14:38:53,189  run_gnn_dispatch          INFO       [gt_weighted] EQE1_Top  ->  247 circuits
2026-10-07 14:38:53,189  run_gnn_dispatch          INFO       [gt_weighted] EQE1_Bottom  ->  246 circuits
2026-10-07 14:38:53,189  run_gnn_dispatch          INFO       [gt_weighted] QExa20  ->  253 circuits
2026-10-07 14:38:53,192  run_gnn_dispatch          INFO       [gt_weighted] overall mean fidelity: 0.1875  (load CV: 0.015)
2026-10-07 14:38:53,192  run_gnn_dispatch          INFO       [gnn] EQE1_Top  ->  246 circuits
2026-10-07 14:38:53,192  run_gnn_dispatch          INFO       [gnn] EQE1_Bottom  ->  246 circuits
2026-10-07 14:38:53,192  run_gnn_dispatch          INFO       [gnn] QExa20  ->  254 circuits
2026-10-07 14:38:53,194  run_gnn_dispatch          INFO       [gnn] overall mean fidelity: 0.1800  (load CV: 0.019)
2026-10-07 14:38:53,194  run_gnn_dispatch          INFO       [round_robin] EQE1_Top  ->  249 circuits
2026-10-07 14:38:53,194  run_gnn_dispatch          INFO       [round_robin] EQE1_Bottom  ->  249 circuits
2026-10-07 14:38:53,194  run_gnn_dispatch          INFO       [round_robin] QExa20  ->  248 circuits
2026-10-07 14:38:53,196  run_gnn_dispatch          INFO       [round_robin] overall mean fidelity: 0.1808  (load CV: 0.002)
2026-10-07 14:38:53,197  run_gnn_dispatch          INFO       [cross-policy oracle↔gnn] agreement: 33.5%  mean regret: 0.0132
2026-10-07 14:38:53,198  run_gnn_dispatch          INFO       [cross-policy gt_weighted↔gnn] agreement: 41.8%  mean regret: 0.0075
2026-10-07 14:38:53,198  run_gnn_dispatch          INFO     === Fidelity weight 0.40 ===
2026-10-07 14:38:53,218  run_gnn_dispatch          INFO       [oracle] EQE1_Top  ->  52 circuits
2026-10-07 14:38:53,218  run_gnn_dispatch          INFO       [oracle] EQE1_Bottom  ->  244 circuits
2026-10-07 14:38:53,218  run_gnn_dispatch          INFO       [oracle] QExa20  ->  450 circuits
2026-10-07 14:38:53,221  run_gnn_dispatch          INFO       [oracle] overall mean fidelity: 0.1932  (load CV: 0.800)
2026-10-07 14:38:53,221  run_gnn_dispatch          INFO       [gt_weighted] EQE1_Top  ->  245 circuits
2026-10-07 14:38:53,221  run_gnn_dispatch          INFO       [gt_weighted] EQE1_Bottom  ->  246 circuits
2026-10-07 14:38:53,221  run_gnn_dispatch          INFO       [gt_weighted] QExa20  ->  255 circuits
2026-10-07 14:38:53,223  run_gnn_dispatch          INFO       [gt_weighted] overall mean fidelity: 0.1879  (load CV: 0.022)
2026-10-07 14:38:53,223  run_gnn_dispatch          INFO       [gnn] EQE1_Top  ->  245 circuits
2026-10-07 14:38:53,223  run_gnn_dispatch          INFO       [gnn] EQE1_Bottom  ->  244 circuits
2026-10-07 14:38:53,223  run_gnn_dispatch          INFO       [gnn] QExa20  ->  257 circuits
2026-10-07 14:38:53,225  run_gnn_dispatch          INFO       [gnn] overall mean fidelity: 0.1807  (load CV: 0.029)
2026-10-07 14:38:53,225  run_gnn_dispatch          INFO       [round_robin] EQE1_Top  ->  249 circuits
2026-10-07 14:38:53,225  run_gnn_dispatch          INFO       [round_robin] EQE1_Bottom  ->  249 circuits
2026-10-07 14:38:53,225  run_gnn_dispatch          INFO       [round_robin] QExa20  ->  248 circuits
2026-10-07 14:38:53,227  run_gnn_dispatch          INFO       [round_robin] overall mean fidelity: 0.1808  (load CV: 0.002)
2026-10-07 14:38:53,228  run_gnn_dispatch          INFO       [cross-policy oracle↔gnn] agreement: 33.8%  mean regret: 0.0124
2026-10-07 14:38:53,229  run_gnn_dispatch          INFO       [cross-policy gt_weighted↔gnn] agreement: 40.3%  mean regret: 0.0072
2026-10-07 14:38:53,229  run_gnn_dispatch          INFO     === Fidelity weight 0.50 ===
2026-10-07 14:38:53,249  run_gnn_dispatch          INFO       [oracle] EQE1_Top  ->  52 circuits
2026-10-07 14:38:53,249  run_gnn_dispatch          INFO       [oracle] EQE1_Bottom  ->  244 circuits
2026-10-07 14:38:53,249  run_gnn_dispatch          INFO       [oracle] QExa20  ->  450 circuits
2026-10-07 14:38:53,252  run_gnn_dispatch          INFO       [oracle] overall mean fidelity: 0.1932  (load CV: 0.800)
2026-10-07 14:38:53,252  run_gnn_dispatch          INFO       [gt_weighted] EQE1_Top  ->  241 circuits
2026-10-07 14:38:53,252  run_gnn_dispatch          INFO       [gt_weighted] EQE1_Bottom  ->  247 circuits
2026-10-07 14:38:53,252  run_gnn_dispatch          INFO       [gt_weighted] QExa20  ->  258 circuits
2026-10-07 14:38:53,254  run_gnn_dispatch          INFO       [gt_weighted] overall mean fidelity: 0.1885  (load CV: 0.035)
2026-10-07 14:38:53,254  run_gnn_dispatch          INFO       [gnn] EQE1_Top  ->  243 circuits
2026-10-07 14:38:53,254  run_gnn_dispatch          INFO       [gnn] EQE1_Bottom  ->  242 circuits
2026-10-07 14:38:53,254  run_gnn_dispatch          INFO       [gnn] QExa20  ->  261 circuits
2026-10-07 14:38:53,257  run_gnn_dispatch          INFO       [gnn] overall mean fidelity: 0.1810  (load CV: 0.043)
2026-10-07 14:38:53,257  run_gnn_dispatch          INFO       [round_robin] EQE1_Top  ->  249 circuits
2026-10-07 14:38:53,257  run_gnn_dispatch          INFO       [round_robin] EQE1_Bottom  ->  249 circuits
2026-10-07 14:38:53,257  run_gnn_dispatch          INFO       [round_robin] QExa20  ->  248 circuits
2026-10-07 14:38:53,259  run_gnn_dispatch          INFO       [round_robin] overall mean fidelity: 0.1808  (load CV: 0.002)
2026-10-07 14:38:53,260  run_gnn_dispatch          INFO       [cross-policy oracle↔gnn] agreement: 34.9%  mean regret: 0.0122
2026-10-07 14:38:53,260  run_gnn_dispatch          INFO       [cross-policy gt_weighted↔gnn] agreement: 38.9%  mean regret: 0.0075
2026-10-07 14:38:53,260  run_gnn_dispatch          INFO     === Fidelity weight 0.60 ===
2026-10-07 14:38:53,281  run_gnn_dispatch          INFO       [oracle] EQE1_Top  ->  52 circuits
2026-10-07 14:38:53,281  run_gnn_dispatch          INFO       [oracle] EQE1_Bottom  ->  244 circuits
2026-10-07 14:38:53,281  run_gnn_dispatch          INFO       [oracle] QExa20  ->  450 circuits
2026-10-07 14:38:53,284  run_gnn_dispatch          INFO       [oracle] overall mean fidelity: 0.1932  (load CV: 0.800)
2026-10-07 14:38:53,284  run_gnn_dispatch          INFO       [gt_weighted] EQE1_Top  ->  236 circuits
2026-10-07 14:38:53,284  run_gnn_dispatch          INFO       [gt_weighted] EQE1_Bottom  ->  249 circuits
2026-10-07 14:38:53,284  run_gnn_dispatch          INFO       [gt_weighted] QExa20  ->  261 circuits
2026-10-07 14:38:53,286  run_gnn_dispatch          INFO       [gt_weighted] overall mean fidelity: 0.1893  (load CV: 0.050)
2026-10-07 14:38:53,286  run_gnn_dispatch          INFO       [gnn] EQE1_Top  ->  240 circuits
2026-10-07 14:38:53,286  run_gnn_dispatch          INFO       [gnn] EQE1_Bottom  ->  238 circuits
2026-10-07 14:38:53,286  run_gnn_dispatch          INFO       [gnn] QExa20  ->  268 circuits
2026-10-07 14:38:53,289  run_gnn_dispatch          INFO       [gnn] overall mean fidelity: 0.1819  (load CV: 0.067)
2026-10-07 14:38:53,289  run_gnn_dispatch          INFO       [round_robin] EQE1_Top  ->  249 circuits
2026-10-07 14:38:53,289  run_gnn_dispatch          INFO       [round_robin] EQE1_Bottom  ->  249 circuits
2026-10-07 14:38:53,289  run_gnn_dispatch          INFO       [round_robin] QExa20  ->  248 circuits
2026-10-07 14:38:53,291  run_gnn_dispatch          INFO       [round_robin] overall mean fidelity: 0.1808  (load CV: 0.002)
2026-10-07 14:38:53,292  run_gnn_dispatch          INFO       [cross-policy oracle↔gnn] agreement: 35.1%  mean regret: 0.0113
2026-10-07 14:38:53,292  run_gnn_dispatch          INFO       [cross-policy gt_weighted↔gnn] agreement: 40.2%  mean regret: 0.0075
2026-10-07 14:38:53,292  run_gnn_dispatch          INFO     === Fidelity weight 0.70 ===
2026-10-07 14:38:53,313  run_gnn_dispatch          INFO       [oracle] EQE1_Top  ->  52 circuits
2026-10-07 14:38:53,313  run_gnn_dispatch          INFO       [oracle] EQE1_Bottom  ->  244 circuits
2026-10-07 14:38:53,313  run_gnn_dispatch          INFO       [oracle] QExa20  ->  450 circuits
2026-10-07 14:38:53,315  run_gnn_dispatch          INFO       [oracle] overall mean fidelity: 0.1932  (load CV: 0.800)
2026-10-07 14:38:53,315  run_gnn_dispatch          INFO       [gt_weighted] EQE1_Top  ->  231 circuits
2026-10-07 14:38:53,315  run_gnn_dispatch          INFO       [gt_weighted] EQE1_Bottom  ->  256 circuits
2026-10-07 14:38:53,315  run_gnn_dispatch          INFO       [gt_weighted] QExa20  ->  259 circuits
2026-10-07 14:38:53,318  run_gnn_dispatch          INFO       [gt_weighted] overall mean fidelity: 0.1903  (load CV: 0.062)
2026-10-07 14:38:53,318  run_gnn_dispatch          INFO       [gnn] EQE1_Top  ->  235 circuits
2026-10-07 14:38:53,318  run_gnn_dispatch          INFO       [gnn] EQE1_Bottom  ->  233 circuits
2026-10-07 14:38:53,318  run_gnn_dispatch          INFO       [gnn] QExa20  ->  278 circuits
2026-10-07 14:38:53,320  run_gnn_dispatch          INFO       [gnn] overall mean fidelity: 0.1832  (load CV: 0.102)
2026-10-07 14:38:53,320  run_gnn_dispatch          INFO       [round_robin] EQE1_Top  ->  249 circuits
2026-10-07 14:38:53,320  run_gnn_dispatch          INFO       [round_robin] EQE1_Bottom  ->  249 circuits
2026-10-07 14:38:53,320  run_gnn_dispatch          INFO       [round_robin] QExa20  ->  248 circuits
2026-10-07 14:38:53,322  run_gnn_dispatch          INFO       [round_robin] overall mean fidelity: 0.1808  (load CV: 0.002)
2026-10-07 14:38:53,323  run_gnn_dispatch          INFO       [cross-policy oracle↔gnn] agreement: 37.9%  mean regret: 0.0100
2026-10-07 14:38:53,324  run_gnn_dispatch          INFO       [cross-policy gt_weighted↔gnn] agreement: 43.3%  mean regret: 0.0071
2026-10-07 14:38:53,324  run_gnn_dispatch          INFO     === Fidelity weight 0.80 ===
2026-10-07 14:38:53,344  run_gnn_dispatch          INFO       [oracle] EQE1_Top  ->  52 circuits
2026-10-07 14:38:53,344  run_gnn_dispatch          INFO       [oracle] EQE1_Bottom  ->  244 circuits
2026-10-07 14:38:53,344  run_gnn_dispatch          INFO       [oracle] QExa20  ->  450 circuits
2026-10-07 14:38:53,347  run_gnn_dispatch          INFO       [oracle] overall mean fidelity: 0.1932  (load CV: 0.800)
2026-10-07 14:38:53,347  run_gnn_dispatch          INFO       [gt_weighted] EQE1_Top  ->  225 circuits
2026-10-07 14:38:53,347  run_gnn_dispatch          INFO       [gt_weighted] EQE1_Bottom  ->  272 circuits
2026-10-07 14:38:53,347  run_gnn_dispatch          INFO       [gt_weighted] QExa20  ->  249 circuits
2026-10-07 14:38:53,349  run_gnn_dispatch          INFO       [gt_weighted] overall mean fidelity: 0.1913  (load CV: 0.095)
2026-10-07 14:38:53,349  run_gnn_dispatch          INFO       [gnn] EQE1_Top  ->  226 circuits
2026-10-07 14:38:53,349  run_gnn_dispatch          INFO       [gnn] EQE1_Bottom  ->  228 circuits
2026-10-07 14:38:53,349  run_gnn_dispatch          INFO       [gnn] QExa20  ->  292 circuits
2026-10-07 14:38:53,351  run_gnn_dispatch          INFO       [gnn] overall mean fidelity: 0.1853  (load CV: 0.151)
2026-10-07 14:38:53,351  run_gnn_dispatch          INFO       [round_robin] EQE1_Top  ->  249 circuits
2026-10-07 14:38:53,351  run_gnn_dispatch          INFO       [round_robin] EQE1_Bottom  ->  249 circuits
2026-10-07 14:38:53,351  run_gnn_dispatch          INFO       [round_robin] QExa20  ->  248 circuits
2026-10-07 14:38:53,354  run_gnn_dispatch          INFO       [round_robin] overall mean fidelity: 0.1808  (load CV: 0.002)
2026-10-07 14:38:53,354  run_gnn_dispatch          INFO       [cross-policy oracle↔gnn] agreement: 44.1%  mean regret: 0.0079
2026-10-07 14:38:53,355  run_gnn_dispatch          INFO       [cross-policy gt_weighted↔gnn] agreement: 48.8%  mean regret: 0.0060
2026-10-07 14:38:53,355  run_gnn_dispatch          INFO     === Fidelity weight 0.90 ===
2026-10-07 14:38:53,376  run_gnn_dispatch          INFO       [oracle] EQE1_Top  ->  52 circuits
2026-10-07 14:38:53,376  run_gnn_dispatch          INFO       [oracle] EQE1_Bottom  ->  244 circuits
2026-10-07 14:38:53,376  run_gnn_dispatch          INFO       [oracle] QExa20  ->  450 circuits
2026-10-07 14:38:53,378  run_gnn_dispatch          INFO       [oracle] overall mean fidelity: 0.1932  (load CV: 0.800)
2026-10-07 14:38:53,378  run_gnn_dispatch          INFO       [gt_weighted] EQE1_Top  ->  213 circuits
2026-10-07 14:38:53,378  run_gnn_dispatch          INFO       [gt_weighted] EQE1_Bottom  ->  297 circuits
2026-10-07 14:38:53,378  run_gnn_dispatch          INFO       [gt_weighted] QExa20  ->  236 circuits
2026-10-07 14:38:53,380  run_gnn_dispatch          INFO       [gt_weighted] overall mean fidelity: 0.1922  (load CV: 0.175)
2026-10-07 14:38:53,381  run_gnn_dispatch          INFO       [gnn] EQE1_Top  ->  225 circuits
2026-10-07 14:38:53,381  run_gnn_dispatch          INFO       [gnn] EQE1_Bottom  ->  241 circuits
2026-10-07 14:38:53,381  run_gnn_dispatch          INFO       [gnn] QExa20  ->  280 circuits
2026-10-07 14:38:53,383  run_gnn_dispatch          INFO       [gnn] overall mean fidelity: 0.1860  (load CV: 0.114)
2026-10-07 14:38:53,383  run_gnn_dispatch          INFO       [round_robin] EQE1_Top  ->  249 circuits
2026-10-07 14:38:53,383  run_gnn_dispatch          INFO       [round_robin] EQE1_Bottom  ->  249 circuits
2026-10-07 14:38:53,383  run_gnn_dispatch          INFO       [round_robin] QExa20  ->  248 circuits
2026-10-07 14:38:53,385  run_gnn_dispatch          INFO       [round_robin] overall mean fidelity: 0.1808  (load CV: 0.002)
2026-10-07 14:38:53,386  run_gnn_dispatch          INFO       [cross-policy oracle↔gnn] agreement: 48.3%  mean regret: 0.0071
2026-10-07 14:38:53,386  run_gnn_dispatch          INFO       [cross-policy gt_weighted↔gnn] agreement: 48.9%  mean regret: 0.0062
2026-10-07 14:38:53,387  run_gnn_dispatch          INFO     === Fidelity weight 1.00 ===
2026-10-07 14:38:53,407  run_gnn_dispatch          INFO       [oracle] EQE1_Top  ->  52 circuits
2026-10-07 14:38:53,407  run_gnn_dispatch          INFO       [oracle] EQE1_Bottom  ->  244 circuits
2026-10-07 14:38:53,407  run_gnn_dispatch          INFO       [oracle] QExa20  ->  450 circuits
2026-10-07 14:38:53,410  run_gnn_dispatch          INFO       [oracle] overall mean fidelity: 0.1932  (load CV: 0.800)
2026-10-07 14:38:53,410  run_gnn_dispatch          INFO       [gt_weighted] EQE1_Top  ->  52 circuits
2026-10-07 14:38:53,410  run_gnn_dispatch          INFO       [gt_weighted] EQE1_Bottom  ->  244 circuits
2026-10-07 14:38:53,410  run_gnn_dispatch          INFO       [gt_weighted] QExa20  ->  450 circuits
2026-10-07 14:38:53,412  run_gnn_dispatch          INFO       [gt_weighted] overall mean fidelity: 0.1932  (load CV: 0.800)
2026-10-07 14:38:53,412  run_gnn_dispatch          INFO       [gnn] EQE1_Top  ->  112 circuits
2026-10-07 14:38:53,412  run_gnn_dispatch          INFO       [gnn] EQE1_Bottom  ->  122 circuits
2026-10-07 14:38:53,412  run_gnn_dispatch          INFO       [gnn] QExa20  ->  512 circuits
2026-10-07 14:38:53,414  run_gnn_dispatch          INFO       [gnn] overall mean fidelity: 0.1877  (load CV: 0.917)
2026-10-07 14:38:53,414  run_gnn_dispatch          INFO       [round_robin] EQE1_Top  ->  249 circuits
2026-10-07 14:38:53,414  run_gnn_dispatch          INFO       [round_robin] EQE1_Bottom  ->  249 circuits
2026-10-07 14:38:53,414  run_gnn_dispatch          INFO       [round_robin] QExa20  ->  248 circuits
2026-10-07 14:38:53,416  run_gnn_dispatch          INFO       [round_robin] overall mean fidelity: 0.1808  (load CV: 0.002)
2026-10-07 14:38:53,417  run_gnn_dispatch          INFO       [cross-policy oracle↔gnn] agreement: 80.0%  mean regret: 0.0054
2026-10-07 14:38:53,417  run_gnn_dispatch          INFO       [cross-policy gt_weighted↔gnn] agreement: 80.0%  mean regret: 0.0054
2026-10-07 14:38:53,424  run_gnn_dispatch          INFO     Ground-truth fidelities saved to /home/atudisco/pred-distr-tool/evaluations/generalization/results/scheduling/leave_one_family_out/by_family/qftentangled/fidelity_ground_truth.json
2026-10-07 14:38:53,430  run_gnn_dispatch          INFO     GNN-predicted fidelities saved to /home/atudisco/pred-distr-tool/evaluations/generalization/results/scheduling/leave_one_family_out/by_family/qftentangled/fidelity_gnn_predicted.json
2026-10-07 14:38:53,447  run_gnn_dispatch          INFO     Full results saved to /home/atudisco/pred-distr-tool/evaluations/generalization/results/scheduling/leave_one_family_out/by_family/qftentangled/dispatch_results.json
2026-10-07 14:38:53,449  run_gnn_dispatch          INFO     Summary CSV saved to /home/atudisco/pred-distr-tool/evaluations/generalization/results/scheduling/leave_one_family_out/by_family/qftentangled/dispatch_summary.csv
2026-10-07 14:38:53,451  run_gnn_dispatch          INFO     Cross-policy CSV saved to /home/atudisco/pred-distr-tool/evaluations/generalization/results/scheduling/leave_one_family_out/by_family/qftentangled/cross_policy_summary.csv
2026-10-07 14:38:53,454  genstudy.io               INFO     Wrote /home/atudisco/pred-distr-tool/evaluations/generalization/results/scheduling/leave_one_family_out/by_family/qftentangled/sweep_summary.csv (11 rows)
2026-10-07 14:38:53,454  run_scheduling_eval       INFO     === per-family scheduling: qnn (760 circuits) ===
2026-10-07 14:38:53,455  run_scheduling_eval       INFO     Scheduling on 760 circuits -> /home/atudisco/pred-distr-tool/evaluations/generalization/results/scheduling/leave_one_family_out/by_family/qnn
2026-10-07 14:38:53,455  run_gnn_dispatch          INFO     === Fidelity weight 0.00 ===
2026-10-07 14:38:53,456  run_gnn_dispatch          INFO       [oracle] EQE1_Top  ->  90 circuits
2026-10-07 14:38:53,456  run_gnn_dispatch          INFO       [oracle] EQE1_Bottom  ->  670 circuits
2026-10-07 14:38:53,456  run_gnn_dispatch          INFO       [oracle] QExa20  ->  0 circuits
2026-10-07 14:38:53,457  run_gnn_dispatch          INFO       [oracle] overall mean fidelity: 0.6545  (load CV: 1.435)
2026-10-07 14:38:53,457  run_gnn_dispatch          INFO       [gt_weighted] EQE1_Top  ->  254 circuits
2026-10-07 14:38:53,457  run_gnn_dispatch          INFO       [gt_weighted] EQE1_Bottom  ->  253 circuits
2026-10-07 14:38:53,457  run_gnn_dispatch          INFO       [gt_weighted] QExa20  ->  253 circuits
2026-10-07 14:38:53,459  run_gnn_dispatch          INFO       [gt_weighted] overall mean fidelity: 0.5935  (load CV: 0.002)
2026-10-07 14:38:53,459  run_gnn_dispatch          INFO       [gnn] EQE1_Top  ->  254 circuits
2026-10-07 14:38:53,459  run_gnn_dispatch          INFO       [gnn] EQE1_Bottom  ->  253 circuits
2026-10-07 14:38:53,459  run_gnn_dispatch          INFO       [gnn] QExa20  ->  253 circuits
2026-10-07 14:38:53,460  run_gnn_dispatch          INFO       [gnn] overall mean fidelity: 0.5935  (load CV: 0.002)
2026-10-07 14:38:53,460  run_gnn_dispatch          INFO       [round_robin] EQE1_Top  ->  254 circuits
2026-10-07 14:38:53,460  run_gnn_dispatch          INFO       [round_robin] EQE1_Bottom  ->  253 circuits
2026-10-07 14:38:53,460  run_gnn_dispatch          INFO       [round_robin] QExa20  ->  253 circuits
2026-10-07 14:38:53,461  run_gnn_dispatch          INFO       [round_robin] overall mean fidelity: 0.5935  (load CV: 0.002)
2026-10-07 14:38:53,462  run_gnn_dispatch          INFO       [cross-policy oracle↔gnn] agreement: 33.6%  mean regret: 0.0610
2026-10-07 14:38:53,462  run_gnn_dispatch          INFO       [cross-policy gt_weighted↔gnn] agreement: 100.0%  mean regret: 0.0000
2026-10-07 14:38:53,463  run_gnn_dispatch          INFO     === Fidelity weight 0.10 ===
2026-10-07 14:38:53,483  run_gnn_dispatch          INFO       [oracle] EQE1_Top  ->  90 circuits
2026-10-07 14:38:53,483  run_gnn_dispatch          INFO       [oracle] EQE1_Bottom  ->  670 circuits
2026-10-07 14:38:53,483  run_gnn_dispatch          INFO       [oracle] QExa20  ->  0 circuits
2026-10-07 14:38:53,485  run_gnn_dispatch          INFO       [oracle] overall mean fidelity: 0.6545  (load CV: 1.435)
2026-10-07 14:38:53,485  run_gnn_dispatch          INFO       [gt_weighted] EQE1_Top  ->  255 circuits
2026-10-07 14:38:53,485  run_gnn_dispatch          INFO       [gt_weighted] EQE1_Bottom  ->  258 circuits
2026-10-07 14:38:53,485  run_gnn_dispatch          INFO       [gt_weighted] QExa20  ->  247 circuits
2026-10-07 14:38:53,486  run_gnn_dispatch          INFO       [gt_weighted] overall mean fidelity: 0.5975  (load CV: 0.022)
2026-10-07 14:38:53,486  run_gnn_dispatch          INFO       [gnn] EQE1_Top  ->  255 circuits
2026-10-07 14:38:53,486  run_gnn_dispatch          INFO       [gnn] EQE1_Bottom  ->  258 circuits
2026-10-07 14:38:53,486  run_gnn_dispatch          INFO       [gnn] QExa20  ->  247 circuits
2026-10-07 14:38:53,488  run_gnn_dispatch          INFO       [gnn] overall mean fidelity: 0.5941  (load CV: 0.022)
2026-10-07 14:38:53,488  run_gnn_dispatch          INFO       [round_robin] EQE1_Top  ->  254 circuits
2026-10-07 14:38:53,488  run_gnn_dispatch          INFO       [round_robin] EQE1_Bottom  ->  253 circuits
2026-10-07 14:38:53,488  run_gnn_dispatch          INFO       [round_robin] QExa20  ->  253 circuits
2026-10-07 14:38:53,489  run_gnn_dispatch          INFO       [round_robin] overall mean fidelity: 0.5935  (load CV: 0.002)
2026-10-07 14:38:53,490  run_gnn_dispatch          INFO       [cross-policy oracle↔gnn] agreement: 33.9%  mean regret: 0.0603
2026-10-07 14:38:53,490  run_gnn_dispatch          INFO       [cross-policy gt_weighted↔gnn] agreement: 34.6%  mean regret: 0.0034
2026-10-07 14:38:53,491  run_gnn_dispatch          INFO     === Fidelity weight 0.20 ===
2026-10-07 14:38:53,511  run_gnn_dispatch          INFO       [oracle] EQE1_Top  ->  90 circuits
2026-10-07 14:38:53,511  run_gnn_dispatch          INFO       [oracle] EQE1_Bottom  ->  670 circuits
2026-10-07 14:38:53,511  run_gnn_dispatch          INFO       [oracle] QExa20  ->  0 circuits
2026-10-07 14:38:53,513  run_gnn_dispatch          INFO       [oracle] overall mean fidelity: 0.6545  (load CV: 1.435)
2026-10-07 14:38:53,513  run_gnn_dispatch          INFO       [gt_weighted] EQE1_Top  ->  258 circuits
2026-10-07 14:38:53,513  run_gnn_dispatch          INFO       [gt_weighted] EQE1_Bottom  ->  264 circuits
2026-10-07 14:38:53,513  run_gnn_dispatch          INFO       [gt_weighted] QExa20  ->  238 circuits
2026-10-07 14:38:53,514  run_gnn_dispatch          INFO       [gt_weighted] overall mean fidelity: 0.6027  (load CV: 0.054)
2026-10-07 14:38:53,514  run_gnn_dispatch          INFO       [gnn] EQE1_Top  ->  257 circuits
2026-10-07 14:38:53,514  run_gnn_dispatch          INFO       [gnn] EQE1_Bottom  ->  264 circuits
2026-10-07 14:38:53,514  run_gnn_dispatch          INFO       [gnn] QExa20  ->  239 circuits
2026-10-07 14:38:53,516  run_gnn_dispatch          INFO       [gnn] overall mean fidelity: 0.5958  (load CV: 0.051)
2026-10-07 14:38:53,516  run_gnn_dispatch          INFO       [round_robin] EQE1_Top  ->  254 circuits
2026-10-07 14:38:53,516  run_gnn_dispatch          INFO       [round_robin] EQE1_Bottom  ->  253 circuits
2026-10-07 14:38:53,516  run_gnn_dispatch          INFO       [round_robin] QExa20  ->  253 circuits
2026-10-07 14:38:53,517  run_gnn_dispatch          INFO       [round_robin] overall mean fidelity: 0.5935  (load CV: 0.002)
2026-10-07 14:38:53,518  run_gnn_dispatch          INFO       [cross-policy oracle↔gnn] agreement: 34.5%  mean regret: 0.0587
2026-10-07 14:38:53,518  run_gnn_dispatch          INFO       [cross-policy gt_weighted↔gnn] agreement: 38.3%  mean regret: 0.0069
2026-10-07 14:38:53,518  run_gnn_dispatch          INFO     === Fidelity weight 0.30 ===
2026-10-07 14:38:53,539  run_gnn_dispatch          INFO       [oracle] EQE1_Top  ->  90 circuits
2026-10-07 14:38:53,539  run_gnn_dispatch          INFO       [oracle] EQE1_Bottom  ->  670 circuits
2026-10-07 14:38:53,539  run_gnn_dispatch          INFO       [oracle] QExa20  ->  0 circuits
2026-10-07 14:38:53,541  run_gnn_dispatch          INFO       [oracle] overall mean fidelity: 0.6545  (load CV: 1.435)
2026-10-07 14:38:53,541  run_gnn_dispatch          INFO       [gt_weighted] EQE1_Top  ->  260 circuits
2026-10-07 14:38:53,541  run_gnn_dispatch          INFO       [gt_weighted] EQE1_Bottom  ->  274 circuits
2026-10-07 14:38:53,541  run_gnn_dispatch          INFO       [gt_weighted] QExa20  ->  226 circuits
2026-10-07 14:38:53,542  run_gnn_dispatch          INFO       [gt_weighted] overall mean fidelity: 0.6081  (load CV: 0.097)
2026-10-07 14:38:53,542  run_gnn_dispatch          INFO       [gnn] EQE1_Top  ->  259 circuits
2026-10-07 14:38:53,542  run_gnn_dispatch          INFO       [gnn] EQE1_Bottom  ->  271 circuits
2026-10-07 14:38:53,542  run_gnn_dispatch          INFO       [gnn] QExa20  ->  230 circuits
2026-10-07 14:38:53,544  run_gnn_dispatch          INFO       [gnn] overall mean fidelity: 0.5971  (load CV: 0.083)
2026-10-07 14:38:53,544  run_gnn_dispatch          INFO       [round_robin] EQE1_Top  ->  254 circuits
2026-10-07 14:38:53,544  run_gnn_dispatch          INFO       [round_robin] EQE1_Bottom  ->  253 circuits
2026-10-07 14:38:53,544  run_gnn_dispatch          INFO       [round_robin] QExa20  ->  253 circuits
2026-10-07 14:38:53,545  run_gnn_dispatch          INFO       [round_robin] overall mean fidelity: 0.5935  (load CV: 0.002)
2026-10-07 14:38:53,546  run_gnn_dispatch          INFO       [cross-policy oracle↔gnn] agreement: 35.7%  mean regret: 0.0573
2026-10-07 14:38:53,546  run_gnn_dispatch          INFO       [cross-policy gt_weighted↔gnn] agreement: 34.9%  mean regret: 0.0110
2026-10-07 14:38:53,546  run_gnn_dispatch          INFO     === Fidelity weight 0.40 ===
2026-10-07 14:38:53,567  run_gnn_dispatch          INFO       [oracle] EQE1_Top  ->  90 circuits
2026-10-07 14:38:53,567  run_gnn_dispatch          INFO       [oracle] EQE1_Bottom  ->  670 circuits
2026-10-07 14:38:53,567  run_gnn_dispatch          INFO       [oracle] QExa20  ->  0 circuits
2026-10-07 14:38:53,569  run_gnn_dispatch          INFO       [oracle] overall mean fidelity: 0.6545  (load CV: 1.435)
2026-10-07 14:38:53,569  run_gnn_dispatch          INFO       [gt_weighted] EQE1_Top  ->  264 circuits
2026-10-07 14:38:53,569  run_gnn_dispatch          INFO       [gt_weighted] EQE1_Bottom  ->  285 circuits
2026-10-07 14:38:53,569  run_gnn_dispatch          INFO       [gt_weighted] QExa20  ->  211 circuits
2026-10-07 14:38:53,570  run_gnn_dispatch          INFO       [gt_weighted] overall mean fidelity: 0.6143  (load CV: 0.151)
2026-10-07 14:38:53,570  run_gnn_dispatch          INFO       [gnn] EQE1_Top  ->  263 circuits
2026-10-07 14:38:53,570  run_gnn_dispatch          INFO       [gnn] EQE1_Bottom  ->  280 circuits
2026-10-07 14:38:53,570  run_gnn_dispatch          INFO       [gnn] QExa20  ->  217 circuits
2026-10-07 14:38:53,572  run_gnn_dispatch          INFO       [gnn] overall mean fidelity: 0.5992  (load CV: 0.129)
2026-10-07 14:38:53,572  run_gnn_dispatch          INFO       [round_robin] EQE1_Top  ->  254 circuits
2026-10-07 14:38:53,572  run_gnn_dispatch          INFO       [round_robin] EQE1_Bottom  ->  253 circuits
2026-10-07 14:38:53,572  run_gnn_dispatch          INFO       [round_robin] QExa20  ->  253 circuits
2026-10-07 14:38:53,573  run_gnn_dispatch          INFO       [round_robin] overall mean fidelity: 0.5935  (load CV: 0.002)
2026-10-07 14:38:53,574  run_gnn_dispatch          INFO       [cross-policy oracle↔gnn] agreement: 36.8%  mean regret: 0.0553
2026-10-07 14:38:53,574  run_gnn_dispatch          INFO       [cross-policy gt_weighted↔gnn] agreement: 32.0%  mean regret: 0.0152
2026-10-07 14:38:53,575  run_gnn_dispatch          INFO     === Fidelity weight 0.50 ===
2026-10-07 14:38:53,595  run_gnn_dispatch          INFO       [oracle] EQE1_Top  ->  90 circuits
2026-10-07 14:38:53,595  run_gnn_dispatch          INFO       [oracle] EQE1_Bottom  ->  670 circuits
2026-10-07 14:38:53,595  run_gnn_dispatch          INFO       [oracle] QExa20  ->  0 circuits
2026-10-07 14:38:53,597  run_gnn_dispatch          INFO       [oracle] overall mean fidelity: 0.6545  (load CV: 1.435)
2026-10-07 14:38:53,597  run_gnn_dispatch          INFO       [gt_weighted] EQE1_Top  ->  269 circuits
2026-10-07 14:38:53,597  run_gnn_dispatch          INFO       [gt_weighted] EQE1_Bottom  ->  299 circuits
2026-10-07 14:38:53,597  run_gnn_dispatch          INFO       [gt_weighted] QExa20  ->  192 circuits
2026-10-07 14:38:53,598  run_gnn_dispatch          INFO       [gt_weighted] overall mean fidelity: 0.6201  (load CV: 0.218)
2026-10-07 14:38:53,599  run_gnn_dispatch          INFO       [gnn] EQE1_Top  ->  267 circuits
2026-10-07 14:38:53,599  run_gnn_dispatch          INFO       [gnn] EQE1_Bottom  ->  293 circuits
2026-10-07 14:38:53,599  run_gnn_dispatch          INFO       [gnn] QExa20  ->  200 circuits
2026-10-07 14:38:53,600  run_gnn_dispatch          INFO       [gnn] overall mean fidelity: 0.6012  (load CV: 0.189)
2026-10-07 14:38:53,600  run_gnn_dispatch          INFO       [round_robin] EQE1_Top  ->  254 circuits
2026-10-07 14:38:53,600  run_gnn_dispatch          INFO       [round_robin] EQE1_Bottom  ->  253 circuits
2026-10-07 14:38:53,600  run_gnn_dispatch          INFO       [round_robin] QExa20  ->  253 circuits
2026-10-07 14:38:53,601  run_gnn_dispatch          INFO       [round_robin] overall mean fidelity: 0.5935  (load CV: 0.002)
2026-10-07 14:38:53,602  run_gnn_dispatch          INFO       [cross-policy oracle↔gnn] agreement: 38.6%  mean regret: 0.0532
2026-10-07 14:38:53,603  run_gnn_dispatch          INFO       [cross-policy gt_weighted↔gnn] agreement: 31.2%  mean regret: 0.0188
2026-10-07 14:38:53,603  run_gnn_dispatch          INFO     === Fidelity weight 0.60 ===
2026-10-07 14:38:53,623  run_gnn_dispatch          INFO       [oracle] EQE1_Top  ->  90 circuits
2026-10-07 14:38:53,623  run_gnn_dispatch          INFO       [oracle] EQE1_Bottom  ->  670 circuits
2026-10-07 14:38:53,623  run_gnn_dispatch          INFO       [oracle] QExa20  ->  0 circuits
2026-10-07 14:38:53,625  run_gnn_dispatch          INFO       [oracle] overall mean fidelity: 0.6545  (load CV: 1.435)
2026-10-07 14:38:53,625  run_gnn_dispatch          INFO       [gt_weighted] EQE1_Top  ->  278 circuits
2026-10-07 14:38:53,625  run_gnn_dispatch          INFO       [gt_weighted] EQE1_Bottom  ->  320 circuits
2026-10-07 14:38:53,625  run_gnn_dispatch          INFO       [gt_weighted] QExa20  ->  162 circuits
2026-10-07 14:38:53,627  run_gnn_dispatch          INFO       [gt_weighted] overall mean fidelity: 0.6266  (load CV: 0.323)
2026-10-07 14:38:53,627  run_gnn_dispatch          INFO       [gnn] EQE1_Top  ->  273 circuits
2026-10-07 14:38:53,627  run_gnn_dispatch          INFO       [gnn] EQE1_Bottom  ->  311 circuits
2026-10-07 14:38:53,627  run_gnn_dispatch          INFO       [gnn] QExa20  ->  176 circuits
2026-10-07 14:38:53,628  run_gnn_dispatch          INFO       [gnn] overall mean fidelity: 0.6043  (load CV: 0.275)
2026-10-07 14:38:53,628  run_gnn_dispatch          INFO       [round_robin] EQE1_Top  ->  254 circuits
2026-10-07 14:38:53,628  run_gnn_dispatch          INFO       [round_robin] EQE1_Bottom  ->  253 circuits
2026-10-07 14:38:53,628  run_gnn_dispatch          INFO       [round_robin] QExa20  ->  253 circuits
2026-10-07 14:38:53,629  run_gnn_dispatch          INFO       [round_robin] overall mean fidelity: 0.5935  (load CV: 0.002)
2026-10-07 14:38:53,630  run_gnn_dispatch          INFO       [cross-policy oracle↔gnn] agreement: 41.4%  mean regret: 0.0502
2026-10-07 14:38:53,631  run_gnn_dispatch          INFO       [cross-policy gt_weighted↔gnn] agreement: 32.8%  mean regret: 0.0223
2026-10-07 14:38:53,631  run_gnn_dispatch          INFO     === Fidelity weight 0.70 ===
2026-10-07 14:38:53,651  run_gnn_dispatch          INFO       [oracle] EQE1_Top  ->  90 circuits
2026-10-07 14:38:53,651  run_gnn_dispatch          INFO       [oracle] EQE1_Bottom  ->  670 circuits
2026-10-07 14:38:53,651  run_gnn_dispatch          INFO       [oracle] QExa20  ->  0 circuits
2026-10-07 14:38:53,653  run_gnn_dispatch          INFO       [oracle] overall mean fidelity: 0.6545  (load CV: 1.435)
2026-10-07 14:38:53,653  run_gnn_dispatch          INFO       [gt_weighted] EQE1_Top  ->  285 circuits
2026-10-07 14:38:53,653  run_gnn_dispatch          INFO       [gt_weighted] EQE1_Bottom  ->  348 circuits
2026-10-07 14:38:53,653  run_gnn_dispatch          INFO       [gt_weighted] QExa20  ->  127 circuits
2026-10-07 14:38:53,655  run_gnn_dispatch          INFO       [gt_weighted] overall mean fidelity: 0.6339  (load CV: 0.449)
2026-10-07 14:38:53,655  run_gnn_dispatch          INFO       [gnn] EQE1_Top  ->  281 circuits
2026-10-07 14:38:53,655  run_gnn_dispatch          INFO       [gnn] EQE1_Bottom  ->  341 circuits
2026-10-07 14:38:53,655  run_gnn_dispatch          INFO       [gnn] QExa20  ->  138 circuits
2026-10-07 14:38:53,656  run_gnn_dispatch          INFO       [gnn] overall mean fidelity: 0.6104  (load CV: 0.412)
2026-10-07 14:38:53,656  run_gnn_dispatch          INFO       [round_robin] EQE1_Top  ->  254 circuits
2026-10-07 14:38:53,656  run_gnn_dispatch          INFO       [round_robin] EQE1_Bottom  ->  253 circuits
2026-10-07 14:38:53,656  run_gnn_dispatch          INFO       [round_robin] QExa20  ->  253 circuits
2026-10-07 14:38:53,657  run_gnn_dispatch          INFO       [round_robin] overall mean fidelity: 0.5935  (load CV: 0.002)
2026-10-07 14:38:53,658  run_gnn_dispatch          INFO       [cross-policy oracle↔gnn] agreement: 45.7%  mean regret: 0.0440
2026-10-07 14:38:53,659  run_gnn_dispatch          INFO       [cross-policy gt_weighted↔gnn] agreement: 32.5%  mean regret: 0.0235
2026-10-07 14:38:53,659  run_gnn_dispatch          INFO     === Fidelity weight 0.80 ===
2026-10-07 14:38:53,679  run_gnn_dispatch          INFO       [oracle] EQE1_Top  ->  90 circuits
2026-10-07 14:38:53,680  run_gnn_dispatch          INFO       [oracle] EQE1_Bottom  ->  670 circuits
2026-10-07 14:38:53,680  run_gnn_dispatch          INFO       [oracle] QExa20  ->  0 circuits
2026-10-07 14:38:53,681  run_gnn_dispatch          INFO       [oracle] overall mean fidelity: 0.6545  (load CV: 1.435)
2026-10-07 14:38:53,681  run_gnn_dispatch          INFO       [gt_weighted] EQE1_Top  ->  282 circuits
2026-10-07 14:38:53,681  run_gnn_dispatch          INFO       [gt_weighted] EQE1_Bottom  ->  394 circuits
2026-10-07 14:38:53,681  run_gnn_dispatch          INFO       [gt_weighted] QExa20  ->  84 circuits
2026-10-07 14:38:53,683  run_gnn_dispatch          INFO       [gt_weighted] overall mean fidelity: 0.6424  (load CV: 0.620)
2026-10-07 14:38:53,683  run_gnn_dispatch          INFO       [gnn] EQE1_Top  ->  286 circuits
2026-10-07 14:38:53,683  run_gnn_dispatch          INFO       [gnn] EQE1_Bottom  ->  387 circuits
2026-10-07 14:38:53,683  run_gnn_dispatch          INFO       [gnn] QExa20  ->  87 circuits
2026-10-07 14:38:53,684  run_gnn_dispatch          INFO       [gnn] overall mean fidelity: 0.6194  (load CV: 0.603)
2026-10-07 14:38:53,684  run_gnn_dispatch          INFO       [round_robin] EQE1_Top  ->  254 circuits
2026-10-07 14:38:53,684  run_gnn_dispatch          INFO       [round_robin] EQE1_Bottom  ->  253 circuits
2026-10-07 14:38:53,684  run_gnn_dispatch          INFO       [round_robin] QExa20  ->  253 circuits
2026-10-07 14:38:53,686  run_gnn_dispatch          INFO       [round_robin] overall mean fidelity: 0.5935  (load CV: 0.002)
2026-10-07 14:38:53,686  run_gnn_dispatch          INFO       [cross-policy oracle↔gnn] agreement: 51.7%  mean regret: 0.0351
2026-10-07 14:38:53,687  run_gnn_dispatch          INFO       [cross-policy gt_weighted↔gnn] agreement: 40.8%  mean regret: 0.0230
2026-10-07 14:38:53,687  run_gnn_dispatch          INFO     === Fidelity weight 0.90 ===
2026-10-07 14:38:53,708  run_gnn_dispatch          INFO       [oracle] EQE1_Top  ->  90 circuits
2026-10-07 14:38:53,708  run_gnn_dispatch          INFO       [oracle] EQE1_Bottom  ->  670 circuits
2026-10-07 14:38:53,708  run_gnn_dispatch          INFO       [oracle] QExa20  ->  0 circuits
2026-10-07 14:38:53,709  run_gnn_dispatch          INFO       [oracle] overall mean fidelity: 0.6545  (load CV: 1.435)
2026-10-07 14:38:53,709  run_gnn_dispatch          INFO       [gt_weighted] EQE1_Top  ->  263 circuits
2026-10-07 14:38:53,709  run_gnn_dispatch          INFO       [gt_weighted] EQE1_Bottom  ->  457 circuits
2026-10-07 14:38:53,709  run_gnn_dispatch          INFO       [gt_weighted] QExa20  ->  40 circuits
2026-10-07 14:38:53,711  run_gnn_dispatch          INFO       [gt_weighted] overall mean fidelity: 0.6475  (load CV: 0.824)
2026-10-07 14:38:53,711  run_gnn_dispatch          INFO       [gnn] EQE1_Top  ->  270 circuits
2026-10-07 14:38:53,711  run_gnn_dispatch          INFO       [gnn] EQE1_Bottom  ->  477 circuits
2026-10-07 14:38:53,711  run_gnn_dispatch          INFO       [gnn] QExa20  ->  13 circuits
2026-10-07 14:38:53,712  run_gnn_dispatch          INFO       [gnn] overall mean fidelity: 0.6416  (load CV: 0.918)
2026-10-07 14:38:53,712  run_gnn_dispatch          INFO       [round_robin] EQE1_Top  ->  254 circuits
2026-10-07 14:38:53,712  run_gnn_dispatch          INFO       [round_robin] EQE1_Bottom  ->  253 circuits
2026-10-07 14:38:53,712  run_gnn_dispatch          INFO       [round_robin] QExa20  ->  253 circuits
2026-10-07 14:38:53,714  run_gnn_dispatch          INFO       [round_robin] overall mean fidelity: 0.5935  (load CV: 0.002)
2026-10-07 14:38:53,714  run_gnn_dispatch          INFO       [cross-policy oracle↔gnn] agreement: 65.8%  mean regret: 0.0129
2026-10-07 14:38:53,715  run_gnn_dispatch          INFO       [cross-policy gt_weighted↔gnn] agreement: 63.6%  mean regret: 0.0059
2026-10-07 14:38:53,715  run_gnn_dispatch          INFO     === Fidelity weight 1.00 ===
2026-10-07 14:38:53,736  run_gnn_dispatch          INFO       [oracle] EQE1_Top  ->  90 circuits
2026-10-07 14:38:53,736  run_gnn_dispatch          INFO       [oracle] EQE1_Bottom  ->  670 circuits
2026-10-07 14:38:53,736  run_gnn_dispatch          INFO       [oracle] QExa20  ->  0 circuits
2026-10-07 14:38:53,738  run_gnn_dispatch          INFO       [oracle] overall mean fidelity: 0.6545  (load CV: 1.435)
2026-10-07 14:38:53,738  run_gnn_dispatch          INFO       [gt_weighted] EQE1_Top  ->  90 circuits
2026-10-07 14:38:53,738  run_gnn_dispatch          INFO       [gt_weighted] EQE1_Bottom  ->  670 circuits
2026-10-07 14:38:53,738  run_gnn_dispatch          INFO       [gt_weighted] QExa20  ->  0 circuits
2026-10-07 14:38:53,739  run_gnn_dispatch          INFO       [gt_weighted] overall mean fidelity: 0.6545  (load CV: 1.435)
2026-10-07 14:38:53,739  run_gnn_dispatch          INFO       [gnn] EQE1_Top  ->  325 circuits
2026-10-07 14:38:53,739  run_gnn_dispatch          INFO       [gnn] EQE1_Bottom  ->  435 circuits
2026-10-07 14:38:53,739  run_gnn_dispatch          INFO       [gnn] QExa20  ->  0 circuits
2026-10-07 14:38:53,740  run_gnn_dispatch          INFO       [gnn] overall mean fidelity: 0.6462  (load CV: 0.893)
2026-10-07 14:38:53,740  run_gnn_dispatch          INFO       [round_robin] EQE1_Top  ->  254 circuits
2026-10-07 14:38:53,740  run_gnn_dispatch          INFO       [round_robin] EQE1_Bottom  ->  253 circuits
2026-10-07 14:38:53,740  run_gnn_dispatch          INFO       [round_robin] QExa20  ->  253 circuits
2026-10-07 14:38:53,742  run_gnn_dispatch          INFO       [round_robin] overall mean fidelity: 0.5935  (load CV: 0.002)
2026-10-07 14:38:53,742  run_gnn_dispatch          INFO       [cross-policy oracle↔gnn] agreement: 69.1%  mean regret: 0.0082
2026-10-07 14:38:53,743  run_gnn_dispatch          INFO       [cross-policy gt_weighted↔gnn] agreement: 69.1%  mean regret: 0.0082
2026-10-07 14:38:53,749  run_gnn_dispatch          INFO     Ground-truth fidelities saved to /home/atudisco/pred-distr-tool/evaluations/generalization/results/scheduling/leave_one_family_out/by_family/qnn/fidelity_ground_truth.json
2026-10-07 14:38:53,754  run_gnn_dispatch          INFO     GNN-predicted fidelities saved to /home/atudisco/pred-distr-tool/evaluations/generalization/results/scheduling/leave_one_family_out/by_family/qnn/fidelity_gnn_predicted.json
2026-10-07 14:38:53,771  run_gnn_dispatch          INFO     Full results saved to /home/atudisco/pred-distr-tool/evaluations/generalization/results/scheduling/leave_one_family_out/by_family/qnn/dispatch_results.json
2026-10-07 14:38:53,774  run_gnn_dispatch          INFO     Summary CSV saved to /home/atudisco/pred-distr-tool/evaluations/generalization/results/scheduling/leave_one_family_out/by_family/qnn/dispatch_summary.csv
2026-10-07 14:38:53,776  run_gnn_dispatch          INFO     Cross-policy CSV saved to /home/atudisco/pred-distr-tool/evaluations/generalization/results/scheduling/leave_one_family_out/by_family/qnn/cross_policy_summary.csv
2026-10-07 14:38:53,778  genstudy.io               INFO     Wrote /home/atudisco/pred-distr-tool/evaluations/generalization/results/scheduling/leave_one_family_out/by_family/qnn/sweep_summary.csv (11 rows)
2026-10-07 14:38:53,778  run_scheduling_eval       INFO     === per-family scheduling: randomcircuit (1234 circuits) ===
2026-10-07 14:38:53,780  run_scheduling_eval       INFO     Scheduling on 1234 circuits -> /home/atudisco/pred-distr-tool/evaluations/generalization/results/scheduling/leave_one_family_out/by_family/randomcircuit
2026-10-07 14:38:53,780  run_gnn_dispatch          INFO     === Fidelity weight 0.00 ===
2026-10-07 14:38:53,781  run_gnn_dispatch          INFO       [oracle] EQE1_Top  ->  67 circuits
2026-10-07 14:38:53,781  run_gnn_dispatch          INFO       [oracle] EQE1_Bottom  ->  392 circuits
2026-10-07 14:38:53,781  run_gnn_dispatch          INFO       [oracle] QExa20  ->  775 circuits
2026-10-07 14:38:53,784  run_gnn_dispatch          INFO       [oracle] overall mean fidelity: 0.2045  (load CV: 0.862)
2026-10-07 14:38:53,784  run_gnn_dispatch          INFO       [gt_weighted] EQE1_Top  ->  412 circuits
2026-10-07 14:38:53,784  run_gnn_dispatch          INFO       [gt_weighted] EQE1_Bottom  ->  411 circuits
2026-10-07 14:38:53,784  run_gnn_dispatch          INFO       [gt_weighted] QExa20  ->  411 circuits
2026-10-07 14:38:53,787  run_gnn_dispatch          INFO       [gt_weighted] overall mean fidelity: 0.1905  (load CV: 0.001)
2026-10-07 14:38:53,787  run_gnn_dispatch          INFO       [gnn] EQE1_Top  ->  412 circuits
2026-10-07 14:38:53,788  run_gnn_dispatch          INFO       [gnn] EQE1_Bottom  ->  411 circuits
2026-10-07 14:38:53,788  run_gnn_dispatch          INFO       [gnn] QExa20  ->  411 circuits
2026-10-07 14:38:53,791  run_gnn_dispatch          INFO       [gnn] overall mean fidelity: 0.1905  (load CV: 0.001)
2026-10-07 14:38:53,791  run_gnn_dispatch          INFO       [round_robin] EQE1_Top  ->  412 circuits
2026-10-07 14:38:53,791  run_gnn_dispatch          INFO       [round_robin] EQE1_Bottom  ->  411 circuits
2026-10-07 14:38:53,791  run_gnn_dispatch          INFO       [round_robin] QExa20  ->  411 circuits
2026-10-07 14:38:53,794  run_gnn_dispatch          INFO       [round_robin] overall mean fidelity: 0.1905  (load CV: 0.001)
2026-10-07 14:38:53,795  run_gnn_dispatch          INFO       [cross-policy oracle↔gnn] agreement: 31.9%  mean regret: 0.0140
2026-10-07 14:38:53,796  run_gnn_dispatch          INFO       [cross-policy gt_weighted↔gnn] agreement: 100.0%  mean regret: 0.0000
2026-10-07 14:38:53,796  run_gnn_dispatch          INFO     === Fidelity weight 0.10 ===
2026-10-07 14:38:53,819  run_gnn_dispatch          INFO       [oracle] EQE1_Top  ->  67 circuits
2026-10-07 14:38:53,819  run_gnn_dispatch          INFO       [oracle] EQE1_Bottom  ->  392 circuits
2026-10-07 14:38:53,819  run_gnn_dispatch          INFO       [oracle] QExa20  ->  775 circuits
2026-10-07 14:38:53,822  run_gnn_dispatch          INFO       [oracle] overall mean fidelity: 0.2045  (load CV: 0.862)
2026-10-07 14:38:53,822  run_gnn_dispatch          INFO       [gt_weighted] EQE1_Top  ->  411 circuits
2026-10-07 14:38:53,822  run_gnn_dispatch          INFO       [gt_weighted] EQE1_Bottom  ->  411 circuits
2026-10-07 14:38:53,822  run_gnn_dispatch          INFO       [gt_weighted] QExa20  ->  412 circuits
2026-10-07 14:38:53,825  run_gnn_dispatch          INFO       [gt_weighted] overall mean fidelity: 0.2002  (load CV: 0.001)
2026-10-07 14:38:53,825  run_gnn_dispatch          INFO       [gnn] EQE1_Top  ->  411 circuits
2026-10-07 14:38:53,825  run_gnn_dispatch          INFO       [gnn] EQE1_Bottom  ->  412 circuits
2026-10-07 14:38:53,825  run_gnn_dispatch          INFO       [gnn] QExa20  ->  411 circuits
2026-10-07 14:38:53,828  run_gnn_dispatch          INFO       [gnn] overall mean fidelity: 0.1904  (load CV: 0.001)
2026-10-07 14:38:53,828  run_gnn_dispatch          INFO       [round_robin] EQE1_Top  ->  412 circuits
2026-10-07 14:38:53,828  run_gnn_dispatch          INFO       [round_robin] EQE1_Bottom  ->  411 circuits
2026-10-07 14:38:53,828  run_gnn_dispatch          INFO       [round_robin] QExa20  ->  411 circuits
2026-10-07 14:38:53,832  run_gnn_dispatch          INFO       [round_robin] overall mean fidelity: 0.1905  (load CV: 0.001)
2026-10-07 14:38:53,833  run_gnn_dispatch          INFO       [cross-policy oracle↔gnn] agreement: 33.4%  mean regret: 0.0141
2026-10-07 14:38:53,834  run_gnn_dispatch          INFO       [cross-policy gt_weighted↔gnn] agreement: 35.3%  mean regret: 0.0098
2026-10-07 14:38:53,834  run_gnn_dispatch          INFO     === Fidelity weight 0.20 ===
2026-10-07 14:38:53,857  run_gnn_dispatch          INFO       [oracle] EQE1_Top  ->  67 circuits
2026-10-07 14:38:53,857  run_gnn_dispatch          INFO       [oracle] EQE1_Bottom  ->  392 circuits
2026-10-07 14:38:53,857  run_gnn_dispatch          INFO       [oracle] QExa20  ->  775 circuits
2026-10-07 14:38:53,860  run_gnn_dispatch          INFO       [oracle] overall mean fidelity: 0.2045  (load CV: 0.862)
2026-10-07 14:38:53,860  run_gnn_dispatch          INFO       [gt_weighted] EQE1_Top  ->  411 circuits
2026-10-07 14:38:53,860  run_gnn_dispatch          INFO       [gt_weighted] EQE1_Bottom  ->  411 circuits
2026-10-07 14:38:53,860  run_gnn_dispatch          INFO       [gt_weighted] QExa20  ->  412 circuits
2026-10-07 14:38:53,863  run_gnn_dispatch          INFO       [gt_weighted] overall mean fidelity: 0.2008  (load CV: 0.001)
2026-10-07 14:38:53,863  run_gnn_dispatch          INFO       [gnn] EQE1_Top  ->  411 circuits
2026-10-07 14:38:53,863  run_gnn_dispatch          INFO       [gnn] EQE1_Bottom  ->  412 circuits
2026-10-07 14:38:53,863  run_gnn_dispatch          INFO       [gnn] QExa20  ->  411 circuits
2026-10-07 14:38:53,867  run_gnn_dispatch          INFO       [gnn] overall mean fidelity: 0.1909  (load CV: 0.001)
2026-10-07 14:38:53,867  run_gnn_dispatch          INFO       [round_robin] EQE1_Top  ->  412 circuits
2026-10-07 14:38:53,867  run_gnn_dispatch          INFO       [round_robin] EQE1_Bottom  ->  411 circuits
2026-10-07 14:38:53,867  run_gnn_dispatch          INFO       [round_robin] QExa20  ->  411 circuits
2026-10-07 14:38:53,870  run_gnn_dispatch          INFO       [round_robin] overall mean fidelity: 0.1905  (load CV: 0.001)
2026-10-07 14:38:53,871  run_gnn_dispatch          INFO       [cross-policy oracle↔gnn] agreement: 33.4%  mean regret: 0.0136
2026-10-07 14:38:53,872  run_gnn_dispatch          INFO       [cross-policy gt_weighted↔gnn] agreement: 36.2%  mean regret: 0.0099
2026-10-07 14:38:53,872  run_gnn_dispatch          INFO     === Fidelity weight 0.30 ===
2026-10-07 14:38:53,895  run_gnn_dispatch          INFO       [oracle] EQE1_Top  ->  67 circuits
2026-10-07 14:38:53,896  run_gnn_dispatch          INFO       [oracle] EQE1_Bottom  ->  392 circuits
2026-10-07 14:38:53,896  run_gnn_dispatch          INFO       [oracle] QExa20  ->  775 circuits
2026-10-07 14:38:53,899  run_gnn_dispatch          INFO       [oracle] overall mean fidelity: 0.2045  (load CV: 0.862)
2026-10-07 14:38:53,899  run_gnn_dispatch          INFO       [gt_weighted] EQE1_Top  ->  411 circuits
2026-10-07 14:38:53,899  run_gnn_dispatch          INFO       [gt_weighted] EQE1_Bottom  ->  411 circuits
2026-10-07 14:38:53,899  run_gnn_dispatch          INFO       [gt_weighted] QExa20  ->  412 circuits
2026-10-07 14:38:53,902  run_gnn_dispatch          INFO       [gt_weighted] overall mean fidelity: 0.2010  (load CV: 0.001)
2026-10-07 14:38:53,902  run_gnn_dispatch          INFO       [gnn] EQE1_Top  ->  411 circuits
2026-10-07 14:38:53,902  run_gnn_dispatch          INFO       [gnn] EQE1_Bottom  ->  412 circuits
2026-10-07 14:38:53,902  run_gnn_dispatch          INFO       [gnn] QExa20  ->  411 circuits
2026-10-07 14:38:53,905  run_gnn_dispatch          INFO       [gnn] overall mean fidelity: 0.1909  (load CV: 0.001)
2026-10-07 14:38:53,905  run_gnn_dispatch          INFO       [round_robin] EQE1_Top  ->  412 circuits
2026-10-07 14:38:53,905  run_gnn_dispatch          INFO       [round_robin] EQE1_Bottom  ->  411 circuits
2026-10-07 14:38:53,905  run_gnn_dispatch          INFO       [round_robin] QExa20  ->  411 circuits
2026-10-07 14:38:53,908  run_gnn_dispatch          INFO       [round_robin] overall mean fidelity: 0.1905  (load CV: 0.001)
2026-10-07 14:38:53,909  run_gnn_dispatch          INFO       [cross-policy oracle↔gnn] agreement: 33.5%  mean regret: 0.0136
2026-10-07 14:38:53,911  run_gnn_dispatch          INFO       [cross-policy gt_weighted↔gnn] agreement: 36.0%  mean regret: 0.0101
2026-10-07 14:38:53,911  run_gnn_dispatch          INFO     === Fidelity weight 0.40 ===
2026-10-07 14:38:53,934  run_gnn_dispatch          INFO       [oracle] EQE1_Top  ->  67 circuits
2026-10-07 14:38:53,934  run_gnn_dispatch          INFO       [oracle] EQE1_Bottom  ->  392 circuits
2026-10-07 14:38:53,934  run_gnn_dispatch          INFO       [oracle] QExa20  ->  775 circuits
2026-10-07 14:38:53,937  run_gnn_dispatch          INFO       [oracle] overall mean fidelity: 0.2045  (load CV: 0.862)
2026-10-07 14:38:53,937  run_gnn_dispatch          INFO       [gt_weighted] EQE1_Top  ->  411 circuits
2026-10-07 14:38:53,937  run_gnn_dispatch          INFO       [gt_weighted] EQE1_Bottom  ->  411 circuits
2026-10-07 14:38:53,937  run_gnn_dispatch          INFO       [gt_weighted] QExa20  ->  412 circuits
2026-10-07 14:38:53,940  run_gnn_dispatch          INFO       [gt_weighted] overall mean fidelity: 0.2012  (load CV: 0.001)
2026-10-07 14:38:53,940  run_gnn_dispatch          INFO       [gnn] EQE1_Top  ->  410 circuits
2026-10-07 14:38:53,940  run_gnn_dispatch          INFO       [gnn] EQE1_Bottom  ->  413 circuits
2026-10-07 14:38:53,940  run_gnn_dispatch          INFO       [gnn] QExa20  ->  411 circuits
2026-10-07 14:38:53,943  run_gnn_dispatch          INFO       [gnn] overall mean fidelity: 0.1917  (load CV: 0.004)
2026-10-07 14:38:53,943  run_gnn_dispatch          INFO       [round_robin] EQE1_Top  ->  412 circuits
2026-10-07 14:38:53,943  run_gnn_dispatch          INFO       [round_robin] EQE1_Bottom  ->  411 circuits
2026-10-07 14:38:53,943  run_gnn_dispatch          INFO       [round_robin] QExa20  ->  411 circuits
2026-10-07 14:38:53,946  run_gnn_dispatch          INFO       [round_robin] overall mean fidelity: 0.1905  (load CV: 0.001)
2026-10-07 14:38:53,948  run_gnn_dispatch          INFO       [cross-policy oracle↔gnn] agreement: 33.7%  mean regret: 0.0128
2026-10-07 14:38:53,949  run_gnn_dispatch          INFO       [cross-policy gt_weighted↔gnn] agreement: 36.5%  mean regret: 0.0095
2026-10-07 14:38:53,949  run_gnn_dispatch          INFO     === Fidelity weight 0.50 ===
2026-10-07 14:38:53,976  run_gnn_dispatch          INFO       [oracle] EQE1_Top  ->  67 circuits
2026-10-07 14:38:53,976  run_gnn_dispatch          INFO       [oracle] EQE1_Bottom  ->  392 circuits
2026-10-07 14:38:53,976  run_gnn_dispatch          INFO       [oracle] QExa20  ->  775 circuits
2026-10-07 14:38:53,979  run_gnn_dispatch          INFO       [oracle] overall mean fidelity: 0.2045  (load CV: 0.862)
2026-10-07 14:38:53,979  run_gnn_dispatch          INFO       [gt_weighted] EQE1_Top  ->  411 circuits
2026-10-07 14:38:53,979  run_gnn_dispatch          INFO       [gt_weighted] EQE1_Bottom  ->  411 circuits
2026-10-07 14:38:53,979  run_gnn_dispatch          INFO       [gt_weighted] QExa20  ->  412 circuits
2026-10-07 14:38:53,982  run_gnn_dispatch          INFO       [gt_weighted] overall mean fidelity: 0.2014  (load CV: 0.001)
2026-10-07 14:38:53,982  run_gnn_dispatch          INFO       [gnn] EQE1_Top  ->  409 circuits
2026-10-07 14:38:53,982  run_gnn_dispatch          INFO       [gnn] EQE1_Bottom  ->  413 circuits
2026-10-07 14:38:53,982  run_gnn_dispatch          INFO       [gnn] QExa20  ->  412 circuits
2026-10-07 14:38:53,985  run_gnn_dispatch          INFO       [gnn] overall mean fidelity: 0.1922  (load CV: 0.005)
2026-10-07 14:38:53,985  run_gnn_dispatch          INFO       [round_robin] EQE1_Top  ->  412 circuits
2026-10-07 14:38:53,985  run_gnn_dispatch          INFO       [round_robin] EQE1_Bottom  ->  411 circuits
2026-10-07 14:38:53,985  run_gnn_dispatch          INFO       [round_robin] QExa20  ->  411 circuits
2026-10-07 14:38:53,988  run_gnn_dispatch          INFO       [round_robin] overall mean fidelity: 0.1905  (load CV: 0.001)
2026-10-07 14:38:53,990  run_gnn_dispatch          INFO       [cross-policy oracle↔gnn] agreement: 34.4%  mean regret: 0.0123
2026-10-07 14:38:53,991  run_gnn_dispatch          INFO       [cross-policy gt_weighted↔gnn] agreement: 36.2%  mean regret: 0.0092
2026-10-07 14:38:53,991  run_gnn_dispatch          INFO     === Fidelity weight 0.60 ===
2026-10-07 14:38:54,014  run_gnn_dispatch          INFO       [oracle] EQE1_Top  ->  67 circuits
2026-10-07 14:38:54,014  run_gnn_dispatch          INFO       [oracle] EQE1_Bottom  ->  392 circuits
2026-10-07 14:38:54,014  run_gnn_dispatch          INFO       [oracle] QExa20  ->  775 circuits
2026-10-07 14:38:54,017  run_gnn_dispatch          INFO       [oracle] overall mean fidelity: 0.2045  (load CV: 0.862)
2026-10-07 14:38:54,017  run_gnn_dispatch          INFO       [gt_weighted] EQE1_Top  ->  411 circuits
2026-10-07 14:38:54,017  run_gnn_dispatch          INFO       [gt_weighted] EQE1_Bottom  ->  411 circuits
2026-10-07 14:38:54,017  run_gnn_dispatch          INFO       [gt_weighted] QExa20  ->  412 circuits
2026-10-07 14:38:54,020  run_gnn_dispatch          INFO       [gt_weighted] overall mean fidelity: 0.2017  (load CV: 0.001)
2026-10-07 14:38:54,020  run_gnn_dispatch          INFO       [gnn] EQE1_Top  ->  408 circuits
2026-10-07 14:38:54,020  run_gnn_dispatch          INFO       [gnn] EQE1_Bottom  ->  414 circuits
2026-10-07 14:38:54,020  run_gnn_dispatch          INFO       [gnn] QExa20  ->  412 circuits
2026-10-07 14:38:54,023  run_gnn_dispatch          INFO       [gnn] overall mean fidelity: 0.1931  (load CV: 0.007)
2026-10-07 14:38:54,023  run_gnn_dispatch          INFO       [round_robin] EQE1_Top  ->  412 circuits
2026-10-07 14:38:54,023  run_gnn_dispatch          INFO       [round_robin] EQE1_Bottom  ->  411 circuits
2026-10-07 14:38:54,023  run_gnn_dispatch          INFO       [round_robin] QExa20  ->  411 circuits
2026-10-07 14:38:54,026  run_gnn_dispatch          INFO       [round_robin] overall mean fidelity: 0.1905  (load CV: 0.001)
2026-10-07 14:38:54,028  run_gnn_dispatch          INFO       [cross-policy oracle↔gnn] agreement: 35.9%  mean regret: 0.0114
2026-10-07 14:38:54,029  run_gnn_dispatch          INFO       [cross-policy gt_weighted↔gnn] agreement: 38.5%  mean regret: 0.0086
2026-10-07 14:38:54,029  run_gnn_dispatch          INFO     === Fidelity weight 0.70 ===
2026-10-07 14:38:54,052  run_gnn_dispatch          INFO       [oracle] EQE1_Top  ->  67 circuits
2026-10-07 14:38:54,052  run_gnn_dispatch          INFO       [oracle] EQE1_Bottom  ->  392 circuits
2026-10-07 14:38:54,052  run_gnn_dispatch          INFO       [oracle] QExa20  ->  775 circuits
2026-10-07 14:38:54,055  run_gnn_dispatch          INFO       [oracle] overall mean fidelity: 0.2045  (load CV: 0.862)
2026-10-07 14:38:54,055  run_gnn_dispatch          INFO       [gt_weighted] EQE1_Top  ->  411 circuits
2026-10-07 14:38:54,055  run_gnn_dispatch          INFO       [gt_weighted] EQE1_Bottom  ->  411 circuits
2026-10-07 14:38:54,055  run_gnn_dispatch          INFO       [gt_weighted] QExa20  ->  412 circuits
2026-10-07 14:38:54,058  run_gnn_dispatch          INFO       [gt_weighted] overall mean fidelity: 0.2021  (load CV: 0.001)
2026-10-07 14:38:54,058  run_gnn_dispatch          INFO       [gnn] EQE1_Top  ->  406 circuits
2026-10-07 14:38:54,058  run_gnn_dispatch          INFO       [gnn] EQE1_Bottom  ->  415 circuits
2026-10-07 14:38:54,058  run_gnn_dispatch          INFO       [gnn] QExa20  ->  413 circuits
2026-10-07 14:38:54,061  run_gnn_dispatch          INFO       [gnn] overall mean fidelity: 0.1938  (load CV: 0.011)
2026-10-07 14:38:54,061  run_gnn_dispatch          INFO       [round_robin] EQE1_Top  ->  412 circuits
2026-10-07 14:38:54,061  run_gnn_dispatch          INFO       [round_robin] EQE1_Bottom  ->  411 circuits
2026-10-07 14:38:54,061  run_gnn_dispatch          INFO       [round_robin] QExa20  ->  411 circuits
2026-10-07 14:38:54,064  run_gnn_dispatch          INFO       [round_robin] overall mean fidelity: 0.1905  (load CV: 0.001)
2026-10-07 14:38:54,066  run_gnn_dispatch          INFO       [cross-policy oracle↔gnn] agreement: 37.5%  mean regret: 0.0107
2026-10-07 14:38:54,067  run_gnn_dispatch          INFO       [cross-policy gt_weighted↔gnn] agreement: 41.6%  mean regret: 0.0083
2026-10-07 14:38:54,067  run_gnn_dispatch          INFO     === Fidelity weight 0.80 ===
2026-10-07 14:38:54,202  run_gnn_dispatch          INFO       [oracle] EQE1_Top  ->  67 circuits
2026-10-07 14:38:54,202  run_gnn_dispatch          INFO       [oracle] EQE1_Bottom  ->  392 circuits
2026-10-07 14:38:54,202  run_gnn_dispatch          INFO       [oracle] QExa20  ->  775 circuits
2026-10-07 14:38:54,205  run_gnn_dispatch          INFO       [oracle] overall mean fidelity: 0.2045  (load CV: 0.862)
2026-10-07 14:38:54,205  run_gnn_dispatch          INFO       [gt_weighted] EQE1_Top  ->  411 circuits
2026-10-07 14:38:54,205  run_gnn_dispatch          INFO       [gt_weighted] EQE1_Bottom  ->  410 circuits
2026-10-07 14:38:54,205  run_gnn_dispatch          INFO       [gt_weighted] QExa20  ->  413 circuits
2026-10-07 14:38:54,208  run_gnn_dispatch          INFO       [gt_weighted] overall mean fidelity: 0.2028  (load CV: 0.004)
2026-10-07 14:38:54,208  run_gnn_dispatch          INFO       [gnn] EQE1_Top  ->  402 circuits
2026-10-07 14:38:54,208  run_gnn_dispatch          INFO       [gnn] EQE1_Bottom  ->  418 circuits
2026-10-07 14:38:54,208  run_gnn_dispatch          INFO       [gnn] QExa20  ->  414 circuits
2026-10-07 14:38:54,211  run_gnn_dispatch          INFO       [gnn] overall mean fidelity: 0.1951  (load CV: 0.020)
2026-10-07 14:38:54,211  run_gnn_dispatch          INFO       [round_robin] EQE1_Top  ->  412 circuits
2026-10-07 14:38:54,211  run_gnn_dispatch          INFO       [round_robin] EQE1_Bottom  ->  411 circuits
2026-10-07 14:38:54,211  run_gnn_dispatch          INFO       [round_robin] QExa20  ->  411 circuits
2026-10-07 14:38:54,214  run_gnn_dispatch          INFO       [round_robin] overall mean fidelity: 0.1905  (load CV: 0.001)
2026-10-07 14:38:54,215  run_gnn_dispatch          INFO       [cross-policy oracle↔gnn] agreement: 41.1%  mean regret: 0.0094
2026-10-07 14:38:54,217  run_gnn_dispatch          INFO       [cross-policy gt_weighted↔gnn] agreement: 41.5%  mean regret: 0.0077
2026-10-07 14:38:54,217  run_gnn_dispatch          INFO     === Fidelity weight 0.90 ===
2026-10-07 14:38:54,241  run_gnn_dispatch          INFO       [oracle] EQE1_Top  ->  67 circuits
2026-10-07 14:38:54,241  run_gnn_dispatch          INFO       [oracle] EQE1_Bottom  ->  392 circuits
2026-10-07 14:38:54,241  run_gnn_dispatch          INFO       [oracle] QExa20  ->  775 circuits
2026-10-07 14:38:54,244  run_gnn_dispatch          INFO       [oracle] overall mean fidelity: 0.2045  (load CV: 0.862)
2026-10-07 14:38:54,244  run_gnn_dispatch          INFO       [gt_weighted] EQE1_Top  ->  411 circuits
2026-10-07 14:38:54,244  run_gnn_dispatch          INFO       [gt_weighted] EQE1_Bottom  ->  410 circuits
2026-10-07 14:38:54,244  run_gnn_dispatch          INFO       [gt_weighted] QExa20  ->  413 circuits
2026-10-07 14:38:54,247  run_gnn_dispatch          INFO       [gt_weighted] overall mean fidelity: 0.2037  (load CV: 0.004)
2026-10-07 14:38:54,247  run_gnn_dispatch          INFO       [gnn] EQE1_Top  ->  351 circuits
2026-10-07 14:38:54,247  run_gnn_dispatch          INFO       [gnn] EQE1_Bottom  ->  507 circuits
2026-10-07 14:38:54,247  run_gnn_dispatch          INFO       [gnn] QExa20  ->  376 circuits
2026-10-07 14:38:54,250  run_gnn_dispatch          INFO       [gnn] overall mean fidelity: 0.1974  (load CV: 0.204)
2026-10-07 14:38:54,250  run_gnn_dispatch          INFO       [round_robin] EQE1_Top  ->  412 circuits
2026-10-07 14:38:54,250  run_gnn_dispatch          INFO       [round_robin] EQE1_Bottom  ->  411 circuits
2026-10-07 14:38:54,250  run_gnn_dispatch          INFO       [round_robin] QExa20  ->  411 circuits
2026-10-07 14:38:54,253  run_gnn_dispatch          INFO       [round_robin] overall mean fidelity: 0.1905  (load CV: 0.001)
2026-10-07 14:38:54,255  run_gnn_dispatch          INFO       [cross-policy oracle↔gnn] agreement: 46.8%  mean regret: 0.0071
2026-10-07 14:38:54,256  run_gnn_dispatch          INFO       [cross-policy gt_weighted↔gnn] agreement: 46.4%  mean regret: 0.0063
2026-10-07 14:38:54,256  run_gnn_dispatch          INFO     === Fidelity weight 1.00 ===
2026-10-07 14:38:54,279  run_gnn_dispatch          INFO       [oracle] EQE1_Top  ->  67 circuits
2026-10-07 14:38:54,279  run_gnn_dispatch          INFO       [oracle] EQE1_Bottom  ->  392 circuits
2026-10-07 14:38:54,279  run_gnn_dispatch          INFO       [oracle] QExa20  ->  775 circuits
2026-10-07 14:38:54,282  run_gnn_dispatch          INFO       [oracle] overall mean fidelity: 0.2045  (load CV: 0.862)
2026-10-07 14:38:54,282  run_gnn_dispatch          INFO       [gt_weighted] EQE1_Top  ->  67 circuits
2026-10-07 14:38:54,282  run_gnn_dispatch          INFO       [gt_weighted] EQE1_Bottom  ->  392 circuits
2026-10-07 14:38:54,282  run_gnn_dispatch          INFO       [gt_weighted] QExa20  ->  775 circuits
2026-10-07 14:38:54,285  run_gnn_dispatch          INFO       [gt_weighted] overall mean fidelity: 0.2045  (load CV: 0.862)
2026-10-07 14:38:54,285  run_gnn_dispatch          INFO       [gnn] EQE1_Top  ->  48 circuits
2026-10-07 14:38:54,285  run_gnn_dispatch          INFO       [gnn] EQE1_Bottom  ->  834 circuits
2026-10-07 14:38:54,285  run_gnn_dispatch          INFO       [gnn] QExa20  ->  352 circuits
2026-10-07 14:38:54,288  run_gnn_dispatch          INFO       [gnn] overall mean fidelity: 0.1991  (load CV: 0.964)
2026-10-07 14:38:54,288  run_gnn_dispatch          INFO       [round_robin] EQE1_Top  ->  412 circuits
2026-10-07 14:38:54,288  run_gnn_dispatch          INFO       [round_robin] EQE1_Bottom  ->  411 circuits
2026-10-07 14:38:54,288  run_gnn_dispatch          INFO       [round_robin] QExa20  ->  411 circuits
2026-10-07 14:38:54,291  run_gnn_dispatch          INFO       [round_robin] overall mean fidelity: 0.1905  (load CV: 0.001)
2026-10-07 14:38:54,292  run_gnn_dispatch          INFO       [cross-policy oracle↔gnn] agreement: 55.7%  mean regret: 0.0054
2026-10-07 14:38:54,294  run_gnn_dispatch          INFO       [cross-policy gt_weighted↔gnn] agreement: 55.7%  mean regret: 0.0054
2026-10-07 14:38:54,303  run_gnn_dispatch          INFO     Ground-truth fidelities saved to /home/atudisco/pred-distr-tool/evaluations/generalization/results/scheduling/leave_one_family_out/by_family/randomcircuit/fidelity_ground_truth.json
2026-10-07 14:38:54,310  run_gnn_dispatch          INFO     GNN-predicted fidelities saved to /home/atudisco/pred-distr-tool/evaluations/generalization/results/scheduling/leave_one_family_out/by_family/randomcircuit/fidelity_gnn_predicted.json
2026-10-07 14:38:54,335  run_gnn_dispatch          INFO     Full results saved to /home/atudisco/pred-distr-tool/evaluations/generalization/results/scheduling/leave_one_family_out/by_family/randomcircuit/dispatch_results.json
2026-10-07 14:38:54,338  run_gnn_dispatch          INFO     Summary CSV saved to /home/atudisco/pred-distr-tool/evaluations/generalization/results/scheduling/leave_one_family_out/by_family/randomcircuit/dispatch_summary.csv
2026-10-07 14:38:54,340  run_gnn_dispatch          INFO     Cross-policy CSV saved to /home/atudisco/pred-distr-tool/evaluations/generalization/results/scheduling/leave_one_family_out/by_family/randomcircuit/cross_policy_summary.csv
2026-10-07 14:38:54,342  genstudy.io               INFO     Wrote /home/atudisco/pred-distr-tool/evaluations/generalization/results/scheduling/leave_one_family_out/by_family/randomcircuit/sweep_summary.csv (11 rows)
2026-10-07 14:38:54,343  run_scheduling_eval       INFO     === per-family scheduling: vqe_real_amp (2861 circuits) ===
2026-10-07 14:38:54,345  run_scheduling_eval       INFO     Scheduling on 2861 circuits -> /home/atudisco/pred-distr-tool/evaluations/generalization/results/scheduling/leave_one_family_out/by_family/vqe_real_amp
2026-10-07 14:38:54,345  run_gnn_dispatch          INFO     === Fidelity weight 0.00 ===
2026-10-07 14:38:54,349  run_gnn_dispatch          INFO       [oracle] EQE1_Top  ->  396 circuits
2026-10-07 14:38:54,349  run_gnn_dispatch          INFO       [oracle] EQE1_Bottom  ->  1951 circuits
2026-10-07 14:38:54,349  run_gnn_dispatch          INFO       [oracle] QExa20  ->  514 circuits
2026-10-07 14:38:54,354  run_gnn_dispatch          INFO       [oracle] overall mean fidelity: 0.4383  (load CV: 0.908)
2026-10-07 14:38:54,354  run_gnn_dispatch          INFO       [gt_weighted] EQE1_Top  ->  954 circuits
2026-10-07 14:38:54,354  run_gnn_dispatch          INFO       [gt_weighted] EQE1_Bottom  ->  954 circuits
2026-10-07 14:38:54,354  run_gnn_dispatch          INFO       [gt_weighted] QExa20  ->  953 circuits
2026-10-07 14:38:54,360  run_gnn_dispatch          INFO       [gt_weighted] overall mean fidelity: 0.4010  (load CV: 0.001)
2026-10-07 14:38:54,360  run_gnn_dispatch          INFO       [gnn] EQE1_Top  ->  954 circuits
2026-10-07 14:38:54,360  run_gnn_dispatch          INFO       [gnn] EQE1_Bottom  ->  954 circuits
2026-10-07 14:38:54,360  run_gnn_dispatch          INFO       [gnn] QExa20  ->  953 circuits
2026-10-07 14:38:54,365  run_gnn_dispatch          INFO       [gnn] overall mean fidelity: 0.4010  (load CV: 0.001)
2026-10-07 14:38:54,365  run_gnn_dispatch          INFO       [round_robin] EQE1_Top  ->  954 circuits
2026-10-07 14:38:54,365  run_gnn_dispatch          INFO       [round_robin] EQE1_Bottom  ->  954 circuits
2026-10-07 14:38:54,365  run_gnn_dispatch          INFO       [round_robin] QExa20  ->  953 circuits
2026-10-07 14:38:54,371  run_gnn_dispatch          INFO       [round_robin] overall mean fidelity: 0.4010  (load CV: 0.001)
2026-10-07 14:38:54,373  run_gnn_dispatch          INFO       [cross-policy oracle↔gnn] agreement: 33.4%  mean regret: 0.0372
2026-10-07 14:38:54,375  run_gnn_dispatch          INFO       [cross-policy gt_weighted↔gnn] agreement: 100.0%  mean regret: 0.0000
2026-10-07 14:38:54,375  run_gnn_dispatch          INFO     === Fidelity weight 0.10 ===
2026-10-07 14:38:54,406  run_gnn_dispatch          INFO       [oracle] EQE1_Top  ->  396 circuits
2026-10-07 14:38:54,407  run_gnn_dispatch          INFO       [oracle] EQE1_Bottom  ->  1951 circuits
2026-10-07 14:38:54,407  run_gnn_dispatch          INFO       [oracle] QExa20  ->  514 circuits
2026-10-07 14:38:54,411  run_gnn_dispatch          INFO       [oracle] overall mean fidelity: 0.4383  (load CV: 0.908)
2026-10-07 14:38:54,411  run_gnn_dispatch          INFO       [gt_weighted] EQE1_Top  ->  945 circuits
2026-10-07 14:38:54,411  run_gnn_dispatch          INFO       [gt_weighted] EQE1_Bottom  ->  964 circuits
2026-10-07 14:38:54,411  run_gnn_dispatch          INFO       [gt_weighted] QExa20  ->  952 circuits
2026-10-07 14:38:54,417  run_gnn_dispatch          INFO       [gt_weighted] overall mean fidelity: 0.4164  (load CV: 0.010)
2026-10-07 14:38:54,417  run_gnn_dispatch          INFO       [gnn] EQE1_Top  ->  949 circuits
2026-10-07 14:38:54,417  run_gnn_dispatch          INFO       [gnn] EQE1_Bottom  ->  964 circuits
2026-10-07 14:38:54,417  run_gnn_dispatch          INFO       [gnn] QExa20  ->  948 circuits
2026-10-07 14:38:54,422  run_gnn_dispatch          INFO       [gnn] overall mean fidelity: 0.4128  (load CV: 0.009)
2026-10-07 14:38:54,422  run_gnn_dispatch          INFO       [round_robin] EQE1_Top  ->  954 circuits
2026-10-07 14:38:54,422  run_gnn_dispatch          INFO       [round_robin] EQE1_Bottom  ->  954 circuits
2026-10-07 14:38:54,422  run_gnn_dispatch          INFO       [round_robin] QExa20  ->  953 circuits
2026-10-07 14:38:54,428  run_gnn_dispatch          INFO       [round_robin] overall mean fidelity: 0.4010  (load CV: 0.001)
2026-10-07 14:38:54,430  run_gnn_dispatch          INFO       [cross-policy oracle↔gnn] agreement: 42.1%  mean regret: 0.0254
2026-10-07 14:38:54,433  run_gnn_dispatch          INFO       [cross-policy gt_weighted↔gnn] agreement: 50.5%  mean regret: 0.0036
2026-10-07 14:38:54,433  run_gnn_dispatch          INFO     === Fidelity weight 0.20 ===
2026-10-07 14:38:54,464  run_gnn_dispatch          INFO       [oracle] EQE1_Top  ->  396 circuits
2026-10-07 14:38:54,464  run_gnn_dispatch          INFO       [oracle] EQE1_Bottom  ->  1951 circuits
2026-10-07 14:38:54,464  run_gnn_dispatch          INFO       [oracle] QExa20  ->  514 circuits
2026-10-07 14:38:54,469  run_gnn_dispatch          INFO       [oracle] overall mean fidelity: 0.4383  (load CV: 0.908)
2026-10-07 14:38:54,469  run_gnn_dispatch          INFO       [gt_weighted] EQE1_Top  ->  936 circuits
2026-10-07 14:38:54,469  run_gnn_dispatch          INFO       [gt_weighted] EQE1_Bottom  ->  987 circuits
2026-10-07 14:38:54,469  run_gnn_dispatch          INFO       [gt_weighted] QExa20  ->  938 circuits
2026-10-07 14:38:54,474  run_gnn_dispatch          INFO       [gt_weighted] overall mean fidelity: 0.4212  (load CV: 0.030)
2026-10-07 14:38:54,474  run_gnn_dispatch          INFO       [gnn] EQE1_Top  ->  946 circuits
2026-10-07 14:38:54,474  run_gnn_dispatch          INFO       [gnn] EQE1_Bottom  ->  979 circuits
2026-10-07 14:38:54,474  run_gnn_dispatch          INFO       [gnn] QExa20  ->  936 circuits
2026-10-07 14:38:54,480  run_gnn_dispatch          INFO       [gnn] overall mean fidelity: 0.4177  (load CV: 0.024)
2026-10-07 14:38:54,480  run_gnn_dispatch          INFO       [round_robin] EQE1_Top  ->  954 circuits
2026-10-07 14:38:54,480  run_gnn_dispatch          INFO       [round_robin] EQE1_Bottom  ->  954 circuits
2026-10-07 14:38:54,480  run_gnn_dispatch          INFO       [round_robin] QExa20  ->  953 circuits
2026-10-07 14:38:54,485  run_gnn_dispatch          INFO       [round_robin] overall mean fidelity: 0.4010  (load CV: 0.001)
2026-10-07 14:38:54,488  run_gnn_dispatch          INFO       [cross-policy oracle↔gnn] agreement: 48.0%  mean regret: 0.0206
2026-10-07 14:38:54,491  run_gnn_dispatch          INFO       [cross-policy gt_weighted↔gnn] agreement: 58.4%  mean regret: 0.0035
2026-10-07 14:38:54,491  run_gnn_dispatch          INFO     === Fidelity weight 0.30 ===
2026-10-07 14:38:54,521  run_gnn_dispatch          INFO       [oracle] EQE1_Top  ->  396 circuits
2026-10-07 14:38:54,521  run_gnn_dispatch          INFO       [oracle] EQE1_Bottom  ->  1951 circuits
2026-10-07 14:38:54,521  run_gnn_dispatch          INFO       [oracle] QExa20  ->  514 circuits
2026-10-07 14:38:54,526  run_gnn_dispatch          INFO       [oracle] overall mean fidelity: 0.4383  (load CV: 0.908)
2026-10-07 14:38:54,526  run_gnn_dispatch          INFO       [gt_weighted] EQE1_Top  ->  928 circuits
2026-10-07 14:38:54,527  run_gnn_dispatch          INFO       [gt_weighted] EQE1_Bottom  ->  1004 circuits
2026-10-07 14:38:54,527  run_gnn_dispatch          INFO       [gt_weighted] QExa20  ->  929 circuits
2026-10-07 14:38:54,531  run_gnn_dispatch          INFO       [gt_weighted] overall mean fidelity: 0.4237  (load CV: 0.046)
2026-10-07 14:38:54,531  run_gnn_dispatch          INFO       [gnn] EQE1_Top  ->  942 circuits
2026-10-07 14:38:54,532  run_gnn_dispatch          INFO       [gnn] EQE1_Bottom  ->  994 circuits
2026-10-07 14:38:54,532  run_gnn_dispatch          INFO       [gnn] QExa20  ->  925 circuits
2026-10-07 14:38:54,537  run_gnn_dispatch          INFO       [gnn] overall mean fidelity: 0.4202  (load CV: 0.038)
2026-10-07 14:38:54,537  run_gnn_dispatch          INFO       [round_robin] EQE1_Top  ->  954 circuits
2026-10-07 14:38:54,537  run_gnn_dispatch          INFO       [round_robin] EQE1_Bottom  ->  954 circuits
2026-10-07 14:38:54,537  run_gnn_dispatch          INFO       [round_robin] QExa20  ->  953 circuits
2026-10-07 14:38:54,542  run_gnn_dispatch          INFO       [round_robin] overall mean fidelity: 0.4010  (load CV: 0.001)
2026-10-07 14:38:54,545  run_gnn_dispatch          INFO       [cross-policy oracle↔gnn] agreement: 51.9%  mean regret: 0.0181
2026-10-07 14:38:54,547  run_gnn_dispatch          INFO       [cross-policy gt_weighted↔gnn] agreement: 61.9%  mean regret: 0.0035
2026-10-07 14:38:54,548  run_gnn_dispatch          INFO     === Fidelity weight 0.40 ===
2026-10-07 14:38:54,578  run_gnn_dispatch          INFO       [oracle] EQE1_Top  ->  396 circuits
2026-10-07 14:38:54,578  run_gnn_dispatch          INFO       [oracle] EQE1_Bottom  ->  1951 circuits
2026-10-07 14:38:54,578  run_gnn_dispatch          INFO       [oracle] QExa20  ->  514 circuits
2026-10-07 14:38:54,583  run_gnn_dispatch          INFO       [oracle] overall mean fidelity: 0.4383  (load CV: 0.908)
2026-10-07 14:38:54,583  run_gnn_dispatch          INFO       [gt_weighted] EQE1_Top  ->  921 circuits
2026-10-07 14:38:54,583  run_gnn_dispatch          INFO       [gt_weighted] EQE1_Bottom  ->  1026 circuits
2026-10-07 14:38:54,583  run_gnn_dispatch          INFO       [gt_weighted] QExa20  ->  914 circuits
2026-10-07 14:38:54,588  run_gnn_dispatch          INFO       [gt_weighted] overall mean fidelity: 0.4256  (load CV: 0.066)
2026-10-07 14:38:54,588  run_gnn_dispatch          INFO       [gnn] EQE1_Top  ->  933 circuits
2026-10-07 14:38:54,588  run_gnn_dispatch          INFO       [gnn] EQE1_Bottom  ->  1013 circuits
2026-10-07 14:38:54,588  run_gnn_dispatch          INFO       [gnn] QExa20  ->  915 circuits
2026-10-07 14:38:54,594  run_gnn_dispatch          INFO       [gnn] overall mean fidelity: 0.4219  (load CV: 0.055)
2026-10-07 14:38:54,594  run_gnn_dispatch          INFO       [round_robin] EQE1_Top  ->  954 circuits
2026-10-07 14:38:54,594  run_gnn_dispatch          INFO       [round_robin] EQE1_Bottom  ->  954 circuits
2026-10-07 14:38:54,594  run_gnn_dispatch          INFO       [round_robin] QExa20  ->  953 circuits
2026-10-07 14:38:54,599  run_gnn_dispatch          INFO       [round_robin] overall mean fidelity: 0.4010  (load CV: 0.001)
2026-10-07 14:38:54,602  run_gnn_dispatch          INFO       [cross-policy oracle↔gnn] agreement: 54.8%  mean regret: 0.0163
2026-10-07 14:38:54,604  run_gnn_dispatch          INFO       [cross-policy gt_weighted↔gnn] agreement: 65.7%  mean regret: 0.0037
2026-10-07 14:38:54,604  run_gnn_dispatch          INFO     === Fidelity weight 0.50 ===
2026-10-07 14:38:54,635  run_gnn_dispatch          INFO       [oracle] EQE1_Top  ->  396 circuits
2026-10-07 14:38:54,635  run_gnn_dispatch          INFO       [oracle] EQE1_Bottom  ->  1951 circuits
2026-10-07 14:38:54,635  run_gnn_dispatch          INFO       [oracle] QExa20  ->  514 circuits
2026-10-07 14:38:54,640  run_gnn_dispatch          INFO       [oracle] overall mean fidelity: 0.4383  (load CV: 0.908)
2026-10-07 14:38:54,640  run_gnn_dispatch          INFO       [gt_weighted] EQE1_Top  ->  918 circuits
2026-10-07 14:38:54,640  run_gnn_dispatch          INFO       [gt_weighted] EQE1_Bottom  ->  1053 circuits
2026-10-07 14:38:54,640  run_gnn_dispatch          INFO       [gt_weighted] QExa20  ->  890 circuits
2026-10-07 14:38:54,645  run_gnn_dispatch          INFO       [gt_weighted] overall mean fidelity: 0.4273  (load CV: 0.091)
2026-10-07 14:38:54,645  run_gnn_dispatch          INFO       [gnn] EQE1_Top  ->  926 circuits
2026-10-07 14:38:54,645  run_gnn_dispatch          INFO       [gnn] EQE1_Bottom  ->  1041 circuits
2026-10-07 14:38:54,645  run_gnn_dispatch          INFO       [gnn] QExa20  ->  894 circuits
2026-10-07 14:38:54,650  run_gnn_dispatch          INFO       [gnn] overall mean fidelity: 0.4234  (load CV: 0.081)
2026-10-07 14:38:54,651  run_gnn_dispatch          INFO       [round_robin] EQE1_Top  ->  954 circuits
2026-10-07 14:38:54,651  run_gnn_dispatch          INFO       [round_robin] EQE1_Bottom  ->  954 circuits
2026-10-07 14:38:54,651  run_gnn_dispatch          INFO       [round_robin] QExa20  ->  953 circuits
2026-10-07 14:38:54,656  run_gnn_dispatch          INFO       [round_robin] overall mean fidelity: 0.4010  (load CV: 0.001)
2026-10-07 14:38:54,659  run_gnn_dispatch          INFO       [cross-policy oracle↔gnn] agreement: 57.3%  mean regret: 0.0149
2026-10-07 14:38:54,661  run_gnn_dispatch          INFO       [cross-policy gt_weighted↔gnn] agreement: 67.1%  mean regret: 0.0039
2026-10-07 14:38:54,661  run_gnn_dispatch          INFO     === Fidelity weight 0.60 ===
2026-10-07 14:38:54,692  run_gnn_dispatch          INFO       [oracle] EQE1_Top  ->  396 circuits
2026-10-07 14:38:54,692  run_gnn_dispatch          INFO       [oracle] EQE1_Bottom  ->  1951 circuits
2026-10-07 14:38:54,692  run_gnn_dispatch          INFO       [oracle] QExa20  ->  514 circuits
2026-10-07 14:38:54,697  run_gnn_dispatch          INFO       [oracle] overall mean fidelity: 0.4383  (load CV: 0.908)
2026-10-07 14:38:54,697  run_gnn_dispatch          INFO       [gt_weighted] EQE1_Top  ->  916 circuits
2026-10-07 14:38:54,697  run_gnn_dispatch          INFO       [gt_weighted] EQE1_Bottom  ->  1089 circuits
2026-10-07 14:38:54,697  run_gnn_dispatch          INFO       [gt_weighted] QExa20  ->  856 circuits
2026-10-07 14:38:54,702  run_gnn_dispatch          INFO       [gt_weighted] overall mean fidelity: 0.4290  (load CV: 0.127)
2026-10-07 14:38:54,702  run_gnn_dispatch          INFO       [gnn] EQE1_Top  ->  917 circuits
2026-10-07 14:38:54,702  run_gnn_dispatch          INFO       [gnn] EQE1_Bottom  ->  1079 circuits
2026-10-07 14:38:54,702  run_gnn_dispatch          INFO       [gnn] QExa20  ->  865 circuits
2026-10-07 14:38:54,707  run_gnn_dispatch          INFO       [gnn] overall mean fidelity: 0.4246  (load CV: 0.117)
2026-10-07 14:38:54,707  run_gnn_dispatch          INFO       [round_robin] EQE1_Top  ->  954 circuits
2026-10-07 14:38:54,707  run_gnn_dispatch          INFO       [round_robin] EQE1_Bottom  ->  954 circuits
2026-10-07 14:38:54,707  run_gnn_dispatch          INFO       [round_robin] QExa20  ->  953 circuits
2026-10-07 14:38:54,713  run_gnn_dispatch          INFO       [round_robin] overall mean fidelity: 0.4010  (load CV: 0.001)
2026-10-07 14:38:54,715  run_gnn_dispatch          INFO       [cross-policy oracle↔gnn] agreement: 59.0%  mean regret: 0.0137
2026-10-07 14:38:54,718  run_gnn_dispatch          INFO       [cross-policy gt_weighted↔gnn] agreement: 70.3%  mean regret: 0.0044
2026-10-07 14:38:54,718  run_gnn_dispatch          INFO     === Fidelity weight 0.70 ===
2026-10-07 14:38:54,749  run_gnn_dispatch          INFO       [oracle] EQE1_Top  ->  396 circuits
2026-10-07 14:38:54,749  run_gnn_dispatch          INFO       [oracle] EQE1_Bottom  ->  1951 circuits
2026-10-07 14:38:54,749  run_gnn_dispatch          INFO       [oracle] QExa20  ->  514 circuits
2026-10-07 14:38:54,754  run_gnn_dispatch          INFO       [oracle] overall mean fidelity: 0.4383  (load CV: 0.908)
2026-10-07 14:38:54,754  run_gnn_dispatch          INFO       [gt_weighted] EQE1_Top  ->  906 circuits
2026-10-07 14:38:54,754  run_gnn_dispatch          INFO       [gt_weighted] EQE1_Bottom  ->  1141 circuits
2026-10-07 14:38:54,754  run_gnn_dispatch          INFO       [gt_weighted] QExa20  ->  814 circuits
2026-10-07 14:38:54,759  run_gnn_dispatch          INFO       [gt_weighted] overall mean fidelity: 0.4306  (load CV: 0.177)
2026-10-07 14:38:54,759  run_gnn_dispatch          INFO       [gnn] EQE1_Top  ->  904 circuits
2026-10-07 14:38:54,759  run_gnn_dispatch          INFO       [gnn] EQE1_Bottom  ->  1135 circuits
2026-10-07 14:38:54,759  run_gnn_dispatch          INFO       [gnn] QExa20  ->  822 circuits
2026-10-07 14:38:54,764  run_gnn_dispatch          INFO       [gnn] overall mean fidelity: 0.4260  (load CV: 0.170)
2026-10-07 14:38:54,764  run_gnn_dispatch          INFO       [round_robin] EQE1_Top  ->  954 circuits
2026-10-07 14:38:54,764  run_gnn_dispatch          INFO       [round_robin] EQE1_Bottom  ->  954 circuits
2026-10-07 14:38:54,764  run_gnn_dispatch          INFO       [round_robin] QExa20  ->  953 circuits
2026-10-07 14:38:54,769  run_gnn_dispatch          INFO       [round_robin] overall mean fidelity: 0.4010  (load CV: 0.001)
2026-10-07 14:38:54,772  run_gnn_dispatch          INFO       [cross-policy oracle↔gnn] agreement: 61.8%  mean regret: 0.0123
2026-10-07 14:38:54,774  run_gnn_dispatch          INFO       [cross-policy gt_weighted↔gnn] agreement: 70.8%  mean regret: 0.0047
2026-10-07 14:38:54,775  run_gnn_dispatch          INFO     === Fidelity weight 0.80 ===
2026-10-07 14:38:54,805  run_gnn_dispatch          INFO       [oracle] EQE1_Top  ->  396 circuits
2026-10-07 14:38:54,805  run_gnn_dispatch          INFO       [oracle] EQE1_Bottom  ->  1951 circuits
2026-10-07 14:38:54,805  run_gnn_dispatch          INFO       [oracle] QExa20  ->  514 circuits
2026-10-07 14:38:54,810  run_gnn_dispatch          INFO       [oracle] overall mean fidelity: 0.4383  (load CV: 0.908)
2026-10-07 14:38:54,810  run_gnn_dispatch          INFO       [gt_weighted] EQE1_Top  ->  884 circuits
2026-10-07 14:38:54,810  run_gnn_dispatch          INFO       [gt_weighted] EQE1_Bottom  ->  1237 circuits
2026-10-07 14:38:54,810  run_gnn_dispatch          INFO       [gt_weighted] QExa20  ->  740 circuits
2026-10-07 14:38:54,815  run_gnn_dispatch          INFO       [gt_weighted] overall mean fidelity: 0.4327  (load CV: 0.268)
2026-10-07 14:38:54,815  run_gnn_dispatch          INFO       [gnn] EQE1_Top  ->  884 circuits
2026-10-07 14:38:54,815  run_gnn_dispatch          INFO       [gnn] EQE1_Bottom  ->  1240 circuits
2026-10-07 14:38:54,815  run_gnn_dispatch          INFO       [gnn] QExa20  ->  737 circuits
2026-10-07 14:38:54,821  run_gnn_dispatch          INFO       [gnn] overall mean fidelity: 0.4282  (load CV: 0.271)
2026-10-07 14:38:54,821  run_gnn_dispatch          INFO       [round_robin] EQE1_Top  ->  954 circuits
2026-10-07 14:38:54,821  run_gnn_dispatch          INFO       [round_robin] EQE1_Bottom  ->  954 circuits
2026-10-07 14:38:54,821  run_gnn_dispatch          INFO       [round_robin] QExa20  ->  953 circuits
2026-10-07 14:38:54,826  run_gnn_dispatch          INFO       [round_robin] overall mean fidelity: 0.4010  (load CV: 0.001)
2026-10-07 14:38:54,829  run_gnn_dispatch          INFO       [cross-policy oracle↔gnn] agreement: 66.1%  mean regret: 0.0101
2026-10-07 14:38:54,831  run_gnn_dispatch          INFO       [cross-policy gt_weighted↔gnn] agreement: 71.4%  mean regret: 0.0045
2026-10-07 14:38:54,831  run_gnn_dispatch          INFO     === Fidelity weight 0.90 ===
2026-10-07 14:38:54,951  run_gnn_dispatch          INFO       [oracle] EQE1_Top  ->  396 circuits
2026-10-07 14:38:54,951  run_gnn_dispatch          INFO       [oracle] EQE1_Bottom  ->  1951 circuits
2026-10-07 14:38:54,951  run_gnn_dispatch          INFO       [oracle] QExa20  ->  514 circuits
2026-10-07 14:38:54,956  run_gnn_dispatch          INFO       [oracle] overall mean fidelity: 0.4383  (load CV: 0.908)
2026-10-07 14:38:54,956  run_gnn_dispatch          INFO       [gt_weighted] EQE1_Top  ->  868 circuits
2026-10-07 14:38:54,956  run_gnn_dispatch          INFO       [gt_weighted] EQE1_Bottom  ->  1410 circuits
2026-10-07 14:38:54,956  run_gnn_dispatch          INFO       [gt_weighted] QExa20  ->  583 circuits
2026-10-07 14:38:54,961  run_gnn_dispatch          INFO       [gt_weighted] overall mean fidelity: 0.4355  (load CV: 0.441)
2026-10-07 14:38:54,961  run_gnn_dispatch          INFO       [gnn] EQE1_Top  ->  796 circuits
2026-10-07 14:38:54,961  run_gnn_dispatch          INFO       [gnn] EQE1_Bottom  ->  1505 circuits
2026-10-07 14:38:54,961  run_gnn_dispatch          INFO       [gnn] QExa20  ->  560 circuits
2026-10-07 14:38:54,966  run_gnn_dispatch          INFO       [gnn] overall mean fidelity: 0.4320  (load CV: 0.516)
2026-10-07 14:38:54,967  run_gnn_dispatch          INFO       [round_robin] EQE1_Top  ->  954 circuits
2026-10-07 14:38:54,967  run_gnn_dispatch          INFO       [round_robin] EQE1_Bottom  ->  954 circuits
2026-10-07 14:38:54,967  run_gnn_dispatch          INFO       [round_robin] QExa20  ->  953 circuits
2026-10-07 14:38:54,972  run_gnn_dispatch          INFO       [round_robin] overall mean fidelity: 0.4010  (load CV: 0.001)
2026-10-07 14:38:54,974  run_gnn_dispatch          INFO       [cross-policy oracle↔gnn] agreement: 74.8%  mean regret: 0.0063
2026-10-07 14:38:54,977  run_gnn_dispatch          INFO       [cross-policy gt_weighted↔gnn] agreement: 72.6%  mean regret: 0.0035
2026-10-07 14:38:54,977  run_gnn_dispatch          INFO     === Fidelity weight 1.00 ===
2026-10-07 14:38:55,008  run_gnn_dispatch          INFO       [oracle] EQE1_Top  ->  396 circuits
2026-10-07 14:38:55,008  run_gnn_dispatch          INFO       [oracle] EQE1_Bottom  ->  1951 circuits
2026-10-07 14:38:55,008  run_gnn_dispatch          INFO       [oracle] QExa20  ->  514 circuits
2026-10-07 14:38:55,013  run_gnn_dispatch          INFO       [oracle] overall mean fidelity: 0.4383  (load CV: 0.908)
2026-10-07 14:38:55,013  run_gnn_dispatch          INFO       [gt_weighted] EQE1_Top  ->  396 circuits
2026-10-07 14:38:55,013  run_gnn_dispatch          INFO       [gt_weighted] EQE1_Bottom  ->  1951 circuits
2026-10-07 14:38:55,013  run_gnn_dispatch          INFO       [gt_weighted] QExa20  ->  514 circuits
2026-10-07 14:38:55,018  run_gnn_dispatch          INFO       [gt_weighted] overall mean fidelity: 0.4383  (load CV: 0.908)
2026-10-07 14:38:55,018  run_gnn_dispatch          INFO       [gnn] EQE1_Top  ->  293 circuits
2026-10-07 14:38:55,018  run_gnn_dispatch          INFO       [gnn] EQE1_Bottom  ->  2207 circuits
2026-10-07 14:38:55,018  run_gnn_dispatch          INFO       [gnn] QExa20  ->  361 circuits
2026-10-07 14:38:55,023  run_gnn_dispatch          INFO       [gnn] overall mean fidelity: 0.4345  (load CV: 1.139)
2026-10-07 14:38:55,023  run_gnn_dispatch          INFO       [round_robin] EQE1_Top  ->  954 circuits
2026-10-07 14:38:55,023  run_gnn_dispatch          INFO       [round_robin] EQE1_Bottom  ->  954 circuits
2026-10-07 14:38:55,023  run_gnn_dispatch          INFO       [round_robin] QExa20  ->  953 circuits
2026-10-07 14:38:55,029  run_gnn_dispatch          INFO       [round_robin] overall mean fidelity: 0.4010  (load CV: 0.001)
2026-10-07 14:38:55,031  run_gnn_dispatch          INFO       [cross-policy oracle↔gnn] agreement: 80.9%  mean regret: 0.0038
2026-10-07 14:38:55,033  run_gnn_dispatch          INFO       [cross-policy gt_weighted↔gnn] agreement: 80.9%  mean regret: 0.0038
2026-10-07 14:38:55,048  run_gnn_dispatch          INFO     Ground-truth fidelities saved to /home/atudisco/pred-distr-tool/evaluations/generalization/results/scheduling/leave_one_family_out/by_family/vqe_real_amp/fidelity_ground_truth.json
2026-10-07 14:38:55,061  run_gnn_dispatch          INFO     GNN-predicted fidelities saved to /home/atudisco/pred-distr-tool/evaluations/generalization/results/scheduling/leave_one_family_out/by_family/vqe_real_amp/fidelity_gnn_predicted.json
2026-10-07 14:38:55,108  run_gnn_dispatch          INFO     Full results saved to /home/atudisco/pred-distr-tool/evaluations/generalization/results/scheduling/leave_one_family_out/by_family/vqe_real_amp/dispatch_results.json
2026-10-07 14:38:55,110  run_gnn_dispatch          INFO     Summary CSV saved to /home/atudisco/pred-distr-tool/evaluations/generalization/results/scheduling/leave_one_family_out/by_family/vqe_real_amp/dispatch_summary.csv
2026-10-07 14:38:55,112  run_gnn_dispatch          INFO     Cross-policy CSV saved to /home/atudisco/pred-distr-tool/evaluations/generalization/results/scheduling/leave_one_family_out/by_family/vqe_real_amp/cross_policy_summary.csv
2026-10-07 14:38:55,114  genstudy.io               INFO     Wrote /home/atudisco/pred-distr-tool/evaluations/generalization/results/scheduling/leave_one_family_out/by_family/vqe_real_amp/sweep_summary.csv (11 rows)
2026-10-07 14:38:55,115  run_scheduling_eval       INFO     === per-family scheduling: vqe_su2 (2858 circuits) ===
2026-10-07 14:38:55,118  run_scheduling_eval       INFO     Scheduling on 2858 circuits -> /home/atudisco/pred-distr-tool/evaluations/generalization/results/scheduling/leave_one_family_out/by_family/vqe_su2
2026-10-07 14:38:55,118  run_gnn_dispatch          INFO     === Fidelity weight 0.00 ===
2026-10-07 14:38:55,122  run_gnn_dispatch          INFO       [oracle] EQE1_Top  ->  341 circuits
2026-10-07 14:38:55,122  run_gnn_dispatch          INFO       [oracle] EQE1_Bottom  ->  2068 circuits
2026-10-07 14:38:55,122  run_gnn_dispatch          INFO       [oracle] QExa20  ->  449 circuits
2026-10-07 14:38:55,127  run_gnn_dispatch          INFO       [oracle] overall mean fidelity: 0.4231  (load CV: 1.015)
2026-10-07 14:38:55,127  run_gnn_dispatch          INFO       [gt_weighted] EQE1_Top  ->  953 circuits
2026-10-07 14:38:55,127  run_gnn_dispatch          INFO       [gt_weighted] EQE1_Bottom  ->  953 circuits
2026-10-07 14:38:55,127  run_gnn_dispatch          INFO       [gt_weighted] QExa20  ->  952 circuits
2026-10-07 14:38:55,132  run_gnn_dispatch          INFO       [gt_weighted] overall mean fidelity: 0.3774  (load CV: 0.001)
2026-10-07 14:38:55,132  run_gnn_dispatch          INFO       [gnn] EQE1_Top  ->  953 circuits
2026-10-07 14:38:55,132  run_gnn_dispatch          INFO       [gnn] EQE1_Bottom  ->  953 circuits
2026-10-07 14:38:55,132  run_gnn_dispatch          INFO       [gnn] QExa20  ->  952 circuits
2026-10-07 14:38:55,138  run_gnn_dispatch          INFO       [gnn] overall mean fidelity: 0.3774  (load CV: 0.001)
2026-10-07 14:38:55,138  run_gnn_dispatch          INFO       [round_robin] EQE1_Top  ->  953 circuits
2026-10-07 14:38:55,138  run_gnn_dispatch          INFO       [round_robin] EQE1_Bottom  ->  953 circuits
2026-10-07 14:38:55,138  run_gnn_dispatch          INFO       [round_robin] QExa20  ->  952 circuits
2026-10-07 14:38:55,143  run_gnn_dispatch          INFO       [round_robin] overall mean fidelity: 0.3774  (load CV: 0.001)
2026-10-07 14:38:55,146  run_gnn_dispatch          INFO       [cross-policy oracle↔gnn] agreement: 33.4%  mean regret: 0.0457
2026-10-07 14:38:55,148  run_gnn_dispatch          INFO       [cross-policy gt_weighted↔gnn] agreement: 100.0%  mean regret: 0.0000
2026-10-07 14:38:55,148  run_gnn_dispatch          INFO     === Fidelity weight 0.10 ===
2026-10-07 14:38:55,179  run_gnn_dispatch          INFO       [oracle] EQE1_Top  ->  341 circuits
2026-10-07 14:38:55,179  run_gnn_dispatch          INFO       [oracle] EQE1_Bottom  ->  2068 circuits
2026-10-07 14:38:55,179  run_gnn_dispatch          INFO       [oracle] QExa20  ->  449 circuits
2026-10-07 14:38:55,184  run_gnn_dispatch          INFO       [oracle] overall mean fidelity: 0.4231  (load CV: 1.015)
2026-10-07 14:38:55,184  run_gnn_dispatch          INFO       [gt_weighted] EQE1_Top  ->  947 circuits
2026-10-07 14:38:55,184  run_gnn_dispatch          INFO       [gt_weighted] EQE1_Bottom  ->  966 circuits
2026-10-07 14:38:55,184  run_gnn_dispatch          INFO       [gt_weighted] QExa20  ->  945 circuits
2026-10-07 14:38:55,189  run_gnn_dispatch          INFO       [gt_weighted] overall mean fidelity: 0.3950  (load CV: 0.012)
2026-10-07 14:38:55,189  run_gnn_dispatch          INFO       [gnn] EQE1_Top  ->  953 circuits
2026-10-07 14:38:55,189  run_gnn_dispatch          INFO       [gnn] EQE1_Bottom  ->  957 circuits
2026-10-07 14:38:55,189  run_gnn_dispatch          INFO       [gnn] QExa20  ->  948 circuits
2026-10-07 14:38:55,194  run_gnn_dispatch          INFO       [gnn] overall mean fidelity: 0.3843  (load CV: 0.005)
2026-10-07 14:38:55,194  run_gnn_dispatch          INFO       [round_robin] EQE1_Top  ->  953 circuits
2026-10-07 14:38:55,194  run_gnn_dispatch          INFO       [round_robin] EQE1_Bottom  ->  953 circuits
2026-10-07 14:38:55,194  run_gnn_dispatch          INFO       [round_robin] QExa20  ->  952 circuits
2026-10-07 14:38:55,200  run_gnn_dispatch          INFO       [round_robin] overall mean fidelity: 0.3774  (load CV: 0.001)
2026-10-07 14:38:55,203  run_gnn_dispatch          INFO       [cross-policy oracle↔gnn] agreement: 38.8%  mean regret: 0.0388
2026-10-07 14:38:55,205  run_gnn_dispatch          INFO       [cross-policy gt_weighted↔gnn] agreement: 42.5%  mean regret: 0.0107
2026-10-07 14:38:55,205  run_gnn_dispatch          INFO     === Fidelity weight 0.20 ===
2026-10-07 14:38:55,236  run_gnn_dispatch          INFO       [oracle] EQE1_Top  ->  341 circuits
2026-10-07 14:38:55,236  run_gnn_dispatch          INFO       [oracle] EQE1_Bottom  ->  2068 circuits
2026-10-07 14:38:55,236  run_gnn_dispatch          INFO       [oracle] QExa20  ->  449 circuits
2026-10-07 14:38:55,241  run_gnn_dispatch          INFO       [oracle] overall mean fidelity: 0.4231  (load CV: 1.015)
2026-10-07 14:38:55,241  run_gnn_dispatch          INFO       [gt_weighted] EQE1_Top  ->  938 circuits
2026-10-07 14:38:55,241  run_gnn_dispatch          INFO       [gt_weighted] EQE1_Bottom  ->  990 circuits
2026-10-07 14:38:55,241  run_gnn_dispatch          INFO       [gt_weighted] QExa20  ->  930 circuits
2026-10-07 14:38:55,246  run_gnn_dispatch          INFO       [gt_weighted] overall mean fidelity: 0.4010  (load CV: 0.034)
2026-10-07 14:38:55,246  run_gnn_dispatch          INFO       [gnn] EQE1_Top  ->  955 circuits
2026-10-07 14:38:55,246  run_gnn_dispatch          INFO       [gnn] EQE1_Bottom  ->  962 circuits
2026-10-07 14:38:55,246  run_gnn_dispatch          INFO       [gnn] QExa20  ->  941 circuits
2026-10-07 14:38:55,252  run_gnn_dispatch          INFO       [gnn] overall mean fidelity: 0.3879  (load CV: 0.011)
2026-10-07 14:38:55,252  run_gnn_dispatch          INFO       [round_robin] EQE1_Top  ->  953 circuits
2026-10-07 14:38:55,252  run_gnn_dispatch          INFO       [round_robin] EQE1_Bottom  ->  953 circuits
2026-10-07 14:38:55,252  run_gnn_dispatch          INFO       [round_robin] QExa20  ->  952 circuits
2026-10-07 14:38:55,257  run_gnn_dispatch          INFO       [round_robin] overall mean fidelity: 0.3774  (load CV: 0.001)
2026-10-07 14:38:55,260  run_gnn_dispatch          INFO       [cross-policy oracle↔gnn] agreement: 40.7%  mean regret: 0.0352
2026-10-07 14:38:55,262  run_gnn_dispatch          INFO       [cross-policy gt_weighted↔gnn] agreement: 46.8%  mean regret: 0.0131
2026-10-07 14:38:55,262  run_gnn_dispatch          INFO     === Fidelity weight 0.30 ===
2026-10-07 14:38:55,294  run_gnn_dispatch          INFO       [oracle] EQE1_Top  ->  341 circuits
2026-10-07 14:38:55,294  run_gnn_dispatch          INFO       [oracle] EQE1_Bottom  ->  2068 circuits
2026-10-07 14:38:55,294  run_gnn_dispatch          INFO       [oracle] QExa20  ->  449 circuits
2026-10-07 14:38:55,299  run_gnn_dispatch          INFO       [oracle] overall mean fidelity: 0.4231  (load CV: 1.015)
2026-10-07 14:38:55,299  run_gnn_dispatch          INFO       [gt_weighted] EQE1_Top  ->  930 circuits
2026-10-07 14:38:55,299  run_gnn_dispatch          INFO       [gt_weighted] EQE1_Bottom  ->  1020 circuits
2026-10-07 14:38:55,299  run_gnn_dispatch          INFO       [gt_weighted] QExa20  ->  908 circuits
2026-10-07 14:38:55,304  run_gnn_dispatch          INFO       [gt_weighted] overall mean fidelity: 0.4044  (load CV: 0.062)
2026-10-07 14:38:55,304  run_gnn_dispatch          INFO       [gnn] EQE1_Top  ->  956 circuits
2026-10-07 14:38:55,304  run_gnn_dispatch          INFO       [gnn] EQE1_Bottom  ->  969 circuits
2026-10-07 14:38:55,304  run_gnn_dispatch          INFO       [gnn] QExa20  ->  933 circuits
2026-10-07 14:38:55,309  run_gnn_dispatch          INFO       [gnn] overall mean fidelity: 0.3892  (load CV: 0.019)
2026-10-07 14:38:55,309  run_gnn_dispatch          INFO       [round_robin] EQE1_Top  ->  953 circuits
2026-10-07 14:38:55,309  run_gnn_dispatch          INFO       [round_robin] EQE1_Bottom  ->  953 circuits
2026-10-07 14:38:55,309  run_gnn_dispatch          INFO       [round_robin] QExa20  ->  952 circuits
2026-10-07 14:38:55,315  run_gnn_dispatch          INFO       [round_robin] overall mean fidelity: 0.3774  (load CV: 0.001)
2026-10-07 14:38:55,317  run_gnn_dispatch          INFO       [cross-policy oracle↔gnn] agreement: 42.0%  mean regret: 0.0339
2026-10-07 14:38:55,320  run_gnn_dispatch          INFO       [cross-policy gt_weighted↔gnn] agreement: 49.4%  mean regret: 0.0152
2026-10-07 14:38:55,320  run_gnn_dispatch          INFO     === Fidelity weight 0.40 ===
2026-10-07 14:38:55,351  run_gnn_dispatch          INFO       [oracle] EQE1_Top  ->  341 circuits
2026-10-07 14:38:55,351  run_gnn_dispatch          INFO       [oracle] EQE1_Bottom  ->  2068 circuits
2026-10-07 14:38:55,351  run_gnn_dispatch          INFO       [oracle] QExa20  ->  449 circuits
2026-10-07 14:38:55,356  run_gnn_dispatch          INFO       [oracle] overall mean fidelity: 0.4231  (load CV: 1.015)
2026-10-07 14:38:55,356  run_gnn_dispatch          INFO       [gt_weighted] EQE1_Top  ->  930 circuits
2026-10-07 14:38:55,356  run_gnn_dispatch          INFO       [gt_weighted] EQE1_Bottom  ->  1048 circuits
2026-10-07 14:38:55,356  run_gnn_dispatch          INFO       [gt_weighted] QExa20  ->  880 circuits
2026-10-07 14:38:55,361  run_gnn_dispatch          INFO       [gt_weighted] overall mean fidelity: 0.4070  (load CV: 0.091)
2026-10-07 14:38:55,361  run_gnn_dispatch          INFO       [gnn] EQE1_Top  ->  956 circuits
2026-10-07 14:38:55,361  run_gnn_dispatch          INFO       [gnn] EQE1_Bottom  ->  977 circuits
2026-10-07 14:38:55,361  run_gnn_dispatch          INFO       [gnn] QExa20  ->  925 circuits
2026-10-07 14:38:55,366  run_gnn_dispatch          INFO       [gnn] overall mean fidelity: 0.3901  (load CV: 0.027)
2026-10-07 14:38:55,366  run_gnn_dispatch          INFO       [round_robin] EQE1_Top  ->  953 circuits
2026-10-07 14:38:55,366  run_gnn_dispatch          INFO       [round_robin] EQE1_Bottom  ->  953 circuits
2026-10-07 14:38:55,366  run_gnn_dispatch          INFO       [round_robin] QExa20  ->  952 circuits
2026-10-07 14:38:55,372  run_gnn_dispatch          INFO       [round_robin] overall mean fidelity: 0.3774  (load CV: 0.001)
2026-10-07 14:38:55,374  run_gnn_dispatch          INFO       [cross-policy oracle↔gnn] agreement: 42.8%  mean regret: 0.0330
2026-10-07 14:38:55,377  run_gnn_dispatch          INFO       [cross-policy gt_weighted↔gnn] agreement: 51.2%  mean regret: 0.0168
2026-10-07 14:38:55,377  run_gnn_dispatch          INFO     === Fidelity weight 0.50 ===
2026-10-07 14:38:55,407  run_gnn_dispatch          INFO       [oracle] EQE1_Top  ->  341 circuits
2026-10-07 14:38:55,407  run_gnn_dispatch          INFO       [oracle] EQE1_Bottom  ->  2068 circuits
2026-10-07 14:38:55,407  run_gnn_dispatch          INFO       [oracle] QExa20  ->  449 circuits
2026-10-07 14:38:55,412  run_gnn_dispatch          INFO       [oracle] overall mean fidelity: 0.4231  (load CV: 1.015)
2026-10-07 14:38:55,412  run_gnn_dispatch          INFO       [gt_weighted] EQE1_Top  ->  932 circuits
2026-10-07 14:38:55,412  run_gnn_dispatch          INFO       [gt_weighted] EQE1_Bottom  ->  1080 circuits
2026-10-07 14:38:55,412  run_gnn_dispatch          INFO       [gt_weighted] QExa20  ->  846 circuits
2026-10-07 14:38:55,417  run_gnn_dispatch          INFO       [gt_weighted] overall mean fidelity: 0.4090  (load CV: 0.124)
2026-10-07 14:38:55,417  run_gnn_dispatch          INFO       [gnn] EQE1_Top  ->  956 circuits
2026-10-07 14:38:55,417  run_gnn_dispatch          INFO       [gnn] EQE1_Bottom  ->  987 circuits
2026-10-07 14:38:55,417  run_gnn_dispatch          INFO       [gnn] QExa20  ->  915 circuits
2026-10-07 14:38:55,423  run_gnn_dispatch          INFO       [gnn] overall mean fidelity: 0.3906  (load CV: 0.038)
2026-10-07 14:38:55,423  run_gnn_dispatch          INFO       [round_robin] EQE1_Top  ->  953 circuits
2026-10-07 14:38:55,423  run_gnn_dispatch          INFO       [round_robin] EQE1_Bottom  ->  953 circuits
2026-10-07 14:38:55,423  run_gnn_dispatch          INFO       [round_robin] QExa20  ->  952 circuits
2026-10-07 14:38:55,428  run_gnn_dispatch          INFO       [round_robin] overall mean fidelity: 0.3774  (load CV: 0.001)
2026-10-07 14:38:55,431  run_gnn_dispatch          INFO       [cross-policy oracle↔gnn] agreement: 43.7%  mean regret: 0.0326
2026-10-07 14:38:55,433  run_gnn_dispatch          INFO       [cross-policy gt_weighted↔gnn] agreement: 50.8%  mean regret: 0.0185
2026-10-07 14:38:55,433  run_gnn_dispatch          INFO     === Fidelity weight 0.60 ===
2026-10-07 14:38:55,464  run_gnn_dispatch          INFO       [oracle] EQE1_Top  ->  341 circuits
2026-10-07 14:38:55,464  run_gnn_dispatch          INFO       [oracle] EQE1_Bottom  ->  2068 circuits
2026-10-07 14:38:55,464  run_gnn_dispatch          INFO       [oracle] QExa20  ->  449 circuits
2026-10-07 14:38:55,469  run_gnn_dispatch          INFO       [oracle] overall mean fidelity: 0.4231  (load CV: 1.015)
2026-10-07 14:38:55,469  run_gnn_dispatch          INFO       [gt_weighted] EQE1_Top  ->  929 circuits
2026-10-07 14:38:55,469  run_gnn_dispatch          INFO       [gt_weighted] EQE1_Bottom  ->  1133 circuits
2026-10-07 14:38:55,469  run_gnn_dispatch          INFO       [gt_weighted] QExa20  ->  796 circuits
2026-10-07 14:38:55,474  run_gnn_dispatch          INFO       [gt_weighted] overall mean fidelity: 0.4116  (load CV: 0.178)
2026-10-07 14:38:55,474  run_gnn_dispatch          INFO       [gnn] EQE1_Top  ->  960 circuits
2026-10-07 14:38:55,474  run_gnn_dispatch          INFO       [gnn] EQE1_Bottom  ->  1002 circuits
2026-10-07 14:38:55,474  run_gnn_dispatch          INFO       [gnn] QExa20  ->  896 circuits
2026-10-07 14:38:55,480  run_gnn_dispatch          INFO       [gnn] overall mean fidelity: 0.3913  (load CV: 0.056)
2026-10-07 14:38:55,480  run_gnn_dispatch          INFO       [round_robin] EQE1_Top  ->  953 circuits
2026-10-07 14:38:55,480  run_gnn_dispatch          INFO       [round_robin] EQE1_Bottom  ->  953 circuits
2026-10-07 14:38:55,480  run_gnn_dispatch          INFO       [round_robin] QExa20  ->  952 circuits
2026-10-07 14:38:55,485  run_gnn_dispatch          INFO       [round_robin] overall mean fidelity: 0.3774  (load CV: 0.001)
2026-10-07 14:38:55,488  run_gnn_dispatch          INFO       [cross-policy oracle↔gnn] agreement: 45.0%  mean regret: 0.0318
2026-10-07 14:38:55,490  run_gnn_dispatch          INFO       [cross-policy gt_weighted↔gnn] agreement: 50.5%  mean regret: 0.0202
2026-10-07 14:38:55,490  run_gnn_dispatch          INFO     === Fidelity weight 0.70 ===
2026-10-07 14:38:55,521  run_gnn_dispatch          INFO       [oracle] EQE1_Top  ->  341 circuits
2026-10-07 14:38:55,521  run_gnn_dispatch          INFO       [oracle] EQE1_Bottom  ->  2068 circuits
2026-10-07 14:38:55,521  run_gnn_dispatch          INFO       [oracle] QExa20  ->  449 circuits
2026-10-07 14:38:55,526  run_gnn_dispatch          INFO       [oracle] overall mean fidelity: 0.4231  (load CV: 1.015)
2026-10-07 14:38:55,526  run_gnn_dispatch          INFO       [gt_weighted] EQE1_Top  ->  913 circuits
2026-10-07 14:38:55,526  run_gnn_dispatch          INFO       [gt_weighted] EQE1_Bottom  ->  1197 circuits
2026-10-07 14:38:55,526  run_gnn_dispatch          INFO       [gt_weighted] QExa20  ->  748 circuits
2026-10-07 14:38:55,531  run_gnn_dispatch          INFO       [gt_weighted] overall mean fidelity: 0.4137  (load CV: 0.238)
2026-10-07 14:38:55,531  run_gnn_dispatch          INFO       [gnn] EQE1_Top  ->  965 circuits
2026-10-07 14:38:55,531  run_gnn_dispatch          INFO       [gnn] EQE1_Bottom  ->  1027 circuits
2026-10-07 14:38:55,531  run_gnn_dispatch          INFO       [gnn] QExa20  ->  866 circuits
2026-10-07 14:38:55,536  run_gnn_dispatch          INFO       [gnn] overall mean fidelity: 0.3928  (load CV: 0.085)
2026-10-07 14:38:55,536  run_gnn_dispatch          INFO       [round_robin] EQE1_Top  ->  953 circuits
2026-10-07 14:38:55,536  run_gnn_dispatch          INFO       [round_robin] EQE1_Bottom  ->  953 circuits
2026-10-07 14:38:55,536  run_gnn_dispatch          INFO       [round_robin] QExa20  ->  952 circuits
2026-10-07 14:38:55,542  run_gnn_dispatch          INFO       [round_robin] overall mean fidelity: 0.3774  (load CV: 0.001)
2026-10-07 14:38:55,544  run_gnn_dispatch          INFO       [cross-policy oracle↔gnn] agreement: 46.8%  mean regret: 0.0303
2026-10-07 14:38:55,547  run_gnn_dispatch          INFO       [cross-policy gt_weighted↔gnn] agreement: 50.3%  mean regret: 0.0209
2026-10-07 14:38:55,547  run_gnn_dispatch          INFO     === Fidelity weight 0.80 ===
2026-10-07 14:38:55,666  run_gnn_dispatch          INFO       [oracle] EQE1_Top  ->  341 circuits
2026-10-07 14:38:55,666  run_gnn_dispatch          INFO       [oracle] EQE1_Bottom  ->  2068 circuits
2026-10-07 14:38:55,666  run_gnn_dispatch          INFO       [oracle] QExa20  ->  449 circuits
2026-10-07 14:38:55,671  run_gnn_dispatch          INFO       [oracle] overall mean fidelity: 0.4231  (load CV: 1.015)
2026-10-07 14:38:55,671  run_gnn_dispatch          INFO       [gt_weighted] EQE1_Top  ->  880 circuits
2026-10-07 14:38:55,671  run_gnn_dispatch          INFO       [gt_weighted] EQE1_Bottom  ->  1311 circuits
2026-10-07 14:38:55,671  run_gnn_dispatch          INFO       [gt_weighted] QExa20  ->  667 circuits
2026-10-07 14:38:55,676  run_gnn_dispatch          INFO       [gt_weighted] overall mean fidelity: 0.4167  (load CV: 0.344)
2026-10-07 14:38:55,676  run_gnn_dispatch          INFO       [gnn] EQE1_Top  ->  993 circuits
2026-10-07 14:38:55,676  run_gnn_dispatch          INFO       [gnn] EQE1_Bottom  ->  1063 circuits
2026-10-07 14:38:55,676  run_gnn_dispatch          INFO       [gnn] QExa20  ->  802 circuits
2026-10-07 14:38:55,681  run_gnn_dispatch          INFO       [gnn] overall mean fidelity: 0.3948  (load CV: 0.142)
2026-10-07 14:38:55,682  run_gnn_dispatch          INFO       [round_robin] EQE1_Top  ->  953 circuits
2026-10-07 14:38:55,682  run_gnn_dispatch          INFO       [round_robin] EQE1_Bottom  ->  953 circuits
2026-10-07 14:38:55,682  run_gnn_dispatch          INFO       [round_robin] QExa20  ->  952 circuits
2026-10-07 14:38:55,687  run_gnn_dispatch          INFO       [round_robin] overall mean fidelity: 0.3774  (load CV: 0.001)
2026-10-07 14:38:55,690  run_gnn_dispatch          INFO       [cross-policy oracle↔gnn] agreement: 49.4%  mean regret: 0.0283
2026-10-07 14:38:55,692  run_gnn_dispatch          INFO       [cross-policy gt_weighted↔gnn] agreement: 50.0%  mean regret: 0.0219
2026-10-07 14:38:55,692  run_gnn_dispatch          INFO     === Fidelity weight 0.90 ===
2026-10-07 14:38:55,724  run_gnn_dispatch          INFO       [oracle] EQE1_Top  ->  341 circuits
2026-10-07 14:38:55,724  run_gnn_dispatch          INFO       [oracle] EQE1_Bottom  ->  2068 circuits
2026-10-07 14:38:55,724  run_gnn_dispatch          INFO       [oracle] QExa20  ->  449 circuits
2026-10-07 14:38:55,729  run_gnn_dispatch          INFO       [oracle] overall mean fidelity: 0.4231  (load CV: 1.015)
2026-10-07 14:38:55,729  run_gnn_dispatch          INFO       [gt_weighted] EQE1_Top  ->  877 circuits
2026-10-07 14:38:55,729  run_gnn_dispatch          INFO       [gt_weighted] EQE1_Bottom  ->  1489 circuits
2026-10-07 14:38:55,729  run_gnn_dispatch          INFO       [gt_weighted] QExa20  ->  492 circuits
2026-10-07 14:38:55,734  run_gnn_dispatch          INFO       [gt_weighted] overall mean fidelity: 0.4201  (load CV: 0.528)
2026-10-07 14:38:55,734  run_gnn_dispatch          INFO       [gnn] EQE1_Top  ->  1048 circuits
2026-10-07 14:38:55,734  run_gnn_dispatch          INFO       [gnn] EQE1_Bottom  ->  1100 circuits
2026-10-07 14:38:55,734  run_gnn_dispatch          INFO       [gnn] QExa20  ->  710 circuits
2026-10-07 14:38:55,739  run_gnn_dispatch          INFO       [gnn] overall mean fidelity: 0.3979  (load CV: 0.222)
2026-10-07 14:38:55,739  run_gnn_dispatch          INFO       [round_robin] EQE1_Top  ->  953 circuits
2026-10-07 14:38:55,739  run_gnn_dispatch          INFO       [round_robin] EQE1_Bottom  ->  953 circuits
2026-10-07 14:38:55,739  run_gnn_dispatch          INFO       [round_robin] QExa20  ->  952 circuits
2026-10-07 14:38:55,745  run_gnn_dispatch          INFO       [round_robin] overall mean fidelity: 0.3774  (load CV: 0.001)
2026-10-07 14:38:55,747  run_gnn_dispatch          INFO       [cross-policy oracle↔gnn] agreement: 52.3%  mean regret: 0.0252
2026-10-07 14:38:55,750  run_gnn_dispatch          INFO       [cross-policy gt_weighted↔gnn] agreement: 52.7%  mean regret: 0.0222
2026-10-07 14:38:55,750  run_gnn_dispatch          INFO     === Fidelity weight 1.00 ===
2026-10-07 14:38:55,781  run_gnn_dispatch          INFO       [oracle] EQE1_Top  ->  341 circuits
2026-10-07 14:38:55,781  run_gnn_dispatch          INFO       [oracle] EQE1_Bottom  ->  2068 circuits
2026-10-07 14:38:55,781  run_gnn_dispatch          INFO       [oracle] QExa20  ->  449 circuits
2026-10-07 14:38:55,786  run_gnn_dispatch          INFO       [oracle] overall mean fidelity: 0.4231  (load CV: 1.015)
2026-10-07 14:38:55,786  run_gnn_dispatch          INFO       [gt_weighted] EQE1_Top  ->  341 circuits
2026-10-07 14:38:55,786  run_gnn_dispatch          INFO       [gt_weighted] EQE1_Bottom  ->  2068 circuits
2026-10-07 14:38:55,786  run_gnn_dispatch          INFO       [gt_weighted] QExa20  ->  449 circuits
2026-10-07 14:38:55,790  run_gnn_dispatch          INFO       [gt_weighted] overall mean fidelity: 0.4231  (load CV: 1.015)
2026-10-07 14:38:55,790  run_gnn_dispatch          INFO       [gnn] EQE1_Top  ->  1767 circuits
2026-10-07 14:38:55,790  run_gnn_dispatch          INFO       [gnn] EQE1_Bottom  ->  682 circuits
2026-10-07 14:38:55,791  run_gnn_dispatch          INFO       [gnn] QExa20  ->  409 circuits
2026-10-07 14:38:55,796  run_gnn_dispatch          INFO       [gnn] overall mean fidelity: 0.4027  (load CV: 0.754)
2026-10-07 14:38:55,796  run_gnn_dispatch          INFO       [round_robin] EQE1_Top  ->  953 circuits
2026-10-07 14:38:55,796  run_gnn_dispatch          INFO       [round_robin] EQE1_Bottom  ->  953 circuits
2026-10-07 14:38:55,796  run_gnn_dispatch          INFO       [round_robin] QExa20  ->  952 circuits
2026-10-07 14:38:55,801  run_gnn_dispatch          INFO       [round_robin] overall mean fidelity: 0.3774  (load CV: 0.001)
2026-10-07 14:38:55,804  run_gnn_dispatch          INFO       [cross-policy oracle↔gnn] agreement: 44.6%  mean regret: 0.0204
2026-10-07 14:38:55,806  run_gnn_dispatch          INFO       [cross-policy gt_weighted↔gnn] agreement: 44.6%  mean regret: 0.0204
2026-10-07 14:38:55,820  run_gnn_dispatch          INFO     Ground-truth fidelities saved to /home/atudisco/pred-distr-tool/evaluations/generalization/results/scheduling/leave_one_family_out/by_family/vqe_su2/fidelity_ground_truth.json
2026-10-07 14:38:55,833  run_gnn_dispatch          INFO     GNN-predicted fidelities saved to /home/atudisco/pred-distr-tool/evaluations/generalization/results/scheduling/leave_one_family_out/by_family/vqe_su2/fidelity_gnn_predicted.json
2026-10-07 14:38:55,884  run_gnn_dispatch          INFO     Full results saved to /home/atudisco/pred-distr-tool/evaluations/generalization/results/scheduling/leave_one_family_out/by_family/vqe_su2/dispatch_results.json
2026-10-07 14:38:55,887  run_gnn_dispatch          INFO     Summary CSV saved to /home/atudisco/pred-distr-tool/evaluations/generalization/results/scheduling/leave_one_family_out/by_family/vqe_su2/dispatch_summary.csv
2026-10-07 14:38:55,889  run_gnn_dispatch          INFO     Cross-policy CSV saved to /home/atudisco/pred-distr-tool/evaluations/generalization/results/scheduling/leave_one_family_out/by_family/vqe_su2/cross_policy_summary.csv
2026-10-07 14:38:55,891  genstudy.io               INFO     Wrote /home/atudisco/pred-distr-tool/evaluations/generalization/results/scheduling/leave_one_family_out/by_family/vqe_su2/sweep_summary.csv (11 rows)
2026-10-07 14:38:55,892  run_scheduling_eval       INFO     === per-family scheduling: vqe_two_local (3449 circuits) ===
2026-10-07 14:38:55,895  run_scheduling_eval       INFO     Scheduling on 3449 circuits -> /home/atudisco/pred-distr-tool/evaluations/generalization/results/scheduling/leave_one_family_out/by_family/vqe_two_local
2026-10-07 14:38:55,895  run_gnn_dispatch          INFO     === Fidelity weight 0.00 ===
2026-10-07 14:38:55,899  run_gnn_dispatch          INFO       [oracle] EQE1_Top  ->  408 circuits
2026-10-07 14:38:55,899  run_gnn_dispatch          INFO       [oracle] EQE1_Bottom  ->  2259 circuits
2026-10-07 14:38:55,899  run_gnn_dispatch          INFO       [oracle] QExa20  ->  782 circuits
2026-10-07 14:38:55,905  run_gnn_dispatch          INFO       [oracle] overall mean fidelity: 0.4455  (load CV: 0.851)
2026-10-07 14:38:55,906  run_gnn_dispatch          INFO       [gt_weighted] EQE1_Top  ->  1150 circuits
2026-10-07 14:38:55,906  run_gnn_dispatch          INFO       [gt_weighted] EQE1_Bottom  ->  1150 circuits
2026-10-07 14:38:55,906  run_gnn_dispatch          INFO       [gt_weighted] QExa20  ->  1149 circuits
2026-10-07 14:38:55,912  run_gnn_dispatch          INFO       [gt_weighted] overall mean fidelity: 0.4119  (load CV: 0.001)
2026-10-07 14:38:55,912  run_gnn_dispatch          INFO       [gnn] EQE1_Top  ->  1150 circuits
2026-10-07 14:38:55,912  run_gnn_dispatch          INFO       [gnn] EQE1_Bottom  ->  1150 circuits
2026-10-07 14:38:55,912  run_gnn_dispatch          INFO       [gnn] QExa20  ->  1149 circuits
2026-10-07 14:38:55,919  run_gnn_dispatch          INFO       [gnn] overall mean fidelity: 0.4119  (load CV: 0.001)
2026-10-07 14:38:55,919  run_gnn_dispatch          INFO       [round_robin] EQE1_Top  ->  1150 circuits
2026-10-07 14:38:55,919  run_gnn_dispatch          INFO       [round_robin] EQE1_Bottom  ->  1150 circuits
2026-10-07 14:38:55,919  run_gnn_dispatch          INFO       [round_robin] QExa20  ->  1149 circuits
2026-10-07 14:38:55,925  run_gnn_dispatch          INFO       [round_robin] overall mean fidelity: 0.4119  (load CV: 0.001)
2026-10-07 14:38:55,928  run_gnn_dispatch          INFO       [cross-policy oracle↔gnn] agreement: 34.0%  mean regret: 0.0336
2026-10-07 14:38:55,930  run_gnn_dispatch          INFO       [cross-policy gt_weighted↔gnn] agreement: 100.0%  mean regret: 0.0000
2026-10-07 14:38:55,931  run_gnn_dispatch          INFO     === Fidelity weight 0.10 ===
2026-10-07 14:38:55,964  run_gnn_dispatch          INFO       [oracle] EQE1_Top  ->  408 circuits
2026-10-07 14:38:55,964  run_gnn_dispatch          INFO       [oracle] EQE1_Bottom  ->  2259 circuits
2026-10-07 14:38:55,964  run_gnn_dispatch          INFO       [oracle] QExa20  ->  782 circuits
2026-10-07 14:38:55,970  run_gnn_dispatch          INFO       [oracle] overall mean fidelity: 0.4455  (load CV: 0.851)
2026-10-07 14:38:55,970  run_gnn_dispatch          INFO       [gt_weighted] EQE1_Top  ->  1140 circuits
2026-10-07 14:38:55,970  run_gnn_dispatch          INFO       [gt_weighted] EQE1_Bottom  ->  1163 circuits
2026-10-07 14:38:55,970  run_gnn_dispatch          INFO       [gt_weighted] QExa20  ->  1146 circuits
2026-10-07 14:38:55,976  run_gnn_dispatch          INFO       [gt_weighted] overall mean fidelity: 0.4335  (load CV: 0.010)
2026-10-07 14:38:55,976  run_gnn_dispatch          INFO       [gnn] EQE1_Top  ->  1146 circuits
2026-10-07 14:38:55,976  run_gnn_dispatch          INFO       [gnn] EQE1_Bottom  ->  1154 circuits
2026-10-07 14:38:55,976  run_gnn_dispatch          INFO       [gnn] QExa20  ->  1149 circuits
2026-10-07 14:38:55,982  run_gnn_dispatch          INFO       [gnn] overall mean fidelity: 0.4285  (load CV: 0.004)
2026-10-07 14:38:55,982  run_gnn_dispatch          INFO       [round_robin] EQE1_Top  ->  1150 circuits
2026-10-07 14:38:55,982  run_gnn_dispatch          INFO       [round_robin] EQE1_Bottom  ->  1150 circuits
2026-10-07 14:38:55,982  run_gnn_dispatch          INFO       [round_robin] QExa20  ->  1149 circuits
2026-10-07 14:38:55,989  run_gnn_dispatch          INFO       [round_robin] overall mean fidelity: 0.4119  (load CV: 0.001)
2026-10-07 14:38:55,992  run_gnn_dispatch          INFO       [cross-policy oracle↔gnn] agreement: 51.1%  mean regret: 0.0170
2026-10-07 14:38:55,995  run_gnn_dispatch          INFO       [cross-policy gt_weighted↔gnn] agreement: 60.8%  mean regret: 0.0050
2026-10-07 14:38:55,995  run_gnn_dispatch          INFO     === Fidelity weight 0.20 ===
2026-10-07 14:38:56,029  run_gnn_dispatch          INFO       [oracle] EQE1_Top  ->  408 circuits
2026-10-07 14:38:56,029  run_gnn_dispatch          INFO       [oracle] EQE1_Bottom  ->  2259 circuits
2026-10-07 14:38:56,029  run_gnn_dispatch          INFO       [oracle] QExa20  ->  782 circuits
2026-10-07 14:38:56,035  run_gnn_dispatch          INFO       [oracle] overall mean fidelity: 0.4455  (load CV: 0.851)
2026-10-07 14:38:56,035  run_gnn_dispatch          INFO       [gt_weighted] EQE1_Top  ->  1132 circuits
2026-10-07 14:38:56,035  run_gnn_dispatch          INFO       [gt_weighted] EQE1_Bottom  ->  1180 circuits
2026-10-07 14:38:56,035  run_gnn_dispatch          INFO       [gt_weighted] QExa20  ->  1137 circuits
2026-10-07 14:38:56,041  run_gnn_dispatch          INFO       [gt_weighted] overall mean fidelity: 0.4360  (load CV: 0.023)
2026-10-07 14:38:56,041  run_gnn_dispatch          INFO       [gnn] EQE1_Top  ->  1144 circuits
2026-10-07 14:38:56,041  run_gnn_dispatch          INFO       [gnn] EQE1_Bottom  ->  1162 circuits
2026-10-07 14:38:56,041  run_gnn_dispatch          INFO       [gnn] QExa20  ->  1143 circuits
2026-10-07 14:38:56,047  run_gnn_dispatch          INFO       [gnn] overall mean fidelity: 0.4311  (load CV: 0.009)
2026-10-07 14:38:56,047  run_gnn_dispatch          INFO       [round_robin] EQE1_Top  ->  1150 circuits
2026-10-07 14:38:56,047  run_gnn_dispatch          INFO       [round_robin] EQE1_Bottom  ->  1150 circuits
2026-10-07 14:38:56,047  run_gnn_dispatch          INFO       [round_robin] QExa20  ->  1149 circuits
2026-10-07 14:38:56,054  run_gnn_dispatch          INFO       [round_robin] overall mean fidelity: 0.4119  (load CV: 0.001)
2026-10-07 14:38:56,057  run_gnn_dispatch          INFO       [cross-policy oracle↔gnn] agreement: 55.6%  mean regret: 0.0144
2026-10-07 14:38:56,060  run_gnn_dispatch          INFO       [cross-policy gt_weighted↔gnn] agreement: 64.3%  mean regret: 0.0049
2026-10-07 14:38:56,060  run_gnn_dispatch          INFO     === Fidelity weight 0.30 ===
2026-10-07 14:38:56,093  run_gnn_dispatch          INFO       [oracle] EQE1_Top  ->  408 circuits
2026-10-07 14:38:56,093  run_gnn_dispatch          INFO       [oracle] EQE1_Bottom  ->  2259 circuits
2026-10-07 14:38:56,093  run_gnn_dispatch          INFO       [oracle] QExa20  ->  782 circuits
2026-10-07 14:38:56,099  run_gnn_dispatch          INFO       [oracle] overall mean fidelity: 0.4455  (load CV: 0.851)
2026-10-07 14:38:56,100  run_gnn_dispatch          INFO       [gt_weighted] EQE1_Top  ->  1120 circuits
2026-10-07 14:38:56,100  run_gnn_dispatch          INFO       [gt_weighted] EQE1_Bottom  ->  1198 circuits
2026-10-07 14:38:56,100  run_gnn_dispatch          INFO       [gt_weighted] QExa20  ->  1131 circuits
2026-10-07 14:38:56,105  run_gnn_dispatch          INFO       [gt_weighted] overall mean fidelity: 0.4371  (load CV: 0.037)
2026-10-07 14:38:56,105  run_gnn_dispatch          INFO       [gnn] EQE1_Top  ->  1139 circuits
2026-10-07 14:38:56,105  run_gnn_dispatch          INFO       [gnn] EQE1_Bottom  ->  1173 circuits
2026-10-07 14:38:56,105  run_gnn_dispatch          INFO       [gnn] QExa20  ->  1137 circuits
2026-10-07 14:38:56,112  run_gnn_dispatch          INFO       [gnn] overall mean fidelity: 0.4323  (load CV: 0.018)
2026-10-07 14:38:56,112  run_gnn_dispatch          INFO       [round_robin] EQE1_Top  ->  1150 circuits
2026-10-07 14:38:56,112  run_gnn_dispatch          INFO       [round_robin] EQE1_Bottom  ->  1150 circuits
2026-10-07 14:38:56,112  run_gnn_dispatch          INFO       [round_robin] QExa20  ->  1149 circuits
2026-10-07 14:38:56,118  run_gnn_dispatch          INFO       [round_robin] overall mean fidelity: 0.4119  (load CV: 0.001)
2026-10-07 14:38:56,121  run_gnn_dispatch          INFO       [cross-policy oracle↔gnn] agreement: 57.6%  mean regret: 0.0133
2026-10-07 14:38:56,124  run_gnn_dispatch          INFO       [cross-policy gt_weighted↔gnn] agreement: 66.0%  mean regret: 0.0048
2026-10-07 14:38:56,124  run_gnn_dispatch          INFO     === Fidelity weight 0.40 ===
2026-10-07 14:38:56,158  run_gnn_dispatch          INFO       [oracle] EQE1_Top  ->  408 circuits
2026-10-07 14:38:56,158  run_gnn_dispatch          INFO       [oracle] EQE1_Bottom  ->  2259 circuits
2026-10-07 14:38:56,158  run_gnn_dispatch          INFO       [oracle] QExa20  ->  782 circuits
2026-10-07 14:38:56,164  run_gnn_dispatch          INFO       [oracle] overall mean fidelity: 0.4455  (load CV: 0.851)
2026-10-07 14:38:56,164  run_gnn_dispatch          INFO       [gt_weighted] EQE1_Top  ->  1107 circuits
2026-10-07 14:38:56,164  run_gnn_dispatch          INFO       [gt_weighted] EQE1_Bottom  ->  1220 circuits
2026-10-07 14:38:56,164  run_gnn_dispatch          INFO       [gt_weighted] QExa20  ->  1122 circuits
2026-10-07 14:38:56,170  run_gnn_dispatch          INFO       [gt_weighted] overall mean fidelity: 0.4379  (load CV: 0.053)
2026-10-07 14:38:56,170  run_gnn_dispatch          INFO       [gnn] EQE1_Top  ->  1132 circuits
2026-10-07 14:38:56,170  run_gnn_dispatch          INFO       [gnn] EQE1_Bottom  ->  1190 circuits
2026-10-07 14:38:56,170  run_gnn_dispatch          INFO       [gnn] QExa20  ->  1127 circuits
2026-10-07 14:38:56,176  run_gnn_dispatch          INFO       [gnn] overall mean fidelity: 0.4330  (load CV: 0.030)
2026-10-07 14:38:56,176  run_gnn_dispatch          INFO       [round_robin] EQE1_Top  ->  1150 circuits
2026-10-07 14:38:56,176  run_gnn_dispatch          INFO       [round_robin] EQE1_Bottom  ->  1150 circuits
2026-10-07 14:38:56,176  run_gnn_dispatch          INFO       [round_robin] QExa20  ->  1149 circuits
2026-10-07 14:38:56,182  run_gnn_dispatch          INFO       [round_robin] overall mean fidelity: 0.4119  (load CV: 0.001)
2026-10-07 14:38:56,185  run_gnn_dispatch          INFO       [cross-policy oracle↔gnn] agreement: 58.3%  mean regret: 0.0125
2026-10-07 14:38:56,188  run_gnn_dispatch          INFO       [cross-policy gt_weighted↔gnn] agreement: 66.5%  mean regret: 0.0050
2026-10-07 14:38:56,188  run_gnn_dispatch          INFO     === Fidelity weight 0.50 ===
2026-10-07 14:38:56,221  run_gnn_dispatch          INFO       [oracle] EQE1_Top  ->  408 circuits
2026-10-07 14:38:56,221  run_gnn_dispatch          INFO       [oracle] EQE1_Bottom  ->  2259 circuits
2026-10-07 14:38:56,221  run_gnn_dispatch          INFO       [oracle] QExa20  ->  782 circuits
2026-10-07 14:38:56,227  run_gnn_dispatch          INFO       [oracle] overall mean fidelity: 0.4455  (load CV: 0.851)
2026-10-07 14:38:56,227  run_gnn_dispatch          INFO       [gt_weighted] EQE1_Top  ->  1095 circuits
2026-10-07 14:38:56,227  run_gnn_dispatch          INFO       [gt_weighted] EQE1_Bottom  ->  1247 circuits
2026-10-07 14:38:56,227  run_gnn_dispatch          INFO       [gt_weighted] QExa20  ->  1107 circuits
2026-10-07 14:38:56,233  run_gnn_dispatch          INFO       [gt_weighted] overall mean fidelity: 0.4387  (load CV: 0.074)
2026-10-07 14:38:56,233  run_gnn_dispatch          INFO       [gnn] EQE1_Top  ->  1121 circuits
2026-10-07 14:38:56,233  run_gnn_dispatch          INFO       [gnn] EQE1_Bottom  ->  1218 circuits
2026-10-07 14:38:56,233  run_gnn_dispatch          INFO       [gnn] QExa20  ->  1110 circuits
2026-10-07 14:38:56,239  run_gnn_dispatch          INFO       [gnn] overall mean fidelity: 0.4337  (load CV: 0.052)
2026-10-07 14:38:56,239  run_gnn_dispatch          INFO       [round_robin] EQE1_Top  ->  1150 circuits
2026-10-07 14:38:56,240  run_gnn_dispatch          INFO       [round_robin] EQE1_Bottom  ->  1150 circuits
2026-10-07 14:38:56,240  run_gnn_dispatch          INFO       [round_robin] QExa20  ->  1149 circuits
2026-10-07 14:38:56,246  run_gnn_dispatch          INFO       [round_robin] overall mean fidelity: 0.4119  (load CV: 0.001)
2026-10-07 14:38:56,249  run_gnn_dispatch          INFO       [cross-policy oracle↔gnn] agreement: 59.6%  mean regret: 0.0119
2026-10-07 14:38:56,252  run_gnn_dispatch          INFO       [cross-policy gt_weighted↔gnn] agreement: 67.0%  mean regret: 0.0050
2026-10-07 14:38:56,252  run_gnn_dispatch          INFO     === Fidelity weight 0.60 ===
2026-10-07 14:38:56,371  run_gnn_dispatch          INFO       [oracle] EQE1_Top  ->  408 circuits
2026-10-07 14:38:56,371  run_gnn_dispatch          INFO       [oracle] EQE1_Bottom  ->  2259 circuits
2026-10-07 14:38:56,371  run_gnn_dispatch          INFO       [oracle] QExa20  ->  782 circuits
2026-10-07 14:38:56,377  run_gnn_dispatch          INFO       [oracle] overall mean fidelity: 0.4455  (load CV: 0.851)
2026-10-07 14:38:56,377  run_gnn_dispatch          INFO       [gt_weighted] EQE1_Top  ->  1088 circuits
2026-10-07 14:38:56,377  run_gnn_dispatch          INFO       [gt_weighted] EQE1_Bottom  ->  1281 circuits
2026-10-07 14:38:56,377  run_gnn_dispatch          INFO       [gt_weighted] QExa20  ->  1080 circuits
2026-10-07 14:38:56,383  run_gnn_dispatch          INFO       [gt_weighted] overall mean fidelity: 0.4394  (load CV: 0.099)
2026-10-07 14:38:56,383  run_gnn_dispatch          INFO       [gnn] EQE1_Top  ->  1113 circuits
2026-10-07 14:38:56,383  run_gnn_dispatch          INFO       [gnn] EQE1_Bottom  ->  1257 circuits
2026-10-07 14:38:56,383  run_gnn_dispatch          INFO       [gnn] QExa20  ->  1079 circuits
2026-10-07 14:38:56,389  run_gnn_dispatch          INFO       [gnn] overall mean fidelity: 0.4346  (load CV: 0.082)
2026-10-07 14:38:56,389  run_gnn_dispatch          INFO       [round_robin] EQE1_Top  ->  1150 circuits
2026-10-07 14:38:56,389  run_gnn_dispatch          INFO       [round_robin] EQE1_Bottom  ->  1150 circuits
2026-10-07 14:38:56,389  run_gnn_dispatch          INFO       [round_robin] QExa20  ->  1149 circuits
2026-10-07 14:38:56,396  run_gnn_dispatch          INFO       [round_robin] overall mean fidelity: 0.4119  (load CV: 0.001)
2026-10-07 14:38:56,399  run_gnn_dispatch          INFO       [cross-policy oracle↔gnn] agreement: 61.2%  mean regret: 0.0110
2026-10-07 14:38:56,402  run_gnn_dispatch          INFO       [cross-policy gt_weighted↔gnn] agreement: 68.1%  mean regret: 0.0048
2026-10-07 14:38:56,402  run_gnn_dispatch          INFO     === Fidelity weight 0.70 ===
2026-10-07 14:38:56,437  run_gnn_dispatch          INFO       [oracle] EQE1_Top  ->  408 circuits
2026-10-07 14:38:56,437  run_gnn_dispatch          INFO       [oracle] EQE1_Bottom  ->  2259 circuits
2026-10-07 14:38:56,437  run_gnn_dispatch          INFO       [oracle] QExa20  ->  782 circuits
2026-10-07 14:38:56,443  run_gnn_dispatch          INFO       [oracle] overall mean fidelity: 0.4455  (load CV: 0.851)
2026-10-07 14:38:56,443  run_gnn_dispatch          INFO       [gt_weighted] EQE1_Top  ->  1074 circuits
2026-10-07 14:38:56,443  run_gnn_dispatch          INFO       [gt_weighted] EQE1_Bottom  ->  1337 circuits
2026-10-07 14:38:56,443  run_gnn_dispatch          INFO       [gt_weighted] QExa20  ->  1038 circuits
2026-10-07 14:38:56,448  run_gnn_dispatch          INFO       [gt_weighted] overall mean fidelity: 0.4402  (load CV: 0.142)
2026-10-07 14:38:56,448  run_gnn_dispatch          INFO       [gnn] EQE1_Top  ->  1107 circuits
2026-10-07 14:38:56,449  run_gnn_dispatch          INFO       [gnn] EQE1_Bottom  ->  1313 circuits
2026-10-07 14:38:56,449  run_gnn_dispatch          INFO       [gnn] QExa20  ->  1029 circuits
2026-10-07 14:38:56,455  run_gnn_dispatch          INFO       [gnn] overall mean fidelity: 0.4355  (load CV: 0.128)
2026-10-07 14:38:56,455  run_gnn_dispatch          INFO       [round_robin] EQE1_Top  ->  1150 circuits
2026-10-07 14:38:56,455  run_gnn_dispatch          INFO       [round_robin] EQE1_Bottom  ->  1150 circuits
2026-10-07 14:38:56,455  run_gnn_dispatch          INFO       [round_robin] QExa20  ->  1149 circuits
2026-10-07 14:38:56,461  run_gnn_dispatch          INFO       [round_robin] overall mean fidelity: 0.4119  (load CV: 0.001)
2026-10-07 14:38:56,464  run_gnn_dispatch          INFO       [cross-policy oracle↔gnn] agreement: 63.1%  mean regret: 0.0100
2026-10-07 14:38:56,467  run_gnn_dispatch          INFO       [cross-policy gt_weighted↔gnn] agreement: 68.0%  mean regret: 0.0047
2026-10-07 14:38:56,467  run_gnn_dispatch          INFO     === Fidelity weight 0.80 ===
2026-10-07 14:38:56,501  run_gnn_dispatch          INFO       [oracle] EQE1_Top  ->  408 circuits
2026-10-07 14:38:56,501  run_gnn_dispatch          INFO       [oracle] EQE1_Bottom  ->  2259 circuits
2026-10-07 14:38:56,501  run_gnn_dispatch          INFO       [oracle] QExa20  ->  782 circuits
2026-10-07 14:38:56,507  run_gnn_dispatch          INFO       [oracle] overall mean fidelity: 0.4455  (load CV: 0.851)
2026-10-07 14:38:56,507  run_gnn_dispatch          INFO       [gt_weighted] EQE1_Top  ->  1055 circuits
2026-10-07 14:38:56,507  run_gnn_dispatch          INFO       [gt_weighted] EQE1_Bottom  ->  1430 circuits
2026-10-07 14:38:56,507  run_gnn_dispatch          INFO       [gt_weighted] QExa20  ->  964 circuits
2026-10-07 14:38:56,513  run_gnn_dispatch          INFO       [gt_weighted] overall mean fidelity: 0.4415  (load CV: 0.215)
2026-10-07 14:38:56,513  run_gnn_dispatch          INFO       [gnn] EQE1_Top  ->  1100 circuits
2026-10-07 14:38:56,513  run_gnn_dispatch          INFO       [gnn] EQE1_Bottom  ->  1412 circuits
2026-10-07 14:38:56,513  run_gnn_dispatch          INFO       [gnn] QExa20  ->  937 circuits
2026-10-07 14:38:56,519  run_gnn_dispatch          INFO       [gnn] overall mean fidelity: 0.4370  (load CV: 0.210)
2026-10-07 14:38:56,519  run_gnn_dispatch          INFO       [round_robin] EQE1_Top  ->  1150 circuits
2026-10-07 14:38:56,519  run_gnn_dispatch          INFO       [round_robin] EQE1_Bottom  ->  1150 circuits
2026-10-07 14:38:56,519  run_gnn_dispatch          INFO       [round_robin] QExa20  ->  1149 circuits
2026-10-07 14:38:56,526  run_gnn_dispatch          INFO       [round_robin] overall mean fidelity: 0.4119  (load CV: 0.001)
2026-10-07 14:38:56,528  run_gnn_dispatch          INFO       [cross-policy oracle↔gnn] agreement: 66.3%  mean regret: 0.0085
2026-10-07 14:38:56,531  run_gnn_dispatch          INFO       [cross-policy gt_weighted↔gnn] agreement: 68.7%  mean regret: 0.0045
2026-10-07 14:38:56,531  run_gnn_dispatch          INFO     === Fidelity weight 0.90 ===
2026-10-07 14:38:56,565  run_gnn_dispatch          INFO       [oracle] EQE1_Top  ->  408 circuits
2026-10-07 14:38:56,565  run_gnn_dispatch          INFO       [oracle] EQE1_Bottom  ->  2259 circuits
2026-10-07 14:38:56,565  run_gnn_dispatch          INFO       [oracle] QExa20  ->  782 circuits
2026-10-07 14:38:56,571  run_gnn_dispatch          INFO       [oracle] overall mean fidelity: 0.4455  (load CV: 0.851)
2026-10-07 14:38:56,571  run_gnn_dispatch          INFO       [gt_weighted] EQE1_Top  ->  1038 circuits
2026-10-07 14:38:56,571  run_gnn_dispatch          INFO       [gt_weighted] EQE1_Bottom  ->  1582 circuits
2026-10-07 14:38:56,571  run_gnn_dispatch          INFO       [gt_weighted] QExa20  ->  829 circuits
2026-10-07 14:38:56,577  run_gnn_dispatch          INFO       [gt_weighted] overall mean fidelity: 0.4432  (load CV: 0.338)
2026-10-07 14:38:56,577  run_gnn_dispatch          INFO       [gnn] EQE1_Top  ->  1074 circuits
2026-10-07 14:38:56,577  run_gnn_dispatch          INFO       [gnn] EQE1_Bottom  ->  1598 circuits
2026-10-07 14:38:56,577  run_gnn_dispatch          INFO       [gnn] QExa20  ->  777 circuits
2026-10-07 14:38:56,583  run_gnn_dispatch          INFO       [gnn] overall mean fidelity: 0.4390  (load CV: 0.362)
2026-10-07 14:38:56,583  run_gnn_dispatch          INFO       [round_robin] EQE1_Top  ->  1150 circuits
2026-10-07 14:38:56,583  run_gnn_dispatch          INFO       [round_robin] EQE1_Bottom  ->  1150 circuits
2026-10-07 14:38:56,583  run_gnn_dispatch          INFO       [round_robin] QExa20  ->  1149 circuits
2026-10-07 14:38:56,589  run_gnn_dispatch          INFO       [round_robin] overall mean fidelity: 0.4119  (load CV: 0.001)
2026-10-07 14:38:56,592  run_gnn_dispatch          INFO       [cross-policy oracle↔gnn] agreement: 71.0%  mean regret: 0.0065
2026-10-07 14:38:56,595  run_gnn_dispatch          INFO       [cross-policy gt_weighted↔gnn] agreement: 70.7%  mean regret: 0.0043
2026-10-07 14:38:56,595  run_gnn_dispatch          INFO     === Fidelity weight 1.00 ===
2026-10-07 14:38:56,629  run_gnn_dispatch          INFO       [oracle] EQE1_Top  ->  408 circuits
2026-10-07 14:38:56,629  run_gnn_dispatch          INFO       [oracle] EQE1_Bottom  ->  2259 circuits
2026-10-07 14:38:56,629  run_gnn_dispatch          INFO       [oracle] QExa20  ->  782 circuits
2026-10-07 14:38:56,635  run_gnn_dispatch          INFO       [oracle] overall mean fidelity: 0.4455  (load CV: 0.851)
2026-10-07 14:38:56,635  run_gnn_dispatch          INFO       [gt_weighted] EQE1_Top  ->  408 circuits
2026-10-07 14:38:56,635  run_gnn_dispatch          INFO       [gt_weighted] EQE1_Bottom  ->  2259 circuits
2026-10-07 14:38:56,635  run_gnn_dispatch          INFO       [gt_weighted] QExa20  ->  782 circuits
2026-10-07 14:38:56,640  run_gnn_dispatch          INFO       [gt_weighted] overall mean fidelity: 0.4455  (load CV: 0.851)
2026-10-07 14:38:56,641  run_gnn_dispatch          INFO       [gnn] EQE1_Top  ->  682 circuits
2026-10-07 14:38:56,641  run_gnn_dispatch          INFO       [gnn] EQE1_Bottom  ->  2183 circuits
2026-10-07 14:38:56,641  run_gnn_dispatch          INFO       [gnn] QExa20  ->  584 circuits
2026-10-07 14:38:56,647  run_gnn_dispatch          INFO       [gnn] overall mean fidelity: 0.4414  (load CV: 0.780)
2026-10-07 14:38:56,647  run_gnn_dispatch          INFO       [round_robin] EQE1_Top  ->  1150 circuits
2026-10-07 14:38:56,647  run_gnn_dispatch          INFO       [round_robin] EQE1_Bottom  ->  1150 circuits
2026-10-07 14:38:56,647  run_gnn_dispatch          INFO       [round_robin] QExa20  ->  1149 circuits
2026-10-07 14:38:56,653  run_gnn_dispatch          INFO       [round_robin] overall mean fidelity: 0.4119  (load CV: 0.001)
2026-10-07 14:38:56,656  run_gnn_dispatch          INFO       [cross-policy oracle↔gnn] agreement: 80.0%  mean regret: 0.0041
2026-10-07 14:38:56,659  run_gnn_dispatch          INFO       [cross-policy gt_weighted↔gnn] agreement: 80.0%  mean regret: 0.0041
2026-10-07 14:38:56,675  run_gnn_dispatch          INFO     Ground-truth fidelities saved to /home/atudisco/pred-distr-tool/evaluations/generalization/results/scheduling/leave_one_family_out/by_family/vqe_two_local/fidelity_ground_truth.json
2026-10-07 14:38:56,690  run_gnn_dispatch          INFO     GNN-predicted fidelities saved to /home/atudisco/pred-distr-tool/evaluations/generalization/results/scheduling/leave_one_family_out/by_family/vqe_two_local/fidelity_gnn_predicted.json
2026-10-07 14:38:56,746  run_gnn_dispatch          INFO     Full results saved to /home/atudisco/pred-distr-tool/evaluations/generalization/results/scheduling/leave_one_family_out/by_family/vqe_two_local/dispatch_results.json
2026-10-07 14:38:56,749  run_gnn_dispatch          INFO     Summary CSV saved to /home/atudisco/pred-distr-tool/evaluations/generalization/results/scheduling/leave_one_family_out/by_family/vqe_two_local/dispatch_summary.csv
2026-10-07 14:38:56,751  run_gnn_dispatch          INFO     Cross-policy CSV saved to /home/atudisco/pred-distr-tool/evaluations/generalization/results/scheduling/leave_one_family_out/by_family/vqe_two_local/cross_policy_summary.csv
2026-10-07 14:38:56,753  genstudy.io               INFO     Wrote /home/atudisco/pred-distr-tool/evaluations/generalization/results/scheduling/leave_one_family_out/by_family/vqe_two_local/sweep_summary.csv (11 rows)
2026-10-07 14:38:56,757  genstudy.io               INFO     Wrote /home/atudisco/pred-distr-tool/evaluations/generalization/results/scheduling/leave_one_family_out/sweep_summary_by_family.csv (110 rows)
2026-10-07 14:38:56,762  genstudy.io               INFO     Wrote /home/atudisco/pred-distr-tool/evaluations/generalization/results/scheduling/leave_one_family_out/scheduling_summary.json
2026-10-07 14:38:56,762  run_scheduling_eval       INFO     Scheduling evaluation finished: /home/atudisco/pred-distr-tool/evaluations/generalization/results/scheduling/leave_one_family_out
