2026-10-07 18:44:17,193  genstudy.io               INFO     Logging to /home/atudisco/pred-distr-tool/evaluations/generalization_v2/results/scheduling/leave_one_family_out/run.log
2026-10-07 18:44:17,193  run_scheduling_eval       INFO     Command line: /home/atudisco/pred-distr-tool/evaluations/generalization/scripts/run_scheduling_eval.py --results-dir /home/atudisco/pred-distr-tool/evaluations/generalization_v2/results --predictions /home/atudisco/pred-distr-tool/evaluations/generalization_v2/results/leave_one_family_out/heldout_predictions.json --tag leave_one_family_out --fidelity-weights 0.0:1.0:0.1 --per-family
2026-10-07 18:44:17,256  run_scheduling_eval       INFO     Loaded 16702 held-out predictions from /home/atudisco/pred-distr-tool/evaluations/generalization_v2/results/leave_one_family_out/heldout_predictions.json
2026-10-07 18:44:17,459  run_gnn_dispatch          INFO     Loaded ground-truth fidelities for 19465 circuits from /home/atudisco/pred-distr-tool/src/model/expected_fidelity_results_benchmark.json
2026-10-07 18:44:17,462  run_scheduling_eval       INFO     Weight sweep: [0.0, 0.1, 0.2, 0.3, 0.4, 0.5, 0.6, 0.7, 0.8, 0.9, 1.0]
2026-10-07 18:44:17,472  run_scheduling_eval       INFO     Scheduling on 16702 circuits -> /home/atudisco/pred-distr-tool/evaluations/generalization_v2/results/scheduling/leave_one_family_out
2026-10-07 18:44:17,472  run_gnn_dispatch          INFO     === Fidelity weight 0.00 ===
2026-10-07 18:44:17,582  run_gnn_dispatch          INFO       [oracle] EQE1_Top  ->  1600 circuits
2026-10-07 18:44:17,582  run_gnn_dispatch          INFO       [oracle] EQE1_Bottom  ->  9250 circuits
2026-10-07 18:44:17,582  run_gnn_dispatch          INFO       [oracle] QExa20  ->  5852 circuits
2026-10-07 18:44:17,613  run_gnn_dispatch          INFO       [oracle] overall mean fidelity: 0.3763  (load CV: 0.688)
2026-10-07 18:44:17,613  run_gnn_dispatch          INFO       [gt_weighted] EQE1_Top  ->  5568 circuits
2026-10-07 18:44:17,613  run_gnn_dispatch          INFO       [gt_weighted] EQE1_Bottom  ->  5567 circuits
2026-10-07 18:44:17,613  run_gnn_dispatch          INFO       [gt_weighted] QExa20  ->  5567 circuits
2026-10-07 18:44:17,642  run_gnn_dispatch          INFO       [gt_weighted] overall mean fidelity: 0.3441  (load CV: 0.000)
2026-10-07 18:44:17,643  run_gnn_dispatch          INFO       [gnn] EQE1_Top  ->  5568 circuits
2026-10-07 18:44:17,643  run_gnn_dispatch          INFO       [gnn] EQE1_Bottom  ->  5567 circuits
2026-10-07 18:44:17,643  run_gnn_dispatch          INFO       [gnn] QExa20  ->  5567 circuits
2026-10-07 18:44:17,671  run_gnn_dispatch          INFO       [gnn] overall mean fidelity: 0.3441  (load CV: 0.000)
2026-10-07 18:44:17,671  run_gnn_dispatch          INFO       [round_robin] EQE1_Top  ->  5568 circuits
2026-10-07 18:44:17,671  run_gnn_dispatch          INFO       [round_robin] EQE1_Bottom  ->  5567 circuits
2026-10-07 18:44:17,671  run_gnn_dispatch          INFO       [round_robin] QExa20  ->  5567 circuits
2026-10-07 18:44:17,700  run_gnn_dispatch          INFO       [round_robin] overall mean fidelity: 0.3441  (load CV: 0.000)
2026-10-07 18:44:17,717  run_gnn_dispatch          INFO       [cross-policy oracle↔gnn] agreement: 33.3%  mean regret: 0.0323
2026-10-07 18:44:17,729  run_gnn_dispatch          INFO       [cross-policy gt_weighted↔gnn] agreement: 100.0%  mean regret: 0.0000
2026-10-07 18:44:17,729  run_gnn_dispatch          INFO     === Fidelity weight 0.10 ===
2026-10-07 18:44:17,969  run_gnn_dispatch          INFO       [oracle] EQE1_Top  ->  1600 circuits
2026-10-07 18:44:17,969  run_gnn_dispatch          INFO       [oracle] EQE1_Bottom  ->  9250 circuits
2026-10-07 18:44:17,969  run_gnn_dispatch          INFO       [oracle] QExa20  ->  5852 circuits
2026-10-07 18:44:17,996  run_gnn_dispatch          INFO       [oracle] overall mean fidelity: 0.3763  (load CV: 0.688)
2026-10-07 18:44:17,996  run_gnn_dispatch          INFO       [gt_weighted] EQE1_Top  ->  5530 circuits
2026-10-07 18:44:17,996  run_gnn_dispatch          INFO       [gt_weighted] EQE1_Bottom  ->  5629 circuits
2026-10-07 18:44:17,996  run_gnn_dispatch          INFO       [gt_weighted] QExa20  ->  5543 circuits
2026-10-07 18:44:18,022  run_gnn_dispatch          INFO       [gt_weighted] overall mean fidelity: 0.3643  (load CV: 0.010)
2026-10-07 18:44:18,022  run_gnn_dispatch          INFO       [gnn] EQE1_Top  ->  5538 circuits
2026-10-07 18:44:18,022  run_gnn_dispatch          INFO       [gnn] EQE1_Bottom  ->  5599 circuits
2026-10-07 18:44:18,022  run_gnn_dispatch          INFO       [gnn] QExa20  ->  5565 circuits
2026-10-07 18:44:18,050  run_gnn_dispatch          INFO       [gnn] overall mean fidelity: 0.3515  (load CV: 0.005)
2026-10-07 18:44:18,050  run_gnn_dispatch          INFO       [round_robin] EQE1_Top  ->  5568 circuits
2026-10-07 18:44:18,050  run_gnn_dispatch          INFO       [round_robin] EQE1_Bottom  ->  5567 circuits
2026-10-07 18:44:18,050  run_gnn_dispatch          INFO       [round_robin] QExa20  ->  5567 circuits
2026-10-07 18:44:18,077  run_gnn_dispatch          INFO       [round_robin] overall mean fidelity: 0.3441  (load CV: 0.000)
2026-10-07 18:44:18,093  run_gnn_dispatch          INFO       [cross-policy oracle↔gnn] agreement: 40.9%  mean regret: 0.0248
2026-10-07 18:44:18,109  run_gnn_dispatch          INFO       [cross-policy gt_weighted↔gnn] agreement: 41.1%  mean regret: 0.0128
2026-10-07 18:44:18,109  run_gnn_dispatch          INFO     === Fidelity weight 0.20 ===
2026-10-07 18:44:18,342  run_gnn_dispatch          INFO       [oracle] EQE1_Top  ->  1600 circuits
2026-10-07 18:44:18,342  run_gnn_dispatch          INFO       [oracle] EQE1_Bottom  ->  9250 circuits
2026-10-07 18:44:18,342  run_gnn_dispatch          INFO       [oracle] QExa20  ->  5852 circuits
2026-10-07 18:44:18,373  run_gnn_dispatch          INFO       [oracle] overall mean fidelity: 0.3763  (load CV: 0.688)
2026-10-07 18:44:18,373  run_gnn_dispatch          INFO       [gt_weighted] EQE1_Top  ->  5512 circuits
2026-10-07 18:44:18,373  run_gnn_dispatch          INFO       [gt_weighted] EQE1_Bottom  ->  5686 circuits
2026-10-07 18:44:18,373  run_gnn_dispatch          INFO       [gt_weighted] QExa20  ->  5504 circuits
2026-10-07 18:44:18,399  run_gnn_dispatch          INFO       [gt_weighted] overall mean fidelity: 0.3665  (load CV: 0.018)
2026-10-07 18:44:18,399  run_gnn_dispatch          INFO       [gnn] EQE1_Top  ->  5511 circuits
2026-10-07 18:44:18,399  run_gnn_dispatch          INFO       [gnn] EQE1_Bottom  ->  5647 circuits
2026-10-07 18:44:18,399  run_gnn_dispatch          INFO       [gnn] QExa20  ->  5544 circuits
2026-10-07 18:44:18,427  run_gnn_dispatch          INFO       [gnn] overall mean fidelity: 0.3515  (load CV: 0.013)
2026-10-07 18:44:18,427  run_gnn_dispatch          INFO       [round_robin] EQE1_Top  ->  5568 circuits
2026-10-07 18:44:18,427  run_gnn_dispatch          INFO       [round_robin] EQE1_Bottom  ->  5567 circuits
2026-10-07 18:44:18,427  run_gnn_dispatch          INFO       [round_robin] QExa20  ->  5567 circuits
2026-10-07 18:44:18,454  run_gnn_dispatch          INFO       [round_robin] overall mean fidelity: 0.3441  (load CV: 0.000)
2026-10-07 18:44:18,471  run_gnn_dispatch          INFO       [cross-policy oracle↔gnn] agreement: 41.7%  mean regret: 0.0249
2026-10-07 18:44:18,486  run_gnn_dispatch          INFO       [cross-policy gt_weighted↔gnn] agreement: 41.5%  mean regret: 0.0151
2026-10-07 18:44:18,487  run_gnn_dispatch          INFO     === Fidelity weight 0.30 ===
2026-10-07 18:44:18,675  run_gnn_dispatch          INFO       [oracle] EQE1_Top  ->  1600 circuits
2026-10-07 18:44:18,675  run_gnn_dispatch          INFO       [oracle] EQE1_Bottom  ->  9250 circuits
2026-10-07 18:44:18,675  run_gnn_dispatch          INFO       [oracle] QExa20  ->  5852 circuits
2026-10-07 18:44:18,702  run_gnn_dispatch          INFO       [oracle] overall mean fidelity: 0.3763  (load CV: 0.688)
2026-10-07 18:44:18,702  run_gnn_dispatch          INFO       [gt_weighted] EQE1_Top  ->  5502 circuits
2026-10-07 18:44:18,702  run_gnn_dispatch          INFO       [gt_weighted] EQE1_Bottom  ->  5753 circuits
2026-10-07 18:44:18,702  run_gnn_dispatch          INFO       [gt_weighted] QExa20  ->  5447 circuits
2026-10-07 18:44:18,728  run_gnn_dispatch          INFO       [gt_weighted] overall mean fidelity: 0.3680  (load CV: 0.029)
2026-10-07 18:44:18,728  run_gnn_dispatch          INFO       [gnn] EQE1_Top  ->  5481 circuits
2026-10-07 18:44:18,728  run_gnn_dispatch          INFO       [gnn] EQE1_Bottom  ->  5717 circuits
2026-10-07 18:44:18,728  run_gnn_dispatch          INFO       [gnn] QExa20  ->  5504 circuits
2026-10-07 18:44:18,756  run_gnn_dispatch          INFO       [gnn] overall mean fidelity: 0.3517  (load CV: 0.023)
2026-10-07 18:44:18,756  run_gnn_dispatch          INFO       [round_robin] EQE1_Top  ->  5568 circuits
2026-10-07 18:44:18,756  run_gnn_dispatch          INFO       [round_robin] EQE1_Bottom  ->  5567 circuits
2026-10-07 18:44:18,756  run_gnn_dispatch          INFO       [round_robin] QExa20  ->  5567 circuits
2026-10-07 18:44:18,783  run_gnn_dispatch          INFO       [round_robin] overall mean fidelity: 0.3441  (load CV: 0.000)
2026-10-07 18:44:18,799  run_gnn_dispatch          INFO       [cross-policy oracle↔gnn] agreement: 42.6%  mean regret: 0.0246
2026-10-07 18:44:18,814  run_gnn_dispatch          INFO       [cross-policy gt_weighted↔gnn] agreement: 41.3%  mean regret: 0.0163
2026-10-07 18:44:18,814  run_gnn_dispatch          INFO     === Fidelity weight 0.40 ===
2026-10-07 18:44:19,009  run_gnn_dispatch          INFO       [oracle] EQE1_Top  ->  1600 circuits
2026-10-07 18:44:19,009  run_gnn_dispatch          INFO       [oracle] EQE1_Bottom  ->  9250 circuits
2026-10-07 18:44:19,009  run_gnn_dispatch          INFO       [oracle] QExa20  ->  5852 circuits
2026-10-07 18:44:19,037  run_gnn_dispatch          INFO       [oracle] overall mean fidelity: 0.3763  (load CV: 0.688)
2026-10-07 18:44:19,037  run_gnn_dispatch          INFO       [gt_weighted] EQE1_Top  ->  5496 circuits
2026-10-07 18:44:19,037  run_gnn_dispatch          INFO       [gt_weighted] EQE1_Bottom  ->  5839 circuits
2026-10-07 18:44:19,037  run_gnn_dispatch          INFO       [gt_weighted] QExa20  ->  5367 circuits
2026-10-07 18:44:19,063  run_gnn_dispatch          INFO       [gt_weighted] overall mean fidelity: 0.3693  (load CV: 0.044)
2026-10-07 18:44:19,063  run_gnn_dispatch          INFO       [gnn] EQE1_Top  ->  5441 circuits
2026-10-07 18:44:19,063  run_gnn_dispatch          INFO       [gnn] EQE1_Bottom  ->  5809 circuits
2026-10-07 18:44:19,063  run_gnn_dispatch          INFO       [gnn] QExa20  ->  5452 circuits
2026-10-07 18:44:19,091  run_gnn_dispatch          INFO       [gnn] overall mean fidelity: 0.3519  (load CV: 0.038)
2026-10-07 18:44:19,091  run_gnn_dispatch          INFO       [round_robin] EQE1_Top  ->  5568 circuits
2026-10-07 18:44:19,091  run_gnn_dispatch          INFO       [round_robin] EQE1_Bottom  ->  5567 circuits
2026-10-07 18:44:19,091  run_gnn_dispatch          INFO       [round_robin] QExa20  ->  5567 circuits
2026-10-07 18:44:19,118  run_gnn_dispatch          INFO       [round_robin] overall mean fidelity: 0.3441  (load CV: 0.000)
2026-10-07 18:44:19,134  run_gnn_dispatch          INFO       [cross-policy oracle↔gnn] agreement: 44.1%  mean regret: 0.0245
2026-10-07 18:44:19,149  run_gnn_dispatch          INFO       [cross-policy gt_weighted↔gnn] agreement: 41.3%  mean regret: 0.0174
2026-10-07 18:44:19,149  run_gnn_dispatch          INFO     === Fidelity weight 0.50 ===
2026-10-07 18:44:19,257  run_gnn_dispatch          INFO       [oracle] EQE1_Top  ->  1600 circuits
2026-10-07 18:44:19,257  run_gnn_dispatch          INFO       [oracle] EQE1_Bottom  ->  9250 circuits
2026-10-07 18:44:19,257  run_gnn_dispatch          INFO       [oracle] QExa20  ->  5852 circuits
2026-10-07 18:44:19,284  run_gnn_dispatch          INFO       [oracle] overall mean fidelity: 0.3763  (load CV: 0.688)
2026-10-07 18:44:19,284  run_gnn_dispatch          INFO       [gt_weighted] EQE1_Top  ->  5497 circuits
2026-10-07 18:44:19,284  run_gnn_dispatch          INFO       [gt_weighted] EQE1_Bottom  ->  5950 circuits
2026-10-07 18:44:19,284  run_gnn_dispatch          INFO       [gt_weighted] QExa20  ->  5255 circuits
2026-10-07 18:44:19,309  run_gnn_dispatch          INFO       [gt_weighted] overall mean fidelity: 0.3705  (load CV: 0.063)
2026-10-07 18:44:19,309  run_gnn_dispatch          INFO       [gnn] EQE1_Top  ->  5398 circuits
2026-10-07 18:44:19,309  run_gnn_dispatch          INFO       [gnn] EQE1_Bottom  ->  5921 circuits
2026-10-07 18:44:19,309  run_gnn_dispatch          INFO       [gnn] QExa20  ->  5383 circuits
2026-10-07 18:44:19,336  run_gnn_dispatch          INFO       [gnn] overall mean fidelity: 0.3524  (load CV: 0.055)
2026-10-07 18:44:19,336  run_gnn_dispatch          INFO       [round_robin] EQE1_Top  ->  5568 circuits
2026-10-07 18:44:19,336  run_gnn_dispatch          INFO       [round_robin] EQE1_Bottom  ->  5567 circuits
2026-10-07 18:44:19,336  run_gnn_dispatch          INFO       [round_robin] QExa20  ->  5567 circuits
2026-10-07 18:44:19,364  run_gnn_dispatch          INFO       [round_robin] overall mean fidelity: 0.3441  (load CV: 0.000)
2026-10-07 18:44:19,379  run_gnn_dispatch          INFO       [cross-policy oracle↔gnn] agreement: 45.7%  mean regret: 0.0239
2026-10-07 18:44:19,394  run_gnn_dispatch          INFO       [cross-policy gt_weighted↔gnn] agreement: 41.5%  mean regret: 0.0181
2026-10-07 18:44:19,395  run_gnn_dispatch          INFO     === Fidelity weight 0.60 ===
2026-10-07 18:44:19,599  run_gnn_dispatch          INFO       [oracle] EQE1_Top  ->  1600 circuits
2026-10-07 18:44:19,599  run_gnn_dispatch          INFO       [oracle] EQE1_Bottom  ->  9250 circuits
2026-10-07 18:44:19,599  run_gnn_dispatch          INFO       [oracle] QExa20  ->  5852 circuits
2026-10-07 18:44:19,626  run_gnn_dispatch          INFO       [oracle] overall mean fidelity: 0.3763  (load CV: 0.688)
2026-10-07 18:44:19,626  run_gnn_dispatch          INFO       [gt_weighted] EQE1_Top  ->  5509 circuits
2026-10-07 18:44:19,626  run_gnn_dispatch          INFO       [gt_weighted] EQE1_Bottom  ->  6111 circuits
2026-10-07 18:44:19,626  run_gnn_dispatch          INFO       [gt_weighted] QExa20  ->  5082 circuits
2026-10-07 18:44:19,651  run_gnn_dispatch          INFO       [gt_weighted] overall mean fidelity: 0.3716  (load CV: 0.093)
2026-10-07 18:44:19,651  run_gnn_dispatch          INFO       [gnn] EQE1_Top  ->  5350 circuits
2026-10-07 18:44:19,651  run_gnn_dispatch          INFO       [gnn] EQE1_Bottom  ->  6045 circuits
2026-10-07 18:44:19,651  run_gnn_dispatch          INFO       [gnn] QExa20  ->  5307 circuits
2026-10-07 18:44:19,679  run_gnn_dispatch          INFO       [gnn] overall mean fidelity: 0.3529  (load CV: 0.074)
2026-10-07 18:44:19,679  run_gnn_dispatch          INFO       [round_robin] EQE1_Top  ->  5568 circuits
2026-10-07 18:44:19,679  run_gnn_dispatch          INFO       [round_robin] EQE1_Bottom  ->  5567 circuits
2026-10-07 18:44:19,679  run_gnn_dispatch          INFO       [round_robin] QExa20  ->  5567 circuits
2026-10-07 18:44:19,706  run_gnn_dispatch          INFO       [round_robin] overall mean fidelity: 0.3441  (load CV: 0.000)
2026-10-07 18:44:19,723  run_gnn_dispatch          INFO       [cross-policy oracle↔gnn] agreement: 47.2%  mean regret: 0.0234
2026-10-07 18:44:19,747  run_gnn_dispatch          INFO       [cross-policy gt_weighted↔gnn] agreement: 43.1%  mean regret: 0.0187
2026-10-07 18:44:19,747  run_gnn_dispatch          INFO     === Fidelity weight 0.70 ===
2026-10-07 18:44:19,944  run_gnn_dispatch          INFO       [oracle] EQE1_Top  ->  1600 circuits
2026-10-07 18:44:19,944  run_gnn_dispatch          INFO       [oracle] EQE1_Bottom  ->  9250 circuits
2026-10-07 18:44:19,944  run_gnn_dispatch          INFO       [oracle] QExa20  ->  5852 circuits
2026-10-07 18:44:19,971  run_gnn_dispatch          INFO       [oracle] overall mean fidelity: 0.3763  (load CV: 0.688)
2026-10-07 18:44:19,971  run_gnn_dispatch          INFO       [gt_weighted] EQE1_Top  ->  5505 circuits
2026-10-07 18:44:19,971  run_gnn_dispatch          INFO       [gt_weighted] EQE1_Bottom  ->  6368 circuits
2026-10-07 18:44:19,971  run_gnn_dispatch          INFO       [gt_weighted] QExa20  ->  4829 circuits
2026-10-07 18:44:19,996  run_gnn_dispatch          INFO       [gt_weighted] overall mean fidelity: 0.3730  (load CV: 0.139)
2026-10-07 18:44:19,996  run_gnn_dispatch          INFO       [gnn] EQE1_Top  ->  5285 circuits
2026-10-07 18:44:19,996  run_gnn_dispatch          INFO       [gnn] EQE1_Bottom  ->  6196 circuits
2026-10-07 18:44:19,996  run_gnn_dispatch          INFO       [gnn] QExa20  ->  5221 circuits
2026-10-07 18:44:20,023  run_gnn_dispatch          INFO       [gnn] overall mean fidelity: 0.3534  (load CV: 0.098)
2026-10-07 18:44:20,023  run_gnn_dispatch          INFO       [round_robin] EQE1_Top  ->  5568 circuits
2026-10-07 18:44:20,023  run_gnn_dispatch          INFO       [round_robin] EQE1_Bottom  ->  5567 circuits
2026-10-07 18:44:20,023  run_gnn_dispatch          INFO       [round_robin] QExa20  ->  5567 circuits
2026-10-07 18:44:20,050  run_gnn_dispatch          INFO       [round_robin] overall mean fidelity: 0.3441  (load CV: 0.000)
2026-10-07 18:44:20,065  run_gnn_dispatch          INFO       [cross-policy oracle↔gnn] agreement: 48.6%  mean regret: 0.0230
2026-10-07 18:44:20,080  run_gnn_dispatch          INFO       [cross-policy gt_weighted↔gnn] agreement: 43.8%  mean regret: 0.0196
2026-10-07 18:44:20,081  run_gnn_dispatch          INFO     === Fidelity weight 0.80 ===
2026-10-07 18:44:20,269  run_gnn_dispatch          INFO       [oracle] EQE1_Top  ->  1600 circuits
2026-10-07 18:44:20,269  run_gnn_dispatch          INFO       [oracle] EQE1_Bottom  ->  9250 circuits
2026-10-07 18:44:20,269  run_gnn_dispatch          INFO       [oracle] QExa20  ->  5852 circuits
2026-10-07 18:44:20,296  run_gnn_dispatch          INFO       [oracle] overall mean fidelity: 0.3763  (load CV: 0.688)
2026-10-07 18:44:20,296  run_gnn_dispatch          INFO       [gt_weighted] EQE1_Top  ->  5422 circuits
2026-10-07 18:44:20,296  run_gnn_dispatch          INFO       [gt_weighted] EQE1_Bottom  ->  6779 circuits
2026-10-07 18:44:20,296  run_gnn_dispatch          INFO       [gt_weighted] QExa20  ->  4501 circuits
2026-10-07 18:44:20,321  run_gnn_dispatch          INFO       [gt_weighted] overall mean fidelity: 0.3743  (load CV: 0.206)
2026-10-07 18:44:20,321  run_gnn_dispatch          INFO       [gnn] EQE1_Top  ->  5190 circuits
2026-10-07 18:44:20,321  run_gnn_dispatch          INFO       [gnn] EQE1_Bottom  ->  6395 circuits
2026-10-07 18:44:20,321  run_gnn_dispatch          INFO       [gnn] QExa20  ->  5117 circuits
2026-10-07 18:44:20,348  run_gnn_dispatch          INFO       [gnn] overall mean fidelity: 0.3538  (load CV: 0.129)
2026-10-07 18:44:20,348  run_gnn_dispatch          INFO       [round_robin] EQE1_Top  ->  5568 circuits
2026-10-07 18:44:20,348  run_gnn_dispatch          INFO       [round_robin] EQE1_Bottom  ->  5567 circuits
2026-10-07 18:44:20,348  run_gnn_dispatch          INFO       [round_robin] QExa20  ->  5567 circuits
2026-10-07 18:44:20,376  run_gnn_dispatch          INFO       [round_robin] overall mean fidelity: 0.3441  (load CV: 0.000)
2026-10-07 18:44:20,391  run_gnn_dispatch          INFO       [cross-policy oracle↔gnn] agreement: 50.7%  mean regret: 0.0225
2026-10-07 18:44:20,406  run_gnn_dispatch          INFO       [cross-policy gt_weighted↔gnn] agreement: 45.0%  mean regret: 0.0205
2026-10-07 18:44:20,406  run_gnn_dispatch          INFO     === Fidelity weight 0.90 ===
2026-10-07 18:44:20,593  run_gnn_dispatch          INFO       [oracle] EQE1_Top  ->  1600 circuits
2026-10-07 18:44:20,593  run_gnn_dispatch          INFO       [oracle] EQE1_Bottom  ->  9250 circuits
2026-10-07 18:44:20,593  run_gnn_dispatch          INFO       [oracle] QExa20  ->  5852 circuits
2026-10-07 18:44:20,619  run_gnn_dispatch          INFO       [oracle] overall mean fidelity: 0.3763  (load CV: 0.688)
2026-10-07 18:44:20,619  run_gnn_dispatch          INFO       [gt_weighted] EQE1_Top  ->  5015 circuits
2026-10-07 18:44:20,619  run_gnn_dispatch          INFO       [gt_weighted] EQE1_Bottom  ->  7479 circuits
2026-10-07 18:44:20,619  run_gnn_dispatch          INFO       [gt_weighted] QExa20  ->  4208 circuits
2026-10-07 18:44:20,644  run_gnn_dispatch          INFO       [gt_weighted] overall mean fidelity: 0.3754  (load CV: 0.306)
2026-10-07 18:44:20,644  run_gnn_dispatch          INFO       [gnn] EQE1_Top  ->  4981 circuits
2026-10-07 18:44:20,644  run_gnn_dispatch          INFO       [gnn] EQE1_Bottom  ->  6732 circuits
2026-10-07 18:44:20,644  run_gnn_dispatch          INFO       [gnn] QExa20  ->  4989 circuits
2026-10-07 18:44:20,671  run_gnn_dispatch          INFO       [gnn] overall mean fidelity: 0.3541  (load CV: 0.181)
2026-10-07 18:44:20,671  run_gnn_dispatch          INFO       [round_robin] EQE1_Top  ->  5568 circuits
2026-10-07 18:44:20,671  run_gnn_dispatch          INFO       [round_robin] EQE1_Bottom  ->  5567 circuits
2026-10-07 18:44:20,671  run_gnn_dispatch          INFO       [round_robin] QExa20  ->  5567 circuits
2026-10-07 18:44:20,698  run_gnn_dispatch          INFO       [round_robin] overall mean fidelity: 0.3441  (load CV: 0.000)
2026-10-07 18:44:20,713  run_gnn_dispatch          INFO       [cross-policy oracle↔gnn] agreement: 52.6%  mean regret: 0.0222
2026-10-07 18:44:20,728  run_gnn_dispatch          INFO       [cross-policy gt_weighted↔gnn] agreement: 45.4%  mean regret: 0.0213
2026-10-07 18:44:20,728  run_gnn_dispatch          INFO     === Fidelity weight 1.00 ===
2026-10-07 18:44:20,909  run_gnn_dispatch          INFO       [oracle] EQE1_Top  ->  1600 circuits
2026-10-07 18:44:20,910  run_gnn_dispatch          INFO       [oracle] EQE1_Bottom  ->  9250 circuits
2026-10-07 18:44:20,910  run_gnn_dispatch          INFO       [oracle] QExa20  ->  5852 circuits
2026-10-07 18:44:20,936  run_gnn_dispatch          INFO       [oracle] overall mean fidelity: 0.3763  (load CV: 0.688)
2026-10-07 18:44:20,936  run_gnn_dispatch          INFO       [gt_weighted] EQE1_Top  ->  1600 circuits
2026-10-07 18:44:20,936  run_gnn_dispatch          INFO       [gt_weighted] EQE1_Bottom  ->  9250 circuits
2026-10-07 18:44:20,936  run_gnn_dispatch          INFO       [gt_weighted] QExa20  ->  5852 circuits
2026-10-07 18:44:20,961  run_gnn_dispatch          INFO       [gt_weighted] overall mean fidelity: 0.3763  (load CV: 0.688)
2026-10-07 18:44:20,961  run_gnn_dispatch          INFO       [gnn] EQE1_Top  ->  5682 circuits
2026-10-07 18:44:20,961  run_gnn_dispatch          INFO       [gnn] EQE1_Bottom  ->  6817 circuits
2026-10-07 18:44:20,961  run_gnn_dispatch          INFO       [gnn] QExa20  ->  4203 circuits
2026-10-07 18:44:20,987  run_gnn_dispatch          INFO       [gnn] overall mean fidelity: 0.3529  (load CV: 0.235)
2026-10-07 18:44:20,987  run_gnn_dispatch          INFO       [round_robin] EQE1_Top  ->  5568 circuits
2026-10-07 18:44:20,987  run_gnn_dispatch          INFO       [round_robin] EQE1_Bottom  ->  5567 circuits
2026-10-07 18:44:20,987  run_gnn_dispatch          INFO       [round_robin] QExa20  ->  5567 circuits
2026-10-07 18:44:21,015  run_gnn_dispatch          INFO       [round_robin] overall mean fidelity: 0.3441  (load CV: 0.000)
2026-10-07 18:44:21,030  run_gnn_dispatch          INFO       [cross-policy oracle↔gnn] agreement: 51.1%  mean regret: 0.0235
2026-10-07 18:44:21,044  run_gnn_dispatch          INFO       [cross-policy gt_weighted↔gnn] agreement: 51.1%  mean regret: 0.0235
2026-10-07 18:44:21,105  run_gnn_dispatch          INFO     Ground-truth fidelities saved to /home/atudisco/pred-distr-tool/evaluations/generalization_v2/results/scheduling/leave_one_family_out/fidelity_ground_truth.json
2026-10-07 18:44:21,173  run_gnn_dispatch          INFO     GNN-predicted fidelities saved to /home/atudisco/pred-distr-tool/evaluations/generalization_v2/results/scheduling/leave_one_family_out/fidelity_gnn_predicted.json
2026-10-07 18:44:21,442  run_gnn_dispatch          INFO     Full results saved to /home/atudisco/pred-distr-tool/evaluations/generalization_v2/results/scheduling/leave_one_family_out/dispatch_results.json
2026-10-07 18:44:21,445  run_gnn_dispatch          INFO     Summary CSV saved to /home/atudisco/pred-distr-tool/evaluations/generalization_v2/results/scheduling/leave_one_family_out/dispatch_summary.csv
2026-10-07 18:44:21,447  run_gnn_dispatch          INFO     Cross-policy CSV saved to /home/atudisco/pred-distr-tool/evaluations/generalization_v2/results/scheduling/leave_one_family_out/cross_policy_summary.csv
2026-10-07 18:44:21,449  genstudy.io               INFO     Wrote /home/atudisco/pred-distr-tool/evaluations/generalization_v2/results/scheduling/leave_one_family_out/sweep_summary.csv (11 rows)
2026-10-07 18:44:21,454  run_scheduling_eval       INFO     === per-family scheduling: ae (758 circuits) ===
2026-10-07 18:44:21,457  run_scheduling_eval       INFO     Scheduling on 758 circuits -> /home/atudisco/pred-distr-tool/evaluations/generalization_v2/results/scheduling/leave_one_family_out/by_family/ae
2026-10-07 18:44:21,457  run_gnn_dispatch          INFO     === Fidelity weight 0.00 ===
2026-10-07 18:44:21,458  run_gnn_dispatch          INFO       [oracle] EQE1_Top  ->  86 circuits
2026-10-07 18:44:21,458  run_gnn_dispatch          INFO       [oracle] EQE1_Bottom  ->  206 circuits
2026-10-07 18:44:21,458  run_gnn_dispatch          INFO       [oracle] QExa20  ->  466 circuits
2026-10-07 18:44:21,460  run_gnn_dispatch          INFO       [oracle] overall mean fidelity: 0.2067  (load CV: 0.769)
2026-10-07 18:44:21,460  run_gnn_dispatch          INFO       [gt_weighted] EQE1_Top  ->  253 circuits
2026-10-07 18:44:21,460  run_gnn_dispatch          INFO       [gt_weighted] EQE1_Bottom  ->  253 circuits
2026-10-07 18:44:21,460  run_gnn_dispatch          INFO       [gt_weighted] QExa20  ->  252 circuits
2026-10-07 18:44:21,462  run_gnn_dispatch          INFO       [gt_weighted] overall mean fidelity: 0.1942  (load CV: 0.002)
2026-10-07 18:44:21,462  run_gnn_dispatch          INFO       [gnn] EQE1_Top  ->  253 circuits
2026-10-07 18:44:21,462  run_gnn_dispatch          INFO       [gnn] EQE1_Bottom  ->  253 circuits
2026-10-07 18:44:21,462  run_gnn_dispatch          INFO       [gnn] QExa20  ->  252 circuits
2026-10-07 18:44:21,465  run_gnn_dispatch          INFO       [gnn] overall mean fidelity: 0.1942  (load CV: 0.002)
2026-10-07 18:44:21,465  run_gnn_dispatch          INFO       [round_robin] EQE1_Top  ->  253 circuits
2026-10-07 18:44:21,465  run_gnn_dispatch          INFO       [round_robin] EQE1_Bottom  ->  253 circuits
2026-10-07 18:44:21,465  run_gnn_dispatch          INFO       [round_robin] QExa20  ->  252 circuits
2026-10-07 18:44:21,467  run_gnn_dispatch          INFO       [round_robin] overall mean fidelity: 0.1942  (load CV: 0.002)
2026-10-07 18:44:21,468  run_gnn_dispatch          INFO       [cross-policy oracle↔gnn] agreement: 33.9%  mean regret: 0.0124
2026-10-07 18:44:21,468  run_gnn_dispatch          INFO       [cross-policy gt_weighted↔gnn] agreement: 100.0%  mean regret: 0.0000
2026-10-07 18:44:21,468  run_gnn_dispatch          INFO     === Fidelity weight 0.10 ===
2026-10-07 18:44:21,489  run_gnn_dispatch          INFO       [oracle] EQE1_Top  ->  86 circuits
2026-10-07 18:44:21,489  run_gnn_dispatch          INFO       [oracle] EQE1_Bottom  ->  206 circuits
2026-10-07 18:44:21,489  run_gnn_dispatch          INFO       [oracle] QExa20  ->  466 circuits
2026-10-07 18:44:21,492  run_gnn_dispatch          INFO       [oracle] overall mean fidelity: 0.2067  (load CV: 0.769)
2026-10-07 18:44:21,492  run_gnn_dispatch          INFO       [gt_weighted] EQE1_Top  ->  253 circuits
2026-10-07 18:44:21,492  run_gnn_dispatch          INFO       [gt_weighted] EQE1_Bottom  ->  251 circuits
2026-10-07 18:44:21,492  run_gnn_dispatch          INFO       [gt_weighted] QExa20  ->  254 circuits
2026-10-07 18:44:21,494  run_gnn_dispatch          INFO       [gt_weighted] overall mean fidelity: 0.2015  (load CV: 0.006)
2026-10-07 18:44:21,494  run_gnn_dispatch          INFO       [gnn] EQE1_Top  ->  254 circuits
2026-10-07 18:44:21,494  run_gnn_dispatch          INFO       [gnn] EQE1_Bottom  ->  252 circuits
2026-10-07 18:44:21,494  run_gnn_dispatch          INFO       [gnn] QExa20  ->  252 circuits
2026-10-07 18:44:21,496  run_gnn_dispatch          INFO       [gnn] overall mean fidelity: 0.1932  (load CV: 0.005)
2026-10-07 18:44:21,496  run_gnn_dispatch          INFO       [round_robin] EQE1_Top  ->  253 circuits
2026-10-07 18:44:21,496  run_gnn_dispatch          INFO       [round_robin] EQE1_Bottom  ->  253 circuits
2026-10-07 18:44:21,496  run_gnn_dispatch          INFO       [round_robin] QExa20  ->  252 circuits
2026-10-07 18:44:21,499  run_gnn_dispatch          INFO       [round_robin] overall mean fidelity: 0.1942  (load CV: 0.002)
2026-10-07 18:44:21,500  run_gnn_dispatch          INFO       [cross-policy oracle↔gnn] agreement: 31.4%  mean regret: 0.0135
2026-10-07 18:44:21,500  run_gnn_dispatch          INFO       [cross-policy gt_weighted↔gnn] agreement: 26.5%  mean regret: 0.0083
2026-10-07 18:44:21,500  run_gnn_dispatch          INFO     === Fidelity weight 0.20 ===
2026-10-07 18:44:21,520  run_gnn_dispatch          INFO       [oracle] EQE1_Top  ->  86 circuits
2026-10-07 18:44:21,520  run_gnn_dispatch          INFO       [oracle] EQE1_Bottom  ->  206 circuits
2026-10-07 18:44:21,520  run_gnn_dispatch          INFO       [oracle] QExa20  ->  466 circuits
2026-10-07 18:44:21,523  run_gnn_dispatch          INFO       [oracle] overall mean fidelity: 0.2067  (load CV: 0.769)
2026-10-07 18:44:21,523  run_gnn_dispatch          INFO       [gt_weighted] EQE1_Top  ->  252 circuits
2026-10-07 18:44:21,523  run_gnn_dispatch          INFO       [gt_weighted] EQE1_Bottom  ->  249 circuits
2026-10-07 18:44:21,523  run_gnn_dispatch          INFO       [gt_weighted] QExa20  ->  257 circuits
2026-10-07 18:44:21,525  run_gnn_dispatch          INFO       [gt_weighted] overall mean fidelity: 0.2025  (load CV: 0.016)
2026-10-07 18:44:21,525  run_gnn_dispatch          INFO       [gnn] EQE1_Top  ->  256 circuits
2026-10-07 18:44:21,525  run_gnn_dispatch          INFO       [gnn] EQE1_Bottom  ->  252 circuits
2026-10-07 18:44:21,525  run_gnn_dispatch          INFO       [gnn] QExa20  ->  250 circuits
2026-10-07 18:44:21,527  run_gnn_dispatch          INFO       [gnn] overall mean fidelity: 0.1945  (load CV: 0.012)
2026-10-07 18:44:21,527  run_gnn_dispatch          INFO       [round_robin] EQE1_Top  ->  253 circuits
2026-10-07 18:44:21,527  run_gnn_dispatch          INFO       [round_robin] EQE1_Bottom  ->  253 circuits
2026-10-07 18:44:21,528  run_gnn_dispatch          INFO       [round_robin] QExa20  ->  252 circuits
2026-10-07 18:44:21,530  run_gnn_dispatch          INFO       [round_robin] overall mean fidelity: 0.1942  (load CV: 0.002)
2026-10-07 18:44:21,531  run_gnn_dispatch          INFO       [cross-policy oracle↔gnn] agreement: 32.7%  mean regret: 0.0121
2026-10-07 18:44:21,531  run_gnn_dispatch          INFO       [cross-policy gt_weighted↔gnn] agreement: 27.2%  mean regret: 0.0079
2026-10-07 18:44:21,531  run_gnn_dispatch          INFO     === Fidelity weight 0.30 ===
2026-10-07 18:44:21,551  run_gnn_dispatch          INFO       [oracle] EQE1_Top  ->  86 circuits
2026-10-07 18:44:21,552  run_gnn_dispatch          INFO       [oracle] EQE1_Bottom  ->  206 circuits
2026-10-07 18:44:21,552  run_gnn_dispatch          INFO       [oracle] QExa20  ->  466 circuits
2026-10-07 18:44:21,554  run_gnn_dispatch          INFO       [oracle] overall mean fidelity: 0.2067  (load CV: 0.769)
2026-10-07 18:44:21,554  run_gnn_dispatch          INFO       [gt_weighted] EQE1_Top  ->  252 circuits
2026-10-07 18:44:21,554  run_gnn_dispatch          INFO       [gt_weighted] EQE1_Bottom  ->  246 circuits
2026-10-07 18:44:21,554  run_gnn_dispatch          INFO       [gt_weighted] QExa20  ->  260 circuits
2026-10-07 18:44:21,557  run_gnn_dispatch          INFO       [gt_weighted] overall mean fidelity: 0.2029  (load CV: 0.028)
2026-10-07 18:44:21,557  run_gnn_dispatch          INFO       [gnn] EQE1_Top  ->  259 circuits
2026-10-07 18:44:21,557  run_gnn_dispatch          INFO       [gnn] EQE1_Bottom  ->  251 circuits
2026-10-07 18:44:21,557  run_gnn_dispatch          INFO       [gnn] QExa20  ->  248 circuits
2026-10-07 18:44:21,559  run_gnn_dispatch          INFO       [gnn] overall mean fidelity: 0.1948  (load CV: 0.023)
2026-10-07 18:44:21,559  run_gnn_dispatch          INFO       [round_robin] EQE1_Top  ->  253 circuits
2026-10-07 18:44:21,559  run_gnn_dispatch          INFO       [round_robin] EQE1_Bottom  ->  253 circuits
2026-10-07 18:44:21,559  run_gnn_dispatch          INFO       [round_robin] QExa20  ->  252 circuits
2026-10-07 18:44:21,561  run_gnn_dispatch          INFO       [round_robin] overall mean fidelity: 0.1942  (load CV: 0.002)
2026-10-07 18:44:21,562  run_gnn_dispatch          INFO       [cross-policy oracle↔gnn] agreement: 33.0%  mean regret: 0.0119
2026-10-07 18:44:21,563  run_gnn_dispatch          INFO       [cross-policy gt_weighted↔gnn] agreement: 26.8%  mean regret: 0.0081
2026-10-07 18:44:21,563  run_gnn_dispatch          INFO     === Fidelity weight 0.40 ===
2026-10-07 18:44:21,583  run_gnn_dispatch          INFO       [oracle] EQE1_Top  ->  86 circuits
2026-10-07 18:44:21,583  run_gnn_dispatch          INFO       [oracle] EQE1_Bottom  ->  206 circuits
2026-10-07 18:44:21,583  run_gnn_dispatch          INFO       [oracle] QExa20  ->  466 circuits
2026-10-07 18:44:21,585  run_gnn_dispatch          INFO       [oracle] overall mean fidelity: 0.2067  (load CV: 0.769)
2026-10-07 18:44:21,585  run_gnn_dispatch          INFO       [gt_weighted] EQE1_Top  ->  250 circuits
2026-10-07 18:44:21,585  run_gnn_dispatch          INFO       [gt_weighted] EQE1_Bottom  ->  244 circuits
2026-10-07 18:44:21,585  run_gnn_dispatch          INFO       [gt_weighted] QExa20  ->  264 circuits
2026-10-07 18:44:21,588  run_gnn_dispatch          INFO       [gt_weighted] overall mean fidelity: 0.2033  (load CV: 0.041)
2026-10-07 18:44:21,588  run_gnn_dispatch          INFO       [gnn] EQE1_Top  ->  263 circuits
2026-10-07 18:44:21,588  run_gnn_dispatch          INFO       [gnn] EQE1_Bottom  ->  249 circuits
2026-10-07 18:44:21,588  run_gnn_dispatch          INFO       [gnn] QExa20  ->  246 circuits
2026-10-07 18:44:21,590  run_gnn_dispatch          INFO       [gnn] overall mean fidelity: 0.1946  (load CV: 0.036)
2026-10-07 18:44:21,590  run_gnn_dispatch          INFO       [round_robin] EQE1_Top  ->  253 circuits
2026-10-07 18:44:21,590  run_gnn_dispatch          INFO       [round_robin] EQE1_Bottom  ->  253 circuits
2026-10-07 18:44:21,590  run_gnn_dispatch          INFO       [round_robin] QExa20  ->  252 circuits
2026-10-07 18:44:21,592  run_gnn_dispatch          INFO       [round_robin] overall mean fidelity: 0.1942  (load CV: 0.002)
2026-10-07 18:44:21,593  run_gnn_dispatch          INFO       [cross-policy oracle↔gnn] agreement: 32.1%  mean regret: 0.0121
2026-10-07 18:44:21,594  run_gnn_dispatch          INFO       [cross-policy gt_weighted↔gnn] agreement: 27.4%  mean regret: 0.0087
2026-10-07 18:44:21,594  run_gnn_dispatch          INFO     === Fidelity weight 0.50 ===
2026-10-07 18:44:21,614  run_gnn_dispatch          INFO       [oracle] EQE1_Top  ->  86 circuits
2026-10-07 18:44:21,614  run_gnn_dispatch          INFO       [oracle] EQE1_Bottom  ->  206 circuits
2026-10-07 18:44:21,614  run_gnn_dispatch          INFO       [oracle] QExa20  ->  466 circuits
2026-10-07 18:44:21,617  run_gnn_dispatch          INFO       [oracle] overall mean fidelity: 0.2067  (load CV: 0.769)
2026-10-07 18:44:21,617  run_gnn_dispatch          INFO       [gt_weighted] EQE1_Top  ->  250 circuits
2026-10-07 18:44:21,617  run_gnn_dispatch          INFO       [gt_weighted] EQE1_Bottom  ->  241 circuits
2026-10-07 18:44:21,617  run_gnn_dispatch          INFO       [gt_weighted] QExa20  ->  267 circuits
2026-10-07 18:44:21,619  run_gnn_dispatch          INFO       [gt_weighted] overall mean fidelity: 0.2036  (load CV: 0.052)
2026-10-07 18:44:21,619  run_gnn_dispatch          INFO       [gnn] EQE1_Top  ->  268 circuits
2026-10-07 18:44:21,619  run_gnn_dispatch          INFO       [gnn] EQE1_Bottom  ->  248 circuits
2026-10-07 18:44:21,619  run_gnn_dispatch          INFO       [gnn] QExa20  ->  242 circuits
2026-10-07 18:44:21,621  run_gnn_dispatch          INFO       [gnn] overall mean fidelity: 0.1943  (load CV: 0.054)
2026-10-07 18:44:21,621  run_gnn_dispatch          INFO       [round_robin] EQE1_Top  ->  253 circuits
2026-10-07 18:44:21,621  run_gnn_dispatch          INFO       [round_robin] EQE1_Bottom  ->  253 circuits
2026-10-07 18:44:21,621  run_gnn_dispatch          INFO       [round_robin] QExa20  ->  252 circuits
2026-10-07 18:44:21,624  run_gnn_dispatch          INFO       [round_robin] overall mean fidelity: 0.1942  (load CV: 0.002)
2026-10-07 18:44:21,624  run_gnn_dispatch          INFO       [cross-policy oracle↔gnn] agreement: 31.9%  mean regret: 0.0123
2026-10-07 18:44:21,625  run_gnn_dispatch          INFO       [cross-policy gt_weighted↔gnn] agreement: 24.8%  mean regret: 0.0093
2026-10-07 18:44:21,625  run_gnn_dispatch          INFO     === Fidelity weight 0.60 ===
2026-10-07 18:44:21,655  run_gnn_dispatch          INFO       [oracle] EQE1_Top  ->  86 circuits
2026-10-07 18:44:21,656  run_gnn_dispatch          INFO       [oracle] EQE1_Bottom  ->  206 circuits
2026-10-07 18:44:21,656  run_gnn_dispatch          INFO       [oracle] QExa20  ->  466 circuits
2026-10-07 18:44:21,659  run_gnn_dispatch          INFO       [oracle] overall mean fidelity: 0.2067  (load CV: 0.769)
2026-10-07 18:44:21,659  run_gnn_dispatch          INFO       [gt_weighted] EQE1_Top  ->  246 circuits
2026-10-07 18:44:21,659  run_gnn_dispatch          INFO       [gt_weighted] EQE1_Bottom  ->  242 circuits
2026-10-07 18:44:21,659  run_gnn_dispatch          INFO       [gt_weighted] QExa20  ->  270 circuits
2026-10-07 18:44:21,661  run_gnn_dispatch          INFO       [gt_weighted] overall mean fidelity: 0.2041  (load CV: 0.060)
2026-10-07 18:44:21,661  run_gnn_dispatch          INFO       [gnn] EQE1_Top  ->  276 circuits
2026-10-07 18:44:21,661  run_gnn_dispatch          INFO       [gnn] EQE1_Bottom  ->  246 circuits
2026-10-07 18:44:21,661  run_gnn_dispatch          INFO       [gnn] QExa20  ->  236 circuits
2026-10-07 18:44:21,663  run_gnn_dispatch          INFO       [gnn] overall mean fidelity: 0.1955  (load CV: 0.082)
2026-10-07 18:44:21,663  run_gnn_dispatch          INFO       [round_robin] EQE1_Top  ->  253 circuits
2026-10-07 18:44:21,663  run_gnn_dispatch          INFO       [round_robin] EQE1_Bottom  ->  253 circuits
2026-10-07 18:44:21,663  run_gnn_dispatch          INFO       [round_robin] QExa20  ->  252 circuits
2026-10-07 18:44:21,666  run_gnn_dispatch          INFO       [round_robin] overall mean fidelity: 0.1942  (load CV: 0.002)
2026-10-07 18:44:21,667  run_gnn_dispatch          INFO       [cross-policy oracle↔gnn] agreement: 33.1%  mean regret: 0.0112
2026-10-07 18:44:21,667  run_gnn_dispatch          INFO       [cross-policy gt_weighted↔gnn] agreement: 31.3%  mean regret: 0.0086
2026-10-07 18:44:21,667  run_gnn_dispatch          INFO     === Fidelity weight 0.70 ===
2026-10-07 18:44:21,687  run_gnn_dispatch          INFO       [oracle] EQE1_Top  ->  86 circuits
2026-10-07 18:44:21,687  run_gnn_dispatch          INFO       [oracle] EQE1_Bottom  ->  206 circuits
2026-10-07 18:44:21,687  run_gnn_dispatch          INFO       [oracle] QExa20  ->  466 circuits
2026-10-07 18:44:21,690  run_gnn_dispatch          INFO       [oracle] overall mean fidelity: 0.2067  (load CV: 0.769)
2026-10-07 18:44:21,690  run_gnn_dispatch          INFO       [gt_weighted] EQE1_Top  ->  243 circuits
2026-10-07 18:44:21,690  run_gnn_dispatch          INFO       [gt_weighted] EQE1_Bottom  ->  244 circuits
2026-10-07 18:44:21,690  run_gnn_dispatch          INFO       [gt_weighted] QExa20  ->  271 circuits
2026-10-07 18:44:21,692  run_gnn_dispatch          INFO       [gt_weighted] overall mean fidelity: 0.2047  (load CV: 0.063)
2026-10-07 18:44:21,692  run_gnn_dispatch          INFO       [gnn] EQE1_Top  ->  291 circuits
2026-10-07 18:44:21,692  run_gnn_dispatch          INFO       [gnn] EQE1_Bottom  ->  240 circuits
2026-10-07 18:44:21,692  run_gnn_dispatch          INFO       [gnn] QExa20  ->  227 circuits
2026-10-07 18:44:21,695  run_gnn_dispatch          INFO       [gnn] overall mean fidelity: 0.1952  (load CV: 0.134)
2026-10-07 18:44:21,695  run_gnn_dispatch          INFO       [round_robin] EQE1_Top  ->  253 circuits
2026-10-07 18:44:21,695  run_gnn_dispatch          INFO       [round_robin] EQE1_Bottom  ->  253 circuits
2026-10-07 18:44:21,695  run_gnn_dispatch          INFO       [round_robin] QExa20  ->  252 circuits
2026-10-07 18:44:21,697  run_gnn_dispatch          INFO       [round_robin] overall mean fidelity: 0.1942  (load CV: 0.002)
2026-10-07 18:44:21,698  run_gnn_dispatch          INFO       [cross-policy oracle↔gnn] agreement: 31.8%  mean regret: 0.0115
2026-10-07 18:44:21,698  run_gnn_dispatch          INFO       [cross-policy gt_weighted↔gnn] agreement: 28.8%  mean regret: 0.0095
2026-10-07 18:44:21,698  run_gnn_dispatch          INFO     === Fidelity weight 0.80 ===
2026-10-07 18:44:21,718  run_gnn_dispatch          INFO       [oracle] EQE1_Top  ->  86 circuits
2026-10-07 18:44:21,718  run_gnn_dispatch          INFO       [oracle] EQE1_Bottom  ->  206 circuits
2026-10-07 18:44:21,718  run_gnn_dispatch          INFO       [oracle] QExa20  ->  466 circuits
2026-10-07 18:44:21,721  run_gnn_dispatch          INFO       [oracle] overall mean fidelity: 0.2067  (load CV: 0.769)
2026-10-07 18:44:21,721  run_gnn_dispatch          INFO       [gt_weighted] EQE1_Top  ->  239 circuits
2026-10-07 18:44:21,721  run_gnn_dispatch          INFO       [gt_weighted] EQE1_Bottom  ->  252 circuits
2026-10-07 18:44:21,721  run_gnn_dispatch          INFO       [gt_weighted] QExa20  ->  267 circuits
2026-10-07 18:44:21,723  run_gnn_dispatch          INFO       [gt_weighted] overall mean fidelity: 0.2053  (load CV: 0.055)
2026-10-07 18:44:21,723  run_gnn_dispatch          INFO       [gnn] EQE1_Top  ->  315 circuits
2026-10-07 18:44:21,723  run_gnn_dispatch          INFO       [gnn] EQE1_Bottom  ->  234 circuits
2026-10-07 18:44:21,723  run_gnn_dispatch          INFO       [gnn] QExa20  ->  209 circuits
2026-10-07 18:44:21,726  run_gnn_dispatch          INFO       [gnn] overall mean fidelity: 0.1970  (load CV: 0.219)
2026-10-07 18:44:21,726  run_gnn_dispatch          INFO       [round_robin] EQE1_Top  ->  253 circuits
2026-10-07 18:44:21,726  run_gnn_dispatch          INFO       [round_robin] EQE1_Bottom  ->  253 circuits
2026-10-07 18:44:21,726  run_gnn_dispatch          INFO       [round_robin] QExa20  ->  252 circuits
2026-10-07 18:44:21,728  run_gnn_dispatch          INFO       [round_robin] overall mean fidelity: 0.1942  (load CV: 0.002)
2026-10-07 18:44:21,729  run_gnn_dispatch          INFO       [cross-policy oracle↔gnn] agreement: 35.0%  mean regret: 0.0097
2026-10-07 18:44:21,730  run_gnn_dispatch          INFO       [cross-policy gt_weighted↔gnn] agreement: 32.2%  mean regret: 0.0083
2026-10-07 18:44:21,730  run_gnn_dispatch          INFO     === Fidelity weight 0.90 ===
2026-10-07 18:44:21,749  run_gnn_dispatch          INFO       [oracle] EQE1_Top  ->  86 circuits
2026-10-07 18:44:21,750  run_gnn_dispatch          INFO       [oracle] EQE1_Bottom  ->  206 circuits
2026-10-07 18:44:21,750  run_gnn_dispatch          INFO       [oracle] QExa20  ->  466 circuits
2026-10-07 18:44:21,752  run_gnn_dispatch          INFO       [oracle] overall mean fidelity: 0.2067  (load CV: 0.769)
2026-10-07 18:44:21,752  run_gnn_dispatch          INFO       [gt_weighted] EQE1_Top  ->  232 circuits
2026-10-07 18:44:21,752  run_gnn_dispatch          INFO       [gt_weighted] EQE1_Bottom  ->  269 circuits
2026-10-07 18:44:21,752  run_gnn_dispatch          INFO       [gt_weighted] QExa20  ->  257 circuits
2026-10-07 18:44:21,755  run_gnn_dispatch          INFO       [gt_weighted] overall mean fidelity: 0.2057  (load CV: 0.075)
2026-10-07 18:44:21,755  run_gnn_dispatch          INFO       [gnn] EQE1_Top  ->  344 circuits
2026-10-07 18:44:21,755  run_gnn_dispatch          INFO       [gnn] EQE1_Bottom  ->  247 circuits
2026-10-07 18:44:21,755  run_gnn_dispatch          INFO       [gnn] QExa20  ->  167 circuits
2026-10-07 18:44:21,757  run_gnn_dispatch          INFO       [gnn] overall mean fidelity: 0.1972  (load CV: 0.351)
2026-10-07 18:44:21,757  run_gnn_dispatch          INFO       [round_robin] EQE1_Top  ->  253 circuits
2026-10-07 18:44:21,757  run_gnn_dispatch          INFO       [round_robin] EQE1_Bottom  ->  253 circuits
2026-10-07 18:44:21,757  run_gnn_dispatch          INFO       [round_robin] QExa20  ->  252 circuits
2026-10-07 18:44:21,759  run_gnn_dispatch          INFO       [round_robin] overall mean fidelity: 0.1942  (load CV: 0.002)
2026-10-07 18:44:21,760  run_gnn_dispatch          INFO       [cross-policy oracle↔gnn] agreement: 33.9%  mean regret: 0.0094
2026-10-07 18:44:21,761  run_gnn_dispatch          INFO       [cross-policy gt_weighted↔gnn] agreement: 31.1%  mean regret: 0.0085
2026-10-07 18:44:21,761  run_gnn_dispatch          INFO     === Fidelity weight 1.00 ===
2026-10-07 18:44:21,780  run_gnn_dispatch          INFO       [oracle] EQE1_Top  ->  86 circuits
2026-10-07 18:44:21,780  run_gnn_dispatch          INFO       [oracle] EQE1_Bottom  ->  206 circuits
2026-10-07 18:44:21,780  run_gnn_dispatch          INFO       [oracle] QExa20  ->  466 circuits
2026-10-07 18:44:21,783  run_gnn_dispatch          INFO       [oracle] overall mean fidelity: 0.2067  (load CV: 0.769)
2026-10-07 18:44:21,783  run_gnn_dispatch          INFO       [gt_weighted] EQE1_Top  ->  86 circuits
2026-10-07 18:44:21,783  run_gnn_dispatch          INFO       [gt_weighted] EQE1_Bottom  ->  206 circuits
2026-10-07 18:44:21,783  run_gnn_dispatch          INFO       [gt_weighted] QExa20  ->  466 circuits
2026-10-07 18:44:21,785  run_gnn_dispatch          INFO       [gt_weighted] overall mean fidelity: 0.2067  (load CV: 0.769)
2026-10-07 18:44:21,785  run_gnn_dispatch          INFO       [gnn] EQE1_Top  ->  431 circuits
2026-10-07 18:44:21,785  run_gnn_dispatch          INFO       [gnn] EQE1_Bottom  ->  135 circuits
2026-10-07 18:44:21,785  run_gnn_dispatch          INFO       [gnn] QExa20  ->  192 circuits
2026-10-07 18:44:21,787  run_gnn_dispatch          INFO       [gnn] overall mean fidelity: 0.1977  (load CV: 0.622)
2026-10-07 18:44:21,787  run_gnn_dispatch          INFO       [round_robin] EQE1_Top  ->  253 circuits
2026-10-07 18:44:21,787  run_gnn_dispatch          INFO       [round_robin] EQE1_Bottom  ->  253 circuits
2026-10-07 18:44:21,787  run_gnn_dispatch          INFO       [round_robin] QExa20  ->  252 circuits
2026-10-07 18:44:21,790  run_gnn_dispatch          INFO       [round_robin] overall mean fidelity: 0.1942  (load CV: 0.002)
2026-10-07 18:44:21,790  run_gnn_dispatch          INFO       [cross-policy oracle↔gnn] agreement: 38.5%  mean regret: 0.0090
2026-10-07 18:44:21,791  run_gnn_dispatch          INFO       [cross-policy gt_weighted↔gnn] agreement: 38.5%  mean regret: 0.0090
2026-10-07 18:44:21,798  run_gnn_dispatch          INFO     Ground-truth fidelities saved to /home/atudisco/pred-distr-tool/evaluations/generalization_v2/results/scheduling/leave_one_family_out/by_family/ae/fidelity_ground_truth.json
2026-10-07 18:44:21,803  run_gnn_dispatch          INFO     GNN-predicted fidelities saved to /home/atudisco/pred-distr-tool/evaluations/generalization_v2/results/scheduling/leave_one_family_out/by_family/ae/fidelity_gnn_predicted.json
2026-10-07 18:44:21,821  run_gnn_dispatch          INFO     Full results saved to /home/atudisco/pred-distr-tool/evaluations/generalization_v2/results/scheduling/leave_one_family_out/by_family/ae/dispatch_results.json
2026-10-07 18:44:21,823  run_gnn_dispatch          INFO     Summary CSV saved to /home/atudisco/pred-distr-tool/evaluations/generalization_v2/results/scheduling/leave_one_family_out/by_family/ae/dispatch_summary.csv
2026-10-07 18:44:21,825  run_gnn_dispatch          INFO     Cross-policy CSV saved to /home/atudisco/pred-distr-tool/evaluations/generalization_v2/results/scheduling/leave_one_family_out/by_family/ae/cross_policy_summary.csv
2026-10-07 18:44:21,828  genstudy.io               INFO     Wrote /home/atudisco/pred-distr-tool/evaluations/generalization_v2/results/scheduling/leave_one_family_out/by_family/ae/sweep_summary.csv (11 rows)
2026-10-07 18:44:21,828  run_scheduling_eval       INFO     === per-family scheduling: iqpe (570 circuits) ===
2026-10-07 18:44:21,829  run_scheduling_eval       INFO     Scheduling on 570 circuits -> /home/atudisco/pred-distr-tool/evaluations/generalization_v2/results/scheduling/leave_one_family_out/by_family/iqpe
2026-10-07 18:44:21,829  run_gnn_dispatch          INFO     === Fidelity weight 0.00 ===
2026-10-07 18:44:21,830  run_gnn_dispatch          INFO       [oracle] EQE1_Top  ->  13 circuits
2026-10-07 18:44:21,830  run_gnn_dispatch          INFO       [oracle] EQE1_Bottom  ->  557 circuits
2026-10-07 18:44:21,830  run_gnn_dispatch          INFO       [oracle] QExa20  ->  0 circuits
2026-10-07 18:44:21,831  run_gnn_dispatch          INFO       [oracle] overall mean fidelity: 0.6817  (load CV: 1.673)
2026-10-07 18:44:21,831  run_gnn_dispatch          INFO       [gt_weighted] EQE1_Top  ->  190 circuits
2026-10-07 18:44:21,831  run_gnn_dispatch          INFO       [gt_weighted] EQE1_Bottom  ->  190 circuits
2026-10-07 18:44:21,831  run_gnn_dispatch          INFO       [gt_weighted] QExa20  ->  190 circuits
2026-10-07 18:44:21,832  run_gnn_dispatch          INFO       [gt_weighted] overall mean fidelity: 0.6046  (load CV: 0.000)
2026-10-07 18:44:21,832  run_gnn_dispatch          INFO       [gnn] EQE1_Top  ->  190 circuits
2026-10-07 18:44:21,832  run_gnn_dispatch          INFO       [gnn] EQE1_Bottom  ->  190 circuits
2026-10-07 18:44:21,832  run_gnn_dispatch          INFO       [gnn] QExa20  ->  190 circuits
2026-10-07 18:44:21,833  run_gnn_dispatch          INFO       [gnn] overall mean fidelity: 0.6046  (load CV: 0.000)
2026-10-07 18:44:21,833  run_gnn_dispatch          INFO       [round_robin] EQE1_Top  ->  190 circuits
2026-10-07 18:44:21,833  run_gnn_dispatch          INFO       [round_robin] EQE1_Bottom  ->  190 circuits
2026-10-07 18:44:21,834  run_gnn_dispatch          INFO       [round_robin] QExa20  ->  190 circuits
2026-10-07 18:44:21,835  run_gnn_dispatch          INFO       [round_robin] overall mean fidelity: 0.6046  (load CV: 0.000)
2026-10-07 18:44:21,835  run_gnn_dispatch          INFO       [cross-policy oracle↔gnn] agreement: 33.3%  mean regret: 0.0771
2026-10-07 18:44:21,835  run_gnn_dispatch          INFO       [cross-policy gt_weighted↔gnn] agreement: 100.0%  mean regret: 0.0000
2026-10-07 18:44:21,835  run_gnn_dispatch          INFO     === Fidelity weight 0.10 ===
2026-10-07 18:44:21,855  run_gnn_dispatch          INFO       [oracle] EQE1_Top  ->  13 circuits
2026-10-07 18:44:21,855  run_gnn_dispatch          INFO       [oracle] EQE1_Bottom  ->  557 circuits
2026-10-07 18:44:21,855  run_gnn_dispatch          INFO       [oracle] QExa20  ->  0 circuits
2026-10-07 18:44:21,856  run_gnn_dispatch          INFO       [oracle] overall mean fidelity: 0.6817  (load CV: 1.673)
2026-10-07 18:44:21,856  run_gnn_dispatch          INFO       [gt_weighted] EQE1_Top  ->  191 circuits
2026-10-07 18:44:21,856  run_gnn_dispatch          INFO       [gt_weighted] EQE1_Bottom  ->  195 circuits
2026-10-07 18:44:21,856  run_gnn_dispatch          INFO       [gt_weighted] QExa20  ->  184 circuits
2026-10-07 18:44:21,858  run_gnn_dispatch          INFO       [gt_weighted] overall mean fidelity: 0.6075  (load CV: 0.029)
2026-10-07 18:44:21,858  run_gnn_dispatch          INFO       [gnn] EQE1_Top  ->  189 circuits
2026-10-07 18:44:21,858  run_gnn_dispatch          INFO       [gnn] EQE1_Bottom  ->  190 circuits
2026-10-07 18:44:21,858  run_gnn_dispatch          INFO       [gnn] QExa20  ->  191 circuits
2026-10-07 18:44:21,859  run_gnn_dispatch          INFO       [gnn] overall mean fidelity: 0.6044  (load CV: 0.005)
2026-10-07 18:44:21,859  run_gnn_dispatch          INFO       [round_robin] EQE1_Top  ->  190 circuits
2026-10-07 18:44:21,859  run_gnn_dispatch          INFO       [round_robin] EQE1_Bottom  ->  190 circuits
2026-10-07 18:44:21,859  run_gnn_dispatch          INFO       [round_robin] QExa20  ->  190 circuits
2026-10-07 18:44:21,860  run_gnn_dispatch          INFO       [round_robin] overall mean fidelity: 0.6046  (load CV: 0.000)
2026-10-07 18:44:21,861  run_gnn_dispatch          INFO       [cross-policy oracle↔gnn] agreement: 33.2%  mean regret: 0.0773
2026-10-07 18:44:21,861  run_gnn_dispatch          INFO       [cross-policy gt_weighted↔gnn] agreement: 37.2%  mean regret: 0.0031
2026-10-07 18:44:21,861  run_gnn_dispatch          INFO     === Fidelity weight 0.20 ===
2026-10-07 18:44:21,880  run_gnn_dispatch          INFO       [oracle] EQE1_Top  ->  13 circuits
2026-10-07 18:44:21,880  run_gnn_dispatch          INFO       [oracle] EQE1_Bottom  ->  557 circuits
2026-10-07 18:44:21,880  run_gnn_dispatch          INFO       [oracle] QExa20  ->  0 circuits
2026-10-07 18:44:21,882  run_gnn_dispatch          INFO       [oracle] overall mean fidelity: 0.6817  (load CV: 1.673)
2026-10-07 18:44:21,882  run_gnn_dispatch          INFO       [gt_weighted] EQE1_Top  ->  192 circuits
2026-10-07 18:44:21,882  run_gnn_dispatch          INFO       [gt_weighted] EQE1_Bottom  ->  201 circuits
2026-10-07 18:44:21,882  run_gnn_dispatch          INFO       [gt_weighted] QExa20  ->  177 circuits
2026-10-07 18:44:21,883  run_gnn_dispatch          INFO       [gt_weighted] overall mean fidelity: 0.6108  (load CV: 0.064)
2026-10-07 18:44:21,883  run_gnn_dispatch          INFO       [gnn] EQE1_Top  ->  188 circuits
2026-10-07 18:44:21,883  run_gnn_dispatch          INFO       [gnn] EQE1_Bottom  ->  190 circuits
2026-10-07 18:44:21,883  run_gnn_dispatch          INFO       [gnn] QExa20  ->  192 circuits
2026-10-07 18:44:21,884  run_gnn_dispatch          INFO       [gnn] overall mean fidelity: 0.6040  (load CV: 0.011)
2026-10-07 18:44:21,885  run_gnn_dispatch          INFO       [round_robin] EQE1_Top  ->  190 circuits
2026-10-07 18:44:21,885  run_gnn_dispatch          INFO       [round_robin] EQE1_Bottom  ->  190 circuits
2026-10-07 18:44:21,885  run_gnn_dispatch          INFO       [round_robin] QExa20  ->  190 circuits
2026-10-07 18:44:21,886  run_gnn_dispatch          INFO       [round_robin] overall mean fidelity: 0.6046  (load CV: 0.000)
2026-10-07 18:44:21,886  run_gnn_dispatch          INFO       [cross-policy oracle↔gnn] agreement: 32.8%  mean regret: 0.0777
2026-10-07 18:44:21,887  run_gnn_dispatch          INFO       [cross-policy gt_weighted↔gnn] agreement: 32.8%  mean regret: 0.0068
2026-10-07 18:44:21,887  run_gnn_dispatch          INFO     === Fidelity weight 0.30 ===
2026-10-07 18:44:21,908  run_gnn_dispatch          INFO       [oracle] EQE1_Top  ->  13 circuits
2026-10-07 18:44:21,908  run_gnn_dispatch          INFO       [oracle] EQE1_Bottom  ->  557 circuits
2026-10-07 18:44:21,908  run_gnn_dispatch          INFO       [oracle] QExa20  ->  0 circuits
2026-10-07 18:44:21,909  run_gnn_dispatch          INFO       [oracle] overall mean fidelity: 0.6817  (load CV: 1.673)
2026-10-07 18:44:21,909  run_gnn_dispatch          INFO       [gt_weighted] EQE1_Top  ->  194 circuits
2026-10-07 18:44:21,909  run_gnn_dispatch          INFO       [gt_weighted] EQE1_Bottom  ->  208 circuits
2026-10-07 18:44:21,909  run_gnn_dispatch          INFO       [gt_weighted] QExa20  ->  168 circuits
2026-10-07 18:44:21,911  run_gnn_dispatch          INFO       [gt_weighted] overall mean fidelity: 0.6147  (load CV: 0.107)
2026-10-07 18:44:21,911  run_gnn_dispatch          INFO       [gnn] EQE1_Top  ->  187 circuits
2026-10-07 18:44:21,911  run_gnn_dispatch          INFO       [gnn] EQE1_Bottom  ->  189 circuits
2026-10-07 18:44:21,911  run_gnn_dispatch          INFO       [gnn] QExa20  ->  194 circuits
2026-10-07 18:44:21,912  run_gnn_dispatch          INFO       [gnn] overall mean fidelity: 0.6033  (load CV: 0.019)
2026-10-07 18:44:21,912  run_gnn_dispatch          INFO       [round_robin] EQE1_Top  ->  190 circuits
2026-10-07 18:44:21,912  run_gnn_dispatch          INFO       [round_robin] EQE1_Bottom  ->  190 circuits
2026-10-07 18:44:21,912  run_gnn_dispatch          INFO       [round_robin] QExa20  ->  190 circuits
2026-10-07 18:44:21,913  run_gnn_dispatch          INFO       [round_robin] overall mean fidelity: 0.6046  (load CV: 0.000)
2026-10-07 18:44:21,914  run_gnn_dispatch          INFO       [cross-policy oracle↔gnn] agreement: 33.0%  mean regret: 0.0784
2026-10-07 18:44:21,914  run_gnn_dispatch          INFO       [cross-policy gt_weighted↔gnn] agreement: 29.6%  mean regret: 0.0114
2026-10-07 18:44:21,914  run_gnn_dispatch          INFO     === Fidelity weight 0.40 ===
2026-10-07 18:44:21,934  run_gnn_dispatch          INFO       [oracle] EQE1_Top  ->  13 circuits
2026-10-07 18:44:21,934  run_gnn_dispatch          INFO       [oracle] EQE1_Bottom  ->  557 circuits
2026-10-07 18:44:21,934  run_gnn_dispatch          INFO       [oracle] QExa20  ->  0 circuits
2026-10-07 18:44:21,935  run_gnn_dispatch          INFO       [oracle] overall mean fidelity: 0.6817  (load CV: 1.673)
2026-10-07 18:44:21,935  run_gnn_dispatch          INFO       [gt_weighted] EQE1_Top  ->  196 circuits
2026-10-07 18:44:21,935  run_gnn_dispatch          INFO       [gt_weighted] EQE1_Bottom  ->  218 circuits
2026-10-07 18:44:21,935  run_gnn_dispatch          INFO       [gt_weighted] QExa20  ->  156 circuits
2026-10-07 18:44:21,936  run_gnn_dispatch          INFO       [gt_weighted] overall mean fidelity: 0.6196  (load CV: 0.165)
2026-10-07 18:44:21,936  run_gnn_dispatch          INFO       [gnn] EQE1_Top  ->  184 circuits
2026-10-07 18:44:21,937  run_gnn_dispatch          INFO       [gnn] EQE1_Bottom  ->  189 circuits
2026-10-07 18:44:21,937  run_gnn_dispatch          INFO       [gnn] QExa20  ->  197 circuits
2026-10-07 18:44:21,938  run_gnn_dispatch          INFO       [gnn] overall mean fidelity: 0.6025  (load CV: 0.035)
2026-10-07 18:44:21,938  run_gnn_dispatch          INFO       [round_robin] EQE1_Top  ->  190 circuits
2026-10-07 18:44:21,938  run_gnn_dispatch          INFO       [round_robin] EQE1_Bottom  ->  190 circuits
2026-10-07 18:44:21,938  run_gnn_dispatch          INFO       [round_robin] QExa20  ->  190 circuits
2026-10-07 18:44:21,939  run_gnn_dispatch          INFO       [round_robin] overall mean fidelity: 0.6046  (load CV: 0.000)
2026-10-07 18:44:21,939  run_gnn_dispatch          INFO       [cross-policy oracle↔gnn] agreement: 32.8%  mean regret: 0.0792
2026-10-07 18:44:21,940  run_gnn_dispatch          INFO       [cross-policy gt_weighted↔gnn] agreement: 33.5%  mean regret: 0.0171
2026-10-07 18:44:21,940  run_gnn_dispatch          INFO     === Fidelity weight 0.50 ===
2026-10-07 18:44:21,959  run_gnn_dispatch          INFO       [oracle] EQE1_Top  ->  13 circuits
2026-10-07 18:44:21,959  run_gnn_dispatch          INFO       [oracle] EQE1_Bottom  ->  557 circuits
2026-10-07 18:44:21,959  run_gnn_dispatch          INFO       [oracle] QExa20  ->  0 circuits
2026-10-07 18:44:21,960  run_gnn_dispatch          INFO       [oracle] overall mean fidelity: 0.6817  (load CV: 1.673)
2026-10-07 18:44:21,960  run_gnn_dispatch          INFO       [gt_weighted] EQE1_Top  ->  198 circuits
2026-10-07 18:44:21,960  run_gnn_dispatch          INFO       [gt_weighted] EQE1_Bottom  ->  231 circuits
2026-10-07 18:44:21,960  run_gnn_dispatch          INFO       [gt_weighted] QExa20  ->  141 circuits
2026-10-07 18:44:21,962  run_gnn_dispatch          INFO       [gt_weighted] overall mean fidelity: 0.6257  (load CV: 0.240)
2026-10-07 18:44:21,962  run_gnn_dispatch          INFO       [gnn] EQE1_Top  ->  182 circuits
2026-10-07 18:44:21,962  run_gnn_dispatch          INFO       [gnn] EQE1_Bottom  ->  188 circuits
2026-10-07 18:44:21,962  run_gnn_dispatch          INFO       [gnn] QExa20  ->  200 circuits
2026-10-07 18:44:21,963  run_gnn_dispatch          INFO       [gnn] overall mean fidelity: 0.6016  (load CV: 0.048)
2026-10-07 18:44:21,963  run_gnn_dispatch          INFO       [round_robin] EQE1_Top  ->  190 circuits
2026-10-07 18:44:21,963  run_gnn_dispatch          INFO       [round_robin] EQE1_Bottom  ->  190 circuits
2026-10-07 18:44:21,963  run_gnn_dispatch          INFO       [round_robin] QExa20  ->  190 circuits
2026-10-07 18:44:21,964  run_gnn_dispatch          INFO       [round_robin] overall mean fidelity: 0.6046  (load CV: 0.000)
2026-10-07 18:44:21,965  run_gnn_dispatch          INFO       [cross-policy oracle↔gnn] agreement: 32.3%  mean regret: 0.0801
2026-10-07 18:44:21,965  run_gnn_dispatch          INFO       [cross-policy gt_weighted↔gnn] agreement: 30.2%  mean regret: 0.0241
2026-10-07 18:44:21,966  run_gnn_dispatch          INFO     === Fidelity weight 0.60 ===
2026-10-07 18:44:21,985  run_gnn_dispatch          INFO       [oracle] EQE1_Top  ->  13 circuits
2026-10-07 18:44:21,985  run_gnn_dispatch          INFO       [oracle] EQE1_Bottom  ->  557 circuits
2026-10-07 18:44:21,985  run_gnn_dispatch          INFO       [oracle] QExa20  ->  0 circuits
2026-10-07 18:44:21,986  run_gnn_dispatch          INFO       [oracle] overall mean fidelity: 0.6817  (load CV: 1.673)
2026-10-07 18:44:21,986  run_gnn_dispatch          INFO       [gt_weighted] EQE1_Top  ->  199 circuits
2026-10-07 18:44:21,986  run_gnn_dispatch          INFO       [gt_weighted] EQE1_Bottom  ->  250 circuits
2026-10-07 18:44:21,986  run_gnn_dispatch          INFO       [gt_weighted] QExa20  ->  121 circuits
2026-10-07 18:44:21,988  run_gnn_dispatch          INFO       [gt_weighted] overall mean fidelity: 0.6338  (load CV: 0.342)
2026-10-07 18:44:21,988  run_gnn_dispatch          INFO       [gnn] EQE1_Top  ->  176 circuits
2026-10-07 18:44:21,988  run_gnn_dispatch          INFO       [gnn] EQE1_Bottom  ->  190 circuits
2026-10-07 18:44:21,988  run_gnn_dispatch          INFO       [gnn] QExa20  ->  204 circuits
2026-10-07 18:44:21,989  run_gnn_dispatch          INFO       [gnn] overall mean fidelity: 0.6005  (load CV: 0.074)
2026-10-07 18:44:21,989  run_gnn_dispatch          INFO       [round_robin] EQE1_Top  ->  190 circuits
2026-10-07 18:44:21,989  run_gnn_dispatch          INFO       [round_robin] EQE1_Bottom  ->  190 circuits
2026-10-07 18:44:21,989  run_gnn_dispatch          INFO       [round_robin] QExa20  ->  190 circuits
2026-10-07 18:44:21,990  run_gnn_dispatch          INFO       [round_robin] overall mean fidelity: 0.6046  (load CV: 0.000)
2026-10-07 18:44:21,991  run_gnn_dispatch          INFO       [cross-policy oracle↔gnn] agreement: 32.8%  mean regret: 0.0812
2026-10-07 18:44:21,991  run_gnn_dispatch          INFO       [cross-policy gt_weighted↔gnn] agreement: 27.7%  mean regret: 0.0333
2026-10-07 18:44:21,991  run_gnn_dispatch          INFO     === Fidelity weight 0.70 ===
2026-10-07 18:44:22,010  run_gnn_dispatch          INFO       [oracle] EQE1_Top  ->  13 circuits
2026-10-07 18:44:22,010  run_gnn_dispatch          INFO       [oracle] EQE1_Bottom  ->  557 circuits
2026-10-07 18:44:22,010  run_gnn_dispatch          INFO       [oracle] QExa20  ->  0 circuits
2026-10-07 18:44:22,012  run_gnn_dispatch          INFO       [oracle] overall mean fidelity: 0.6817  (load CV: 1.673)
2026-10-07 18:44:22,012  run_gnn_dispatch          INFO       [gt_weighted] EQE1_Top  ->  196 circuits
2026-10-07 18:44:22,012  run_gnn_dispatch          INFO       [gt_weighted] EQE1_Bottom  ->  275 circuits
2026-10-07 18:44:22,012  run_gnn_dispatch          INFO       [gt_weighted] QExa20  ->  99 circuits
2026-10-07 18:44:22,013  run_gnn_dispatch          INFO       [gt_weighted] overall mean fidelity: 0.6449  (load CV: 0.464)
2026-10-07 18:44:22,013  run_gnn_dispatch          INFO       [gnn] EQE1_Top  ->  166 circuits
2026-10-07 18:44:22,013  run_gnn_dispatch          INFO       [gnn] EQE1_Bottom  ->  195 circuits
2026-10-07 18:44:22,013  run_gnn_dispatch          INFO       [gnn] QExa20  ->  209 circuits
2026-10-07 18:44:22,014  run_gnn_dispatch          INFO       [gnn] overall mean fidelity: 0.5990  (load CV: 0.115)
2026-10-07 18:44:22,014  run_gnn_dispatch          INFO       [round_robin] EQE1_Top  ->  190 circuits
2026-10-07 18:44:22,014  run_gnn_dispatch          INFO       [round_robin] EQE1_Bottom  ->  190 circuits
2026-10-07 18:44:22,014  run_gnn_dispatch          INFO       [round_robin] QExa20  ->  190 circuits
2026-10-07 18:44:22,016  run_gnn_dispatch          INFO       [round_robin] overall mean fidelity: 0.6046  (load CV: 0.000)
2026-10-07 18:44:22,016  run_gnn_dispatch          INFO       [cross-policy oracle↔gnn] agreement: 34.0%  mean regret: 0.0827
2026-10-07 18:44:22,017  run_gnn_dispatch          INFO       [cross-policy gt_weighted↔gnn] agreement: 24.4%  mean regret: 0.0459
2026-10-07 18:44:22,017  run_gnn_dispatch          INFO     === Fidelity weight 0.80 ===
2026-10-07 18:44:22,043  run_gnn_dispatch          INFO       [oracle] EQE1_Top  ->  13 circuits
2026-10-07 18:44:22,043  run_gnn_dispatch          INFO       [oracle] EQE1_Bottom  ->  557 circuits
2026-10-07 18:44:22,043  run_gnn_dispatch          INFO       [oracle] QExa20  ->  0 circuits
2026-10-07 18:44:22,045  run_gnn_dispatch          INFO       [oracle] overall mean fidelity: 0.6817  (load CV: 1.673)
2026-10-07 18:44:22,045  run_gnn_dispatch          INFO       [gt_weighted] EQE1_Top  ->  191 circuits
2026-10-07 18:44:22,045  run_gnn_dispatch          INFO       [gt_weighted] EQE1_Bottom  ->  326 circuits
2026-10-07 18:44:22,045  run_gnn_dispatch          INFO       [gt_weighted] QExa20  ->  53 circuits
2026-10-07 18:44:22,047  run_gnn_dispatch          INFO       [gt_weighted] overall mean fidelity: 0.6603  (load CV: 0.718)
2026-10-07 18:44:22,047  run_gnn_dispatch          INFO       [gnn] EQE1_Top  ->  148 circuits
2026-10-07 18:44:22,047  run_gnn_dispatch          INFO       [gnn] EQE1_Bottom  ->  205 circuits
2026-10-07 18:44:22,048  run_gnn_dispatch          INFO       [gnn] QExa20  ->  217 circuits
2026-10-07 18:44:22,049  run_gnn_dispatch          INFO       [gnn] overall mean fidelity: 0.5966  (load CV: 0.194)
2026-10-07 18:44:22,049  run_gnn_dispatch          INFO       [round_robin] EQE1_Top  ->  190 circuits
2026-10-07 18:44:22,049  run_gnn_dispatch          INFO       [round_robin] EQE1_Bottom  ->  190 circuits
2026-10-07 18:44:22,049  run_gnn_dispatch          INFO       [round_robin] QExa20  ->  190 circuits
2026-10-07 18:44:22,051  run_gnn_dispatch          INFO       [round_robin] overall mean fidelity: 0.6046  (load CV: 0.000)
2026-10-07 18:44:22,052  run_gnn_dispatch          INFO       [cross-policy oracle↔gnn] agreement: 35.8%  mean regret: 0.0851
2026-10-07 18:44:22,052  run_gnn_dispatch          INFO       [cross-policy gt_weighted↔gnn] agreement: 21.4%  mean regret: 0.0636
2026-10-07 18:44:22,053  run_gnn_dispatch          INFO     === Fidelity weight 0.90 ===
2026-10-07 18:44:22,073  run_gnn_dispatch          INFO       [oracle] EQE1_Top  ->  13 circuits
2026-10-07 18:44:22,073  run_gnn_dispatch          INFO       [oracle] EQE1_Bottom  ->  557 circuits
2026-10-07 18:44:22,073  run_gnn_dispatch          INFO       [oracle] QExa20  ->  0 circuits
2026-10-07 18:44:22,074  run_gnn_dispatch          INFO       [oracle] overall mean fidelity: 0.6817  (load CV: 1.673)
2026-10-07 18:44:22,074  run_gnn_dispatch          INFO       [gt_weighted] EQE1_Top  ->  166 circuits
2026-10-07 18:44:22,074  run_gnn_dispatch          INFO       [gt_weighted] EQE1_Bottom  ->  404 circuits
2026-10-07 18:44:22,074  run_gnn_dispatch          INFO       [gt_weighted] QExa20  ->  0 circuits
2026-10-07 18:44:22,076  run_gnn_dispatch          INFO       [gt_weighted] overall mean fidelity: 0.6754  (load CV: 1.069)
2026-10-07 18:44:22,076  run_gnn_dispatch          INFO       [gnn] EQE1_Top  ->  139 circuits
2026-10-07 18:44:22,076  run_gnn_dispatch          INFO       [gnn] EQE1_Bottom  ->  227 circuits
2026-10-07 18:44:22,076  run_gnn_dispatch          INFO       [gnn] QExa20  ->  204 circuits
2026-10-07 18:44:22,077  run_gnn_dispatch          INFO       [gnn] overall mean fidelity: 0.5989  (load CV: 0.240)
2026-10-07 18:44:22,077  run_gnn_dispatch          INFO       [round_robin] EQE1_Top  ->  190 circuits
2026-10-07 18:44:22,077  run_gnn_dispatch          INFO       [round_robin] EQE1_Bottom  ->  190 circuits
2026-10-07 18:44:22,077  run_gnn_dispatch          INFO       [round_robin] QExa20  ->  190 circuits
2026-10-07 18:44:22,078  run_gnn_dispatch          INFO       [round_robin] overall mean fidelity: 0.6046  (load CV: 0.000)
2026-10-07 18:44:22,079  run_gnn_dispatch          INFO       [cross-policy oracle↔gnn] agreement: 40.0%  mean regret: 0.0828
2026-10-07 18:44:22,079  run_gnn_dispatch          INFO       [cross-policy gt_weighted↔gnn] agreement: 27.2%  mean regret: 0.0765
2026-10-07 18:44:22,079  run_gnn_dispatch          INFO     === Fidelity weight 1.00 ===
2026-10-07 18:44:22,098  run_gnn_dispatch          INFO       [oracle] EQE1_Top  ->  13 circuits
2026-10-07 18:44:22,098  run_gnn_dispatch          INFO       [oracle] EQE1_Bottom  ->  557 circuits
2026-10-07 18:44:22,098  run_gnn_dispatch          INFO       [oracle] QExa20  ->  0 circuits
2026-10-07 18:44:22,100  run_gnn_dispatch          INFO       [oracle] overall mean fidelity: 0.6817  (load CV: 1.673)
2026-10-07 18:44:22,100  run_gnn_dispatch          INFO       [gt_weighted] EQE1_Top  ->  13 circuits
2026-10-07 18:44:22,100  run_gnn_dispatch          INFO       [gt_weighted] EQE1_Bottom  ->  557 circuits
2026-10-07 18:44:22,100  run_gnn_dispatch          INFO       [gt_weighted] QExa20  ->  0 circuits
2026-10-07 18:44:22,101  run_gnn_dispatch          INFO       [gt_weighted] overall mean fidelity: 0.6817  (load CV: 1.673)
2026-10-07 18:44:22,101  run_gnn_dispatch          INFO       [gnn] EQE1_Top  ->  43 circuits
2026-10-07 18:44:22,101  run_gnn_dispatch          INFO       [gnn] EQE1_Bottom  ->  167 circuits
2026-10-07 18:44:22,101  run_gnn_dispatch          INFO       [gnn] QExa20  ->  360 circuits
2026-10-07 18:44:22,102  run_gnn_dispatch          INFO       [gnn] overall mean fidelity: 0.5516  (load CV: 0.841)
2026-10-07 18:44:22,102  run_gnn_dispatch          INFO       [round_robin] EQE1_Top  ->  190 circuits
2026-10-07 18:44:22,102  run_gnn_dispatch          INFO       [round_robin] EQE1_Bottom  ->  190 circuits
2026-10-07 18:44:22,102  run_gnn_dispatch          INFO       [round_robin] QExa20  ->  190 circuits
2026-10-07 18:44:22,103  run_gnn_dispatch          INFO       [round_robin] overall mean fidelity: 0.6046  (load CV: 0.000)
2026-10-07 18:44:22,104  run_gnn_dispatch          INFO       [cross-policy oracle↔gnn] agreement: 30.5%  mean regret: 0.1302
2026-10-07 18:44:22,104  run_gnn_dispatch          INFO       [cross-policy gt_weighted↔gnn] agreement: 30.5%  mean regret: 0.1302
2026-10-07 18:44:22,110  run_gnn_dispatch          INFO     Ground-truth fidelities saved to /home/atudisco/pred-distr-tool/evaluations/generalization_v2/results/scheduling/leave_one_family_out/by_family/iqpe/fidelity_ground_truth.json
2026-10-07 18:44:22,124  run_gnn_dispatch          INFO     GNN-predicted fidelities saved to /home/atudisco/pred-distr-tool/evaluations/generalization_v2/results/scheduling/leave_one_family_out/by_family/iqpe/fidelity_gnn_predicted.json
2026-10-07 18:44:22,138  run_gnn_dispatch          INFO     Full results saved to /home/atudisco/pred-distr-tool/evaluations/generalization_v2/results/scheduling/leave_one_family_out/by_family/iqpe/dispatch_results.json
2026-10-07 18:44:22,140  run_gnn_dispatch          INFO     Summary CSV saved to /home/atudisco/pred-distr-tool/evaluations/generalization_v2/results/scheduling/leave_one_family_out/by_family/iqpe/dispatch_summary.csv
2026-10-07 18:44:22,142  run_gnn_dispatch          INFO     Cross-policy CSV saved to /home/atudisco/pred-distr-tool/evaluations/generalization_v2/results/scheduling/leave_one_family_out/by_family/iqpe/cross_policy_summary.csv
2026-10-07 18:44:22,144  genstudy.io               INFO     Wrote /home/atudisco/pred-distr-tool/evaluations/generalization_v2/results/scheduling/leave_one_family_out/by_family/iqpe/sweep_summary.csv (11 rows)
2026-10-07 18:44:22,144  run_scheduling_eval       INFO     === per-family scheduling: qaoa (2706 circuits) ===
2026-10-07 18:44:22,146  run_scheduling_eval       INFO     Scheduling on 2706 circuits -> /home/atudisco/pred-distr-tool/evaluations/generalization_v2/results/scheduling/leave_one_family_out/by_family/qaoa
2026-10-07 18:44:22,146  run_gnn_dispatch          INFO     === Fidelity weight 0.00 ===
2026-10-07 18:44:22,150  run_gnn_dispatch          INFO       [oracle] EQE1_Top  ->  37 circuits
2026-10-07 18:44:22,150  run_gnn_dispatch          INFO       [oracle] EQE1_Bottom  ->  710 circuits
2026-10-07 18:44:22,150  run_gnn_dispatch          INFO       [oracle] QExa20  ->  1959 circuits
2026-10-07 18:44:22,155  run_gnn_dispatch          INFO       [oracle] overall mean fidelity: 0.2545  (load CV: 1.081)
2026-10-07 18:44:22,155  run_gnn_dispatch          INFO       [gt_weighted] EQE1_Top  ->  902 circuits
2026-10-07 18:44:22,155  run_gnn_dispatch          INFO       [gt_weighted] EQE1_Bottom  ->  902 circuits
2026-10-07 18:44:22,155  run_gnn_dispatch          INFO       [gt_weighted] QExa20  ->  902 circuits
2026-10-07 18:44:22,160  run_gnn_dispatch          INFO       [gt_weighted] overall mean fidelity: 0.2366  (load CV: 0.000)
2026-10-07 18:44:22,160  run_gnn_dispatch          INFO       [gnn] EQE1_Top  ->  902 circuits
2026-10-07 18:44:22,160  run_gnn_dispatch          INFO       [gnn] EQE1_Bottom  ->  902 circuits
2026-10-07 18:44:22,160  run_gnn_dispatch          INFO       [gnn] QExa20  ->  902 circuits
2026-10-07 18:44:22,166  run_gnn_dispatch          INFO       [gnn] overall mean fidelity: 0.2366  (load CV: 0.000)
2026-10-07 18:44:22,166  run_gnn_dispatch          INFO       [round_robin] EQE1_Top  ->  902 circuits
2026-10-07 18:44:22,166  run_gnn_dispatch          INFO       [round_robin] EQE1_Bottom  ->  902 circuits
2026-10-07 18:44:22,166  run_gnn_dispatch          INFO       [round_robin] QExa20  ->  902 circuits
2026-10-07 18:44:22,171  run_gnn_dispatch          INFO       [round_robin] overall mean fidelity: 0.2366  (load CV: 0.000)
2026-10-07 18:44:22,173  run_gnn_dispatch          INFO       [cross-policy oracle↔gnn] agreement: 33.2%  mean regret: 0.0179
2026-10-07 18:44:22,175  run_gnn_dispatch          INFO       [cross-policy gt_weighted↔gnn] agreement: 100.0%  mean regret: 0.0000
2026-10-07 18:44:22,175  run_gnn_dispatch          INFO     === Fidelity weight 0.10 ===
2026-10-07 18:44:22,205  run_gnn_dispatch          INFO       [oracle] EQE1_Top  ->  37 circuits
2026-10-07 18:44:22,205  run_gnn_dispatch          INFO       [oracle] EQE1_Bottom  ->  710 circuits
2026-10-07 18:44:22,205  run_gnn_dispatch          INFO       [oracle] QExa20  ->  1959 circuits
2026-10-07 18:44:22,209  run_gnn_dispatch          INFO       [oracle] overall mean fidelity: 0.2545  (load CV: 1.081)
2026-10-07 18:44:22,210  run_gnn_dispatch          INFO       [gt_weighted] EQE1_Top  ->  901 circuits
2026-10-07 18:44:22,210  run_gnn_dispatch          INFO       [gt_weighted] EQE1_Bottom  ->  901 circuits
2026-10-07 18:44:22,210  run_gnn_dispatch          INFO       [gt_weighted] QExa20  ->  904 circuits
2026-10-07 18:44:22,215  run_gnn_dispatch          INFO       [gt_weighted] overall mean fidelity: 0.2433  (load CV: 0.002)
2026-10-07 18:44:22,215  run_gnn_dispatch          INFO       [gnn] EQE1_Top  ->  902 circuits
2026-10-07 18:44:22,215  run_gnn_dispatch          INFO       [gnn] EQE1_Bottom  ->  902 circuits
2026-10-07 18:44:22,215  run_gnn_dispatch          INFO       [gnn] QExa20  ->  902 circuits
2026-10-07 18:44:22,220  run_gnn_dispatch          INFO       [gnn] overall mean fidelity: 0.2363  (load CV: 0.000)
2026-10-07 18:44:22,220  run_gnn_dispatch          INFO       [round_robin] EQE1_Top  ->  902 circuits
2026-10-07 18:44:22,220  run_gnn_dispatch          INFO       [round_robin] EQE1_Bottom  ->  902 circuits
2026-10-07 18:44:22,220  run_gnn_dispatch          INFO       [round_robin] QExa20  ->  902 circuits
2026-10-07 18:44:22,225  run_gnn_dispatch          INFO       [round_robin] overall mean fidelity: 0.2366  (load CV: 0.000)
2026-10-07 18:44:22,228  run_gnn_dispatch          INFO       [cross-policy oracle↔gnn] agreement: 33.6%  mean regret: 0.0181
2026-10-07 18:44:22,230  run_gnn_dispatch          INFO       [cross-policy gt_weighted↔gnn] agreement: 29.2%  mean regret: 0.0070
2026-10-07 18:44:22,230  run_gnn_dispatch          INFO     === Fidelity weight 0.20 ===
2026-10-07 18:44:22,260  run_gnn_dispatch          INFO       [oracle] EQE1_Top  ->  37 circuits
2026-10-07 18:44:22,260  run_gnn_dispatch          INFO       [oracle] EQE1_Bottom  ->  710 circuits
2026-10-07 18:44:22,260  run_gnn_dispatch          INFO       [oracle] QExa20  ->  1959 circuits
2026-10-07 18:44:22,265  run_gnn_dispatch          INFO       [oracle] overall mean fidelity: 0.2545  (load CV: 1.081)
2026-10-07 18:44:22,265  run_gnn_dispatch          INFO       [gt_weighted] EQE1_Top  ->  899 circuits
2026-10-07 18:44:22,265  run_gnn_dispatch          INFO       [gt_weighted] EQE1_Bottom  ->  899 circuits
2026-10-07 18:44:22,265  run_gnn_dispatch          INFO       [gt_weighted] QExa20  ->  908 circuits
2026-10-07 18:44:22,270  run_gnn_dispatch          INFO       [gt_weighted] overall mean fidelity: 0.2446  (load CV: 0.006)
2026-10-07 18:44:22,270  run_gnn_dispatch          INFO       [gnn] EQE1_Top  ->  902 circuits
2026-10-07 18:44:22,270  run_gnn_dispatch          INFO       [gnn] EQE1_Bottom  ->  902 circuits
2026-10-07 18:44:22,270  run_gnn_dispatch          INFO       [gnn] QExa20  ->  902 circuits
2026-10-07 18:44:22,275  run_gnn_dispatch          INFO       [gnn] overall mean fidelity: 0.2360  (load CV: 0.000)
2026-10-07 18:44:22,275  run_gnn_dispatch          INFO       [round_robin] EQE1_Top  ->  902 circuits
2026-10-07 18:44:22,276  run_gnn_dispatch          INFO       [round_robin] EQE1_Bottom  ->  902 circuits
2026-10-07 18:44:22,276  run_gnn_dispatch          INFO       [round_robin] QExa20  ->  902 circuits
2026-10-07 18:44:22,281  run_gnn_dispatch          INFO       [round_robin] overall mean fidelity: 0.2366  (load CV: 0.000)
2026-10-07 18:44:22,283  run_gnn_dispatch          INFO       [cross-policy oracle↔gnn] agreement: 33.2%  mean regret: 0.0185
2026-10-07 18:44:22,286  run_gnn_dispatch          INFO       [cross-policy gt_weighted↔gnn] agreement: 28.0%  mean regret: 0.0086
2026-10-07 18:44:22,286  run_gnn_dispatch          INFO     === Fidelity weight 0.30 ===
2026-10-07 18:44:22,414  run_gnn_dispatch          INFO       [oracle] EQE1_Top  ->  37 circuits
2026-10-07 18:44:22,414  run_gnn_dispatch          INFO       [oracle] EQE1_Bottom  ->  710 circuits
2026-10-07 18:44:22,414  run_gnn_dispatch          INFO       [oracle] QExa20  ->  1959 circuits
2026-10-07 18:44:22,419  run_gnn_dispatch          INFO       [oracle] overall mean fidelity: 0.2545  (load CV: 1.081)
2026-10-07 18:44:22,419  run_gnn_dispatch          INFO       [gt_weighted] EQE1_Top  ->  895 circuits
2026-10-07 18:44:22,419  run_gnn_dispatch          INFO       [gt_weighted] EQE1_Bottom  ->  895 circuits
2026-10-07 18:44:22,419  run_gnn_dispatch          INFO       [gt_weighted] QExa20  ->  916 circuits
2026-10-07 18:44:22,424  run_gnn_dispatch          INFO       [gt_weighted] overall mean fidelity: 0.2456  (load CV: 0.013)
2026-10-07 18:44:22,424  run_gnn_dispatch          INFO       [gnn] EQE1_Top  ->  902 circuits
2026-10-07 18:44:22,424  run_gnn_dispatch          INFO       [gnn] EQE1_Bottom  ->  902 circuits
2026-10-07 18:44:22,424  run_gnn_dispatch          INFO       [gnn] QExa20  ->  902 circuits
2026-10-07 18:44:22,430  run_gnn_dispatch          INFO       [gnn] overall mean fidelity: 0.2352  (load CV: 0.000)
2026-10-07 18:44:22,430  run_gnn_dispatch          INFO       [round_robin] EQE1_Top  ->  902 circuits
2026-10-07 18:44:22,430  run_gnn_dispatch          INFO       [round_robin] EQE1_Bottom  ->  902 circuits
2026-10-07 18:44:22,430  run_gnn_dispatch          INFO       [round_robin] QExa20  ->  902 circuits
2026-10-07 18:44:22,435  run_gnn_dispatch          INFO       [round_robin] overall mean fidelity: 0.2366  (load CV: 0.000)
2026-10-07 18:44:22,437  run_gnn_dispatch          INFO       [cross-policy oracle↔gnn] agreement: 33.4%  mean regret: 0.0192
2026-10-07 18:44:22,440  run_gnn_dispatch          INFO       [cross-policy gt_weighted↔gnn] agreement: 27.0%  mean regret: 0.0104
2026-10-07 18:44:22,440  run_gnn_dispatch          INFO     === Fidelity weight 0.40 ===
2026-10-07 18:44:22,470  run_gnn_dispatch          INFO       [oracle] EQE1_Top  ->  37 circuits
2026-10-07 18:44:22,470  run_gnn_dispatch          INFO       [oracle] EQE1_Bottom  ->  710 circuits
2026-10-07 18:44:22,470  run_gnn_dispatch          INFO       [oracle] QExa20  ->  1959 circuits
2026-10-07 18:44:22,475  run_gnn_dispatch          INFO       [oracle] overall mean fidelity: 0.2545  (load CV: 1.081)
2026-10-07 18:44:22,475  run_gnn_dispatch          INFO       [gt_weighted] EQE1_Top  ->  886 circuits
2026-10-07 18:44:22,475  run_gnn_dispatch          INFO       [gt_weighted] EQE1_Bottom  ->  886 circuits
2026-10-07 18:44:22,475  run_gnn_dispatch          INFO       [gt_weighted] QExa20  ->  934 circuits
2026-10-07 18:44:22,480  run_gnn_dispatch          INFO       [gt_weighted] overall mean fidelity: 0.2467  (load CV: 0.031)
2026-10-07 18:44:22,480  run_gnn_dispatch          INFO       [gnn] EQE1_Top  ->  914 circuits
2026-10-07 18:44:22,480  run_gnn_dispatch          INFO       [gnn] EQE1_Bottom  ->  896 circuits
2026-10-07 18:44:22,480  run_gnn_dispatch          INFO       [gnn] QExa20  ->  896 circuits
2026-10-07 18:44:22,485  run_gnn_dispatch          INFO       [gnn] overall mean fidelity: 0.2354  (load CV: 0.012)
2026-10-07 18:44:22,485  run_gnn_dispatch          INFO       [round_robin] EQE1_Top  ->  902 circuits
2026-10-07 18:44:22,485  run_gnn_dispatch          INFO       [round_robin] EQE1_Bottom  ->  902 circuits
2026-10-07 18:44:22,485  run_gnn_dispatch          INFO       [round_robin] QExa20  ->  902 circuits
2026-10-07 18:44:22,490  run_gnn_dispatch          INFO       [round_robin] overall mean fidelity: 0.2366  (load CV: 0.000)
2026-10-07 18:44:22,493  run_gnn_dispatch          INFO       [cross-policy oracle↔gnn] agreement: 35.0%  mean regret: 0.0191
2026-10-07 18:44:22,495  run_gnn_dispatch          INFO       [cross-policy gt_weighted↔gnn] agreement: 26.6%  mean regret: 0.0113
2026-10-07 18:44:22,496  run_gnn_dispatch          INFO     === Fidelity weight 0.50 ===
2026-10-07 18:44:22,526  run_gnn_dispatch          INFO       [oracle] EQE1_Top  ->  37 circuits
2026-10-07 18:44:22,526  run_gnn_dispatch          INFO       [oracle] EQE1_Bottom  ->  710 circuits
2026-10-07 18:44:22,526  run_gnn_dispatch          INFO       [oracle] QExa20  ->  1959 circuits
2026-10-07 18:44:22,531  run_gnn_dispatch          INFO       [oracle] overall mean fidelity: 0.2545  (load CV: 1.081)
2026-10-07 18:44:22,531  run_gnn_dispatch          INFO       [gt_weighted] EQE1_Top  ->  877 circuits
2026-10-07 18:44:22,531  run_gnn_dispatch          INFO       [gt_weighted] EQE1_Bottom  ->  876 circuits
2026-10-07 18:44:22,531  run_gnn_dispatch          INFO       [gt_weighted] QExa20  ->  953 circuits
2026-10-07 18:44:22,536  run_gnn_dispatch          INFO       [gt_weighted] overall mean fidelity: 0.2477  (load CV: 0.049)
2026-10-07 18:44:22,536  run_gnn_dispatch          INFO       [gnn] EQE1_Top  ->  935 circuits
2026-10-07 18:44:22,536  run_gnn_dispatch          INFO       [gnn] EQE1_Bottom  ->  886 circuits
2026-10-07 18:44:22,536  run_gnn_dispatch          INFO       [gnn] QExa20  ->  885 circuits
2026-10-07 18:44:22,541  run_gnn_dispatch          INFO       [gnn] overall mean fidelity: 0.2357  (load CV: 0.032)
2026-10-07 18:44:22,541  run_gnn_dispatch          INFO       [round_robin] EQE1_Top  ->  902 circuits
2026-10-07 18:44:22,541  run_gnn_dispatch          INFO       [round_robin] EQE1_Bottom  ->  902 circuits
2026-10-07 18:44:22,541  run_gnn_dispatch          INFO       [round_robin] QExa20  ->  902 circuits
2026-10-07 18:44:22,546  run_gnn_dispatch          INFO       [round_robin] overall mean fidelity: 0.2366  (load CV: 0.000)
2026-10-07 18:44:22,549  run_gnn_dispatch          INFO       [cross-policy oracle↔gnn] agreement: 36.7%  mean regret: 0.0188
2026-10-07 18:44:22,551  run_gnn_dispatch          INFO       [cross-policy gt_weighted↔gnn] agreement: 26.6%  mean regret: 0.0120
2026-10-07 18:44:22,551  run_gnn_dispatch          INFO     === Fidelity weight 0.60 ===
2026-10-07 18:44:22,581  run_gnn_dispatch          INFO       [oracle] EQE1_Top  ->  37 circuits
2026-10-07 18:44:22,581  run_gnn_dispatch          INFO       [oracle] EQE1_Bottom  ->  710 circuits
2026-10-07 18:44:22,581  run_gnn_dispatch          INFO       [oracle] QExa20  ->  1959 circuits
2026-10-07 18:44:22,586  run_gnn_dispatch          INFO       [oracle] overall mean fidelity: 0.2545  (load CV: 1.081)
2026-10-07 18:44:22,586  run_gnn_dispatch          INFO       [gt_weighted] EQE1_Top  ->  840 circuits
2026-10-07 18:44:22,586  run_gnn_dispatch          INFO       [gt_weighted] EQE1_Bottom  ->  888 circuits
2026-10-07 18:44:22,586  run_gnn_dispatch          INFO       [gt_weighted] QExa20  ->  978 circuits
2026-10-07 18:44:22,591  run_gnn_dispatch          INFO       [gt_weighted] overall mean fidelity: 0.2489  (load CV: 0.078)
2026-10-07 18:44:22,591  run_gnn_dispatch          INFO       [gnn] EQE1_Top  ->  968 circuits
2026-10-07 18:44:22,591  run_gnn_dispatch          INFO       [gnn] EQE1_Bottom  ->  870 circuits
2026-10-07 18:44:22,591  run_gnn_dispatch          INFO       [gnn] QExa20  ->  868 circuits
2026-10-07 18:44:22,596  run_gnn_dispatch          INFO       [gnn] overall mean fidelity: 0.2352  (load CV: 0.063)
2026-10-07 18:44:22,596  run_gnn_dispatch          INFO       [round_robin] EQE1_Top  ->  902 circuits
2026-10-07 18:44:22,596  run_gnn_dispatch          INFO       [round_robin] EQE1_Bottom  ->  902 circuits
2026-10-07 18:44:22,596  run_gnn_dispatch          INFO       [round_robin] QExa20  ->  902 circuits
2026-10-07 18:44:22,601  run_gnn_dispatch          INFO       [round_robin] overall mean fidelity: 0.2366  (load CV: 0.000)
2026-10-07 18:44:22,604  run_gnn_dispatch          INFO       [cross-policy oracle↔gnn] agreement: 37.8%  mean regret: 0.0193
2026-10-07 18:44:22,606  run_gnn_dispatch          INFO       [cross-policy gt_weighted↔gnn] agreement: 26.5%  mean regret: 0.0137
2026-10-07 18:44:22,606  run_gnn_dispatch          INFO     === Fidelity weight 0.70 ===
2026-10-07 18:44:22,636  run_gnn_dispatch          INFO       [oracle] EQE1_Top  ->  37 circuits
2026-10-07 18:44:22,636  run_gnn_dispatch          INFO       [oracle] EQE1_Bottom  ->  710 circuits
2026-10-07 18:44:22,636  run_gnn_dispatch          INFO       [oracle] QExa20  ->  1959 circuits
2026-10-07 18:44:22,641  run_gnn_dispatch          INFO       [oracle] overall mean fidelity: 0.2545  (load CV: 1.081)
2026-10-07 18:44:22,641  run_gnn_dispatch          INFO       [gt_weighted] EQE1_Top  ->  785 circuits
2026-10-07 18:44:22,641  run_gnn_dispatch          INFO       [gt_weighted] EQE1_Bottom  ->  920 circuits
2026-10-07 18:44:22,641  run_gnn_dispatch          INFO       [gt_weighted] QExa20  ->  1001 circuits
2026-10-07 18:44:22,646  run_gnn_dispatch          INFO       [gt_weighted] overall mean fidelity: 0.2503  (load CV: 0.121)
2026-10-07 18:44:22,646  run_gnn_dispatch          INFO       [gnn] EQE1_Top  ->  1021 circuits
2026-10-07 18:44:22,646  run_gnn_dispatch          INFO       [gnn] EQE1_Bottom  ->  843 circuits
2026-10-07 18:44:22,646  run_gnn_dispatch          INFO       [gnn] QExa20  ->  842 circuits
2026-10-07 18:44:22,651  run_gnn_dispatch          INFO       [gnn] overall mean fidelity: 0.2339  (load CV: 0.114)
2026-10-07 18:44:22,651  run_gnn_dispatch          INFO       [round_robin] EQE1_Top  ->  902 circuits
2026-10-07 18:44:22,651  run_gnn_dispatch          INFO       [round_robin] EQE1_Bottom  ->  902 circuits
2026-10-07 18:44:22,651  run_gnn_dispatch          INFO       [round_robin] QExa20  ->  902 circuits
2026-10-07 18:44:22,656  run_gnn_dispatch          INFO       [round_robin] overall mean fidelity: 0.2366  (load CV: 0.000)
2026-10-07 18:44:22,659  run_gnn_dispatch          INFO       [cross-policy oracle↔gnn] agreement: 36.8%  mean regret: 0.0206
2026-10-07 18:44:22,661  run_gnn_dispatch          INFO       [cross-policy gt_weighted↔gnn] agreement: 24.6%  mean regret: 0.0164
2026-10-07 18:44:22,661  run_gnn_dispatch          INFO     === Fidelity weight 0.80 ===
2026-10-07 18:44:22,691  run_gnn_dispatch          INFO       [oracle] EQE1_Top  ->  37 circuits
2026-10-07 18:44:22,691  run_gnn_dispatch          INFO       [oracle] EQE1_Bottom  ->  710 circuits
2026-10-07 18:44:22,691  run_gnn_dispatch          INFO       [oracle] QExa20  ->  1959 circuits
2026-10-07 18:44:22,696  run_gnn_dispatch          INFO       [oracle] overall mean fidelity: 0.2545  (load CV: 1.081)
2026-10-07 18:44:22,696  run_gnn_dispatch          INFO       [gt_weighted] EQE1_Top  ->  713 circuits
2026-10-07 18:44:22,696  run_gnn_dispatch          INFO       [gt_weighted] EQE1_Bottom  ->  963 circuits
2026-10-07 18:44:22,696  run_gnn_dispatch          INFO       [gt_weighted] QExa20  ->  1030 circuits
2026-10-07 18:44:22,701  run_gnn_dispatch          INFO       [gt_weighted] overall mean fidelity: 0.2517  (load CV: 0.185)
2026-10-07 18:44:22,701  run_gnn_dispatch          INFO       [gnn] EQE1_Top  ->  1103 circuits
2026-10-07 18:44:22,701  run_gnn_dispatch          INFO       [gnn] EQE1_Bottom  ->  803 circuits
2026-10-07 18:44:22,701  run_gnn_dispatch          INFO       [gnn] QExa20  ->  800 circuits
2026-10-07 18:44:22,706  run_gnn_dispatch          INFO       [gnn] overall mean fidelity: 0.2324  (load CV: 0.193)
2026-10-07 18:44:22,706  run_gnn_dispatch          INFO       [round_robin] EQE1_Top  ->  902 circuits
2026-10-07 18:44:22,706  run_gnn_dispatch          INFO       [round_robin] EQE1_Bottom  ->  902 circuits
2026-10-07 18:44:22,706  run_gnn_dispatch          INFO       [round_robin] QExa20  ->  902 circuits
2026-10-07 18:44:22,711  run_gnn_dispatch          INFO       [round_robin] overall mean fidelity: 0.2366  (load CV: 0.000)
2026-10-07 18:44:22,714  run_gnn_dispatch          INFO       [cross-policy oracle↔gnn] agreement: 36.6%  mean regret: 0.0220
2026-10-07 18:44:22,716  run_gnn_dispatch          INFO       [cross-policy gt_weighted↔gnn] agreement: 26.3%  mean regret: 0.0192
2026-10-07 18:44:22,716  run_gnn_dispatch          INFO     === Fidelity weight 0.90 ===
2026-10-07 18:44:22,746  run_gnn_dispatch          INFO       [oracle] EQE1_Top  ->  37 circuits
2026-10-07 18:44:22,746  run_gnn_dispatch          INFO       [oracle] EQE1_Bottom  ->  710 circuits
2026-10-07 18:44:22,746  run_gnn_dispatch          INFO       [oracle] QExa20  ->  1959 circuits
2026-10-07 18:44:22,750  run_gnn_dispatch          INFO       [oracle] overall mean fidelity: 0.2545  (load CV: 1.081)
2026-10-07 18:44:22,751  run_gnn_dispatch          INFO       [gt_weighted] EQE1_Top  ->  632 circuits
2026-10-07 18:44:22,751  run_gnn_dispatch          INFO       [gt_weighted] EQE1_Bottom  ->  1042 circuits
2026-10-07 18:44:22,751  run_gnn_dispatch          INFO       [gt_weighted] QExa20  ->  1032 circuits
2026-10-07 18:44:22,755  run_gnn_dispatch          INFO       [gt_weighted] overall mean fidelity: 0.2532  (load CV: 0.259)
2026-10-07 18:44:22,755  run_gnn_dispatch          INFO       [gnn] EQE1_Top  ->  1156 circuits
2026-10-07 18:44:22,755  run_gnn_dispatch          INFO       [gnn] EQE1_Bottom  ->  821 circuits
2026-10-07 18:44:22,755  run_gnn_dispatch          INFO       [gnn] QExa20  ->  729 circuits
2026-10-07 18:44:22,761  run_gnn_dispatch          INFO       [gnn] overall mean fidelity: 0.2301  (load CV: 0.249)
2026-10-07 18:44:22,761  run_gnn_dispatch          INFO       [round_robin] EQE1_Top  ->  902 circuits
2026-10-07 18:44:22,761  run_gnn_dispatch          INFO       [round_robin] EQE1_Bottom  ->  902 circuits
2026-10-07 18:44:22,761  run_gnn_dispatch          INFO       [round_robin] QExa20  ->  902 circuits
2026-10-07 18:44:22,766  run_gnn_dispatch          INFO       [round_robin] overall mean fidelity: 0.2366  (load CV: 0.000)
2026-10-07 18:44:22,768  run_gnn_dispatch          INFO       [cross-policy oracle↔gnn] agreement: 36.8%  mean regret: 0.0244
2026-10-07 18:44:22,771  run_gnn_dispatch          INFO       [cross-policy gt_weighted↔gnn] agreement: 26.3%  mean regret: 0.0231
2026-10-07 18:44:22,771  run_gnn_dispatch          INFO     === Fidelity weight 1.00 ===
2026-10-07 18:44:22,801  run_gnn_dispatch          INFO       [oracle] EQE1_Top  ->  37 circuits
2026-10-07 18:44:22,801  run_gnn_dispatch          INFO       [oracle] EQE1_Bottom  ->  710 circuits
2026-10-07 18:44:22,801  run_gnn_dispatch          INFO       [oracle] QExa20  ->  1959 circuits
2026-10-07 18:44:22,805  run_gnn_dispatch          INFO       [oracle] overall mean fidelity: 0.2545  (load CV: 1.081)
2026-10-07 18:44:22,806  run_gnn_dispatch          INFO       [gt_weighted] EQE1_Top  ->  37 circuits
2026-10-07 18:44:22,806  run_gnn_dispatch          INFO       [gt_weighted] EQE1_Bottom  ->  710 circuits
2026-10-07 18:44:22,806  run_gnn_dispatch          INFO       [gt_weighted] QExa20  ->  1959 circuits
2026-10-07 18:44:22,810  run_gnn_dispatch          INFO       [gt_weighted] overall mean fidelity: 0.2545  (load CV: 1.081)
2026-10-07 18:44:22,810  run_gnn_dispatch          INFO       [gnn] EQE1_Top  ->  1816 circuits
2026-10-07 18:44:22,810  run_gnn_dispatch          INFO       [gnn] EQE1_Bottom  ->  890 circuits
2026-10-07 18:44:22,810  run_gnn_dispatch          INFO       [gnn] QExa20  ->  0 circuits
2026-10-07 18:44:22,815  run_gnn_dispatch          INFO       [gnn] overall mean fidelity: 0.2266  (load CV: 1.007)
2026-10-07 18:44:22,815  run_gnn_dispatch          INFO       [round_robin] EQE1_Top  ->  902 circuits
2026-10-07 18:44:22,815  run_gnn_dispatch          INFO       [round_robin] EQE1_Bottom  ->  902 circuits
2026-10-07 18:44:22,815  run_gnn_dispatch          INFO       [round_robin] QExa20  ->  902 circuits
2026-10-07 18:44:22,820  run_gnn_dispatch          INFO       [round_robin] overall mean fidelity: 0.2366  (load CV: 0.000)
2026-10-07 18:44:22,823  run_gnn_dispatch          INFO       [cross-policy oracle↔gnn] agreement: 13.2%  mean regret: 0.0279
2026-10-07 18:44:22,825  run_gnn_dispatch          INFO       [cross-policy gt_weighted↔gnn] agreement: 13.2%  mean regret: 0.0279
2026-10-07 18:44:22,839  run_gnn_dispatch          INFO     Ground-truth fidelities saved to /home/atudisco/pred-distr-tool/evaluations/generalization_v2/results/scheduling/leave_one_family_out/by_family/qaoa/fidelity_ground_truth.json
2026-10-07 18:44:22,851  run_gnn_dispatch          INFO     GNN-predicted fidelities saved to /home/atudisco/pred-distr-tool/evaluations/generalization_v2/results/scheduling/leave_one_family_out/by_family/qaoa/fidelity_gnn_predicted.json
2026-10-07 18:44:22,902  run_gnn_dispatch          INFO     Full results saved to /home/atudisco/pred-distr-tool/evaluations/generalization_v2/results/scheduling/leave_one_family_out/by_family/qaoa/dispatch_results.json
2026-10-07 18:44:22,904  run_gnn_dispatch          INFO     Summary CSV saved to /home/atudisco/pred-distr-tool/evaluations/generalization_v2/results/scheduling/leave_one_family_out/by_family/qaoa/dispatch_summary.csv
2026-10-07 18:44:22,906  run_gnn_dispatch          INFO     Cross-policy CSV saved to /home/atudisco/pred-distr-tool/evaluations/generalization_v2/results/scheduling/leave_one_family_out/by_family/qaoa/cross_policy_summary.csv
2026-10-07 18:44:22,908  genstudy.io               INFO     Wrote /home/atudisco/pred-distr-tool/evaluations/generalization_v2/results/scheduling/leave_one_family_out/by_family/qaoa/sweep_summary.csv (11 rows)
2026-10-07 18:44:22,909  run_scheduling_eval       INFO     === per-family scheduling: qft (760 circuits) ===
2026-10-07 18:44:22,910  run_scheduling_eval       INFO     Scheduling on 760 circuits -> /home/atudisco/pred-distr-tool/evaluations/generalization_v2/results/scheduling/leave_one_family_out/by_family/qft
2026-10-07 18:44:22,910  run_gnn_dispatch          INFO     === Fidelity weight 0.00 ===
2026-10-07 18:44:22,911  run_gnn_dispatch          INFO       [oracle] EQE1_Top  ->  110 circuits
2026-10-07 18:44:22,911  run_gnn_dispatch          INFO       [oracle] EQE1_Bottom  ->  193 circuits
2026-10-07 18:44:22,911  run_gnn_dispatch          INFO       [oracle] QExa20  ->  457 circuits
2026-10-07 18:44:22,913  run_gnn_dispatch          INFO       [oracle] overall mean fidelity: 0.2083  (load CV: 0.715)
2026-10-07 18:44:22,913  run_gnn_dispatch          INFO       [gt_weighted] EQE1_Top  ->  254 circuits
2026-10-07 18:44:22,913  run_gnn_dispatch          INFO       [gt_weighted] EQE1_Bottom  ->  253 circuits
2026-10-07 18:44:22,913  run_gnn_dispatch          INFO       [gt_weighted] QExa20  ->  253 circuits
2026-10-07 18:44:22,915  run_gnn_dispatch          INFO       [gt_weighted] overall mean fidelity: 0.1957  (load CV: 0.002)
2026-10-07 18:44:22,916  run_gnn_dispatch          INFO       [gnn] EQE1_Top  ->  254 circuits
2026-10-07 18:44:22,916  run_gnn_dispatch          INFO       [gnn] EQE1_Bottom  ->  253 circuits
2026-10-07 18:44:22,916  run_gnn_dispatch          INFO       [gnn] QExa20  ->  253 circuits
2026-10-07 18:44:22,918  run_gnn_dispatch          INFO       [gnn] overall mean fidelity: 0.1957  (load CV: 0.002)
2026-10-07 18:44:22,918  run_gnn_dispatch          INFO       [round_robin] EQE1_Top  ->  254 circuits
2026-10-07 18:44:22,918  run_gnn_dispatch          INFO       [round_robin] EQE1_Bottom  ->  253 circuits
2026-10-07 18:44:22,918  run_gnn_dispatch          INFO       [round_robin] QExa20  ->  253 circuits
2026-10-07 18:44:22,920  run_gnn_dispatch          INFO       [round_robin] overall mean fidelity: 0.1957  (load CV: 0.002)
2026-10-07 18:44:22,921  run_gnn_dispatch          INFO       [cross-policy oracle↔gnn] agreement: 32.9%  mean regret: 0.0125
2026-10-07 18:44:22,921  run_gnn_dispatch          INFO       [cross-policy gt_weighted↔gnn] agreement: 100.0%  mean regret: 0.0000
2026-10-07 18:44:22,921  run_gnn_dispatch          INFO     === Fidelity weight 0.10 ===
2026-10-07 18:44:22,941  run_gnn_dispatch          INFO       [oracle] EQE1_Top  ->  110 circuits
2026-10-07 18:44:22,941  run_gnn_dispatch          INFO       [oracle] EQE1_Bottom  ->  193 circuits
2026-10-07 18:44:22,941  run_gnn_dispatch          INFO       [oracle] QExa20  ->  457 circuits
2026-10-07 18:44:22,944  run_gnn_dispatch          INFO       [oracle] overall mean fidelity: 0.2083  (load CV: 0.715)
2026-10-07 18:44:22,944  run_gnn_dispatch          INFO       [gt_weighted] EQE1_Top  ->  252 circuits
2026-10-07 18:44:22,944  run_gnn_dispatch          INFO       [gt_weighted] EQE1_Bottom  ->  253 circuits
2026-10-07 18:44:22,944  run_gnn_dispatch          INFO       [gt_weighted] QExa20  ->  255 circuits
2026-10-07 18:44:22,946  run_gnn_dispatch          INFO       [gt_weighted] overall mean fidelity: 0.2006  (load CV: 0.006)
2026-10-07 18:44:22,946  run_gnn_dispatch          INFO       [gnn] EQE1_Top  ->  252 circuits
2026-10-07 18:44:22,946  run_gnn_dispatch          INFO       [gnn] EQE1_Bottom  ->  252 circuits
2026-10-07 18:44:22,946  run_gnn_dispatch          INFO       [gnn] QExa20  ->  256 circuits
2026-10-07 18:44:22,948  run_gnn_dispatch          INFO       [gnn] overall mean fidelity: 0.1963  (load CV: 0.009)
2026-10-07 18:44:22,948  run_gnn_dispatch          INFO       [round_robin] EQE1_Top  ->  254 circuits
2026-10-07 18:44:22,948  run_gnn_dispatch          INFO       [round_robin] EQE1_Bottom  ->  253 circuits
2026-10-07 18:44:22,949  run_gnn_dispatch          INFO       [round_robin] QExa20  ->  253 circuits
2026-10-07 18:44:22,951  run_gnn_dispatch          INFO       [round_robin] overall mean fidelity: 0.1957  (load CV: 0.002)
2026-10-07 18:44:22,951  run_gnn_dispatch          INFO       [cross-policy oracle↔gnn] agreement: 34.2%  mean regret: 0.0119
2026-10-07 18:44:22,952  run_gnn_dispatch          INFO       [cross-policy gt_weighted↔gnn] agreement: 46.6%  mean regret: 0.0043
2026-10-07 18:44:22,952  run_gnn_dispatch          INFO     === Fidelity weight 0.20 ===
2026-10-07 18:44:22,972  run_gnn_dispatch          INFO       [oracle] EQE1_Top  ->  110 circuits
2026-10-07 18:44:22,972  run_gnn_dispatch          INFO       [oracle] EQE1_Bottom  ->  193 circuits
2026-10-07 18:44:22,972  run_gnn_dispatch          INFO       [oracle] QExa20  ->  457 circuits
2026-10-07 18:44:22,975  run_gnn_dispatch          INFO       [oracle] overall mean fidelity: 0.2083  (load CV: 0.715)
2026-10-07 18:44:22,975  run_gnn_dispatch          INFO       [gt_weighted] EQE1_Top  ->  252 circuits
2026-10-07 18:44:22,975  run_gnn_dispatch          INFO       [gt_weighted] EQE1_Bottom  ->  251 circuits
2026-10-07 18:44:22,975  run_gnn_dispatch          INFO       [gt_weighted] QExa20  ->  257 circuits
2026-10-07 18:44:22,977  run_gnn_dispatch          INFO       [gt_weighted] overall mean fidelity: 0.2015  (load CV: 0.013)
2026-10-07 18:44:22,977  run_gnn_dispatch          INFO       [gnn] EQE1_Top  ->  252 circuits
2026-10-07 18:44:22,977  run_gnn_dispatch          INFO       [gnn] EQE1_Bottom  ->  250 circuits
2026-10-07 18:44:22,977  run_gnn_dispatch          INFO       [gnn] QExa20  ->  258 circuits
2026-10-07 18:44:22,979  run_gnn_dispatch          INFO       [gnn] overall mean fidelity: 0.1955  (load CV: 0.016)
2026-10-07 18:44:22,979  run_gnn_dispatch          INFO       [round_robin] EQE1_Top  ->  254 circuits
2026-10-07 18:44:22,979  run_gnn_dispatch          INFO       [round_robin] EQE1_Bottom  ->  253 circuits
2026-10-07 18:44:22,979  run_gnn_dispatch          INFO       [round_robin] QExa20  ->  253 circuits
2026-10-07 18:44:22,982  run_gnn_dispatch          INFO       [round_robin] overall mean fidelity: 0.1957  (load CV: 0.002)
2026-10-07 18:44:22,982  run_gnn_dispatch          INFO       [cross-policy oracle↔gnn] agreement: 33.2%  mean regret: 0.0127
2026-10-07 18:44:22,983  run_gnn_dispatch          INFO       [cross-policy gt_weighted↔gnn] agreement: 43.2%  mean regret: 0.0059
2026-10-07 18:44:22,983  run_gnn_dispatch          INFO     === Fidelity weight 0.30 ===
2026-10-07 18:44:23,003  run_gnn_dispatch          INFO       [oracle] EQE1_Top  ->  110 circuits
2026-10-07 18:44:23,003  run_gnn_dispatch          INFO       [oracle] EQE1_Bottom  ->  193 circuits
2026-10-07 18:44:23,003  run_gnn_dispatch          INFO       [oracle] QExa20  ->  457 circuits
2026-10-07 18:44:23,006  run_gnn_dispatch          INFO       [oracle] overall mean fidelity: 0.2083  (load CV: 0.715)
2026-10-07 18:44:23,006  run_gnn_dispatch          INFO       [gt_weighted] EQE1_Top  ->  252 circuits
2026-10-07 18:44:23,006  run_gnn_dispatch          INFO       [gt_weighted] EQE1_Bottom  ->  249 circuits
2026-10-07 18:44:23,006  run_gnn_dispatch          INFO       [gt_weighted] QExa20  ->  259 circuits
2026-10-07 18:44:23,008  run_gnn_dispatch          INFO       [gt_weighted] overall mean fidelity: 0.2021  (load CV: 0.020)
2026-10-07 18:44:23,008  run_gnn_dispatch          INFO       [gnn] EQE1_Top  ->  250 circuits
2026-10-07 18:44:23,008  run_gnn_dispatch          INFO       [gnn] EQE1_Bottom  ->  248 circuits
2026-10-07 18:44:23,008  run_gnn_dispatch          INFO       [gnn] QExa20  ->  262 circuits
2026-10-07 18:44:23,010  run_gnn_dispatch          INFO       [gnn] overall mean fidelity: 0.1955  (load CV: 0.030)
2026-10-07 18:44:23,010  run_gnn_dispatch          INFO       [round_robin] EQE1_Top  ->  254 circuits
2026-10-07 18:44:23,010  run_gnn_dispatch          INFO       [round_robin] EQE1_Bottom  ->  253 circuits
2026-10-07 18:44:23,010  run_gnn_dispatch          INFO       [round_robin] QExa20  ->  253 circuits
2026-10-07 18:44:23,013  run_gnn_dispatch          INFO       [round_robin] overall mean fidelity: 0.1957  (load CV: 0.002)
2026-10-07 18:44:23,013  run_gnn_dispatch          INFO       [cross-policy oracle↔gnn] agreement: 33.9%  mean regret: 0.0128
2026-10-07 18:44:23,014  run_gnn_dispatch          INFO       [cross-policy gt_weighted↔gnn] agreement: 38.6%  mean regret: 0.0066
2026-10-07 18:44:23,014  run_gnn_dispatch          INFO     === Fidelity weight 0.40 ===
2026-10-07 18:44:23,043  run_gnn_dispatch          INFO       [oracle] EQE1_Top  ->  110 circuits
2026-10-07 18:44:23,043  run_gnn_dispatch          INFO       [oracle] EQE1_Bottom  ->  193 circuits
2026-10-07 18:44:23,043  run_gnn_dispatch          INFO       [oracle] QExa20  ->  457 circuits
2026-10-07 18:44:23,046  run_gnn_dispatch          INFO       [oracle] overall mean fidelity: 0.2083  (load CV: 0.715)
2026-10-07 18:44:23,046  run_gnn_dispatch          INFO       [gt_weighted] EQE1_Top  ->  251 circuits
2026-10-07 18:44:23,046  run_gnn_dispatch          INFO       [gt_weighted] EQE1_Bottom  ->  246 circuits
2026-10-07 18:44:23,046  run_gnn_dispatch          INFO       [gt_weighted] QExa20  ->  263 circuits
2026-10-07 18:44:23,048  run_gnn_dispatch          INFO       [gt_weighted] overall mean fidelity: 0.2027  (load CV: 0.034)
2026-10-07 18:44:23,048  run_gnn_dispatch          INFO       [gnn] EQE1_Top  ->  248 circuits
2026-10-07 18:44:23,048  run_gnn_dispatch          INFO       [gnn] EQE1_Bottom  ->  245 circuits
2026-10-07 18:44:23,048  run_gnn_dispatch          INFO       [gnn] QExa20  ->  267 circuits
2026-10-07 18:44:23,050  run_gnn_dispatch          INFO       [gnn] overall mean fidelity: 0.1965  (load CV: 0.047)
2026-10-07 18:44:23,050  run_gnn_dispatch          INFO       [round_robin] EQE1_Top  ->  254 circuits
2026-10-07 18:44:23,050  run_gnn_dispatch          INFO       [round_robin] EQE1_Bottom  ->  253 circuits
2026-10-07 18:44:23,050  run_gnn_dispatch          INFO       [round_robin] QExa20  ->  253 circuits
2026-10-07 18:44:23,053  run_gnn_dispatch          INFO       [round_robin] overall mean fidelity: 0.1957  (load CV: 0.002)
2026-10-07 18:44:23,053  run_gnn_dispatch          INFO       [cross-policy oracle↔gnn] agreement: 34.7%  mean regret: 0.0118
2026-10-07 18:44:23,054  run_gnn_dispatch          INFO       [cross-policy gt_weighted↔gnn] agreement: 36.6%  mean regret: 0.0062
2026-10-07 18:44:23,054  run_gnn_dispatch          INFO     === Fidelity weight 0.50 ===
2026-10-07 18:44:23,074  run_gnn_dispatch          INFO       [oracle] EQE1_Top  ->  110 circuits
2026-10-07 18:44:23,074  run_gnn_dispatch          INFO       [oracle] EQE1_Bottom  ->  193 circuits
2026-10-07 18:44:23,074  run_gnn_dispatch          INFO       [oracle] QExa20  ->  457 circuits
2026-10-07 18:44:23,076  run_gnn_dispatch          INFO       [oracle] overall mean fidelity: 0.2083  (load CV: 0.715)
2026-10-07 18:44:23,076  run_gnn_dispatch          INFO       [gt_weighted] EQE1_Top  ->  250 circuits
2026-10-07 18:44:23,076  run_gnn_dispatch          INFO       [gt_weighted] EQE1_Bottom  ->  243 circuits
2026-10-07 18:44:23,076  run_gnn_dispatch          INFO       [gt_weighted] QExa20  ->  267 circuits
2026-10-07 18:44:23,079  run_gnn_dispatch          INFO       [gt_weighted] overall mean fidelity: 0.2034  (load CV: 0.049)
2026-10-07 18:44:23,079  run_gnn_dispatch          INFO       [gnn] EQE1_Top  ->  246 circuits
2026-10-07 18:44:23,079  run_gnn_dispatch          INFO       [gnn] EQE1_Bottom  ->  240 circuits
2026-10-07 18:44:23,079  run_gnn_dispatch          INFO       [gnn] QExa20  ->  274 circuits
2026-10-07 18:44:23,081  run_gnn_dispatch          INFO       [gnn] overall mean fidelity: 0.1964  (load CV: 0.072)
2026-10-07 18:44:23,081  run_gnn_dispatch          INFO       [round_robin] EQE1_Top  ->  254 circuits
2026-10-07 18:44:23,081  run_gnn_dispatch          INFO       [round_robin] EQE1_Bottom  ->  253 circuits
2026-10-07 18:44:23,081  run_gnn_dispatch          INFO       [round_robin] QExa20  ->  253 circuits
2026-10-07 18:44:23,083  run_gnn_dispatch          INFO       [round_robin] overall mean fidelity: 0.1957  (load CV: 0.002)
2026-10-07 18:44:23,084  run_gnn_dispatch          INFO       [cross-policy oracle↔gnn] agreement: 34.7%  mean regret: 0.0119
2026-10-07 18:44:23,085  run_gnn_dispatch          INFO       [cross-policy gt_weighted↔gnn] agreement: 35.5%  mean regret: 0.0070
2026-10-07 18:44:23,085  run_gnn_dispatch          INFO     === Fidelity weight 0.60 ===
2026-10-07 18:44:23,105  run_gnn_dispatch          INFO       [oracle] EQE1_Top  ->  110 circuits
2026-10-07 18:44:23,105  run_gnn_dispatch          INFO       [oracle] EQE1_Bottom  ->  193 circuits
2026-10-07 18:44:23,105  run_gnn_dispatch          INFO       [oracle] QExa20  ->  457 circuits
2026-10-07 18:44:23,107  run_gnn_dispatch          INFO       [oracle] overall mean fidelity: 0.2083  (load CV: 0.715)
2026-10-07 18:44:23,107  run_gnn_dispatch          INFO       [gt_weighted] EQE1_Top  ->  252 circuits
2026-10-07 18:44:23,107  run_gnn_dispatch          INFO       [gt_weighted] EQE1_Bottom  ->  238 circuits
2026-10-07 18:44:23,108  run_gnn_dispatch          INFO       [gt_weighted] QExa20  ->  270 circuits
2026-10-07 18:44:23,110  run_gnn_dispatch          INFO       [gt_weighted] overall mean fidelity: 0.2045  (load CV: 0.063)
2026-10-07 18:44:23,110  run_gnn_dispatch          INFO       [gnn] EQE1_Top  ->  242 circuits
2026-10-07 18:44:23,110  run_gnn_dispatch          INFO       [gnn] EQE1_Bottom  ->  235 circuits
2026-10-07 18:44:23,110  run_gnn_dispatch          INFO       [gnn] QExa20  ->  283 circuits
2026-10-07 18:44:23,112  run_gnn_dispatch          INFO       [gnn] overall mean fidelity: 0.1971  (load CV: 0.102)
2026-10-07 18:44:23,112  run_gnn_dispatch          INFO       [round_robin] EQE1_Top  ->  254 circuits
2026-10-07 18:44:23,112  run_gnn_dispatch          INFO       [round_robin] EQE1_Bottom  ->  253 circuits
2026-10-07 18:44:23,112  run_gnn_dispatch          INFO       [round_robin] QExa20  ->  253 circuits
2026-10-07 18:44:23,114  run_gnn_dispatch          INFO       [round_robin] overall mean fidelity: 0.1957  (load CV: 0.002)
2026-10-07 18:44:23,115  run_gnn_dispatch          INFO       [cross-policy oracle↔gnn] agreement: 36.4%  mean regret: 0.0112
2026-10-07 18:44:23,116  run_gnn_dispatch          INFO       [cross-policy gt_weighted↔gnn] agreement: 39.6%  mean regret: 0.0074
2026-10-07 18:44:23,116  run_gnn_dispatch          INFO     === Fidelity weight 0.70 ===
2026-10-07 18:44:23,136  run_gnn_dispatch          INFO       [oracle] EQE1_Top  ->  110 circuits
2026-10-07 18:44:23,136  run_gnn_dispatch          INFO       [oracle] EQE1_Bottom  ->  193 circuits
2026-10-07 18:44:23,136  run_gnn_dispatch          INFO       [oracle] QExa20  ->  457 circuits
2026-10-07 18:44:23,138  run_gnn_dispatch          INFO       [oracle] overall mean fidelity: 0.2083  (load CV: 0.715)
2026-10-07 18:44:23,139  run_gnn_dispatch          INFO       [gt_weighted] EQE1_Top  ->  255 circuits
2026-10-07 18:44:23,139  run_gnn_dispatch          INFO       [gt_weighted] EQE1_Bottom  ->  240 circuits
2026-10-07 18:44:23,139  run_gnn_dispatch          INFO       [gt_weighted] QExa20  ->  265 circuits
2026-10-07 18:44:23,141  run_gnn_dispatch          INFO       [gt_weighted] overall mean fidelity: 0.2054  (load CV: 0.050)
2026-10-07 18:44:23,141  run_gnn_dispatch          INFO       [gnn] EQE1_Top  ->  232 circuits
2026-10-07 18:44:23,141  run_gnn_dispatch          INFO       [gnn] EQE1_Bottom  ->  232 circuits
2026-10-07 18:44:23,141  run_gnn_dispatch          INFO       [gnn] QExa20  ->  296 circuits
2026-10-07 18:44:23,143  run_gnn_dispatch          INFO       [gnn] overall mean fidelity: 0.1976  (load CV: 0.146)
2026-10-07 18:44:23,143  run_gnn_dispatch          INFO       [round_robin] EQE1_Top  ->  254 circuits
2026-10-07 18:44:23,143  run_gnn_dispatch          INFO       [round_robin] EQE1_Bottom  ->  253 circuits
2026-10-07 18:44:23,143  run_gnn_dispatch          INFO       [round_robin] QExa20  ->  253 circuits
2026-10-07 18:44:23,145  run_gnn_dispatch          INFO       [round_robin] overall mean fidelity: 0.1957  (load CV: 0.002)
2026-10-07 18:44:23,146  run_gnn_dispatch          INFO       [cross-policy oracle↔gnn] agreement: 37.0%  mean regret: 0.0107
2026-10-07 18:44:23,147  run_gnn_dispatch          INFO       [cross-policy gt_weighted↔gnn] agreement: 43.3%  mean regret: 0.0078
2026-10-07 18:44:23,147  run_gnn_dispatch          INFO     === Fidelity weight 0.80 ===
2026-10-07 18:44:23,167  run_gnn_dispatch          INFO       [oracle] EQE1_Top  ->  110 circuits
2026-10-07 18:44:23,167  run_gnn_dispatch          INFO       [oracle] EQE1_Bottom  ->  193 circuits
2026-10-07 18:44:23,167  run_gnn_dispatch          INFO       [oracle] QExa20  ->  457 circuits
2026-10-07 18:44:23,169  run_gnn_dispatch          INFO       [oracle] overall mean fidelity: 0.2083  (load CV: 0.715)
2026-10-07 18:44:23,170  run_gnn_dispatch          INFO       [gt_weighted] EQE1_Top  ->  259 circuits
2026-10-07 18:44:23,170  run_gnn_dispatch          INFO       [gt_weighted] EQE1_Bottom  ->  251 circuits
2026-10-07 18:44:23,170  run_gnn_dispatch          INFO       [gt_weighted] QExa20  ->  250 circuits
2026-10-07 18:44:23,172  run_gnn_dispatch          INFO       [gt_weighted] overall mean fidelity: 0.2065  (load CV: 0.019)
2026-10-07 18:44:23,172  run_gnn_dispatch          INFO       [gnn] EQE1_Top  ->  206 circuits
2026-10-07 18:44:23,172  run_gnn_dispatch          INFO       [gnn] EQE1_Bottom  ->  241 circuits
2026-10-07 18:44:23,172  run_gnn_dispatch          INFO       [gnn] QExa20  ->  313 circuits
2026-10-07 18:44:23,174  run_gnn_dispatch          INFO       [gnn] overall mean fidelity: 0.1986  (load CV: 0.215)
2026-10-07 18:44:23,174  run_gnn_dispatch          INFO       [round_robin] EQE1_Top  ->  254 circuits
2026-10-07 18:44:23,174  run_gnn_dispatch          INFO       [round_robin] EQE1_Bottom  ->  253 circuits
2026-10-07 18:44:23,174  run_gnn_dispatch          INFO       [round_robin] QExa20  ->  253 circuits
2026-10-07 18:44:23,176  run_gnn_dispatch          INFO       [round_robin] overall mean fidelity: 0.1957  (load CV: 0.002)
2026-10-07 18:44:23,177  run_gnn_dispatch          INFO       [cross-policy oracle↔gnn] agreement: 41.6%  mean regret: 0.0097
2026-10-07 18:44:23,178  run_gnn_dispatch          INFO       [cross-policy gt_weighted↔gnn] agreement: 46.3%  mean regret: 0.0079
2026-10-07 18:44:23,178  run_gnn_dispatch          INFO     === Fidelity weight 0.90 ===
2026-10-07 18:44:23,198  run_gnn_dispatch          INFO       [oracle] EQE1_Top  ->  110 circuits
2026-10-07 18:44:23,198  run_gnn_dispatch          INFO       [oracle] EQE1_Bottom  ->  193 circuits
2026-10-07 18:44:23,198  run_gnn_dispatch          INFO       [oracle] QExa20  ->  457 circuits
2026-10-07 18:44:23,200  run_gnn_dispatch          INFO       [oracle] overall mean fidelity: 0.2083  (load CV: 0.715)
2026-10-07 18:44:23,200  run_gnn_dispatch          INFO       [gt_weighted] EQE1_Top  ->  260 circuits
2026-10-07 18:44:23,200  run_gnn_dispatch          INFO       [gt_weighted] EQE1_Bottom  ->  266 circuits
2026-10-07 18:44:23,200  run_gnn_dispatch          INFO       [gt_weighted] QExa20  ->  234 circuits
2026-10-07 18:44:23,203  run_gnn_dispatch          INFO       [gt_weighted] overall mean fidelity: 0.2072  (load CV: 0.067)
2026-10-07 18:44:23,203  run_gnn_dispatch          INFO       [gnn] EQE1_Top  ->  193 circuits
2026-10-07 18:44:23,203  run_gnn_dispatch          INFO       [gnn] EQE1_Bottom  ->  259 circuits
2026-10-07 18:44:23,203  run_gnn_dispatch          INFO       [gnn] QExa20  ->  308 circuits
2026-10-07 18:44:23,205  run_gnn_dispatch          INFO       [gnn] overall mean fidelity: 0.1991  (load CV: 0.228)
2026-10-07 18:44:23,205  run_gnn_dispatch          INFO       [round_robin] EQE1_Top  ->  254 circuits
2026-10-07 18:44:23,205  run_gnn_dispatch          INFO       [round_robin] EQE1_Bottom  ->  253 circuits
2026-10-07 18:44:23,205  run_gnn_dispatch          INFO       [round_robin] QExa20  ->  253 circuits
2026-10-07 18:44:23,207  run_gnn_dispatch          INFO       [round_robin] overall mean fidelity: 0.1957  (load CV: 0.002)
2026-10-07 18:44:23,208  run_gnn_dispatch          INFO       [cross-policy oracle↔gnn] agreement: 41.6%  mean regret: 0.0092
2026-10-07 18:44:23,209  run_gnn_dispatch          INFO       [cross-policy gt_weighted↔gnn] agreement: 39.7%  mean regret: 0.0082
2026-10-07 18:44:23,209  run_gnn_dispatch          INFO     === Fidelity weight 1.00 ===
2026-10-07 18:44:23,229  run_gnn_dispatch          INFO       [oracle] EQE1_Top  ->  110 circuits
2026-10-07 18:44:23,229  run_gnn_dispatch          INFO       [oracle] EQE1_Bottom  ->  193 circuits
2026-10-07 18:44:23,229  run_gnn_dispatch          INFO       [oracle] QExa20  ->  457 circuits
2026-10-07 18:44:23,231  run_gnn_dispatch          INFO       [oracle] overall mean fidelity: 0.2083  (load CV: 0.715)
2026-10-07 18:44:23,231  run_gnn_dispatch          INFO       [gt_weighted] EQE1_Top  ->  110 circuits
2026-10-07 18:44:23,231  run_gnn_dispatch          INFO       [gt_weighted] EQE1_Bottom  ->  193 circuits
2026-10-07 18:44:23,231  run_gnn_dispatch          INFO       [gt_weighted] QExa20  ->  457 circuits
2026-10-07 18:44:23,233  run_gnn_dispatch          INFO       [gt_weighted] overall mean fidelity: 0.2083  (load CV: 0.715)
2026-10-07 18:44:23,233  run_gnn_dispatch          INFO       [gnn] EQE1_Top  ->  6 circuits
2026-10-07 18:44:23,233  run_gnn_dispatch          INFO       [gnn] EQE1_Bottom  ->  176 circuits
2026-10-07 18:44:23,233  run_gnn_dispatch          INFO       [gnn] QExa20  ->  578 circuits
2026-10-07 18:44:23,235  run_gnn_dispatch          INFO       [gnn] overall mean fidelity: 0.2006  (load CV: 1.159)
2026-10-07 18:44:23,235  run_gnn_dispatch          INFO       [round_robin] EQE1_Top  ->  254 circuits
2026-10-07 18:44:23,235  run_gnn_dispatch          INFO       [round_robin] EQE1_Bottom  ->  253 circuits
2026-10-07 18:44:23,235  run_gnn_dispatch          INFO       [round_robin] QExa20  ->  253 circuits
2026-10-07 18:44:23,238  run_gnn_dispatch          INFO       [round_robin] overall mean fidelity: 0.1957  (load CV: 0.002)
2026-10-07 18:44:23,238  run_gnn_dispatch          INFO       [cross-policy oracle↔gnn] agreement: 75.4%  mean regret: 0.0077
2026-10-07 18:44:23,239  run_gnn_dispatch          INFO       [cross-policy gt_weighted↔gnn] agreement: 75.4%  mean regret: 0.0077
2026-10-07 18:44:23,245  run_gnn_dispatch          INFO     Ground-truth fidelities saved to /home/atudisco/pred-distr-tool/evaluations/generalization_v2/results/scheduling/leave_one_family_out/by_family/qft/fidelity_ground_truth.json
2026-10-07 18:44:23,251  run_gnn_dispatch          INFO     GNN-predicted fidelities saved to /home/atudisco/pred-distr-tool/evaluations/generalization_v2/results/scheduling/leave_one_family_out/by_family/qft/fidelity_gnn_predicted.json
2026-10-07 18:44:23,268  run_gnn_dispatch          INFO     Full results saved to /home/atudisco/pred-distr-tool/evaluations/generalization_v2/results/scheduling/leave_one_family_out/by_family/qft/dispatch_results.json
2026-10-07 18:44:23,270  run_gnn_dispatch          INFO     Summary CSV saved to /home/atudisco/pred-distr-tool/evaluations/generalization_v2/results/scheduling/leave_one_family_out/by_family/qft/dispatch_summary.csv
2026-10-07 18:44:23,272  run_gnn_dispatch          INFO     Cross-policy CSV saved to /home/atudisco/pred-distr-tool/evaluations/generalization_v2/results/scheduling/leave_one_family_out/by_family/qft/cross_policy_summary.csv
2026-10-07 18:44:23,274  genstudy.io               INFO     Wrote /home/atudisco/pred-distr-tool/evaluations/generalization_v2/results/scheduling/leave_one_family_out/by_family/qft/sweep_summary.csv (11 rows)
2026-10-07 18:44:23,274  run_scheduling_eval       INFO     === per-family scheduling: qftentangled (746 circuits) ===
2026-10-07 18:44:23,276  run_scheduling_eval       INFO     Scheduling on 746 circuits -> /home/atudisco/pred-distr-tool/evaluations/generalization_v2/results/scheduling/leave_one_family_out/by_family/qftentangled
2026-10-07 18:44:23,276  run_gnn_dispatch          INFO     === Fidelity weight 0.00 ===
2026-10-07 18:44:23,277  run_gnn_dispatch          INFO       [oracle] EQE1_Top  ->  52 circuits
2026-10-07 18:44:23,277  run_gnn_dispatch          INFO       [oracle] EQE1_Bottom  ->  244 circuits
2026-10-07 18:44:23,277  run_gnn_dispatch          INFO       [oracle] QExa20  ->  450 circuits
2026-10-07 18:44:23,279  run_gnn_dispatch          INFO       [oracle] overall mean fidelity: 0.1932  (load CV: 0.800)
2026-10-07 18:44:23,279  run_gnn_dispatch          INFO       [gt_weighted] EQE1_Top  ->  249 circuits
2026-10-07 18:44:23,279  run_gnn_dispatch          INFO       [gt_weighted] EQE1_Bottom  ->  249 circuits
2026-10-07 18:44:23,279  run_gnn_dispatch          INFO       [gt_weighted] QExa20  ->  248 circuits
2026-10-07 18:44:23,281  run_gnn_dispatch          INFO       [gt_weighted] overall mean fidelity: 0.1808  (load CV: 0.002)
2026-10-07 18:44:23,281  run_gnn_dispatch          INFO       [gnn] EQE1_Top  ->  249 circuits
2026-10-07 18:44:23,281  run_gnn_dispatch          INFO       [gnn] EQE1_Bottom  ->  249 circuits
2026-10-07 18:44:23,281  run_gnn_dispatch          INFO       [gnn] QExa20  ->  248 circuits
2026-10-07 18:44:23,283  run_gnn_dispatch          INFO       [gnn] overall mean fidelity: 0.1808  (load CV: 0.002)
2026-10-07 18:44:23,283  run_gnn_dispatch          INFO       [round_robin] EQE1_Top  ->  249 circuits
2026-10-07 18:44:23,283  run_gnn_dispatch          INFO       [round_robin] EQE1_Bottom  ->  249 circuits
2026-10-07 18:44:23,283  run_gnn_dispatch          INFO       [round_robin] QExa20  ->  248 circuits
2026-10-07 18:44:23,286  run_gnn_dispatch          INFO       [round_robin] overall mean fidelity: 0.1808  (load CV: 0.002)
2026-10-07 18:44:23,286  run_gnn_dispatch          INFO       [cross-policy oracle↔gnn] agreement: 34.7%  mean regret: 0.0124
2026-10-07 18:44:23,287  run_gnn_dispatch          INFO       [cross-policy gt_weighted↔gnn] agreement: 100.0%  mean regret: 0.0000
2026-10-07 18:44:23,287  run_gnn_dispatch          INFO     === Fidelity weight 0.10 ===
2026-10-07 18:44:23,306  run_gnn_dispatch          INFO       [oracle] EQE1_Top  ->  52 circuits
2026-10-07 18:44:23,306  run_gnn_dispatch          INFO       [oracle] EQE1_Bottom  ->  244 circuits
2026-10-07 18:44:23,306  run_gnn_dispatch          INFO       [oracle] QExa20  ->  450 circuits
2026-10-07 18:44:23,309  run_gnn_dispatch          INFO       [oracle] overall mean fidelity: 0.1932  (load CV: 0.800)
2026-10-07 18:44:23,309  run_gnn_dispatch          INFO       [gt_weighted] EQE1_Top  ->  248 circuits
2026-10-07 18:44:23,309  run_gnn_dispatch          INFO       [gt_weighted] EQE1_Bottom  ->  248 circuits
2026-10-07 18:44:23,309  run_gnn_dispatch          INFO       [gt_weighted] QExa20  ->  250 circuits
2026-10-07 18:44:23,311  run_gnn_dispatch          INFO       [gt_weighted] overall mean fidelity: 0.1866  (load CV: 0.005)
2026-10-07 18:44:23,311  run_gnn_dispatch          INFO       [gnn] EQE1_Top  ->  248 circuits
2026-10-07 18:44:23,311  run_gnn_dispatch          INFO       [gnn] EQE1_Bottom  ->  248 circuits
2026-10-07 18:44:23,311  run_gnn_dispatch          INFO       [gnn] QExa20  ->  250 circuits
2026-10-07 18:44:23,314  run_gnn_dispatch          INFO       [gnn] overall mean fidelity: 0.1804  (load CV: 0.005)
2026-10-07 18:44:23,314  run_gnn_dispatch          INFO       [round_robin] EQE1_Top  ->  249 circuits
2026-10-07 18:44:23,314  run_gnn_dispatch          INFO       [round_robin] EQE1_Bottom  ->  249 circuits
2026-10-07 18:44:23,314  run_gnn_dispatch          INFO       [round_robin] QExa20  ->  248 circuits
2026-10-07 18:44:23,316  run_gnn_dispatch          INFO       [round_robin] overall mean fidelity: 0.1808  (load CV: 0.002)
2026-10-07 18:44:23,317  run_gnn_dispatch          INFO       [cross-policy oracle↔gnn] agreement: 33.6%  mean regret: 0.0127
2026-10-07 18:44:23,317  run_gnn_dispatch          INFO       [cross-policy gt_weighted↔gnn] agreement: 41.3%  mean regret: 0.0062
2026-10-07 18:44:23,317  run_gnn_dispatch          INFO     === Fidelity weight 0.20 ===
2026-10-07 18:44:23,337  run_gnn_dispatch          INFO       [oracle] EQE1_Top  ->  52 circuits
2026-10-07 18:44:23,337  run_gnn_dispatch          INFO       [oracle] EQE1_Bottom  ->  244 circuits
2026-10-07 18:44:23,337  run_gnn_dispatch          INFO       [oracle] QExa20  ->  450 circuits
2026-10-07 18:44:23,340  run_gnn_dispatch          INFO       [oracle] overall mean fidelity: 0.1932  (load CV: 0.800)
2026-10-07 18:44:23,340  run_gnn_dispatch          INFO       [gt_weighted] EQE1_Top  ->  247 circuits
2026-10-07 18:44:23,340  run_gnn_dispatch          INFO       [gt_weighted] EQE1_Bottom  ->  248 circuits
2026-10-07 18:44:23,340  run_gnn_dispatch          INFO       [gt_weighted] QExa20  ->  251 circuits
2026-10-07 18:44:23,342  run_gnn_dispatch          INFO       [gt_weighted] overall mean fidelity: 0.1870  (load CV: 0.008)
2026-10-07 18:44:23,342  run_gnn_dispatch          INFO       [gnn] EQE1_Top  ->  247 circuits
2026-10-07 18:44:23,342  run_gnn_dispatch          INFO       [gnn] EQE1_Bottom  ->  246 circuits
2026-10-07 18:44:23,342  run_gnn_dispatch          INFO       [gnn] QExa20  ->  253 circuits
2026-10-07 18:44:23,344  run_gnn_dispatch          INFO       [gnn] overall mean fidelity: 0.1804  (load CV: 0.015)
2026-10-07 18:44:23,344  run_gnn_dispatch          INFO       [round_robin] EQE1_Top  ->  249 circuits
2026-10-07 18:44:23,344  run_gnn_dispatch          INFO       [round_robin] EQE1_Bottom  ->  249 circuits
2026-10-07 18:44:23,345  run_gnn_dispatch          INFO       [round_robin] QExa20  ->  248 circuits
2026-10-07 18:44:23,347  run_gnn_dispatch          INFO       [round_robin] overall mean fidelity: 0.1808  (load CV: 0.002)
2026-10-07 18:44:23,347  run_gnn_dispatch          INFO       [cross-policy oracle↔gnn] agreement: 33.8%  mean regret: 0.0127
2026-10-07 18:44:23,348  run_gnn_dispatch          INFO       [cross-policy gt_weighted↔gnn] agreement: 40.9%  mean regret: 0.0066
2026-10-07 18:44:23,348  run_gnn_dispatch          INFO     === Fidelity weight 0.30 ===
2026-10-07 18:44:23,368  run_gnn_dispatch          INFO       [oracle] EQE1_Top  ->  52 circuits
2026-10-07 18:44:23,368  run_gnn_dispatch          INFO       [oracle] EQE1_Bottom  ->  244 circuits
2026-10-07 18:44:23,368  run_gnn_dispatch          INFO       [oracle] QExa20  ->  450 circuits
2026-10-07 18:44:23,370  run_gnn_dispatch          INFO       [oracle] overall mean fidelity: 0.1932  (load CV: 0.800)
2026-10-07 18:44:23,370  run_gnn_dispatch          INFO       [gt_weighted] EQE1_Top  ->  247 circuits
2026-10-07 18:44:23,370  run_gnn_dispatch          INFO       [gt_weighted] EQE1_Bottom  ->  246 circuits
2026-10-07 18:44:23,370  run_gnn_dispatch          INFO       [gt_weighted] QExa20  ->  253 circuits
2026-10-07 18:44:23,373  run_gnn_dispatch          INFO       [gt_weighted] overall mean fidelity: 0.1875  (load CV: 0.015)
2026-10-07 18:44:23,373  run_gnn_dispatch          INFO       [gnn] EQE1_Top  ->  247 circuits
2026-10-07 18:44:23,373  run_gnn_dispatch          INFO       [gnn] EQE1_Bottom  ->  244 circuits
2026-10-07 18:44:23,373  run_gnn_dispatch          INFO       [gnn] QExa20  ->  255 circuits
2026-10-07 18:44:23,375  run_gnn_dispatch          INFO       [gnn] overall mean fidelity: 0.1817  (load CV: 0.023)
2026-10-07 18:44:23,375  run_gnn_dispatch          INFO       [round_robin] EQE1_Top  ->  249 circuits
2026-10-07 18:44:23,375  run_gnn_dispatch          INFO       [round_robin] EQE1_Bottom  ->  249 circuits
2026-10-07 18:44:23,375  run_gnn_dispatch          INFO       [round_robin] QExa20  ->  248 circuits
2026-10-07 18:44:23,377  run_gnn_dispatch          INFO       [round_robin] overall mean fidelity: 0.1808  (load CV: 0.002)
2026-10-07 18:44:23,378  run_gnn_dispatch          INFO       [cross-policy oracle↔gnn] agreement: 33.8%  mean regret: 0.0115
2026-10-07 18:44:23,379  run_gnn_dispatch          INFO       [cross-policy gt_weighted↔gnn] agreement: 41.7%  mean regret: 0.0059
2026-10-07 18:44:23,379  run_gnn_dispatch          INFO     === Fidelity weight 0.40 ===
2026-10-07 18:44:23,399  run_gnn_dispatch          INFO       [oracle] EQE1_Top  ->  52 circuits
2026-10-07 18:44:23,399  run_gnn_dispatch          INFO       [oracle] EQE1_Bottom  ->  244 circuits
2026-10-07 18:44:23,399  run_gnn_dispatch          INFO       [oracle] QExa20  ->  450 circuits
2026-10-07 18:44:23,401  run_gnn_dispatch          INFO       [oracle] overall mean fidelity: 0.1932  (load CV: 0.800)
2026-10-07 18:44:23,401  run_gnn_dispatch          INFO       [gt_weighted] EQE1_Top  ->  245 circuits
2026-10-07 18:44:23,401  run_gnn_dispatch          INFO       [gt_weighted] EQE1_Bottom  ->  246 circuits
2026-10-07 18:44:23,401  run_gnn_dispatch          INFO       [gt_weighted] QExa20  ->  255 circuits
2026-10-07 18:44:23,404  run_gnn_dispatch          INFO       [gt_weighted] overall mean fidelity: 0.1879  (load CV: 0.022)
2026-10-07 18:44:23,404  run_gnn_dispatch          INFO       [gnn] EQE1_Top  ->  245 circuits
2026-10-07 18:44:23,404  run_gnn_dispatch          INFO       [gnn] EQE1_Bottom  ->  242 circuits
2026-10-07 18:44:23,404  run_gnn_dispatch          INFO       [gnn] QExa20  ->  259 circuits
2026-10-07 18:44:23,406  run_gnn_dispatch          INFO       [gnn] overall mean fidelity: 0.1814  (load CV: 0.036)
2026-10-07 18:44:23,406  run_gnn_dispatch          INFO       [round_robin] EQE1_Top  ->  249 circuits
2026-10-07 18:44:23,406  run_gnn_dispatch          INFO       [round_robin] EQE1_Bottom  ->  249 circuits
2026-10-07 18:44:23,406  run_gnn_dispatch          INFO       [round_robin] QExa20  ->  248 circuits
2026-10-07 18:44:23,408  run_gnn_dispatch          INFO       [round_robin] overall mean fidelity: 0.1808  (load CV: 0.002)
2026-10-07 18:44:23,409  run_gnn_dispatch          INFO       [cross-policy oracle↔gnn] agreement: 33.9%  mean regret: 0.0118
2026-10-07 18:44:23,410  run_gnn_dispatch          INFO       [cross-policy gt_weighted↔gnn] agreement: 35.3%  mean regret: 0.0065
2026-10-07 18:44:23,410  run_gnn_dispatch          INFO     === Fidelity weight 0.50 ===
2026-10-07 18:44:23,430  run_gnn_dispatch          INFO       [oracle] EQE1_Top  ->  52 circuits
2026-10-07 18:44:23,430  run_gnn_dispatch          INFO       [oracle] EQE1_Bottom  ->  244 circuits
2026-10-07 18:44:23,430  run_gnn_dispatch          INFO       [oracle] QExa20  ->  450 circuits
2026-10-07 18:44:23,432  run_gnn_dispatch          INFO       [oracle] overall mean fidelity: 0.1932  (load CV: 0.800)
2026-10-07 18:44:23,432  run_gnn_dispatch          INFO       [gt_weighted] EQE1_Top  ->  241 circuits
2026-10-07 18:44:23,432  run_gnn_dispatch          INFO       [gt_weighted] EQE1_Bottom  ->  247 circuits
2026-10-07 18:44:23,432  run_gnn_dispatch          INFO       [gt_weighted] QExa20  ->  258 circuits
2026-10-07 18:44:23,435  run_gnn_dispatch          INFO       [gt_weighted] overall mean fidelity: 0.1885  (load CV: 0.035)
2026-10-07 18:44:23,435  run_gnn_dispatch          INFO       [gnn] EQE1_Top  ->  243 circuits
2026-10-07 18:44:23,435  run_gnn_dispatch          INFO       [gnn] EQE1_Bottom  ->  238 circuits
2026-10-07 18:44:23,435  run_gnn_dispatch          INFO       [gnn] QExa20  ->  265 circuits
2026-10-07 18:44:23,437  run_gnn_dispatch          INFO       [gnn] overall mean fidelity: 0.1816  (load CV: 0.058)
2026-10-07 18:44:23,437  run_gnn_dispatch          INFO       [round_robin] EQE1_Top  ->  249 circuits
2026-10-07 18:44:23,437  run_gnn_dispatch          INFO       [round_robin] EQE1_Bottom  ->  249 circuits
2026-10-07 18:44:23,437  run_gnn_dispatch          INFO       [round_robin] QExa20  ->  248 circuits
2026-10-07 18:44:23,443  run_gnn_dispatch          INFO       [round_robin] overall mean fidelity: 0.1808  (load CV: 0.002)
2026-10-07 18:44:23,445  run_gnn_dispatch          INFO       [cross-policy oracle↔gnn] agreement: 34.7%  mean regret: 0.0116
2026-10-07 18:44:23,447  run_gnn_dispatch          INFO       [cross-policy gt_weighted↔gnn] agreement: 39.5%  mean regret: 0.0069
2026-10-07 18:44:23,447  run_gnn_dispatch          INFO     === Fidelity weight 0.60 ===
2026-10-07 18:44:23,471  run_gnn_dispatch          INFO       [oracle] EQE1_Top  ->  52 circuits
2026-10-07 18:44:23,471  run_gnn_dispatch          INFO       [oracle] EQE1_Bottom  ->  244 circuits
2026-10-07 18:44:23,471  run_gnn_dispatch          INFO       [oracle] QExa20  ->  450 circuits
2026-10-07 18:44:23,474  run_gnn_dispatch          INFO       [oracle] overall mean fidelity: 0.1932  (load CV: 0.800)
2026-10-07 18:44:23,474  run_gnn_dispatch          INFO       [gt_weighted] EQE1_Top  ->  236 circuits
2026-10-07 18:44:23,474  run_gnn_dispatch          INFO       [gt_weighted] EQE1_Bottom  ->  249 circuits
2026-10-07 18:44:23,474  run_gnn_dispatch          INFO       [gt_weighted] QExa20  ->  261 circuits
2026-10-07 18:44:23,476  run_gnn_dispatch          INFO       [gt_weighted] overall mean fidelity: 0.1893  (load CV: 0.050)
2026-10-07 18:44:23,476  run_gnn_dispatch          INFO       [gnn] EQE1_Top  ->  240 circuits
2026-10-07 18:44:23,476  run_gnn_dispatch          INFO       [gnn] EQE1_Bottom  ->  233 circuits
2026-10-07 18:44:23,476  run_gnn_dispatch          INFO       [gnn] QExa20  ->  273 circuits
2026-10-07 18:44:23,479  run_gnn_dispatch          INFO       [gnn] overall mean fidelity: 0.1821  (load CV: 0.086)
2026-10-07 18:44:23,479  run_gnn_dispatch          INFO       [round_robin] EQE1_Top  ->  249 circuits
2026-10-07 18:44:23,479  run_gnn_dispatch          INFO       [round_robin] EQE1_Bottom  ->  249 circuits
2026-10-07 18:44:23,479  run_gnn_dispatch          INFO       [round_robin] QExa20  ->  248 circuits
2026-10-07 18:44:23,481  run_gnn_dispatch          INFO       [round_robin] overall mean fidelity: 0.1808  (load CV: 0.002)
2026-10-07 18:44:23,482  run_gnn_dispatch          INFO       [cross-policy oracle↔gnn] agreement: 35.4%  mean regret: 0.0110
2026-10-07 18:44:23,482  run_gnn_dispatch          INFO       [cross-policy gt_weighted↔gnn] agreement: 38.6%  mean regret: 0.0072
2026-10-07 18:44:23,483  run_gnn_dispatch          INFO     === Fidelity weight 0.70 ===
2026-10-07 18:44:23,502  run_gnn_dispatch          INFO       [oracle] EQE1_Top  ->  52 circuits
2026-10-07 18:44:23,502  run_gnn_dispatch          INFO       [oracle] EQE1_Bottom  ->  244 circuits
2026-10-07 18:44:23,502  run_gnn_dispatch          INFO       [oracle] QExa20  ->  450 circuits
2026-10-07 18:44:23,505  run_gnn_dispatch          INFO       [oracle] overall mean fidelity: 0.1932  (load CV: 0.800)
2026-10-07 18:44:23,505  run_gnn_dispatch          INFO       [gt_weighted] EQE1_Top  ->  231 circuits
2026-10-07 18:44:23,505  run_gnn_dispatch          INFO       [gt_weighted] EQE1_Bottom  ->  256 circuits
2026-10-07 18:44:23,505  run_gnn_dispatch          INFO       [gt_weighted] QExa20  ->  259 circuits
2026-10-07 18:44:23,507  run_gnn_dispatch          INFO       [gt_weighted] overall mean fidelity: 0.1903  (load CV: 0.062)
2026-10-07 18:44:23,507  run_gnn_dispatch          INFO       [gnn] EQE1_Top  ->  234 circuits
2026-10-07 18:44:23,507  run_gnn_dispatch          INFO       [gnn] EQE1_Bottom  ->  228 circuits
2026-10-07 18:44:23,507  run_gnn_dispatch          INFO       [gnn] QExa20  ->  284 circuits
2026-10-07 18:44:23,509  run_gnn_dispatch          INFO       [gnn] overall mean fidelity: 0.1825  (load CV: 0.124)
2026-10-07 18:44:23,509  run_gnn_dispatch          INFO       [round_robin] EQE1_Top  ->  249 circuits
2026-10-07 18:44:23,509  run_gnn_dispatch          INFO       [round_robin] EQE1_Bottom  ->  249 circuits
2026-10-07 18:44:23,509  run_gnn_dispatch          INFO       [round_robin] QExa20  ->  248 circuits
2026-10-07 18:44:23,512  run_gnn_dispatch          INFO       [round_robin] overall mean fidelity: 0.1808  (load CV: 0.002)
2026-10-07 18:44:23,512  run_gnn_dispatch          INFO       [cross-policy oracle↔gnn] agreement: 36.3%  mean regret: 0.0106
2026-10-07 18:44:23,513  run_gnn_dispatch          INFO       [cross-policy gt_weighted↔gnn] agreement: 39.8%  mean regret: 0.0078
2026-10-07 18:44:23,513  run_gnn_dispatch          INFO     === Fidelity weight 0.80 ===
2026-10-07 18:44:23,533  run_gnn_dispatch          INFO       [oracle] EQE1_Top  ->  52 circuits
2026-10-07 18:44:23,533  run_gnn_dispatch          INFO       [oracle] EQE1_Bottom  ->  244 circuits
2026-10-07 18:44:23,533  run_gnn_dispatch          INFO       [oracle] QExa20  ->  450 circuits
2026-10-07 18:44:23,536  run_gnn_dispatch          INFO       [oracle] overall mean fidelity: 0.1932  (load CV: 0.800)
2026-10-07 18:44:23,536  run_gnn_dispatch          INFO       [gt_weighted] EQE1_Top  ->  225 circuits
2026-10-07 18:44:23,536  run_gnn_dispatch          INFO       [gt_weighted] EQE1_Bottom  ->  272 circuits
2026-10-07 18:44:23,536  run_gnn_dispatch          INFO       [gt_weighted] QExa20  ->  249 circuits
2026-10-07 18:44:23,538  run_gnn_dispatch          INFO       [gt_weighted] overall mean fidelity: 0.1913  (load CV: 0.095)
2026-10-07 18:44:23,538  run_gnn_dispatch          INFO       [gnn] EQE1_Top  ->  214 circuits
2026-10-07 18:44:23,538  run_gnn_dispatch          INFO       [gnn] EQE1_Bottom  ->  234 circuits
2026-10-07 18:44:23,538  run_gnn_dispatch          INFO       [gnn] QExa20  ->  298 circuits
2026-10-07 18:44:23,540  run_gnn_dispatch          INFO       [gnn] overall mean fidelity: 0.1832  (load CV: 0.176)
2026-10-07 18:44:23,540  run_gnn_dispatch          INFO       [round_robin] EQE1_Top  ->  249 circuits
2026-10-07 18:44:23,540  run_gnn_dispatch          INFO       [round_robin] EQE1_Bottom  ->  249 circuits
2026-10-07 18:44:23,540  run_gnn_dispatch          INFO       [round_robin] QExa20  ->  248 circuits
2026-10-07 18:44:23,542  run_gnn_dispatch          INFO       [round_robin] overall mean fidelity: 0.1808  (load CV: 0.002)
2026-10-07 18:44:23,543  run_gnn_dispatch          INFO       [cross-policy oracle↔gnn] agreement: 38.2%  mean regret: 0.0100
2026-10-07 18:44:23,544  run_gnn_dispatch          INFO       [cross-policy gt_weighted↔gnn] agreement: 43.4%  mean regret: 0.0081
2026-10-07 18:44:23,544  run_gnn_dispatch          INFO     === Fidelity weight 0.90 ===
2026-10-07 18:44:23,564  run_gnn_dispatch          INFO       [oracle] EQE1_Top  ->  52 circuits
2026-10-07 18:44:23,564  run_gnn_dispatch          INFO       [oracle] EQE1_Bottom  ->  244 circuits
2026-10-07 18:44:23,564  run_gnn_dispatch          INFO       [oracle] QExa20  ->  450 circuits
2026-10-07 18:44:23,566  run_gnn_dispatch          INFO       [oracle] overall mean fidelity: 0.1932  (load CV: 0.800)
2026-10-07 18:44:23,566  run_gnn_dispatch          INFO       [gt_weighted] EQE1_Top  ->  213 circuits
2026-10-07 18:44:23,566  run_gnn_dispatch          INFO       [gt_weighted] EQE1_Bottom  ->  297 circuits
2026-10-07 18:44:23,566  run_gnn_dispatch          INFO       [gt_weighted] QExa20  ->  236 circuits
2026-10-07 18:44:23,569  run_gnn_dispatch          INFO       [gt_weighted] overall mean fidelity: 0.1922  (load CV: 0.175)
2026-10-07 18:44:23,569  run_gnn_dispatch          INFO       [gnn] EQE1_Top  ->  180 circuits
2026-10-07 18:44:23,569  run_gnn_dispatch          INFO       [gnn] EQE1_Bottom  ->  258 circuits
2026-10-07 18:44:23,569  run_gnn_dispatch          INFO       [gnn] QExa20  ->  308 circuits
2026-10-07 18:44:23,571  run_gnn_dispatch          INFO       [gnn] overall mean fidelity: 0.1845  (load CV: 0.259)
2026-10-07 18:44:23,571  run_gnn_dispatch          INFO       [round_robin] EQE1_Top  ->  249 circuits
2026-10-07 18:44:23,571  run_gnn_dispatch          INFO       [round_robin] EQE1_Bottom  ->  249 circuits
2026-10-07 18:44:23,571  run_gnn_dispatch          INFO       [round_robin] QExa20  ->  248 circuits
2026-10-07 18:44:23,573  run_gnn_dispatch          INFO       [round_robin] overall mean fidelity: 0.1808  (load CV: 0.002)
2026-10-07 18:44:23,574  run_gnn_dispatch          INFO       [cross-policy oracle↔gnn] agreement: 42.0%  mean regret: 0.0087
2026-10-07 18:44:23,575  run_gnn_dispatch          INFO       [cross-policy gt_weighted↔gnn] agreement: 43.4%  mean regret: 0.0077
2026-10-07 18:44:23,575  run_gnn_dispatch          INFO     === Fidelity weight 1.00 ===
2026-10-07 18:44:23,598  run_gnn_dispatch          INFO       [oracle] EQE1_Top  ->  52 circuits
2026-10-07 18:44:23,598  run_gnn_dispatch          INFO       [oracle] EQE1_Bottom  ->  244 circuits
2026-10-07 18:44:23,599  run_gnn_dispatch          INFO       [oracle] QExa20  ->  450 circuits
2026-10-07 18:44:23,601  run_gnn_dispatch          INFO       [oracle] overall mean fidelity: 0.1932  (load CV: 0.800)
2026-10-07 18:44:23,601  run_gnn_dispatch          INFO       [gt_weighted] EQE1_Top  ->  52 circuits
2026-10-07 18:44:23,601  run_gnn_dispatch          INFO       [gt_weighted] EQE1_Bottom  ->  244 circuits
2026-10-07 18:44:23,601  run_gnn_dispatch          INFO       [gt_weighted] QExa20  ->  450 circuits
2026-10-07 18:44:23,603  run_gnn_dispatch          INFO       [gt_weighted] overall mean fidelity: 0.1932  (load CV: 0.800)
2026-10-07 18:44:23,603  run_gnn_dispatch          INFO       [gnn] EQE1_Top  ->  9 circuits
2026-10-07 18:44:23,603  run_gnn_dispatch          INFO       [gnn] EQE1_Bottom  ->  172 circuits
2026-10-07 18:44:23,603  run_gnn_dispatch          INFO       [gnn] QExa20  ->  565 circuits
2026-10-07 18:44:23,605  run_gnn_dispatch          INFO       [gnn] overall mean fidelity: 0.1878  (load CV: 1.149)
2026-10-07 18:44:23,605  run_gnn_dispatch          INFO       [round_robin] EQE1_Top  ->  249 circuits
2026-10-07 18:44:23,605  run_gnn_dispatch          INFO       [round_robin] EQE1_Bottom  ->  249 circuits
2026-10-07 18:44:23,605  run_gnn_dispatch          INFO       [round_robin] QExa20  ->  248 circuits
2026-10-07 18:44:23,607  run_gnn_dispatch          INFO       [round_robin] overall mean fidelity: 0.1808  (load CV: 0.002)
2026-10-07 18:44:23,608  run_gnn_dispatch          INFO       [cross-policy oracle↔gnn] agreement: 79.2%  mean regret: 0.0053
2026-10-07 18:44:23,609  run_gnn_dispatch          INFO       [cross-policy gt_weighted↔gnn] agreement: 79.2%  mean regret: 0.0053
2026-10-07 18:44:23,616  run_gnn_dispatch          INFO     Ground-truth fidelities saved to /home/atudisco/pred-distr-tool/evaluations/generalization_v2/results/scheduling/leave_one_family_out/by_family/qftentangled/fidelity_ground_truth.json
2026-10-07 18:44:23,621  run_gnn_dispatch          INFO     GNN-predicted fidelities saved to /home/atudisco/pred-distr-tool/evaluations/generalization_v2/results/scheduling/leave_one_family_out/by_family/qftentangled/fidelity_gnn_predicted.json
2026-10-07 18:44:23,638  run_gnn_dispatch          INFO     Full results saved to /home/atudisco/pred-distr-tool/evaluations/generalization_v2/results/scheduling/leave_one_family_out/by_family/qftentangled/dispatch_results.json
2026-10-07 18:44:23,641  run_gnn_dispatch          INFO     Summary CSV saved to /home/atudisco/pred-distr-tool/evaluations/generalization_v2/results/scheduling/leave_one_family_out/by_family/qftentangled/dispatch_summary.csv
2026-10-07 18:44:23,644  run_gnn_dispatch          INFO     Cross-policy CSV saved to /home/atudisco/pred-distr-tool/evaluations/generalization_v2/results/scheduling/leave_one_family_out/by_family/qftentangled/cross_policy_summary.csv
2026-10-07 18:44:23,646  genstudy.io               INFO     Wrote /home/atudisco/pred-distr-tool/evaluations/generalization_v2/results/scheduling/leave_one_family_out/by_family/qftentangled/sweep_summary.csv (11 rows)
2026-10-07 18:44:23,646  run_scheduling_eval       INFO     === per-family scheduling: qnn (760 circuits) ===
2026-10-07 18:44:23,648  run_scheduling_eval       INFO     Scheduling on 760 circuits -> /home/atudisco/pred-distr-tool/evaluations/generalization_v2/results/scheduling/leave_one_family_out/by_family/qnn
2026-10-07 18:44:23,648  run_gnn_dispatch          INFO     === Fidelity weight 0.00 ===
2026-10-07 18:44:23,650  run_gnn_dispatch          INFO       [oracle] EQE1_Top  ->  90 circuits
2026-10-07 18:44:23,650  run_gnn_dispatch          INFO       [oracle] EQE1_Bottom  ->  670 circuits
2026-10-07 18:44:23,650  run_gnn_dispatch          INFO       [oracle] QExa20  ->  0 circuits
2026-10-07 18:44:23,652  run_gnn_dispatch          INFO       [oracle] overall mean fidelity: 0.6545  (load CV: 1.435)
2026-10-07 18:44:23,652  run_gnn_dispatch          INFO       [gt_weighted] EQE1_Top  ->  254 circuits
2026-10-07 18:44:23,652  run_gnn_dispatch          INFO       [gt_weighted] EQE1_Bottom  ->  253 circuits
2026-10-07 18:44:23,652  run_gnn_dispatch          INFO       [gt_weighted] QExa20  ->  253 circuits
2026-10-07 18:44:23,654  run_gnn_dispatch          INFO       [gt_weighted] overall mean fidelity: 0.5935  (load CV: 0.002)
2026-10-07 18:44:23,654  run_gnn_dispatch          INFO       [gnn] EQE1_Top  ->  254 circuits
2026-10-07 18:44:23,654  run_gnn_dispatch          INFO       [gnn] EQE1_Bottom  ->  253 circuits
2026-10-07 18:44:23,654  run_gnn_dispatch          INFO       [gnn] QExa20  ->  253 circuits
2026-10-07 18:44:23,656  run_gnn_dispatch          INFO       [gnn] overall mean fidelity: 0.5935  (load CV: 0.002)
2026-10-07 18:44:23,656  run_gnn_dispatch          INFO       [round_robin] EQE1_Top  ->  254 circuits
2026-10-07 18:44:23,656  run_gnn_dispatch          INFO       [round_robin] EQE1_Bottom  ->  253 circuits
2026-10-07 18:44:23,656  run_gnn_dispatch          INFO       [round_robin] QExa20  ->  253 circuits
2026-10-07 18:44:23,657  run_gnn_dispatch          INFO       [round_robin] overall mean fidelity: 0.5935  (load CV: 0.002)
2026-10-07 18:44:23,658  run_gnn_dispatch          INFO       [cross-policy oracle↔gnn] agreement: 33.6%  mean regret: 0.0610
2026-10-07 18:44:23,659  run_gnn_dispatch          INFO       [cross-policy gt_weighted↔gnn] agreement: 100.0%  mean regret: 0.0000
2026-10-07 18:44:23,659  run_gnn_dispatch          INFO     === Fidelity weight 0.10 ===
2026-10-07 18:44:23,679  run_gnn_dispatch          INFO       [oracle] EQE1_Top  ->  90 circuits
2026-10-07 18:44:23,679  run_gnn_dispatch          INFO       [oracle] EQE1_Bottom  ->  670 circuits
2026-10-07 18:44:23,679  run_gnn_dispatch          INFO       [oracle] QExa20  ->  0 circuits
2026-10-07 18:44:23,681  run_gnn_dispatch          INFO       [oracle] overall mean fidelity: 0.6545  (load CV: 1.435)
2026-10-07 18:44:23,681  run_gnn_dispatch          INFO       [gt_weighted] EQE1_Top  ->  255 circuits
2026-10-07 18:44:23,681  run_gnn_dispatch          INFO       [gt_weighted] EQE1_Bottom  ->  258 circuits
2026-10-07 18:44:23,681  run_gnn_dispatch          INFO       [gt_weighted] QExa20  ->  247 circuits
2026-10-07 18:44:23,682  run_gnn_dispatch          INFO       [gt_weighted] overall mean fidelity: 0.5975  (load CV: 0.022)
2026-10-07 18:44:23,683  run_gnn_dispatch          INFO       [gnn] EQE1_Top  ->  254 circuits
2026-10-07 18:44:23,683  run_gnn_dispatch          INFO       [gnn] EQE1_Bottom  ->  253 circuits
2026-10-07 18:44:23,683  run_gnn_dispatch          INFO       [gnn] QExa20  ->  253 circuits
2026-10-07 18:44:23,684  run_gnn_dispatch          INFO       [gnn] overall mean fidelity: 0.5934  (load CV: 0.002)
2026-10-07 18:44:23,684  run_gnn_dispatch          INFO       [round_robin] EQE1_Top  ->  254 circuits
2026-10-07 18:44:23,684  run_gnn_dispatch          INFO       [round_robin] EQE1_Bottom  ->  253 circuits
2026-10-07 18:44:23,684  run_gnn_dispatch          INFO       [round_robin] QExa20  ->  253 circuits
2026-10-07 18:44:23,685  run_gnn_dispatch          INFO       [round_robin] overall mean fidelity: 0.5935  (load CV: 0.002)
2026-10-07 18:44:23,686  run_gnn_dispatch          INFO       [cross-policy oracle↔gnn] agreement: 33.3%  mean regret: 0.0610
2026-10-07 18:44:23,687  run_gnn_dispatch          INFO       [cross-policy gt_weighted↔gnn] agreement: 39.1%  mean regret: 0.0041
2026-10-07 18:44:23,687  run_gnn_dispatch          INFO     === Fidelity weight 0.20 ===
2026-10-07 18:44:23,707  run_gnn_dispatch          INFO       [oracle] EQE1_Top  ->  90 circuits
2026-10-07 18:44:23,707  run_gnn_dispatch          INFO       [oracle] EQE1_Bottom  ->  670 circuits
2026-10-07 18:44:23,707  run_gnn_dispatch          INFO       [oracle] QExa20  ->  0 circuits
2026-10-07 18:44:23,709  run_gnn_dispatch          INFO       [oracle] overall mean fidelity: 0.6545  (load CV: 1.435)
2026-10-07 18:44:23,709  run_gnn_dispatch          INFO       [gt_weighted] EQE1_Top  ->  258 circuits
2026-10-07 18:44:23,709  run_gnn_dispatch          INFO       [gt_weighted] EQE1_Bottom  ->  264 circuits
2026-10-07 18:44:23,709  run_gnn_dispatch          INFO       [gt_weighted] QExa20  ->  238 circuits
2026-10-07 18:44:23,710  run_gnn_dispatch          INFO       [gt_weighted] overall mean fidelity: 0.6027  (load CV: 0.054)
2026-10-07 18:44:23,710  run_gnn_dispatch          INFO       [gnn] EQE1_Top  ->  254 circuits
2026-10-07 18:44:23,710  run_gnn_dispatch          INFO       [gnn] EQE1_Bottom  ->  253 circuits
2026-10-07 18:44:23,710  run_gnn_dispatch          INFO       [gnn] QExa20  ->  253 circuits
2026-10-07 18:44:23,712  run_gnn_dispatch          INFO       [gnn] overall mean fidelity: 0.5933  (load CV: 0.002)
2026-10-07 18:44:23,712  run_gnn_dispatch          INFO       [round_robin] EQE1_Top  ->  254 circuits
2026-10-07 18:44:23,712  run_gnn_dispatch          INFO       [round_robin] EQE1_Bottom  ->  253 circuits
2026-10-07 18:44:23,712  run_gnn_dispatch          INFO       [round_robin] QExa20  ->  253 circuits
2026-10-07 18:44:23,713  run_gnn_dispatch          INFO       [round_robin] overall mean fidelity: 0.5935  (load CV: 0.002)
2026-10-07 18:44:23,714  run_gnn_dispatch          INFO       [cross-policy oracle↔gnn] agreement: 33.2%  mean regret: 0.0611
2026-10-07 18:44:23,714  run_gnn_dispatch          INFO       [cross-policy gt_weighted↔gnn] agreement: 35.9%  mean regret: 0.0093
2026-10-07 18:44:23,715  run_gnn_dispatch          INFO     === Fidelity weight 0.30 ===
2026-10-07 18:44:23,734  run_gnn_dispatch          INFO       [oracle] EQE1_Top  ->  90 circuits
2026-10-07 18:44:23,734  run_gnn_dispatch          INFO       [oracle] EQE1_Bottom  ->  670 circuits
2026-10-07 18:44:23,734  run_gnn_dispatch          INFO       [oracle] QExa20  ->  0 circuits
2026-10-07 18:44:23,736  run_gnn_dispatch          INFO       [oracle] overall mean fidelity: 0.6545  (load CV: 1.435)
2026-10-07 18:44:23,736  run_gnn_dispatch          INFO       [gt_weighted] EQE1_Top  ->  260 circuits
2026-10-07 18:44:23,736  run_gnn_dispatch          INFO       [gt_weighted] EQE1_Bottom  ->  274 circuits
2026-10-07 18:44:23,736  run_gnn_dispatch          INFO       [gt_weighted] QExa20  ->  226 circuits
2026-10-07 18:44:23,738  run_gnn_dispatch          INFO       [gt_weighted] overall mean fidelity: 0.6081  (load CV: 0.097)
2026-10-07 18:44:23,738  run_gnn_dispatch          INFO       [gnn] EQE1_Top  ->  254 circuits
2026-10-07 18:44:23,738  run_gnn_dispatch          INFO       [gnn] EQE1_Bottom  ->  253 circuits
2026-10-07 18:44:23,738  run_gnn_dispatch          INFO       [gnn] QExa20  ->  253 circuits
2026-10-07 18:44:23,739  run_gnn_dispatch          INFO       [gnn] overall mean fidelity: 0.5936  (load CV: 0.002)
2026-10-07 18:44:23,739  run_gnn_dispatch          INFO       [round_robin] EQE1_Top  ->  254 circuits
2026-10-07 18:44:23,739  run_gnn_dispatch          INFO       [round_robin] EQE1_Bottom  ->  253 circuits
2026-10-07 18:44:23,739  run_gnn_dispatch          INFO       [round_robin] QExa20  ->  253 circuits
2026-10-07 18:44:23,741  run_gnn_dispatch          INFO       [round_robin] overall mean fidelity: 0.5935  (load CV: 0.002)
2026-10-07 18:44:23,741  run_gnn_dispatch          INFO       [cross-policy oracle↔gnn] agreement: 33.2%  mean regret: 0.0608
2026-10-07 18:44:23,742  run_gnn_dispatch          INFO       [cross-policy gt_weighted↔gnn] agreement: 34.5%  mean regret: 0.0145
2026-10-07 18:44:23,742  run_gnn_dispatch          INFO     === Fidelity weight 0.40 ===
2026-10-07 18:44:23,762  run_gnn_dispatch          INFO       [oracle] EQE1_Top  ->  90 circuits
2026-10-07 18:44:23,762  run_gnn_dispatch          INFO       [oracle] EQE1_Bottom  ->  670 circuits
2026-10-07 18:44:23,762  run_gnn_dispatch          INFO       [oracle] QExa20  ->  0 circuits
2026-10-07 18:44:23,764  run_gnn_dispatch          INFO       [oracle] overall mean fidelity: 0.6545  (load CV: 1.435)
2026-10-07 18:44:23,764  run_gnn_dispatch          INFO       [gt_weighted] EQE1_Top  ->  264 circuits
2026-10-07 18:44:23,764  run_gnn_dispatch          INFO       [gt_weighted] EQE1_Bottom  ->  285 circuits
2026-10-07 18:44:23,764  run_gnn_dispatch          INFO       [gt_weighted] QExa20  ->  211 circuits
2026-10-07 18:44:23,766  run_gnn_dispatch          INFO       [gt_weighted] overall mean fidelity: 0.6143  (load CV: 0.151)
2026-10-07 18:44:23,766  run_gnn_dispatch          INFO       [gnn] EQE1_Top  ->  255 circuits
2026-10-07 18:44:23,766  run_gnn_dispatch          INFO       [gnn] EQE1_Bottom  ->  253 circuits
2026-10-07 18:44:23,766  run_gnn_dispatch          INFO       [gnn] QExa20  ->  252 circuits
2026-10-07 18:44:23,767  run_gnn_dispatch          INFO       [gnn] overall mean fidelity: 0.5939  (load CV: 0.006)
2026-10-07 18:44:23,767  run_gnn_dispatch          INFO       [round_robin] EQE1_Top  ->  254 circuits
2026-10-07 18:44:23,767  run_gnn_dispatch          INFO       [round_robin] EQE1_Bottom  ->  253 circuits
2026-10-07 18:44:23,767  run_gnn_dispatch          INFO       [round_robin] QExa20  ->  253 circuits
2026-10-07 18:44:23,769  run_gnn_dispatch          INFO       [round_robin] overall mean fidelity: 0.5935  (load CV: 0.002)
2026-10-07 18:44:23,769  run_gnn_dispatch          INFO       [cross-policy oracle↔gnn] agreement: 33.6%  mean regret: 0.0605
2026-10-07 18:44:23,770  run_gnn_dispatch          INFO       [cross-policy gt_weighted↔gnn] agreement: 30.8%  mean regret: 0.0204
2026-10-07 18:44:23,770  run_gnn_dispatch          INFO     === Fidelity weight 0.50 ===
2026-10-07 18:44:23,790  run_gnn_dispatch          INFO       [oracle] EQE1_Top  ->  90 circuits
2026-10-07 18:44:23,790  run_gnn_dispatch          INFO       [oracle] EQE1_Bottom  ->  670 circuits
2026-10-07 18:44:23,790  run_gnn_dispatch          INFO       [oracle] QExa20  ->  0 circuits
2026-10-07 18:44:23,792  run_gnn_dispatch          INFO       [oracle] overall mean fidelity: 0.6545  (load CV: 1.435)
2026-10-07 18:44:23,792  run_gnn_dispatch          INFO       [gt_weighted] EQE1_Top  ->  269 circuits
2026-10-07 18:44:23,792  run_gnn_dispatch          INFO       [gt_weighted] EQE1_Bottom  ->  299 circuits
2026-10-07 18:44:23,792  run_gnn_dispatch          INFO       [gt_weighted] QExa20  ->  192 circuits
2026-10-07 18:44:23,793  run_gnn_dispatch          INFO       [gt_weighted] overall mean fidelity: 0.6201  (load CV: 0.218)
2026-10-07 18:44:23,793  run_gnn_dispatch          INFO       [gnn] EQE1_Top  ->  257 circuits
2026-10-07 18:44:23,793  run_gnn_dispatch          INFO       [gnn] EQE1_Bottom  ->  252 circuits
2026-10-07 18:44:23,793  run_gnn_dispatch          INFO       [gnn] QExa20  ->  251 circuits
2026-10-07 18:44:23,795  run_gnn_dispatch          INFO       [gnn] overall mean fidelity: 0.5934  (load CV: 0.013)
2026-10-07 18:44:23,795  run_gnn_dispatch          INFO       [round_robin] EQE1_Top  ->  254 circuits
2026-10-07 18:44:23,795  run_gnn_dispatch          INFO       [round_robin] EQE1_Bottom  ->  253 circuits
2026-10-07 18:44:23,795  run_gnn_dispatch          INFO       [round_robin] QExa20  ->  253 circuits
2026-10-07 18:44:23,796  run_gnn_dispatch          INFO       [round_robin] overall mean fidelity: 0.5935  (load CV: 0.002)
2026-10-07 18:44:23,797  run_gnn_dispatch          INFO       [cross-policy oracle↔gnn] agreement: 32.8%  mean regret: 0.0610
2026-10-07 18:44:23,797  run_gnn_dispatch          INFO       [cross-policy gt_weighted↔gnn] agreement: 35.0%  mean regret: 0.0267
2026-10-07 18:44:23,797  run_gnn_dispatch          INFO     === Fidelity weight 0.60 ===
2026-10-07 18:44:23,822  run_gnn_dispatch          INFO       [oracle] EQE1_Top  ->  90 circuits
2026-10-07 18:44:23,822  run_gnn_dispatch          INFO       [oracle] EQE1_Bottom  ->  670 circuits
2026-10-07 18:44:23,822  run_gnn_dispatch          INFO       [oracle] QExa20  ->  0 circuits
2026-10-07 18:44:23,824  run_gnn_dispatch          INFO       [oracle] overall mean fidelity: 0.6545  (load CV: 1.435)
2026-10-07 18:44:23,824  run_gnn_dispatch          INFO       [gt_weighted] EQE1_Top  ->  278 circuits
2026-10-07 18:44:23,824  run_gnn_dispatch          INFO       [gt_weighted] EQE1_Bottom  ->  320 circuits
2026-10-07 18:44:23,824  run_gnn_dispatch          INFO       [gt_weighted] QExa20  ->  162 circuits
2026-10-07 18:44:23,825  run_gnn_dispatch          INFO       [gt_weighted] overall mean fidelity: 0.6266  (load CV: 0.323)
2026-10-07 18:44:23,825  run_gnn_dispatch          INFO       [gnn] EQE1_Top  ->  261 circuits
2026-10-07 18:44:23,825  run_gnn_dispatch          INFO       [gnn] EQE1_Bottom  ->  250 circuits
2026-10-07 18:44:23,825  run_gnn_dispatch          INFO       [gnn] QExa20  ->  249 circuits
2026-10-07 18:44:23,827  run_gnn_dispatch          INFO       [gnn] overall mean fidelity: 0.5931  (load CV: 0.026)
2026-10-07 18:44:23,827  run_gnn_dispatch          INFO       [round_robin] EQE1_Top  ->  254 circuits
2026-10-07 18:44:23,827  run_gnn_dispatch          INFO       [round_robin] EQE1_Bottom  ->  253 circuits
2026-10-07 18:44:23,827  run_gnn_dispatch          INFO       [round_robin] QExa20  ->  253 circuits
2026-10-07 18:44:23,828  run_gnn_dispatch          INFO       [round_robin] overall mean fidelity: 0.5935  (load CV: 0.002)
2026-10-07 18:44:23,829  run_gnn_dispatch          INFO       [cross-policy oracle↔gnn] agreement: 32.4%  mean regret: 0.0613
2026-10-07 18:44:23,830  run_gnn_dispatch          INFO       [cross-policy gt_weighted↔gnn] agreement: 32.0%  mean regret: 0.0335
2026-10-07 18:44:23,830  run_gnn_dispatch          INFO     === Fidelity weight 0.70 ===
2026-10-07 18:44:23,850  run_gnn_dispatch          INFO       [oracle] EQE1_Top  ->  90 circuits
2026-10-07 18:44:23,850  run_gnn_dispatch          INFO       [oracle] EQE1_Bottom  ->  670 circuits
2026-10-07 18:44:23,850  run_gnn_dispatch          INFO       [oracle] QExa20  ->  0 circuits
2026-10-07 18:44:23,851  run_gnn_dispatch          INFO       [oracle] overall mean fidelity: 0.6545  (load CV: 1.435)
2026-10-07 18:44:23,851  run_gnn_dispatch          INFO       [gt_weighted] EQE1_Top  ->  285 circuits
2026-10-07 18:44:23,851  run_gnn_dispatch          INFO       [gt_weighted] EQE1_Bottom  ->  348 circuits
2026-10-07 18:44:23,851  run_gnn_dispatch          INFO       [gt_weighted] QExa20  ->  127 circuits
2026-10-07 18:44:23,853  run_gnn_dispatch          INFO       [gt_weighted] overall mean fidelity: 0.6339  (load CV: 0.449)
2026-10-07 18:44:23,853  run_gnn_dispatch          INFO       [gnn] EQE1_Top  ->  267 circuits
2026-10-07 18:44:23,853  run_gnn_dispatch          INFO       [gnn] EQE1_Bottom  ->  248 circuits
2026-10-07 18:44:23,853  run_gnn_dispatch          INFO       [gnn] QExa20  ->  245 circuits
2026-10-07 18:44:23,854  run_gnn_dispatch          INFO       [gnn] overall mean fidelity: 0.5929  (load CV: 0.047)
2026-10-07 18:44:23,854  run_gnn_dispatch          INFO       [round_robin] EQE1_Top  ->  254 circuits
2026-10-07 18:44:23,854  run_gnn_dispatch          INFO       [round_robin] EQE1_Bottom  ->  253 circuits
2026-10-07 18:44:23,854  run_gnn_dispatch          INFO       [round_robin] QExa20  ->  253 circuits
2026-10-07 18:44:23,856  run_gnn_dispatch          INFO       [round_robin] overall mean fidelity: 0.5935  (load CV: 0.002)
2026-10-07 18:44:23,856  run_gnn_dispatch          INFO       [cross-policy oracle↔gnn] agreement: 32.2%  mean regret: 0.0615
2026-10-07 18:44:23,857  run_gnn_dispatch          INFO       [cross-policy gt_weighted↔gnn] agreement: 29.2%  mean regret: 0.0410
2026-10-07 18:44:23,857  run_gnn_dispatch          INFO     === Fidelity weight 0.80 ===
2026-10-07 18:44:23,877  run_gnn_dispatch          INFO       [oracle] EQE1_Top  ->  90 circuits
2026-10-07 18:44:23,877  run_gnn_dispatch          INFO       [oracle] EQE1_Bottom  ->  670 circuits
2026-10-07 18:44:23,877  run_gnn_dispatch          INFO       [oracle] QExa20  ->  0 circuits
2026-10-07 18:44:23,879  run_gnn_dispatch          INFO       [oracle] overall mean fidelity: 0.6545  (load CV: 1.435)
2026-10-07 18:44:23,879  run_gnn_dispatch          INFO       [gt_weighted] EQE1_Top  ->  282 circuits
2026-10-07 18:44:23,879  run_gnn_dispatch          INFO       [gt_weighted] EQE1_Bottom  ->  394 circuits
2026-10-07 18:44:23,879  run_gnn_dispatch          INFO       [gt_weighted] QExa20  ->  84 circuits
2026-10-07 18:44:23,881  run_gnn_dispatch          INFO       [gt_weighted] overall mean fidelity: 0.6424  (load CV: 0.620)
2026-10-07 18:44:23,881  run_gnn_dispatch          INFO       [gnn] EQE1_Top  ->  273 circuits
2026-10-07 18:44:23,881  run_gnn_dispatch          INFO       [gnn] EQE1_Bottom  ->  245 circuits
2026-10-07 18:44:23,881  run_gnn_dispatch          INFO       [gnn] QExa20  ->  242 circuits
2026-10-07 18:44:23,882  run_gnn_dispatch          INFO       [gnn] overall mean fidelity: 0.5929  (load CV: 0.067)
2026-10-07 18:44:23,882  run_gnn_dispatch          INFO       [round_robin] EQE1_Top  ->  254 circuits
2026-10-07 18:44:23,882  run_gnn_dispatch          INFO       [round_robin] EQE1_Bottom  ->  253 circuits
2026-10-07 18:44:23,882  run_gnn_dispatch          INFO       [round_robin] QExa20  ->  253 circuits
2026-10-07 18:44:23,883  run_gnn_dispatch          INFO       [round_robin] overall mean fidelity: 0.5935  (load CV: 0.002)
2026-10-07 18:44:23,884  run_gnn_dispatch          INFO       [cross-policy oracle↔gnn] agreement: 31.4%  mean regret: 0.0616
2026-10-07 18:44:23,885  run_gnn_dispatch          INFO       [cross-policy gt_weighted↔gnn] agreement: 28.2%  mean regret: 0.0495
2026-10-07 18:44:23,885  run_gnn_dispatch          INFO     === Fidelity weight 0.90 ===
2026-10-07 18:44:23,904  run_gnn_dispatch          INFO       [oracle] EQE1_Top  ->  90 circuits
2026-10-07 18:44:23,904  run_gnn_dispatch          INFO       [oracle] EQE1_Bottom  ->  670 circuits
2026-10-07 18:44:23,904  run_gnn_dispatch          INFO       [oracle] QExa20  ->  0 circuits
2026-10-07 18:44:23,906  run_gnn_dispatch          INFO       [oracle] overall mean fidelity: 0.6545  (load CV: 1.435)
2026-10-07 18:44:23,906  run_gnn_dispatch          INFO       [gt_weighted] EQE1_Top  ->  263 circuits
2026-10-07 18:44:23,906  run_gnn_dispatch          INFO       [gt_weighted] EQE1_Bottom  ->  457 circuits
2026-10-07 18:44:23,906  run_gnn_dispatch          INFO       [gt_weighted] QExa20  ->  40 circuits
2026-10-07 18:44:23,908  run_gnn_dispatch          INFO       [gt_weighted] overall mean fidelity: 0.6475  (load CV: 0.824)
2026-10-07 18:44:23,908  run_gnn_dispatch          INFO       [gnn] EQE1_Top  ->  275 circuits
2026-10-07 18:44:23,908  run_gnn_dispatch          INFO       [gnn] EQE1_Bottom  ->  251 circuits
2026-10-07 18:44:23,908  run_gnn_dispatch          INFO       [gnn] QExa20  ->  234 circuits
2026-10-07 18:44:23,909  run_gnn_dispatch          INFO       [gnn] overall mean fidelity: 0.5930  (load CV: 0.081)
2026-10-07 18:44:23,909  run_gnn_dispatch          INFO       [round_robin] EQE1_Top  ->  254 circuits
2026-10-07 18:44:23,909  run_gnn_dispatch          INFO       [round_robin] EQE1_Bottom  ->  253 circuits
2026-10-07 18:44:23,909  run_gnn_dispatch          INFO       [round_robin] QExa20  ->  253 circuits
2026-10-07 18:44:23,910  run_gnn_dispatch          INFO       [round_robin] overall mean fidelity: 0.5935  (load CV: 0.002)
2026-10-07 18:44:23,911  run_gnn_dispatch          INFO       [cross-policy oracle↔gnn] agreement: 32.0%  mean regret: 0.0614
2026-10-07 18:44:23,912  run_gnn_dispatch          INFO       [cross-policy gt_weighted↔gnn] agreement: 30.5%  mean regret: 0.0544
2026-10-07 18:44:23,912  run_gnn_dispatch          INFO     === Fidelity weight 1.00 ===
2026-10-07 18:44:23,931  run_gnn_dispatch          INFO       [oracle] EQE1_Top  ->  90 circuits
2026-10-07 18:44:23,931  run_gnn_dispatch          INFO       [oracle] EQE1_Bottom  ->  670 circuits
2026-10-07 18:44:23,931  run_gnn_dispatch          INFO       [oracle] QExa20  ->  0 circuits
2026-10-07 18:44:23,933  run_gnn_dispatch          INFO       [oracle] overall mean fidelity: 0.6545  (load CV: 1.435)
2026-10-07 18:44:23,933  run_gnn_dispatch          INFO       [gt_weighted] EQE1_Top  ->  90 circuits
2026-10-07 18:44:23,933  run_gnn_dispatch          INFO       [gt_weighted] EQE1_Bottom  ->  670 circuits
2026-10-07 18:44:23,933  run_gnn_dispatch          INFO       [gt_weighted] QExa20  ->  0 circuits
2026-10-07 18:44:23,935  run_gnn_dispatch          INFO       [gt_weighted] overall mean fidelity: 0.6545  (load CV: 1.435)
2026-10-07 18:44:23,935  run_gnn_dispatch          INFO       [gnn] EQE1_Top  ->  291 circuits
2026-10-07 18:44:23,935  run_gnn_dispatch          INFO       [gnn] EQE1_Bottom  ->  110 circuits
2026-10-07 18:44:23,935  run_gnn_dispatch          INFO       [gnn] QExa20  ->  359 circuits
2026-10-07 18:44:23,936  run_gnn_dispatch          INFO       [gnn] overall mean fidelity: 0.5598  (load CV: 0.508)
2026-10-07 18:44:23,936  run_gnn_dispatch          INFO       [round_robin] EQE1_Top  ->  254 circuits
2026-10-07 18:44:23,936  run_gnn_dispatch          INFO       [round_robin] EQE1_Bottom  ->  253 circuits
2026-10-07 18:44:23,936  run_gnn_dispatch          INFO       [round_robin] QExa20  ->  253 circuits
2026-10-07 18:44:23,938  run_gnn_dispatch          INFO       [round_robin] overall mean fidelity: 0.5935  (load CV: 0.002)
2026-10-07 18:44:23,938  run_gnn_dispatch          INFO       [cross-policy oracle↔gnn] agreement: 17.1%  mean regret: 0.0946
2026-10-07 18:44:23,939  run_gnn_dispatch          INFO       [cross-policy gt_weighted↔gnn] agreement: 17.1%  mean regret: 0.0946
2026-10-07 18:44:23,946  run_gnn_dispatch          INFO     Ground-truth fidelities saved to /home/atudisco/pred-distr-tool/evaluations/generalization_v2/results/scheduling/leave_one_family_out/by_family/qnn/fidelity_ground_truth.json
2026-10-07 18:44:23,951  run_gnn_dispatch          INFO     GNN-predicted fidelities saved to /home/atudisco/pred-distr-tool/evaluations/generalization_v2/results/scheduling/leave_one_family_out/by_family/qnn/fidelity_gnn_predicted.json
2026-10-07 18:44:23,969  run_gnn_dispatch          INFO     Full results saved to /home/atudisco/pred-distr-tool/evaluations/generalization_v2/results/scheduling/leave_one_family_out/by_family/qnn/dispatch_results.json
2026-10-07 18:44:23,971  run_gnn_dispatch          INFO     Summary CSV saved to /home/atudisco/pred-distr-tool/evaluations/generalization_v2/results/scheduling/leave_one_family_out/by_family/qnn/dispatch_summary.csv
2026-10-07 18:44:23,973  run_gnn_dispatch          INFO     Cross-policy CSV saved to /home/atudisco/pred-distr-tool/evaluations/generalization_v2/results/scheduling/leave_one_family_out/by_family/qnn/cross_policy_summary.csv
2026-10-07 18:44:23,975  genstudy.io               INFO     Wrote /home/atudisco/pred-distr-tool/evaluations/generalization_v2/results/scheduling/leave_one_family_out/by_family/qnn/sweep_summary.csv (11 rows)
2026-10-07 18:44:23,975  run_scheduling_eval       INFO     === per-family scheduling: randomcircuit (1234 circuits) ===
2026-10-07 18:44:23,977  run_scheduling_eval       INFO     Scheduling on 1234 circuits -> /home/atudisco/pred-distr-tool/evaluations/generalization_v2/results/scheduling/leave_one_family_out/by_family/randomcircuit
2026-10-07 18:44:23,977  run_gnn_dispatch          INFO     === Fidelity weight 0.00 ===
2026-10-07 18:44:23,979  run_gnn_dispatch          INFO       [oracle] EQE1_Top  ->  67 circuits
2026-10-07 18:44:23,979  run_gnn_dispatch          INFO       [oracle] EQE1_Bottom  ->  392 circuits
2026-10-07 18:44:23,979  run_gnn_dispatch          INFO       [oracle] QExa20  ->  775 circuits
2026-10-07 18:44:23,981  run_gnn_dispatch          INFO       [oracle] overall mean fidelity: 0.2045  (load CV: 0.862)
2026-10-07 18:44:23,981  run_gnn_dispatch          INFO       [gt_weighted] EQE1_Top  ->  412 circuits
2026-10-07 18:44:23,982  run_gnn_dispatch          INFO       [gt_weighted] EQE1_Bottom  ->  411 circuits
2026-10-07 18:44:23,982  run_gnn_dispatch          INFO       [gt_weighted] QExa20  ->  411 circuits
2026-10-07 18:44:23,985  run_gnn_dispatch          INFO       [gt_weighted] overall mean fidelity: 0.1905  (load CV: 0.001)
2026-10-07 18:44:23,985  run_gnn_dispatch          INFO       [gnn] EQE1_Top  ->  412 circuits
2026-10-07 18:44:23,985  run_gnn_dispatch          INFO       [gnn] EQE1_Bottom  ->  411 circuits
2026-10-07 18:44:23,985  run_gnn_dispatch          INFO       [gnn] QExa20  ->  411 circuits
2026-10-07 18:44:23,988  run_gnn_dispatch          INFO       [gnn] overall mean fidelity: 0.1905  (load CV: 0.001)
2026-10-07 18:44:23,988  run_gnn_dispatch          INFO       [round_robin] EQE1_Top  ->  412 circuits
2026-10-07 18:44:23,988  run_gnn_dispatch          INFO       [round_robin] EQE1_Bottom  ->  411 circuits
2026-10-07 18:44:23,988  run_gnn_dispatch          INFO       [round_robin] QExa20  ->  411 circuits
2026-10-07 18:44:23,991  run_gnn_dispatch          INFO       [round_robin] overall mean fidelity: 0.1905  (load CV: 0.001)
2026-10-07 18:44:23,992  run_gnn_dispatch          INFO       [cross-policy oracle↔gnn] agreement: 31.9%  mean regret: 0.0140
2026-10-07 18:44:23,993  run_gnn_dispatch          INFO       [cross-policy gt_weighted↔gnn] agreement: 100.0%  mean regret: 0.0000
2026-10-07 18:44:23,993  run_gnn_dispatch          INFO     === Fidelity weight 0.10 ===
2026-10-07 18:44:24,016  run_gnn_dispatch          INFO       [oracle] EQE1_Top  ->  67 circuits
2026-10-07 18:44:24,016  run_gnn_dispatch          INFO       [oracle] EQE1_Bottom  ->  392 circuits
2026-10-07 18:44:24,016  run_gnn_dispatch          INFO       [oracle] QExa20  ->  775 circuits
2026-10-07 18:44:24,019  run_gnn_dispatch          INFO       [oracle] overall mean fidelity: 0.2045  (load CV: 0.862)
2026-10-07 18:44:24,019  run_gnn_dispatch          INFO       [gt_weighted] EQE1_Top  ->  411 circuits
2026-10-07 18:44:24,019  run_gnn_dispatch          INFO       [gt_weighted] EQE1_Bottom  ->  411 circuits
2026-10-07 18:44:24,019  run_gnn_dispatch          INFO       [gt_weighted] QExa20  ->  412 circuits
2026-10-07 18:44:24,022  run_gnn_dispatch          INFO       [gt_weighted] overall mean fidelity: 0.2002  (load CV: 0.001)
2026-10-07 18:44:24,022  run_gnn_dispatch          INFO       [gnn] EQE1_Top  ->  411 circuits
2026-10-07 18:44:24,022  run_gnn_dispatch          INFO       [gnn] EQE1_Bottom  ->  411 circuits
2026-10-07 18:44:24,022  run_gnn_dispatch          INFO       [gnn] QExa20  ->  412 circuits
2026-10-07 18:44:24,026  run_gnn_dispatch          INFO       [gnn] overall mean fidelity: 0.1913  (load CV: 0.001)
2026-10-07 18:44:24,026  run_gnn_dispatch          INFO       [round_robin] EQE1_Top  ->  412 circuits
2026-10-07 18:44:24,026  run_gnn_dispatch          INFO       [round_robin] EQE1_Bottom  ->  411 circuits
2026-10-07 18:44:24,026  run_gnn_dispatch          INFO       [round_robin] QExa20  ->  411 circuits
2026-10-07 18:44:24,029  run_gnn_dispatch          INFO       [round_robin] overall mean fidelity: 0.1905  (load CV: 0.001)
2026-10-07 18:44:24,030  run_gnn_dispatch          INFO       [cross-policy oracle↔gnn] agreement: 34.0%  mean regret: 0.0132
2026-10-07 18:44:24,031  run_gnn_dispatch          INFO       [cross-policy gt_weighted↔gnn] agreement: 26.3%  mean regret: 0.0089
2026-10-07 18:44:24,031  run_gnn_dispatch          INFO     === Fidelity weight 0.20 ===
2026-10-07 18:44:24,054  run_gnn_dispatch          INFO       [oracle] EQE1_Top  ->  67 circuits
2026-10-07 18:44:24,054  run_gnn_dispatch          INFO       [oracle] EQE1_Bottom  ->  392 circuits
2026-10-07 18:44:24,054  run_gnn_dispatch          INFO       [oracle] QExa20  ->  775 circuits
2026-10-07 18:44:24,057  run_gnn_dispatch          INFO       [oracle] overall mean fidelity: 0.2045  (load CV: 0.862)
2026-10-07 18:44:24,057  run_gnn_dispatch          INFO       [gt_weighted] EQE1_Top  ->  411 circuits
2026-10-07 18:44:24,057  run_gnn_dispatch          INFO       [gt_weighted] EQE1_Bottom  ->  411 circuits
2026-10-07 18:44:24,057  run_gnn_dispatch          INFO       [gt_weighted] QExa20  ->  412 circuits
2026-10-07 18:44:24,060  run_gnn_dispatch          INFO       [gt_weighted] overall mean fidelity: 0.2008  (load CV: 0.001)
2026-10-07 18:44:24,060  run_gnn_dispatch          INFO       [gnn] EQE1_Top  ->  411 circuits
2026-10-07 18:44:24,060  run_gnn_dispatch          INFO       [gnn] EQE1_Bottom  ->  411 circuits
2026-10-07 18:44:24,060  run_gnn_dispatch          INFO       [gnn] QExa20  ->  412 circuits
2026-10-07 18:44:24,063  run_gnn_dispatch          INFO       [gnn] overall mean fidelity: 0.1914  (load CV: 0.001)
2026-10-07 18:44:24,063  run_gnn_dispatch          INFO       [round_robin] EQE1_Top  ->  412 circuits
2026-10-07 18:44:24,063  run_gnn_dispatch          INFO       [round_robin] EQE1_Bottom  ->  411 circuits
2026-10-07 18:44:24,063  run_gnn_dispatch          INFO       [round_robin] QExa20  ->  411 circuits
2026-10-07 18:44:24,066  run_gnn_dispatch          INFO       [round_robin] overall mean fidelity: 0.1905  (load CV: 0.001)
2026-10-07 18:44:24,067  run_gnn_dispatch          INFO       [cross-policy oracle↔gnn] agreement: 34.3%  mean regret: 0.0131
2026-10-07 18:44:24,069  run_gnn_dispatch          INFO       [cross-policy gt_weighted↔gnn] agreement: 28.4%  mean regret: 0.0094
2026-10-07 18:44:24,069  run_gnn_dispatch          INFO     === Fidelity weight 0.30 ===
2026-10-07 18:44:24,091  run_gnn_dispatch          INFO       [oracle] EQE1_Top  ->  67 circuits
2026-10-07 18:44:24,091  run_gnn_dispatch          INFO       [oracle] EQE1_Bottom  ->  392 circuits
2026-10-07 18:44:24,091  run_gnn_dispatch          INFO       [oracle] QExa20  ->  775 circuits
2026-10-07 18:44:24,094  run_gnn_dispatch          INFO       [oracle] overall mean fidelity: 0.2045  (load CV: 0.862)
2026-10-07 18:44:24,095  run_gnn_dispatch          INFO       [gt_weighted] EQE1_Top  ->  411 circuits
2026-10-07 18:44:24,095  run_gnn_dispatch          INFO       [gt_weighted] EQE1_Bottom  ->  411 circuits
2026-10-07 18:44:24,095  run_gnn_dispatch          INFO       [gt_weighted] QExa20  ->  412 circuits
2026-10-07 18:44:24,097  run_gnn_dispatch          INFO       [gt_weighted] overall mean fidelity: 0.2010  (load CV: 0.001)
2026-10-07 18:44:24,097  run_gnn_dispatch          INFO       [gnn] EQE1_Top  ->  411 circuits
2026-10-07 18:44:24,097  run_gnn_dispatch          INFO       [gnn] EQE1_Bottom  ->  411 circuits
2026-10-07 18:44:24,098  run_gnn_dispatch          INFO       [gnn] QExa20  ->  412 circuits
2026-10-07 18:44:24,101  run_gnn_dispatch          INFO       [gnn] overall mean fidelity: 0.1909  (load CV: 0.001)
2026-10-07 18:44:24,101  run_gnn_dispatch          INFO       [round_robin] EQE1_Top  ->  412 circuits
2026-10-07 18:44:24,101  run_gnn_dispatch          INFO       [round_robin] EQE1_Bottom  ->  411 circuits
2026-10-07 18:44:24,101  run_gnn_dispatch          INFO       [round_robin] QExa20  ->  411 circuits
2026-10-07 18:44:24,104  run_gnn_dispatch          INFO       [round_robin] overall mean fidelity: 0.1905  (load CV: 0.001)
2026-10-07 18:44:24,105  run_gnn_dispatch          INFO       [cross-policy oracle↔gnn] agreement: 33.5%  mean regret: 0.0136
2026-10-07 18:44:24,106  run_gnn_dispatch          INFO       [cross-policy gt_weighted↔gnn] agreement: 28.2%  mean regret: 0.0101
2026-10-07 18:44:24,107  run_gnn_dispatch          INFO     === Fidelity weight 0.40 ===
2026-10-07 18:44:24,129  run_gnn_dispatch          INFO       [oracle] EQE1_Top  ->  67 circuits
2026-10-07 18:44:24,129  run_gnn_dispatch          INFO       [oracle] EQE1_Bottom  ->  392 circuits
2026-10-07 18:44:24,129  run_gnn_dispatch          INFO       [oracle] QExa20  ->  775 circuits
2026-10-07 18:44:24,132  run_gnn_dispatch          INFO       [oracle] overall mean fidelity: 0.2045  (load CV: 0.862)
2026-10-07 18:44:24,132  run_gnn_dispatch          INFO       [gt_weighted] EQE1_Top  ->  411 circuits
2026-10-07 18:44:24,132  run_gnn_dispatch          INFO       [gt_weighted] EQE1_Bottom  ->  411 circuits
2026-10-07 18:44:24,132  run_gnn_dispatch          INFO       [gt_weighted] QExa20  ->  412 circuits
2026-10-07 18:44:24,135  run_gnn_dispatch          INFO       [gt_weighted] overall mean fidelity: 0.2012  (load CV: 0.001)
2026-10-07 18:44:24,135  run_gnn_dispatch          INFO       [gnn] EQE1_Top  ->  411 circuits
2026-10-07 18:44:24,135  run_gnn_dispatch          INFO       [gnn] EQE1_Bottom  ->  411 circuits
2026-10-07 18:44:24,135  run_gnn_dispatch          INFO       [gnn] QExa20  ->  412 circuits
2026-10-07 18:44:24,138  run_gnn_dispatch          INFO       [gnn] overall mean fidelity: 0.1911  (load CV: 0.001)
2026-10-07 18:44:24,138  run_gnn_dispatch          INFO       [round_robin] EQE1_Top  ->  412 circuits
2026-10-07 18:44:24,138  run_gnn_dispatch          INFO       [round_robin] EQE1_Bottom  ->  411 circuits
2026-10-07 18:44:24,138  run_gnn_dispatch          INFO       [round_robin] QExa20  ->  411 circuits
2026-10-07 18:44:24,141  run_gnn_dispatch          INFO       [round_robin] overall mean fidelity: 0.1905  (load CV: 0.001)
2026-10-07 18:44:24,142  run_gnn_dispatch          INFO       [cross-policy oracle↔gnn] agreement: 34.4%  mean regret: 0.0134
2026-10-07 18:44:24,143  run_gnn_dispatch          INFO       [cross-policy gt_weighted↔gnn] agreement: 29.6%  mean regret: 0.0101
2026-10-07 18:44:24,144  run_gnn_dispatch          INFO     === Fidelity weight 0.50 ===
2026-10-07 18:44:24,166  run_gnn_dispatch          INFO       [oracle] EQE1_Top  ->  67 circuits
2026-10-07 18:44:24,166  run_gnn_dispatch          INFO       [oracle] EQE1_Bottom  ->  392 circuits
2026-10-07 18:44:24,166  run_gnn_dispatch          INFO       [oracle] QExa20  ->  775 circuits
2026-10-07 18:44:24,169  run_gnn_dispatch          INFO       [oracle] overall mean fidelity: 0.2045  (load CV: 0.862)
2026-10-07 18:44:24,169  run_gnn_dispatch          INFO       [gt_weighted] EQE1_Top  ->  411 circuits
2026-10-07 18:44:24,169  run_gnn_dispatch          INFO       [gt_weighted] EQE1_Bottom  ->  411 circuits
2026-10-07 18:44:24,169  run_gnn_dispatch          INFO       [gt_weighted] QExa20  ->  412 circuits
2026-10-07 18:44:24,172  run_gnn_dispatch          INFO       [gt_weighted] overall mean fidelity: 0.2014  (load CV: 0.001)
2026-10-07 18:44:24,172  run_gnn_dispatch          INFO       [gnn] EQE1_Top  ->  411 circuits
2026-10-07 18:44:24,172  run_gnn_dispatch          INFO       [gnn] EQE1_Bottom  ->  411 circuits
2026-10-07 18:44:24,172  run_gnn_dispatch          INFO       [gnn] QExa20  ->  412 circuits
2026-10-07 18:44:24,175  run_gnn_dispatch          INFO       [gnn] overall mean fidelity: 0.1909  (load CV: 0.001)
2026-10-07 18:44:24,175  run_gnn_dispatch          INFO       [round_robin] EQE1_Top  ->  412 circuits
2026-10-07 18:44:24,175  run_gnn_dispatch          INFO       [round_robin] EQE1_Bottom  ->  411 circuits
2026-10-07 18:44:24,175  run_gnn_dispatch          INFO       [round_robin] QExa20  ->  411 circuits
2026-10-07 18:44:24,178  run_gnn_dispatch          INFO       [round_robin] overall mean fidelity: 0.1905  (load CV: 0.001)
2026-10-07 18:44:24,180  run_gnn_dispatch          INFO       [cross-policy oracle↔gnn] agreement: 34.8%  mean regret: 0.0136
2026-10-07 18:44:24,181  run_gnn_dispatch          INFO       [cross-policy gt_weighted↔gnn] agreement: 29.3%  mean regret: 0.0106
2026-10-07 18:44:24,181  run_gnn_dispatch          INFO     === Fidelity weight 0.60 ===
2026-10-07 18:44:24,203  run_gnn_dispatch          INFO       [oracle] EQE1_Top  ->  67 circuits
2026-10-07 18:44:24,203  run_gnn_dispatch          INFO       [oracle] EQE1_Bottom  ->  392 circuits
2026-10-07 18:44:24,203  run_gnn_dispatch          INFO       [oracle] QExa20  ->  775 circuits
2026-10-07 18:44:24,207  run_gnn_dispatch          INFO       [oracle] overall mean fidelity: 0.2045  (load CV: 0.862)
2026-10-07 18:44:24,207  run_gnn_dispatch          INFO       [gt_weighted] EQE1_Top  ->  411 circuits
2026-10-07 18:44:24,207  run_gnn_dispatch          INFO       [gt_weighted] EQE1_Bottom  ->  411 circuits
2026-10-07 18:44:24,207  run_gnn_dispatch          INFO       [gt_weighted] QExa20  ->  412 circuits
2026-10-07 18:44:24,210  run_gnn_dispatch          INFO       [gt_weighted] overall mean fidelity: 0.2017  (load CV: 0.001)
2026-10-07 18:44:24,210  run_gnn_dispatch          INFO       [gnn] EQE1_Top  ->  411 circuits
2026-10-07 18:44:24,210  run_gnn_dispatch          INFO       [gnn] EQE1_Bottom  ->  411 circuits
2026-10-07 18:44:24,210  run_gnn_dispatch          INFO       [gnn] QExa20  ->  412 circuits
2026-10-07 18:44:24,213  run_gnn_dispatch          INFO       [gnn] overall mean fidelity: 0.1909  (load CV: 0.001)
2026-10-07 18:44:24,213  run_gnn_dispatch          INFO       [round_robin] EQE1_Top  ->  412 circuits
2026-10-07 18:44:24,213  run_gnn_dispatch          INFO       [round_robin] EQE1_Bottom  ->  411 circuits
2026-10-07 18:44:24,213  run_gnn_dispatch          INFO       [round_robin] QExa20  ->  411 circuits
2026-10-07 18:44:24,216  run_gnn_dispatch          INFO       [round_robin] overall mean fidelity: 0.1905  (load CV: 0.001)
2026-10-07 18:44:24,217  run_gnn_dispatch          INFO       [cross-policy oracle↔gnn] agreement: 35.0%  mean regret: 0.0136
2026-10-07 18:44:24,219  run_gnn_dispatch          INFO       [cross-policy gt_weighted↔gnn] agreement: 28.6%  mean regret: 0.0109
2026-10-07 18:44:24,219  run_gnn_dispatch          INFO     === Fidelity weight 0.70 ===
2026-10-07 18:44:24,241  run_gnn_dispatch          INFO       [oracle] EQE1_Top  ->  67 circuits
2026-10-07 18:44:24,241  run_gnn_dispatch          INFO       [oracle] EQE1_Bottom  ->  392 circuits
2026-10-07 18:44:24,241  run_gnn_dispatch          INFO       [oracle] QExa20  ->  775 circuits
2026-10-07 18:44:24,244  run_gnn_dispatch          INFO       [oracle] overall mean fidelity: 0.2045  (load CV: 0.862)
2026-10-07 18:44:24,244  run_gnn_dispatch          INFO       [gt_weighted] EQE1_Top  ->  411 circuits
2026-10-07 18:44:24,244  run_gnn_dispatch          INFO       [gt_weighted] EQE1_Bottom  ->  411 circuits
2026-10-07 18:44:24,244  run_gnn_dispatch          INFO       [gt_weighted] QExa20  ->  412 circuits
2026-10-07 18:44:24,247  run_gnn_dispatch          INFO       [gt_weighted] overall mean fidelity: 0.2021  (load CV: 0.001)
2026-10-07 18:44:24,247  run_gnn_dispatch          INFO       [gnn] EQE1_Top  ->  411 circuits
2026-10-07 18:44:24,247  run_gnn_dispatch          INFO       [gnn] EQE1_Bottom  ->  411 circuits
2026-10-07 18:44:24,247  run_gnn_dispatch          INFO       [gnn] QExa20  ->  412 circuits
2026-10-07 18:44:24,250  run_gnn_dispatch          INFO       [gnn] overall mean fidelity: 0.1911  (load CV: 0.001)
2026-10-07 18:44:24,250  run_gnn_dispatch          INFO       [round_robin] EQE1_Top  ->  412 circuits
2026-10-07 18:44:24,250  run_gnn_dispatch          INFO       [round_robin] EQE1_Bottom  ->  411 circuits
2026-10-07 18:44:24,250  run_gnn_dispatch          INFO       [round_robin] QExa20  ->  411 circuits
2026-10-07 18:44:24,254  run_gnn_dispatch          INFO       [round_robin] overall mean fidelity: 0.1905  (load CV: 0.001)
2026-10-07 18:44:24,255  run_gnn_dispatch          INFO       [cross-policy oracle↔gnn] agreement: 35.5%  mean regret: 0.0134
2026-10-07 18:44:24,256  run_gnn_dispatch          INFO       [cross-policy gt_weighted↔gnn] agreement: 29.4%  mean regret: 0.0110
2026-10-07 18:44:24,256  run_gnn_dispatch          INFO     === Fidelity weight 0.80 ===
2026-10-07 18:44:24,379  run_gnn_dispatch          INFO       [oracle] EQE1_Top  ->  67 circuits
2026-10-07 18:44:24,379  run_gnn_dispatch          INFO       [oracle] EQE1_Bottom  ->  392 circuits
2026-10-07 18:44:24,379  run_gnn_dispatch          INFO       [oracle] QExa20  ->  775 circuits
2026-10-07 18:44:24,382  run_gnn_dispatch          INFO       [oracle] overall mean fidelity: 0.2045  (load CV: 0.862)
2026-10-07 18:44:24,382  run_gnn_dispatch          INFO       [gt_weighted] EQE1_Top  ->  411 circuits
2026-10-07 18:44:24,382  run_gnn_dispatch          INFO       [gt_weighted] EQE1_Bottom  ->  410 circuits
2026-10-07 18:44:24,382  run_gnn_dispatch          INFO       [gt_weighted] QExa20  ->  413 circuits
2026-10-07 18:44:24,385  run_gnn_dispatch          INFO       [gt_weighted] overall mean fidelity: 0.2028  (load CV: 0.004)
2026-10-07 18:44:24,385  run_gnn_dispatch          INFO       [gnn] EQE1_Top  ->  411 circuits
2026-10-07 18:44:24,385  run_gnn_dispatch          INFO       [gnn] EQE1_Bottom  ->  411 circuits
2026-10-07 18:44:24,385  run_gnn_dispatch          INFO       [gnn] QExa20  ->  412 circuits
2026-10-07 18:44:24,388  run_gnn_dispatch          INFO       [gnn] overall mean fidelity: 0.1916  (load CV: 0.001)
2026-10-07 18:44:24,388  run_gnn_dispatch          INFO       [round_robin] EQE1_Top  ->  412 circuits
2026-10-07 18:44:24,389  run_gnn_dispatch          INFO       [round_robin] EQE1_Bottom  ->  411 circuits
2026-10-07 18:44:24,389  run_gnn_dispatch          INFO       [round_robin] QExa20  ->  411 circuits
2026-10-07 18:44:24,392  run_gnn_dispatch          INFO       [round_robin] overall mean fidelity: 0.1905  (load CV: 0.001)
2026-10-07 18:44:24,393  run_gnn_dispatch          INFO       [cross-policy oracle↔gnn] agreement: 36.0%  mean regret: 0.0129
2026-10-07 18:44:24,394  run_gnn_dispatch          INFO       [cross-policy gt_weighted↔gnn] agreement: 31.1%  mean regret: 0.0112
2026-10-07 18:44:24,394  run_gnn_dispatch          INFO     === Fidelity weight 0.90 ===
2026-10-07 18:44:24,418  run_gnn_dispatch          INFO       [oracle] EQE1_Top  ->  67 circuits
2026-10-07 18:44:24,418  run_gnn_dispatch          INFO       [oracle] EQE1_Bottom  ->  392 circuits
2026-10-07 18:44:24,418  run_gnn_dispatch          INFO       [oracle] QExa20  ->  775 circuits
2026-10-07 18:44:24,421  run_gnn_dispatch          INFO       [oracle] overall mean fidelity: 0.2045  (load CV: 0.862)
2026-10-07 18:44:24,421  run_gnn_dispatch          INFO       [gt_weighted] EQE1_Top  ->  411 circuits
2026-10-07 18:44:24,421  run_gnn_dispatch          INFO       [gt_weighted] EQE1_Bottom  ->  410 circuits
2026-10-07 18:44:24,421  run_gnn_dispatch          INFO       [gt_weighted] QExa20  ->  413 circuits
2026-10-07 18:44:24,424  run_gnn_dispatch          INFO       [gt_weighted] overall mean fidelity: 0.2037  (load CV: 0.004)
2026-10-07 18:44:24,424  run_gnn_dispatch          INFO       [gnn] EQE1_Top  ->  412 circuits
2026-10-07 18:44:24,424  run_gnn_dispatch          INFO       [gnn] EQE1_Bottom  ->  410 circuits
2026-10-07 18:44:24,424  run_gnn_dispatch          INFO       [gnn] QExa20  ->  412 circuits
2026-10-07 18:44:24,427  run_gnn_dispatch          INFO       [gnn] overall mean fidelity: 0.1925  (load CV: 0.003)
2026-10-07 18:44:24,427  run_gnn_dispatch          INFO       [round_robin] EQE1_Top  ->  412 circuits
2026-10-07 18:44:24,427  run_gnn_dispatch          INFO       [round_robin] EQE1_Bottom  ->  411 circuits
2026-10-07 18:44:24,427  run_gnn_dispatch          INFO       [round_robin] QExa20  ->  411 circuits
2026-10-07 18:44:24,430  run_gnn_dispatch          INFO       [round_robin] overall mean fidelity: 0.1905  (load CV: 0.001)
2026-10-07 18:44:24,432  run_gnn_dispatch          INFO       [cross-policy oracle↔gnn] agreement: 36.5%  mean regret: 0.0120
2026-10-07 18:44:24,433  run_gnn_dispatch          INFO       [cross-policy gt_weighted↔gnn] agreement: 33.4%  mean regret: 0.0112
2026-10-07 18:44:24,433  run_gnn_dispatch          INFO     === Fidelity weight 1.00 ===
2026-10-07 18:44:24,455  run_gnn_dispatch          INFO       [oracle] EQE1_Top  ->  67 circuits
2026-10-07 18:44:24,456  run_gnn_dispatch          INFO       [oracle] EQE1_Bottom  ->  392 circuits
2026-10-07 18:44:24,456  run_gnn_dispatch          INFO       [oracle] QExa20  ->  775 circuits
2026-10-07 18:44:24,459  run_gnn_dispatch          INFO       [oracle] overall mean fidelity: 0.2045  (load CV: 0.862)
2026-10-07 18:44:24,459  run_gnn_dispatch          INFO       [gt_weighted] EQE1_Top  ->  67 circuits
2026-10-07 18:44:24,459  run_gnn_dispatch          INFO       [gt_weighted] EQE1_Bottom  ->  392 circuits
2026-10-07 18:44:24,459  run_gnn_dispatch          INFO       [gt_weighted] QExa20  ->  775 circuits
2026-10-07 18:44:24,461  run_gnn_dispatch          INFO       [gt_weighted] overall mean fidelity: 0.2045  (load CV: 0.862)
2026-10-07 18:44:24,461  run_gnn_dispatch          INFO       [gnn] EQE1_Top  ->  718 circuits
2026-10-07 18:44:24,461  run_gnn_dispatch          INFO       [gnn] EQE1_Bottom  ->  305 circuits
2026-10-07 18:44:24,461  run_gnn_dispatch          INFO       [gnn] QExa20  ->  211 circuits
2026-10-07 18:44:24,464  run_gnn_dispatch          INFO       [gnn] overall mean fidelity: 0.1965  (load CV: 0.656)
2026-10-07 18:44:24,464  run_gnn_dispatch          INFO       [round_robin] EQE1_Top  ->  412 circuits
2026-10-07 18:44:24,464  run_gnn_dispatch          INFO       [round_robin] EQE1_Bottom  ->  411 circuits
2026-10-07 18:44:24,464  run_gnn_dispatch          INFO       [round_robin] QExa20  ->  411 circuits
2026-10-07 18:44:24,467  run_gnn_dispatch          INFO       [round_robin] overall mean fidelity: 0.1905  (load CV: 0.001)
2026-10-07 18:44:24,469  run_gnn_dispatch          INFO       [cross-policy oracle↔gnn] agreement: 29.7%  mean regret: 0.0080
2026-10-07 18:44:24,470  run_gnn_dispatch          INFO       [cross-policy gt_weighted↔gnn] agreement: 29.7%  mean regret: 0.0080
2026-10-07 18:44:24,479  run_gnn_dispatch          INFO     Ground-truth fidelities saved to /home/atudisco/pred-distr-tool/evaluations/generalization_v2/results/scheduling/leave_one_family_out/by_family/randomcircuit/fidelity_ground_truth.json
2026-10-07 18:44:24,486  run_gnn_dispatch          INFO     GNN-predicted fidelities saved to /home/atudisco/pred-distr-tool/evaluations/generalization_v2/results/scheduling/leave_one_family_out/by_family/randomcircuit/fidelity_gnn_predicted.json
2026-10-07 18:44:24,512  run_gnn_dispatch          INFO     Full results saved to /home/atudisco/pred-distr-tool/evaluations/generalization_v2/results/scheduling/leave_one_family_out/by_family/randomcircuit/dispatch_results.json
2026-10-07 18:44:24,515  run_gnn_dispatch          INFO     Summary CSV saved to /home/atudisco/pred-distr-tool/evaluations/generalization_v2/results/scheduling/leave_one_family_out/by_family/randomcircuit/dispatch_summary.csv
2026-10-07 18:44:24,516  run_gnn_dispatch          INFO     Cross-policy CSV saved to /home/atudisco/pred-distr-tool/evaluations/generalization_v2/results/scheduling/leave_one_family_out/by_family/randomcircuit/cross_policy_summary.csv
2026-10-07 18:44:24,518  genstudy.io               INFO     Wrote /home/atudisco/pred-distr-tool/evaluations/generalization_v2/results/scheduling/leave_one_family_out/by_family/randomcircuit/sweep_summary.csv (11 rows)
2026-10-07 18:44:24,519  run_scheduling_eval       INFO     === per-family scheduling: vqe_real_amp (2861 circuits) ===
2026-10-07 18:44:24,521  run_scheduling_eval       INFO     Scheduling on 2861 circuits -> /home/atudisco/pred-distr-tool/evaluations/generalization_v2/results/scheduling/leave_one_family_out/by_family/vqe_real_amp
2026-10-07 18:44:24,521  run_gnn_dispatch          INFO     === Fidelity weight 0.00 ===
2026-10-07 18:44:24,525  run_gnn_dispatch          INFO       [oracle] EQE1_Top  ->  396 circuits
2026-10-07 18:44:24,525  run_gnn_dispatch          INFO       [oracle] EQE1_Bottom  ->  1951 circuits
2026-10-07 18:44:24,525  run_gnn_dispatch          INFO       [oracle] QExa20  ->  514 circuits
2026-10-07 18:44:24,530  run_gnn_dispatch          INFO       [oracle] overall mean fidelity: 0.4383  (load CV: 0.908)
2026-10-07 18:44:24,530  run_gnn_dispatch          INFO       [gt_weighted] EQE1_Top  ->  954 circuits
2026-10-07 18:44:24,530  run_gnn_dispatch          INFO       [gt_weighted] EQE1_Bottom  ->  954 circuits
2026-10-07 18:44:24,530  run_gnn_dispatch          INFO       [gt_weighted] QExa20  ->  953 circuits
2026-10-07 18:44:24,536  run_gnn_dispatch          INFO       [gt_weighted] overall mean fidelity: 0.4010  (load CV: 0.001)
2026-10-07 18:44:24,536  run_gnn_dispatch          INFO       [gnn] EQE1_Top  ->  954 circuits
2026-10-07 18:44:24,536  run_gnn_dispatch          INFO       [gnn] EQE1_Bottom  ->  954 circuits
2026-10-07 18:44:24,536  run_gnn_dispatch          INFO       [gnn] QExa20  ->  953 circuits
2026-10-07 18:44:24,542  run_gnn_dispatch          INFO       [gnn] overall mean fidelity: 0.4010  (load CV: 0.001)
2026-10-07 18:44:24,542  run_gnn_dispatch          INFO       [round_robin] EQE1_Top  ->  954 circuits
2026-10-07 18:44:24,542  run_gnn_dispatch          INFO       [round_robin] EQE1_Bottom  ->  954 circuits
2026-10-07 18:44:24,542  run_gnn_dispatch          INFO       [round_robin] QExa20  ->  953 circuits
2026-10-07 18:44:24,547  run_gnn_dispatch          INFO       [round_robin] overall mean fidelity: 0.4010  (load CV: 0.001)
2026-10-07 18:44:24,550  run_gnn_dispatch          INFO       [cross-policy oracle↔gnn] agreement: 33.4%  mean regret: 0.0372
2026-10-07 18:44:24,552  run_gnn_dispatch          INFO       [cross-policy gt_weighted↔gnn] agreement: 100.0%  mean regret: 0.0000
2026-10-07 18:44:24,552  run_gnn_dispatch          INFO     === Fidelity weight 0.10 ===
2026-10-07 18:44:24,582  run_gnn_dispatch          INFO       [oracle] EQE1_Top  ->  396 circuits
2026-10-07 18:44:24,582  run_gnn_dispatch          INFO       [oracle] EQE1_Bottom  ->  1951 circuits
2026-10-07 18:44:24,582  run_gnn_dispatch          INFO       [oracle] QExa20  ->  514 circuits
2026-10-07 18:44:24,587  run_gnn_dispatch          INFO       [oracle] overall mean fidelity: 0.4383  (load CV: 0.908)
2026-10-07 18:44:24,587  run_gnn_dispatch          INFO       [gt_weighted] EQE1_Top  ->  945 circuits
2026-10-07 18:44:24,587  run_gnn_dispatch          INFO       [gt_weighted] EQE1_Bottom  ->  964 circuits
2026-10-07 18:44:24,587  run_gnn_dispatch          INFO       [gt_weighted] QExa20  ->  952 circuits
2026-10-07 18:44:24,593  run_gnn_dispatch          INFO       [gt_weighted] overall mean fidelity: 0.4164  (load CV: 0.010)
2026-10-07 18:44:24,593  run_gnn_dispatch          INFO       [gnn] EQE1_Top  ->  956 circuits
2026-10-07 18:44:24,593  run_gnn_dispatch          INFO       [gnn] EQE1_Bottom  ->  959 circuits
2026-10-07 18:44:24,593  run_gnn_dispatch          INFO       [gnn] QExa20  ->  946 circuits
2026-10-07 18:44:24,598  run_gnn_dispatch          INFO       [gnn] overall mean fidelity: 0.4102  (load CV: 0.007)
2026-10-07 18:44:24,598  run_gnn_dispatch          INFO       [round_robin] EQE1_Top  ->  954 circuits
2026-10-07 18:44:24,598  run_gnn_dispatch          INFO       [round_robin] EQE1_Bottom  ->  954 circuits
2026-10-07 18:44:24,598  run_gnn_dispatch          INFO       [round_robin] QExa20  ->  953 circuits
2026-10-07 18:44:24,604  run_gnn_dispatch          INFO       [round_robin] overall mean fidelity: 0.4010  (load CV: 0.001)
2026-10-07 18:44:24,606  run_gnn_dispatch          INFO       [cross-policy oracle↔gnn] agreement: 41.0%  mean regret: 0.0281
2026-10-07 18:44:24,609  run_gnn_dispatch          INFO       [cross-policy gt_weighted↔gnn] agreement: 47.4%  mean regret: 0.0062
2026-10-07 18:44:24,609  run_gnn_dispatch          INFO     === Fidelity weight 0.20 ===
2026-10-07 18:44:24,640  run_gnn_dispatch          INFO       [oracle] EQE1_Top  ->  396 circuits
2026-10-07 18:44:24,640  run_gnn_dispatch          INFO       [oracle] EQE1_Bottom  ->  1951 circuits
2026-10-07 18:44:24,640  run_gnn_dispatch          INFO       [oracle] QExa20  ->  514 circuits
2026-10-07 18:44:24,644  run_gnn_dispatch          INFO       [oracle] overall mean fidelity: 0.4383  (load CV: 0.908)
2026-10-07 18:44:24,645  run_gnn_dispatch          INFO       [gt_weighted] EQE1_Top  ->  936 circuits
2026-10-07 18:44:24,645  run_gnn_dispatch          INFO       [gt_weighted] EQE1_Bottom  ->  987 circuits
2026-10-07 18:44:24,645  run_gnn_dispatch          INFO       [gt_weighted] QExa20  ->  938 circuits
2026-10-07 18:44:24,650  run_gnn_dispatch          INFO       [gt_weighted] overall mean fidelity: 0.4212  (load CV: 0.030)
2026-10-07 18:44:24,650  run_gnn_dispatch          INFO       [gnn] EQE1_Top  ->  956 circuits
2026-10-07 18:44:24,650  run_gnn_dispatch          INFO       [gnn] EQE1_Bottom  ->  969 circuits
2026-10-07 18:44:24,650  run_gnn_dispatch          INFO       [gnn] QExa20  ->  936 circuits
2026-10-07 18:44:24,655  run_gnn_dispatch          INFO       [gnn] overall mean fidelity: 0.4143  (load CV: 0.017)
2026-10-07 18:44:24,655  run_gnn_dispatch          INFO       [round_robin] EQE1_Top  ->  954 circuits
2026-10-07 18:44:24,655  run_gnn_dispatch          INFO       [round_robin] EQE1_Bottom  ->  954 circuits
2026-10-07 18:44:24,655  run_gnn_dispatch          INFO       [round_robin] QExa20  ->  953 circuits
2026-10-07 18:44:24,661  run_gnn_dispatch          INFO       [round_robin] overall mean fidelity: 0.4010  (load CV: 0.001)
2026-10-07 18:44:24,664  run_gnn_dispatch          INFO       [cross-policy oracle↔gnn] agreement: 46.0%  mean regret: 0.0240
2026-10-07 18:44:24,666  run_gnn_dispatch          INFO       [cross-policy gt_weighted↔gnn] agreement: 51.0%  mean regret: 0.0069
2026-10-07 18:44:24,666  run_gnn_dispatch          INFO     === Fidelity weight 0.30 ===
2026-10-07 18:44:24,697  run_gnn_dispatch          INFO       [oracle] EQE1_Top  ->  396 circuits
2026-10-07 18:44:24,697  run_gnn_dispatch          INFO       [oracle] EQE1_Bottom  ->  1951 circuits
2026-10-07 18:44:24,697  run_gnn_dispatch          INFO       [oracle] QExa20  ->  514 circuits
2026-10-07 18:44:24,703  run_gnn_dispatch          INFO       [oracle] overall mean fidelity: 0.4383  (load CV: 0.908)
2026-10-07 18:44:24,703  run_gnn_dispatch          INFO       [gt_weighted] EQE1_Top  ->  928 circuits
2026-10-07 18:44:24,703  run_gnn_dispatch          INFO       [gt_weighted] EQE1_Bottom  ->  1004 circuits
2026-10-07 18:44:24,703  run_gnn_dispatch          INFO       [gt_weighted] QExa20  ->  929 circuits
2026-10-07 18:44:24,708  run_gnn_dispatch          INFO       [gt_weighted] overall mean fidelity: 0.4237  (load CV: 0.046)
2026-10-07 18:44:24,708  run_gnn_dispatch          INFO       [gnn] EQE1_Top  ->  957 circuits
2026-10-07 18:44:24,708  run_gnn_dispatch          INFO       [gnn] EQE1_Bottom  ->  982 circuits
2026-10-07 18:44:24,708  run_gnn_dispatch          INFO       [gnn] QExa20  ->  922 circuits
2026-10-07 18:44:24,714  run_gnn_dispatch          INFO       [gnn] overall mean fidelity: 0.4165  (load CV: 0.032)
2026-10-07 18:44:24,714  run_gnn_dispatch          INFO       [round_robin] EQE1_Top  ->  954 circuits
2026-10-07 18:44:24,714  run_gnn_dispatch          INFO       [round_robin] EQE1_Bottom  ->  954 circuits
2026-10-07 18:44:24,714  run_gnn_dispatch          INFO       [round_robin] QExa20  ->  953 circuits
2026-10-07 18:44:24,719  run_gnn_dispatch          INFO       [round_robin] overall mean fidelity: 0.4010  (load CV: 0.001)
2026-10-07 18:44:24,722  run_gnn_dispatch          INFO       [cross-policy oracle↔gnn] agreement: 49.4%  mean regret: 0.0217
2026-10-07 18:44:24,725  run_gnn_dispatch          INFO       [cross-policy gt_weighted↔gnn] agreement: 54.3%  mean regret: 0.0072
2026-10-07 18:44:24,725  run_gnn_dispatch          INFO     === Fidelity weight 0.40 ===
2026-10-07 18:44:24,755  run_gnn_dispatch          INFO       [oracle] EQE1_Top  ->  396 circuits
2026-10-07 18:44:24,755  run_gnn_dispatch          INFO       [oracle] EQE1_Bottom  ->  1951 circuits
2026-10-07 18:44:24,755  run_gnn_dispatch          INFO       [oracle] QExa20  ->  514 circuits
2026-10-07 18:44:24,760  run_gnn_dispatch          INFO       [oracle] overall mean fidelity: 0.4383  (load CV: 0.908)
2026-10-07 18:44:24,760  run_gnn_dispatch          INFO       [gt_weighted] EQE1_Top  ->  921 circuits
2026-10-07 18:44:24,760  run_gnn_dispatch          INFO       [gt_weighted] EQE1_Bottom  ->  1026 circuits
2026-10-07 18:44:24,760  run_gnn_dispatch          INFO       [gt_weighted] QExa20  ->  914 circuits
2026-10-07 18:44:24,766  run_gnn_dispatch          INFO       [gt_weighted] overall mean fidelity: 0.4256  (load CV: 0.066)
2026-10-07 18:44:24,766  run_gnn_dispatch          INFO       [gnn] EQE1_Top  ->  957 circuits
2026-10-07 18:44:24,766  run_gnn_dispatch          INFO       [gnn] EQE1_Bottom  ->  1001 circuits
2026-10-07 18:44:24,766  run_gnn_dispatch          INFO       [gnn] QExa20  ->  903 circuits
2026-10-07 18:44:24,771  run_gnn_dispatch          INFO       [gnn] overall mean fidelity: 0.4181  (load CV: 0.051)
2026-10-07 18:44:24,771  run_gnn_dispatch          INFO       [round_robin] EQE1_Top  ->  954 circuits
2026-10-07 18:44:24,771  run_gnn_dispatch          INFO       [round_robin] EQE1_Bottom  ->  954 circuits
2026-10-07 18:44:24,771  run_gnn_dispatch          INFO       [round_robin] QExa20  ->  953 circuits
2026-10-07 18:44:24,777  run_gnn_dispatch          INFO       [round_robin] overall mean fidelity: 0.4010  (load CV: 0.001)
2026-10-07 18:44:24,779  run_gnn_dispatch          INFO       [cross-policy oracle↔gnn] agreement: 51.3%  mean regret: 0.0202
2026-10-07 18:44:24,782  run_gnn_dispatch          INFO       [cross-policy gt_weighted↔gnn] agreement: 55.5%  mean regret: 0.0075
2026-10-07 18:44:24,782  run_gnn_dispatch          INFO     === Fidelity weight 0.50 ===
2026-10-07 18:44:24,812  run_gnn_dispatch          INFO       [oracle] EQE1_Top  ->  396 circuits
2026-10-07 18:44:24,812  run_gnn_dispatch          INFO       [oracle] EQE1_Bottom  ->  1951 circuits
2026-10-07 18:44:24,812  run_gnn_dispatch          INFO       [oracle] QExa20  ->  514 circuits
2026-10-07 18:44:24,817  run_gnn_dispatch          INFO       [oracle] overall mean fidelity: 0.4383  (load CV: 0.908)
2026-10-07 18:44:24,817  run_gnn_dispatch          INFO       [gt_weighted] EQE1_Top  ->  918 circuits
2026-10-07 18:44:24,817  run_gnn_dispatch          INFO       [gt_weighted] EQE1_Bottom  ->  1053 circuits
2026-10-07 18:44:24,817  run_gnn_dispatch          INFO       [gt_weighted] QExa20  ->  890 circuits
2026-10-07 18:44:24,822  run_gnn_dispatch          INFO       [gt_weighted] overall mean fidelity: 0.4273  (load CV: 0.091)
2026-10-07 18:44:24,822  run_gnn_dispatch          INFO       [gnn] EQE1_Top  ->  956 circuits
2026-10-07 18:44:24,822  run_gnn_dispatch          INFO       [gnn] EQE1_Bottom  ->  1026 circuits
2026-10-07 18:44:24,822  run_gnn_dispatch          INFO       [gnn] QExa20  ->  879 circuits
2026-10-07 18:44:24,827  run_gnn_dispatch          INFO       [gnn] overall mean fidelity: 0.4193  (load CV: 0.077)
2026-10-07 18:44:24,828  run_gnn_dispatch          INFO       [round_robin] EQE1_Top  ->  954 circuits
2026-10-07 18:44:24,828  run_gnn_dispatch          INFO       [round_robin] EQE1_Bottom  ->  954 circuits
2026-10-07 18:44:24,828  run_gnn_dispatch          INFO       [round_robin] QExa20  ->  953 circuits
2026-10-07 18:44:24,833  run_gnn_dispatch          INFO       [round_robin] overall mean fidelity: 0.4010  (load CV: 0.001)
2026-10-07 18:44:24,836  run_gnn_dispatch          INFO       [cross-policy oracle↔gnn] agreement: 53.2%  mean regret: 0.0190
2026-10-07 18:44:24,838  run_gnn_dispatch          INFO       [cross-policy gt_weighted↔gnn] agreement: 56.1%  mean regret: 0.0081
2026-10-07 18:44:24,838  run_gnn_dispatch          INFO     === Fidelity weight 0.60 ===
2026-10-07 18:44:24,868  run_gnn_dispatch          INFO       [oracle] EQE1_Top  ->  396 circuits
2026-10-07 18:44:24,868  run_gnn_dispatch          INFO       [oracle] EQE1_Bottom  ->  1951 circuits
2026-10-07 18:44:24,868  run_gnn_dispatch          INFO       [oracle] QExa20  ->  514 circuits
2026-10-07 18:44:24,874  run_gnn_dispatch          INFO       [oracle] overall mean fidelity: 0.4383  (load CV: 0.908)
2026-10-07 18:44:24,874  run_gnn_dispatch          INFO       [gt_weighted] EQE1_Top  ->  916 circuits
2026-10-07 18:44:24,874  run_gnn_dispatch          INFO       [gt_weighted] EQE1_Bottom  ->  1089 circuits
2026-10-07 18:44:24,874  run_gnn_dispatch          INFO       [gt_weighted] QExa20  ->  856 circuits
2026-10-07 18:44:24,879  run_gnn_dispatch          INFO       [gt_weighted] overall mean fidelity: 0.4290  (load CV: 0.127)
2026-10-07 18:44:24,879  run_gnn_dispatch          INFO       [gnn] EQE1_Top  ->  952 circuits
2026-10-07 18:44:24,879  run_gnn_dispatch          INFO       [gnn] EQE1_Bottom  ->  1061 circuits
2026-10-07 18:44:24,879  run_gnn_dispatch          INFO       [gnn] QExa20  ->  848 circuits
2026-10-07 18:44:24,884  run_gnn_dispatch          INFO       [gnn] overall mean fidelity: 0.4205  (load CV: 0.112)
2026-10-07 18:44:24,884  run_gnn_dispatch          INFO       [round_robin] EQE1_Top  ->  954 circuits
2026-10-07 18:44:24,884  run_gnn_dispatch          INFO       [round_robin] EQE1_Bottom  ->  954 circuits
2026-10-07 18:44:24,884  run_gnn_dispatch          INFO       [round_robin] QExa20  ->  953 circuits
2026-10-07 18:44:24,890  run_gnn_dispatch          INFO       [round_robin] overall mean fidelity: 0.4010  (load CV: 0.001)
2026-10-07 18:44:24,892  run_gnn_dispatch          INFO       [cross-policy oracle↔gnn] agreement: 54.8%  mean regret: 0.0178
2026-10-07 18:44:24,895  run_gnn_dispatch          INFO       [cross-policy gt_weighted↔gnn] agreement: 57.8%  mean regret: 0.0086
2026-10-07 18:44:24,895  run_gnn_dispatch          INFO     === Fidelity weight 0.70 ===
2026-10-07 18:44:24,925  run_gnn_dispatch          INFO       [oracle] EQE1_Top  ->  396 circuits
2026-10-07 18:44:24,925  run_gnn_dispatch          INFO       [oracle] EQE1_Bottom  ->  1951 circuits
2026-10-07 18:44:24,925  run_gnn_dispatch          INFO       [oracle] QExa20  ->  514 circuits
2026-10-07 18:44:24,930  run_gnn_dispatch          INFO       [oracle] overall mean fidelity: 0.4383  (load CV: 0.908)
2026-10-07 18:44:24,930  run_gnn_dispatch          INFO       [gt_weighted] EQE1_Top  ->  906 circuits
2026-10-07 18:44:24,930  run_gnn_dispatch          INFO       [gt_weighted] EQE1_Bottom  ->  1141 circuits
2026-10-07 18:44:24,930  run_gnn_dispatch          INFO       [gt_weighted] QExa20  ->  814 circuits
2026-10-07 18:44:24,935  run_gnn_dispatch          INFO       [gt_weighted] overall mean fidelity: 0.4306  (load CV: 0.177)
2026-10-07 18:44:24,935  run_gnn_dispatch          INFO       [gnn] EQE1_Top  ->  955 circuits
2026-10-07 18:44:24,935  run_gnn_dispatch          INFO       [gnn] EQE1_Bottom  ->  1108 circuits
2026-10-07 18:44:24,935  run_gnn_dispatch          INFO       [gnn] QExa20  ->  798 circuits
2026-10-07 18:44:24,947  run_gnn_dispatch          INFO       [gnn] overall mean fidelity: 0.4216  (load CV: 0.163)
2026-10-07 18:44:24,948  run_gnn_dispatch          INFO       [round_robin] EQE1_Top  ->  954 circuits
2026-10-07 18:44:24,948  run_gnn_dispatch          INFO       [round_robin] EQE1_Bottom  ->  954 circuits
2026-10-07 18:44:24,948  run_gnn_dispatch          INFO       [round_robin] QExa20  ->  953 circuits
2026-10-07 18:44:24,956  run_gnn_dispatch          INFO       [round_robin] overall mean fidelity: 0.4010  (load CV: 0.001)
2026-10-07 18:44:24,959  run_gnn_dispatch          INFO       [cross-policy oracle↔gnn] agreement: 57.3%  mean regret: 0.0167
2026-10-07 18:44:24,962  run_gnn_dispatch          INFO       [cross-policy gt_weighted↔gnn] agreement: 58.5%  mean regret: 0.0090
2026-10-07 18:44:24,962  run_gnn_dispatch          INFO     === Fidelity weight 0.80 ===
2026-10-07 18:44:24,993  run_gnn_dispatch          INFO       [oracle] EQE1_Top  ->  396 circuits
2026-10-07 18:44:24,993  run_gnn_dispatch          INFO       [oracle] EQE1_Bottom  ->  1951 circuits
2026-10-07 18:44:24,993  run_gnn_dispatch          INFO       [oracle] QExa20  ->  514 circuits
2026-10-07 18:44:24,998  run_gnn_dispatch          INFO       [oracle] overall mean fidelity: 0.4383  (load CV: 0.908)
2026-10-07 18:44:24,998  run_gnn_dispatch          INFO       [gt_weighted] EQE1_Top  ->  884 circuits
2026-10-07 18:44:24,998  run_gnn_dispatch          INFO       [gt_weighted] EQE1_Bottom  ->  1237 circuits
2026-10-07 18:44:24,998  run_gnn_dispatch          INFO       [gt_weighted] QExa20  ->  740 circuits
2026-10-07 18:44:25,003  run_gnn_dispatch          INFO       [gt_weighted] overall mean fidelity: 0.4327  (load CV: 0.268)
2026-10-07 18:44:25,003  run_gnn_dispatch          INFO       [gnn] EQE1_Top  ->  969 circuits
2026-10-07 18:44:25,003  run_gnn_dispatch          INFO       [gnn] EQE1_Bottom  ->  1180 circuits
2026-10-07 18:44:25,003  run_gnn_dispatch          INFO       [gnn] QExa20  ->  712 circuits
2026-10-07 18:44:25,008  run_gnn_dispatch          INFO       [gnn] overall mean fidelity: 0.4238  (load CV: 0.246)
2026-10-07 18:44:25,009  run_gnn_dispatch          INFO       [round_robin] EQE1_Top  ->  954 circuits
2026-10-07 18:44:25,009  run_gnn_dispatch          INFO       [round_robin] EQE1_Bottom  ->  954 circuits
2026-10-07 18:44:25,009  run_gnn_dispatch          INFO       [round_robin] QExa20  ->  953 circuits
2026-10-07 18:44:25,014  run_gnn_dispatch          INFO       [round_robin] overall mean fidelity: 0.4010  (load CV: 0.001)
2026-10-07 18:44:25,017  run_gnn_dispatch          INFO       [cross-policy oracle↔gnn] agreement: 60.7%  mean regret: 0.0145
2026-10-07 18:44:25,019  run_gnn_dispatch          INFO       [cross-policy gt_weighted↔gnn] agreement: 59.0%  mean regret: 0.0089
2026-10-07 18:44:25,019  run_gnn_dispatch          INFO     === Fidelity weight 0.90 ===
2026-10-07 18:44:25,157  run_gnn_dispatch          INFO       [oracle] EQE1_Top  ->  396 circuits
2026-10-07 18:44:25,157  run_gnn_dispatch          INFO       [oracle] EQE1_Bottom  ->  1951 circuits
2026-10-07 18:44:25,157  run_gnn_dispatch          INFO       [oracle] QExa20  ->  514 circuits
2026-10-07 18:44:25,163  run_gnn_dispatch          INFO       [oracle] overall mean fidelity: 0.4383  (load CV: 0.908)
2026-10-07 18:44:25,163  run_gnn_dispatch          INFO       [gt_weighted] EQE1_Top  ->  868 circuits
2026-10-07 18:44:25,163  run_gnn_dispatch          INFO       [gt_weighted] EQE1_Bottom  ->  1410 circuits
2026-10-07 18:44:25,163  run_gnn_dispatch          INFO       [gt_weighted] QExa20  ->  583 circuits
2026-10-07 18:44:25,168  run_gnn_dispatch          INFO       [gt_weighted] overall mean fidelity: 0.4355  (load CV: 0.441)
2026-10-07 18:44:25,168  run_gnn_dispatch          INFO       [gnn] EQE1_Top  ->  952 circuits
2026-10-07 18:44:25,168  run_gnn_dispatch          INFO       [gnn] EQE1_Bottom  ->  1327 circuits
2026-10-07 18:44:25,168  run_gnn_dispatch          INFO       [gnn] QExa20  ->  582 circuits
2026-10-07 18:44:25,174  run_gnn_dispatch          INFO       [gnn] overall mean fidelity: 0.4266  (load CV: 0.391)
2026-10-07 18:44:25,174  run_gnn_dispatch          INFO       [round_robin] EQE1_Top  ->  954 circuits
2026-10-07 18:44:25,174  run_gnn_dispatch          INFO       [round_robin] EQE1_Bottom  ->  954 circuits
2026-10-07 18:44:25,174  run_gnn_dispatch          INFO       [round_robin] QExa20  ->  953 circuits
2026-10-07 18:44:25,179  run_gnn_dispatch          INFO       [round_robin] overall mean fidelity: 0.4010  (load CV: 0.001)
2026-10-07 18:44:25,182  run_gnn_dispatch          INFO       [cross-policy oracle↔gnn] agreement: 65.9%  mean regret: 0.0116
2026-10-07 18:44:25,184  run_gnn_dispatch          INFO       [cross-policy gt_weighted↔gnn] agreement: 64.9%  mean regret: 0.0089
2026-10-07 18:44:25,184  run_gnn_dispatch          INFO     === Fidelity weight 1.00 ===
2026-10-07 18:44:25,215  run_gnn_dispatch          INFO       [oracle] EQE1_Top  ->  396 circuits
2026-10-07 18:44:25,215  run_gnn_dispatch          INFO       [oracle] EQE1_Bottom  ->  1951 circuits
2026-10-07 18:44:25,215  run_gnn_dispatch          INFO       [oracle] QExa20  ->  514 circuits
2026-10-07 18:44:25,220  run_gnn_dispatch          INFO       [oracle] overall mean fidelity: 0.4383  (load CV: 0.908)
2026-10-07 18:44:25,220  run_gnn_dispatch          INFO       [gt_weighted] EQE1_Top  ->  396 circuits
2026-10-07 18:44:25,220  run_gnn_dispatch          INFO       [gt_weighted] EQE1_Bottom  ->  1951 circuits
2026-10-07 18:44:25,220  run_gnn_dispatch          INFO       [gt_weighted] QExa20  ->  514 circuits
2026-10-07 18:44:25,225  run_gnn_dispatch          INFO       [gt_weighted] overall mean fidelity: 0.4383  (load CV: 0.908)
2026-10-07 18:44:25,225  run_gnn_dispatch          INFO       [gnn] EQE1_Top  ->  664 circuits
2026-10-07 18:44:25,225  run_gnn_dispatch          INFO       [gnn] EQE1_Bottom  ->  1756 circuits
2026-10-07 18:44:25,225  run_gnn_dispatch          INFO       [gnn] QExa20  ->  441 circuits
2026-10-07 18:44:25,230  run_gnn_dispatch          INFO       [gnn] overall mean fidelity: 0.4322  (load CV: 0.738)
2026-10-07 18:44:25,231  run_gnn_dispatch          INFO       [round_robin] EQE1_Top  ->  954 circuits
2026-10-07 18:44:25,231  run_gnn_dispatch          INFO       [round_robin] EQE1_Bottom  ->  954 circuits
2026-10-07 18:44:25,231  run_gnn_dispatch          INFO       [round_robin] QExa20  ->  953 circuits
2026-10-07 18:44:25,236  run_gnn_dispatch          INFO       [round_robin] overall mean fidelity: 0.4010  (load CV: 0.001)
2026-10-07 18:44:25,238  run_gnn_dispatch          INFO       [cross-policy oracle↔gnn] agreement: 76.0%  mean regret: 0.0060
2026-10-07 18:44:25,241  run_gnn_dispatch          INFO       [cross-policy gt_weighted↔gnn] agreement: 76.0%  mean regret: 0.0060
2026-10-07 18:44:25,255  run_gnn_dispatch          INFO     Ground-truth fidelities saved to /home/atudisco/pred-distr-tool/evaluations/generalization_v2/results/scheduling/leave_one_family_out/by_family/vqe_real_amp/fidelity_ground_truth.json
2026-10-07 18:44:25,269  run_gnn_dispatch          INFO     GNN-predicted fidelities saved to /home/atudisco/pred-distr-tool/evaluations/generalization_v2/results/scheduling/leave_one_family_out/by_family/vqe_real_amp/fidelity_gnn_predicted.json
2026-10-07 18:44:25,317  run_gnn_dispatch          INFO     Full results saved to /home/atudisco/pred-distr-tool/evaluations/generalization_v2/results/scheduling/leave_one_family_out/by_family/vqe_real_amp/dispatch_results.json
2026-10-07 18:44:25,320  run_gnn_dispatch          INFO     Summary CSV saved to /home/atudisco/pred-distr-tool/evaluations/generalization_v2/results/scheduling/leave_one_family_out/by_family/vqe_real_amp/dispatch_summary.csv
2026-10-07 18:44:25,322  run_gnn_dispatch          INFO     Cross-policy CSV saved to /home/atudisco/pred-distr-tool/evaluations/generalization_v2/results/scheduling/leave_one_family_out/by_family/vqe_real_amp/cross_policy_summary.csv
2026-10-07 18:44:25,324  genstudy.io               INFO     Wrote /home/atudisco/pred-distr-tool/evaluations/generalization_v2/results/scheduling/leave_one_family_out/by_family/vqe_real_amp/sweep_summary.csv (11 rows)
2026-10-07 18:44:25,324  run_scheduling_eval       INFO     === per-family scheduling: vqe_su2 (2858 circuits) ===
2026-10-07 18:44:25,327  run_scheduling_eval       INFO     Scheduling on 2858 circuits -> /home/atudisco/pred-distr-tool/evaluations/generalization_v2/results/scheduling/leave_one_family_out/by_family/vqe_su2
2026-10-07 18:44:25,327  run_gnn_dispatch          INFO     === Fidelity weight 0.00 ===
2026-10-07 18:44:25,331  run_gnn_dispatch          INFO       [oracle] EQE1_Top  ->  341 circuits
2026-10-07 18:44:25,331  run_gnn_dispatch          INFO       [oracle] EQE1_Bottom  ->  2068 circuits
2026-10-07 18:44:25,331  run_gnn_dispatch          INFO       [oracle] QExa20  ->  449 circuits
2026-10-07 18:44:25,336  run_gnn_dispatch          INFO       [oracle] overall mean fidelity: 0.4231  (load CV: 1.015)
2026-10-07 18:44:25,336  run_gnn_dispatch          INFO       [gt_weighted] EQE1_Top  ->  953 circuits
2026-10-07 18:44:25,336  run_gnn_dispatch          INFO       [gt_weighted] EQE1_Bottom  ->  953 circuits
2026-10-07 18:44:25,336  run_gnn_dispatch          INFO       [gt_weighted] QExa20  ->  952 circuits
2026-10-07 18:44:25,341  run_gnn_dispatch          INFO       [gt_weighted] overall mean fidelity: 0.3774  (load CV: 0.001)
2026-10-07 18:44:25,341  run_gnn_dispatch          INFO       [gnn] EQE1_Top  ->  953 circuits
2026-10-07 18:44:25,341  run_gnn_dispatch          INFO       [gnn] EQE1_Bottom  ->  953 circuits
2026-10-07 18:44:25,341  run_gnn_dispatch          INFO       [gnn] QExa20  ->  952 circuits
2026-10-07 18:44:25,347  run_gnn_dispatch          INFO       [gnn] overall mean fidelity: 0.3774  (load CV: 0.001)
2026-10-07 18:44:25,347  run_gnn_dispatch          INFO       [round_robin] EQE1_Top  ->  953 circuits
2026-10-07 18:44:25,347  run_gnn_dispatch          INFO       [round_robin] EQE1_Bottom  ->  953 circuits
2026-10-07 18:44:25,347  run_gnn_dispatch          INFO       [round_robin] QExa20  ->  952 circuits
2026-10-07 18:44:25,353  run_gnn_dispatch          INFO       [round_robin] overall mean fidelity: 0.3774  (load CV: 0.001)
2026-10-07 18:44:25,355  run_gnn_dispatch          INFO       [cross-policy oracle↔gnn] agreement: 33.4%  mean regret: 0.0457
2026-10-07 18:44:25,357  run_gnn_dispatch          INFO       [cross-policy gt_weighted↔gnn] agreement: 100.0%  mean regret: 0.0000
2026-10-07 18:44:25,357  run_gnn_dispatch          INFO     === Fidelity weight 0.10 ===
2026-10-07 18:44:25,387  run_gnn_dispatch          INFO       [oracle] EQE1_Top  ->  341 circuits
2026-10-07 18:44:25,387  run_gnn_dispatch          INFO       [oracle] EQE1_Bottom  ->  2068 circuits
2026-10-07 18:44:25,387  run_gnn_dispatch          INFO       [oracle] QExa20  ->  449 circuits
2026-10-07 18:44:25,392  run_gnn_dispatch          INFO       [oracle] overall mean fidelity: 0.4231  (load CV: 1.015)
2026-10-07 18:44:25,392  run_gnn_dispatch          INFO       [gt_weighted] EQE1_Top  ->  947 circuits
2026-10-07 18:44:25,392  run_gnn_dispatch          INFO       [gt_weighted] EQE1_Bottom  ->  966 circuits
2026-10-07 18:44:25,392  run_gnn_dispatch          INFO       [gt_weighted] QExa20  ->  945 circuits
2026-10-07 18:44:25,398  run_gnn_dispatch          INFO       [gt_weighted] overall mean fidelity: 0.3950  (load CV: 0.012)
2026-10-07 18:44:25,398  run_gnn_dispatch          INFO       [gnn] EQE1_Top  ->  955 circuits
2026-10-07 18:44:25,398  run_gnn_dispatch          INFO       [gnn] EQE1_Bottom  ->  949 circuits
2026-10-07 18:44:25,398  run_gnn_dispatch          INFO       [gnn] QExa20  ->  954 circuits
2026-10-07 18:44:25,403  run_gnn_dispatch          INFO       [gnn] overall mean fidelity: 0.3798  (load CV: 0.003)
2026-10-07 18:44:25,403  run_gnn_dispatch          INFO       [round_robin] EQE1_Top  ->  953 circuits
2026-10-07 18:44:25,403  run_gnn_dispatch          INFO       [round_robin] EQE1_Bottom  ->  953 circuits
2026-10-07 18:44:25,403  run_gnn_dispatch          INFO       [round_robin] QExa20  ->  952 circuits
2026-10-07 18:44:25,409  run_gnn_dispatch          INFO       [round_robin] overall mean fidelity: 0.3774  (load CV: 0.001)
2026-10-07 18:44:25,412  run_gnn_dispatch          INFO       [cross-policy oracle↔gnn] agreement: 34.2%  mean regret: 0.0433
2026-10-07 18:44:25,414  run_gnn_dispatch          INFO       [cross-policy gt_weighted↔gnn] agreement: 38.4%  mean regret: 0.0152
2026-10-07 18:44:25,414  run_gnn_dispatch          INFO     === Fidelity weight 0.20 ===
2026-10-07 18:44:25,445  run_gnn_dispatch          INFO       [oracle] EQE1_Top  ->  341 circuits
2026-10-07 18:44:25,445  run_gnn_dispatch          INFO       [oracle] EQE1_Bottom  ->  2068 circuits
2026-10-07 18:44:25,445  run_gnn_dispatch          INFO       [oracle] QExa20  ->  449 circuits
2026-10-07 18:44:25,450  run_gnn_dispatch          INFO       [oracle] overall mean fidelity: 0.4231  (load CV: 1.015)
2026-10-07 18:44:25,450  run_gnn_dispatch          INFO       [gt_weighted] EQE1_Top  ->  938 circuits
2026-10-07 18:44:25,450  run_gnn_dispatch          INFO       [gt_weighted] EQE1_Bottom  ->  990 circuits
2026-10-07 18:44:25,450  run_gnn_dispatch          INFO       [gt_weighted] QExa20  ->  930 circuits
2026-10-07 18:44:25,455  run_gnn_dispatch          INFO       [gt_weighted] overall mean fidelity: 0.4010  (load CV: 0.034)
2026-10-07 18:44:25,455  run_gnn_dispatch          INFO       [gnn] EQE1_Top  ->  956 circuits
2026-10-07 18:44:25,455  run_gnn_dispatch          INFO       [gnn] EQE1_Bottom  ->  945 circuits
2026-10-07 18:44:25,455  run_gnn_dispatch          INFO       [gnn] QExa20  ->  957 circuits
2026-10-07 18:44:25,460  run_gnn_dispatch          INFO       [gnn] overall mean fidelity: 0.3829  (load CV: 0.007)
2026-10-07 18:44:25,461  run_gnn_dispatch          INFO       [round_robin] EQE1_Top  ->  953 circuits
2026-10-07 18:44:25,461  run_gnn_dispatch          INFO       [round_robin] EQE1_Bottom  ->  953 circuits
2026-10-07 18:44:25,461  run_gnn_dispatch          INFO       [round_robin] QExa20  ->  952 circuits
2026-10-07 18:44:25,466  run_gnn_dispatch          INFO       [round_robin] overall mean fidelity: 0.3774  (load CV: 0.001)
2026-10-07 18:44:25,469  run_gnn_dispatch          INFO       [cross-policy oracle↔gnn] agreement: 36.9%  mean regret: 0.0402
2026-10-07 18:44:25,471  run_gnn_dispatch          INFO       [cross-policy gt_weighted↔gnn] agreement: 39.7%  mean regret: 0.0181
2026-10-07 18:44:25,471  run_gnn_dispatch          INFO     === Fidelity weight 0.30 ===
2026-10-07 18:44:25,502  run_gnn_dispatch          INFO       [oracle] EQE1_Top  ->  341 circuits
2026-10-07 18:44:25,502  run_gnn_dispatch          INFO       [oracle] EQE1_Bottom  ->  2068 circuits
2026-10-07 18:44:25,502  run_gnn_dispatch          INFO       [oracle] QExa20  ->  449 circuits
2026-10-07 18:44:25,507  run_gnn_dispatch          INFO       [oracle] overall mean fidelity: 0.4231  (load CV: 1.015)
2026-10-07 18:44:25,507  run_gnn_dispatch          INFO       [gt_weighted] EQE1_Top  ->  930 circuits
2026-10-07 18:44:25,507  run_gnn_dispatch          INFO       [gt_weighted] EQE1_Bottom  ->  1020 circuits
2026-10-07 18:44:25,507  run_gnn_dispatch          INFO       [gt_weighted] QExa20  ->  908 circuits
2026-10-07 18:44:25,512  run_gnn_dispatch          INFO       [gt_weighted] overall mean fidelity: 0.4044  (load CV: 0.062)
2026-10-07 18:44:25,512  run_gnn_dispatch          INFO       [gnn] EQE1_Top  ->  958 circuits
2026-10-07 18:44:25,512  run_gnn_dispatch          INFO       [gnn] EQE1_Bottom  ->  940 circuits
2026-10-07 18:44:25,512  run_gnn_dispatch          INFO       [gnn] QExa20  ->  960 circuits
2026-10-07 18:44:25,517  run_gnn_dispatch          INFO       [gnn] overall mean fidelity: 0.3844  (load CV: 0.012)
2026-10-07 18:44:25,518  run_gnn_dispatch          INFO       [round_robin] EQE1_Top  ->  953 circuits
2026-10-07 18:44:25,518  run_gnn_dispatch          INFO       [round_robin] EQE1_Bottom  ->  953 circuits
2026-10-07 18:44:25,518  run_gnn_dispatch          INFO       [round_robin] QExa20  ->  952 circuits
2026-10-07 18:44:25,523  run_gnn_dispatch          INFO       [round_robin] overall mean fidelity: 0.3774  (load CV: 0.001)
2026-10-07 18:44:25,526  run_gnn_dispatch          INFO       [cross-policy oracle↔gnn] agreement: 38.0%  mean regret: 0.0387
2026-10-07 18:44:25,528  run_gnn_dispatch          INFO       [cross-policy gt_weighted↔gnn] agreement: 42.6%  mean regret: 0.0200
2026-10-07 18:44:25,529  run_gnn_dispatch          INFO     === Fidelity weight 0.40 ===
2026-10-07 18:44:25,559  run_gnn_dispatch          INFO       [oracle] EQE1_Top  ->  341 circuits
2026-10-07 18:44:25,559  run_gnn_dispatch          INFO       [oracle] EQE1_Bottom  ->  2068 circuits
2026-10-07 18:44:25,559  run_gnn_dispatch          INFO       [oracle] QExa20  ->  449 circuits
2026-10-07 18:44:25,564  run_gnn_dispatch          INFO       [oracle] overall mean fidelity: 0.4231  (load CV: 1.015)
2026-10-07 18:44:25,564  run_gnn_dispatch          INFO       [gt_weighted] EQE1_Top  ->  930 circuits
2026-10-07 18:44:25,564  run_gnn_dispatch          INFO       [gt_weighted] EQE1_Bottom  ->  1048 circuits
2026-10-07 18:44:25,564  run_gnn_dispatch          INFO       [gt_weighted] QExa20  ->  880 circuits
2026-10-07 18:44:25,569  run_gnn_dispatch          INFO       [gt_weighted] overall mean fidelity: 0.4070  (load CV: 0.091)
2026-10-07 18:44:25,569  run_gnn_dispatch          INFO       [gnn] EQE1_Top  ->  959 circuits
2026-10-07 18:44:25,569  run_gnn_dispatch          INFO       [gnn] EQE1_Bottom  ->  935 circuits
2026-10-07 18:44:25,569  run_gnn_dispatch          INFO       [gnn] QExa20  ->  964 circuits
2026-10-07 18:44:25,575  run_gnn_dispatch          INFO       [gnn] overall mean fidelity: 0.3851  (load CV: 0.016)
2026-10-07 18:44:25,575  run_gnn_dispatch          INFO       [round_robin] EQE1_Top  ->  953 circuits
2026-10-07 18:44:25,575  run_gnn_dispatch          INFO       [round_robin] EQE1_Bottom  ->  953 circuits
2026-10-07 18:44:25,575  run_gnn_dispatch          INFO       [round_robin] QExa20  ->  952 circuits
2026-10-07 18:44:25,580  run_gnn_dispatch          INFO       [round_robin] overall mean fidelity: 0.3774  (load CV: 0.001)
2026-10-07 18:44:25,583  run_gnn_dispatch          INFO       [cross-policy oracle↔gnn] agreement: 38.7%  mean regret: 0.0380
2026-10-07 18:44:25,585  run_gnn_dispatch          INFO       [cross-policy gt_weighted↔gnn] agreement: 43.5%  mean regret: 0.0218
2026-10-07 18:44:25,585  run_gnn_dispatch          INFO     === Fidelity weight 0.50 ===
2026-10-07 18:44:25,616  run_gnn_dispatch          INFO       [oracle] EQE1_Top  ->  341 circuits
2026-10-07 18:44:25,616  run_gnn_dispatch          INFO       [oracle] EQE1_Bottom  ->  2068 circuits
2026-10-07 18:44:25,616  run_gnn_dispatch          INFO       [oracle] QExa20  ->  449 circuits
2026-10-07 18:44:25,621  run_gnn_dispatch          INFO       [oracle] overall mean fidelity: 0.4231  (load CV: 1.015)
2026-10-07 18:44:25,621  run_gnn_dispatch          INFO       [gt_weighted] EQE1_Top  ->  932 circuits
2026-10-07 18:44:25,621  run_gnn_dispatch          INFO       [gt_weighted] EQE1_Bottom  ->  1080 circuits
2026-10-07 18:44:25,621  run_gnn_dispatch          INFO       [gt_weighted] QExa20  ->  846 circuits
2026-10-07 18:44:25,626  run_gnn_dispatch          INFO       [gt_weighted] overall mean fidelity: 0.4090  (load CV: 0.124)
2026-10-07 18:44:25,626  run_gnn_dispatch          INFO       [gnn] EQE1_Top  ->  959 circuits
2026-10-07 18:44:25,626  run_gnn_dispatch          INFO       [gnn] EQE1_Bottom  ->  931 circuits
2026-10-07 18:44:25,626  run_gnn_dispatch          INFO       [gnn] QExa20  ->  968 circuits
2026-10-07 18:44:25,631  run_gnn_dispatch          INFO       [gnn] overall mean fidelity: 0.3850  (load CV: 0.020)
2026-10-07 18:44:25,631  run_gnn_dispatch          INFO       [round_robin] EQE1_Top  ->  953 circuits
2026-10-07 18:44:25,631  run_gnn_dispatch          INFO       [round_robin] EQE1_Bottom  ->  953 circuits
2026-10-07 18:44:25,631  run_gnn_dispatch          INFO       [round_robin] QExa20  ->  952 circuits
2026-10-07 18:44:25,637  run_gnn_dispatch          INFO       [round_robin] overall mean fidelity: 0.3774  (load CV: 0.001)
2026-10-07 18:44:25,639  run_gnn_dispatch          INFO       [cross-policy oracle↔gnn] agreement: 38.7%  mean regret: 0.0381
2026-10-07 18:44:25,642  run_gnn_dispatch          INFO       [cross-policy gt_weighted↔gnn] agreement: 44.2%  mean regret: 0.0240
2026-10-07 18:44:25,642  run_gnn_dispatch          INFO     === Fidelity weight 0.60 ===
2026-10-07 18:44:25,672  run_gnn_dispatch          INFO       [oracle] EQE1_Top  ->  341 circuits
2026-10-07 18:44:25,672  run_gnn_dispatch          INFO       [oracle] EQE1_Bottom  ->  2068 circuits
2026-10-07 18:44:25,672  run_gnn_dispatch          INFO       [oracle] QExa20  ->  449 circuits
2026-10-07 18:44:25,677  run_gnn_dispatch          INFO       [oracle] overall mean fidelity: 0.4231  (load CV: 1.015)
2026-10-07 18:44:25,678  run_gnn_dispatch          INFO       [gt_weighted] EQE1_Top  ->  929 circuits
2026-10-07 18:44:25,678  run_gnn_dispatch          INFO       [gt_weighted] EQE1_Bottom  ->  1133 circuits
2026-10-07 18:44:25,678  run_gnn_dispatch          INFO       [gt_weighted] QExa20  ->  796 circuits
2026-10-07 18:44:25,683  run_gnn_dispatch          INFO       [gt_weighted] overall mean fidelity: 0.4116  (load CV: 0.178)
2026-10-07 18:44:25,683  run_gnn_dispatch          INFO       [gnn] EQE1_Top  ->  959 circuits
2026-10-07 18:44:25,683  run_gnn_dispatch          INFO       [gnn] EQE1_Bottom  ->  926 circuits
2026-10-07 18:44:25,683  run_gnn_dispatch          INFO       [gnn] QExa20  ->  973 circuits
2026-10-07 18:44:25,688  run_gnn_dispatch          INFO       [gnn] overall mean fidelity: 0.3849  (load CV: 0.025)
2026-10-07 18:44:25,688  run_gnn_dispatch          INFO       [round_robin] EQE1_Top  ->  953 circuits
2026-10-07 18:44:25,688  run_gnn_dispatch          INFO       [round_robin] EQE1_Bottom  ->  953 circuits
2026-10-07 18:44:25,688  run_gnn_dispatch          INFO       [round_robin] QExa20  ->  952 circuits
2026-10-07 18:44:25,694  run_gnn_dispatch          INFO       [round_robin] overall mean fidelity: 0.3774  (load CV: 0.001)
2026-10-07 18:44:25,696  run_gnn_dispatch          INFO       [cross-policy oracle↔gnn] agreement: 39.0%  mean regret: 0.0383
2026-10-07 18:44:25,699  run_gnn_dispatch          INFO       [cross-policy gt_weighted↔gnn] agreement: 44.2%  mean regret: 0.0267
2026-10-07 18:44:25,699  run_gnn_dispatch          INFO     === Fidelity weight 0.70 ===
2026-10-07 18:44:25,729  run_gnn_dispatch          INFO       [oracle] EQE1_Top  ->  341 circuits
2026-10-07 18:44:25,729  run_gnn_dispatch          INFO       [oracle] EQE1_Bottom  ->  2068 circuits
2026-10-07 18:44:25,729  run_gnn_dispatch          INFO       [oracle] QExa20  ->  449 circuits
2026-10-07 18:44:25,734  run_gnn_dispatch          INFO       [oracle] overall mean fidelity: 0.4231  (load CV: 1.015)
2026-10-07 18:44:25,734  run_gnn_dispatch          INFO       [gt_weighted] EQE1_Top  ->  913 circuits
2026-10-07 18:44:25,734  run_gnn_dispatch          INFO       [gt_weighted] EQE1_Bottom  ->  1197 circuits
2026-10-07 18:44:25,734  run_gnn_dispatch          INFO       [gt_weighted] QExa20  ->  748 circuits
2026-10-07 18:44:25,739  run_gnn_dispatch          INFO       [gt_weighted] overall mean fidelity: 0.4137  (load CV: 0.238)
2026-10-07 18:44:25,739  run_gnn_dispatch          INFO       [gnn] EQE1_Top  ->  961 circuits
2026-10-07 18:44:25,739  run_gnn_dispatch          INFO       [gnn] EQE1_Bottom  ->  918 circuits
2026-10-07 18:44:25,739  run_gnn_dispatch          INFO       [gnn] QExa20  ->  979 circuits
2026-10-07 18:44:25,744  run_gnn_dispatch          INFO       [gnn] overall mean fidelity: 0.3842  (load CV: 0.033)
2026-10-07 18:44:25,744  run_gnn_dispatch          INFO       [round_robin] EQE1_Top  ->  953 circuits
2026-10-07 18:44:25,744  run_gnn_dispatch          INFO       [round_robin] EQE1_Bottom  ->  953 circuits
2026-10-07 18:44:25,744  run_gnn_dispatch          INFO       [round_robin] QExa20  ->  952 circuits
2026-10-07 18:44:25,750  run_gnn_dispatch          INFO       [round_robin] overall mean fidelity: 0.3774  (load CV: 0.001)
2026-10-07 18:44:25,753  run_gnn_dispatch          INFO       [cross-policy oracle↔gnn] agreement: 39.2%  mean regret: 0.0389
2026-10-07 18:44:25,755  run_gnn_dispatch          INFO       [cross-policy gt_weighted↔gnn] agreement: 42.7%  mean regret: 0.0295
2026-10-07 18:44:25,755  run_gnn_dispatch          INFO     === Fidelity weight 0.80 ===
2026-10-07 18:44:25,872  run_gnn_dispatch          INFO       [oracle] EQE1_Top  ->  341 circuits
2026-10-07 18:44:25,872  run_gnn_dispatch          INFO       [oracle] EQE1_Bottom  ->  2068 circuits
2026-10-07 18:44:25,872  run_gnn_dispatch          INFO       [oracle] QExa20  ->  449 circuits
2026-10-07 18:44:25,878  run_gnn_dispatch          INFO       [oracle] overall mean fidelity: 0.4231  (load CV: 1.015)
2026-10-07 18:44:25,878  run_gnn_dispatch          INFO       [gt_weighted] EQE1_Top  ->  880 circuits
2026-10-07 18:44:25,878  run_gnn_dispatch          INFO       [gt_weighted] EQE1_Bottom  ->  1311 circuits
2026-10-07 18:44:25,878  run_gnn_dispatch          INFO       [gt_weighted] QExa20  ->  667 circuits
2026-10-07 18:44:25,883  run_gnn_dispatch          INFO       [gt_weighted] overall mean fidelity: 0.4167  (load CV: 0.344)
2026-10-07 18:44:25,883  run_gnn_dispatch          INFO       [gnn] EQE1_Top  ->  953 circuits
2026-10-07 18:44:25,883  run_gnn_dispatch          INFO       [gnn] EQE1_Bottom  ->  925 circuits
2026-10-07 18:44:25,883  run_gnn_dispatch          INFO       [gnn] QExa20  ->  980 circuits
2026-10-07 18:44:25,888  run_gnn_dispatch          INFO       [gnn] overall mean fidelity: 0.3838  (load CV: 0.029)
2026-10-07 18:44:25,888  run_gnn_dispatch          INFO       [round_robin] EQE1_Top  ->  953 circuits
2026-10-07 18:44:25,888  run_gnn_dispatch          INFO       [round_robin] EQE1_Bottom  ->  953 circuits
2026-10-07 18:44:25,888  run_gnn_dispatch          INFO       [round_robin] QExa20  ->  952 circuits
2026-10-07 18:44:25,894  run_gnn_dispatch          INFO       [round_robin] overall mean fidelity: 0.3774  (load CV: 0.001)
2026-10-07 18:44:25,896  run_gnn_dispatch          INFO       [cross-policy oracle↔gnn] agreement: 40.6%  mean regret: 0.0393
2026-10-07 18:44:25,899  run_gnn_dispatch          INFO       [cross-policy gt_weighted↔gnn] agreement: 41.5%  mean regret: 0.0329
2026-10-07 18:44:25,899  run_gnn_dispatch          INFO     === Fidelity weight 0.90 ===
2026-10-07 18:44:25,930  run_gnn_dispatch          INFO       [oracle] EQE1_Top  ->  341 circuits
2026-10-07 18:44:25,930  run_gnn_dispatch          INFO       [oracle] EQE1_Bottom  ->  2068 circuits
2026-10-07 18:44:25,930  run_gnn_dispatch          INFO       [oracle] QExa20  ->  449 circuits
2026-10-07 18:44:25,935  run_gnn_dispatch          INFO       [oracle] overall mean fidelity: 0.4231  (load CV: 1.015)
2026-10-07 18:44:25,935  run_gnn_dispatch          INFO       [gt_weighted] EQE1_Top  ->  877 circuits
2026-10-07 18:44:25,935  run_gnn_dispatch          INFO       [gt_weighted] EQE1_Bottom  ->  1489 circuits
2026-10-07 18:44:25,935  run_gnn_dispatch          INFO       [gt_weighted] QExa20  ->  492 circuits
2026-10-07 18:44:25,940  run_gnn_dispatch          INFO       [gt_weighted] overall mean fidelity: 0.4201  (load CV: 0.528)
2026-10-07 18:44:25,940  run_gnn_dispatch          INFO       [gnn] EQE1_Top  ->  962 circuits
2026-10-07 18:44:25,940  run_gnn_dispatch          INFO       [gnn] EQE1_Bottom  ->  969 circuits
2026-10-07 18:44:25,940  run_gnn_dispatch          INFO       [gnn] QExa20  ->  927 circuits
2026-10-07 18:44:25,945  run_gnn_dispatch          INFO       [gnn] overall mean fidelity: 0.3861  (load CV: 0.024)
2026-10-07 18:44:25,945  run_gnn_dispatch          INFO       [round_robin] EQE1_Top  ->  953 circuits
2026-10-07 18:44:25,945  run_gnn_dispatch          INFO       [round_robin] EQE1_Bottom  ->  953 circuits
2026-10-07 18:44:25,945  run_gnn_dispatch          INFO       [round_robin] QExa20  ->  952 circuits
2026-10-07 18:44:25,951  run_gnn_dispatch          INFO       [round_robin] overall mean fidelity: 0.3774  (load CV: 0.001)
2026-10-07 18:44:25,953  run_gnn_dispatch          INFO       [cross-policy oracle↔gnn] agreement: 43.1%  mean regret: 0.0371
2026-10-07 18:44:25,956  run_gnn_dispatch          INFO       [cross-policy gt_weighted↔gnn] agreement: 43.3%  mean regret: 0.0341
2026-10-07 18:44:25,956  run_gnn_dispatch          INFO     === Fidelity weight 1.00 ===
2026-10-07 18:44:25,986  run_gnn_dispatch          INFO       [oracle] EQE1_Top  ->  341 circuits
2026-10-07 18:44:25,986  run_gnn_dispatch          INFO       [oracle] EQE1_Bottom  ->  2068 circuits
2026-10-07 18:44:25,986  run_gnn_dispatch          INFO       [oracle] QExa20  ->  449 circuits
2026-10-07 18:44:25,991  run_gnn_dispatch          INFO       [oracle] overall mean fidelity: 0.4231  (load CV: 1.015)
2026-10-07 18:44:25,991  run_gnn_dispatch          INFO       [gt_weighted] EQE1_Top  ->  341 circuits
2026-10-07 18:44:25,991  run_gnn_dispatch          INFO       [gt_weighted] EQE1_Bottom  ->  2068 circuits
2026-10-07 18:44:25,991  run_gnn_dispatch          INFO       [gt_weighted] QExa20  ->  449 circuits
2026-10-07 18:44:25,996  run_gnn_dispatch          INFO       [gt_weighted] overall mean fidelity: 0.4231  (load CV: 1.015)
2026-10-07 18:44:25,996  run_gnn_dispatch          INFO       [gnn] EQE1_Top  ->  1534 circuits
2026-10-07 18:44:25,996  run_gnn_dispatch          INFO       [gnn] EQE1_Bottom  ->  597 circuits
2026-10-07 18:44:25,996  run_gnn_dispatch          INFO       [gnn] QExa20  ->  727 circuits
2026-10-07 18:44:26,001  run_gnn_dispatch          INFO       [gnn] overall mean fidelity: 0.3885  (load CV: 0.533)
2026-10-07 18:44:26,001  run_gnn_dispatch          INFO       [round_robin] EQE1_Top  ->  953 circuits
2026-10-07 18:44:26,001  run_gnn_dispatch          INFO       [round_robin] EQE1_Bottom  ->  953 circuits
2026-10-07 18:44:26,001  run_gnn_dispatch          INFO       [round_robin] QExa20  ->  952 circuits
2026-10-07 18:44:26,007  run_gnn_dispatch          INFO       [round_robin] overall mean fidelity: 0.3774  (load CV: 0.001)
2026-10-07 18:44:26,009  run_gnn_dispatch          INFO       [cross-policy oracle↔gnn] agreement: 42.1%  mean regret: 0.0346
2026-10-07 18:44:26,012  run_gnn_dispatch          INFO       [cross-policy gt_weighted↔gnn] agreement: 42.1%  mean regret: 0.0346
2026-10-07 18:44:26,039  run_gnn_dispatch          INFO     Ground-truth fidelities saved to /home/atudisco/pred-distr-tool/evaluations/generalization_v2/results/scheduling/leave_one_family_out/by_family/vqe_su2/fidelity_ground_truth.json
2026-10-07 18:44:26,052  run_gnn_dispatch          INFO     GNN-predicted fidelities saved to /home/atudisco/pred-distr-tool/evaluations/generalization_v2/results/scheduling/leave_one_family_out/by_family/vqe_su2/fidelity_gnn_predicted.json
2026-10-07 18:44:26,105  run_gnn_dispatch          INFO     Full results saved to /home/atudisco/pred-distr-tool/evaluations/generalization_v2/results/scheduling/leave_one_family_out/by_family/vqe_su2/dispatch_results.json
2026-10-07 18:44:26,108  run_gnn_dispatch          INFO     Summary CSV saved to /home/atudisco/pred-distr-tool/evaluations/generalization_v2/results/scheduling/leave_one_family_out/by_family/vqe_su2/dispatch_summary.csv
2026-10-07 18:44:26,110  run_gnn_dispatch          INFO     Cross-policy CSV saved to /home/atudisco/pred-distr-tool/evaluations/generalization_v2/results/scheduling/leave_one_family_out/by_family/vqe_su2/cross_policy_summary.csv
2026-10-07 18:44:26,112  genstudy.io               INFO     Wrote /home/atudisco/pred-distr-tool/evaluations/generalization_v2/results/scheduling/leave_one_family_out/by_family/vqe_su2/sweep_summary.csv (11 rows)
2026-10-07 18:44:26,113  run_scheduling_eval       INFO     === per-family scheduling: vqe_two_local (3449 circuits) ===
2026-10-07 18:44:26,115  run_scheduling_eval       INFO     Scheduling on 3449 circuits -> /home/atudisco/pred-distr-tool/evaluations/generalization_v2/results/scheduling/leave_one_family_out/by_family/vqe_two_local
2026-10-07 18:44:26,115  run_gnn_dispatch          INFO     === Fidelity weight 0.00 ===
2026-10-07 18:44:26,120  run_gnn_dispatch          INFO       [oracle] EQE1_Top  ->  408 circuits
2026-10-07 18:44:26,120  run_gnn_dispatch          INFO       [oracle] EQE1_Bottom  ->  2259 circuits
2026-10-07 18:44:26,120  run_gnn_dispatch          INFO       [oracle] QExa20  ->  782 circuits
2026-10-07 18:44:26,126  run_gnn_dispatch          INFO       [oracle] overall mean fidelity: 0.4455  (load CV: 0.851)
2026-10-07 18:44:26,126  run_gnn_dispatch          INFO       [gt_weighted] EQE1_Top  ->  1150 circuits
2026-10-07 18:44:26,126  run_gnn_dispatch          INFO       [gt_weighted] EQE1_Bottom  ->  1150 circuits
2026-10-07 18:44:26,126  run_gnn_dispatch          INFO       [gt_weighted] QExa20  ->  1149 circuits
2026-10-07 18:44:26,133  run_gnn_dispatch          INFO       [gt_weighted] overall mean fidelity: 0.4119  (load CV: 0.001)
2026-10-07 18:44:26,133  run_gnn_dispatch          INFO       [gnn] EQE1_Top  ->  1150 circuits
2026-10-07 18:44:26,133  run_gnn_dispatch          INFO       [gnn] EQE1_Bottom  ->  1150 circuits
2026-10-07 18:44:26,133  run_gnn_dispatch          INFO       [gnn] QExa20  ->  1149 circuits
2026-10-07 18:44:26,140  run_gnn_dispatch          INFO       [gnn] overall mean fidelity: 0.4119  (load CV: 0.001)
2026-10-07 18:44:26,140  run_gnn_dispatch          INFO       [round_robin] EQE1_Top  ->  1150 circuits
2026-10-07 18:44:26,140  run_gnn_dispatch          INFO       [round_robin] EQE1_Bottom  ->  1150 circuits
2026-10-07 18:44:26,140  run_gnn_dispatch          INFO       [round_robin] QExa20  ->  1149 circuits
2026-10-07 18:44:26,146  run_gnn_dispatch          INFO       [round_robin] overall mean fidelity: 0.4119  (load CV: 0.001)
2026-10-07 18:44:26,149  run_gnn_dispatch          INFO       [cross-policy oracle↔gnn] agreement: 34.0%  mean regret: 0.0336
2026-10-07 18:44:26,151  run_gnn_dispatch          INFO       [cross-policy gt_weighted↔gnn] agreement: 100.0%  mean regret: 0.0000
2026-10-07 18:44:26,152  run_gnn_dispatch          INFO     === Fidelity weight 0.10 ===
2026-10-07 18:44:26,185  run_gnn_dispatch          INFO       [oracle] EQE1_Top  ->  408 circuits
2026-10-07 18:44:26,185  run_gnn_dispatch          INFO       [oracle] EQE1_Bottom  ->  2259 circuits
2026-10-07 18:44:26,185  run_gnn_dispatch          INFO       [oracle] QExa20  ->  782 circuits
2026-10-07 18:44:26,191  run_gnn_dispatch          INFO       [oracle] overall mean fidelity: 0.4455  (load CV: 0.851)
2026-10-07 18:44:26,191  run_gnn_dispatch          INFO       [gt_weighted] EQE1_Top  ->  1140 circuits
2026-10-07 18:44:26,191  run_gnn_dispatch          INFO       [gt_weighted] EQE1_Bottom  ->  1163 circuits
2026-10-07 18:44:26,191  run_gnn_dispatch          INFO       [gt_weighted] QExa20  ->  1146 circuits
2026-10-07 18:44:26,197  run_gnn_dispatch          INFO       [gt_weighted] overall mean fidelity: 0.4335  (load CV: 0.010)
2026-10-07 18:44:26,197  run_gnn_dispatch          INFO       [gnn] EQE1_Top  ->  1143 circuits
2026-10-07 18:44:26,197  run_gnn_dispatch          INFO       [gnn] EQE1_Bottom  ->  1152 circuits
2026-10-07 18:44:26,197  run_gnn_dispatch          INFO       [gnn] QExa20  ->  1154 circuits
2026-10-07 18:44:26,203  run_gnn_dispatch          INFO       [gnn] overall mean fidelity: 0.4231  (load CV: 0.005)
2026-10-07 18:44:26,203  run_gnn_dispatch          INFO       [round_robin] EQE1_Top  ->  1150 circuits
2026-10-07 18:44:26,203  run_gnn_dispatch          INFO       [round_robin] EQE1_Bottom  ->  1150 circuits
2026-10-07 18:44:26,203  run_gnn_dispatch          INFO       [round_robin] QExa20  ->  1149 circuits
2026-10-07 18:44:26,210  run_gnn_dispatch          INFO       [round_robin] overall mean fidelity: 0.4119  (load CV: 0.001)
2026-10-07 18:44:26,213  run_gnn_dispatch          INFO       [cross-policy oracle↔gnn] agreement: 42.3%  mean regret: 0.0224
2026-10-07 18:44:26,216  run_gnn_dispatch          INFO       [cross-policy gt_weighted↔gnn] agreement: 49.7%  mean regret: 0.0104
2026-10-07 18:44:26,216  run_gnn_dispatch          INFO     === Fidelity weight 0.20 ===
2026-10-07 18:44:26,249  run_gnn_dispatch          INFO       [oracle] EQE1_Top  ->  408 circuits
2026-10-07 18:44:26,249  run_gnn_dispatch          INFO       [oracle] EQE1_Bottom  ->  2259 circuits
2026-10-07 18:44:26,249  run_gnn_dispatch          INFO       [oracle] QExa20  ->  782 circuits
2026-10-07 18:44:26,255  run_gnn_dispatch          INFO       [oracle] overall mean fidelity: 0.4455  (load CV: 0.851)
2026-10-07 18:44:26,255  run_gnn_dispatch          INFO       [gt_weighted] EQE1_Top  ->  1132 circuits
2026-10-07 18:44:26,255  run_gnn_dispatch          INFO       [gt_weighted] EQE1_Bottom  ->  1180 circuits
2026-10-07 18:44:26,255  run_gnn_dispatch          INFO       [gt_weighted] QExa20  ->  1137 circuits
2026-10-07 18:44:26,261  run_gnn_dispatch          INFO       [gt_weighted] overall mean fidelity: 0.4360  (load CV: 0.023)
2026-10-07 18:44:26,261  run_gnn_dispatch          INFO       [gnn] EQE1_Top  ->  1135 circuits
2026-10-07 18:44:26,261  run_gnn_dispatch          INFO       [gnn] EQE1_Bottom  ->  1161 circuits
2026-10-07 18:44:26,261  run_gnn_dispatch          INFO       [gnn] QExa20  ->  1153 circuits
2026-10-07 18:44:26,268  run_gnn_dispatch          INFO       [gnn] overall mean fidelity: 0.4239  (load CV: 0.012)
2026-10-07 18:44:26,268  run_gnn_dispatch          INFO       [round_robin] EQE1_Top  ->  1150 circuits
2026-10-07 18:44:26,268  run_gnn_dispatch          INFO       [round_robin] EQE1_Bottom  ->  1150 circuits
2026-10-07 18:44:26,268  run_gnn_dispatch          INFO       [round_robin] QExa20  ->  1149 circuits
2026-10-07 18:44:26,274  run_gnn_dispatch          INFO       [round_robin] overall mean fidelity: 0.4119  (load CV: 0.001)
2026-10-07 18:44:26,277  run_gnn_dispatch          INFO       [cross-policy oracle↔gnn] agreement: 44.9%  mean regret: 0.0216
2026-10-07 18:44:26,280  run_gnn_dispatch          INFO       [cross-policy gt_weighted↔gnn] agreement: 47.6%  mean regret: 0.0121
2026-10-07 18:44:26,281  run_gnn_dispatch          INFO     === Fidelity weight 0.30 ===
2026-10-07 18:44:26,313  run_gnn_dispatch          INFO       [oracle] EQE1_Top  ->  408 circuits
2026-10-07 18:44:26,313  run_gnn_dispatch          INFO       [oracle] EQE1_Bottom  ->  2259 circuits
2026-10-07 18:44:26,313  run_gnn_dispatch          INFO       [oracle] QExa20  ->  782 circuits
2026-10-07 18:44:26,319  run_gnn_dispatch          INFO       [oracle] overall mean fidelity: 0.4455  (load CV: 0.851)
2026-10-07 18:44:26,319  run_gnn_dispatch          INFO       [gt_weighted] EQE1_Top  ->  1120 circuits
2026-10-07 18:44:26,319  run_gnn_dispatch          INFO       [gt_weighted] EQE1_Bottom  ->  1198 circuits
2026-10-07 18:44:26,319  run_gnn_dispatch          INFO       [gt_weighted] QExa20  ->  1131 circuits
2026-10-07 18:44:26,325  run_gnn_dispatch          INFO       [gt_weighted] overall mean fidelity: 0.4371  (load CV: 0.037)
2026-10-07 18:44:26,325  run_gnn_dispatch          INFO       [gnn] EQE1_Top  ->  1125 circuits
2026-10-07 18:44:26,325  run_gnn_dispatch          INFO       [gnn] EQE1_Bottom  ->  1173 circuits
2026-10-07 18:44:26,325  run_gnn_dispatch          INFO       [gnn] QExa20  ->  1151 circuits
2026-10-07 18:44:26,332  run_gnn_dispatch          INFO       [gnn] overall mean fidelity: 0.4248  (load CV: 0.021)
2026-10-07 18:44:26,332  run_gnn_dispatch          INFO       [round_robin] EQE1_Top  ->  1150 circuits
2026-10-07 18:44:26,332  run_gnn_dispatch          INFO       [round_robin] EQE1_Bottom  ->  1150 circuits
2026-10-07 18:44:26,332  run_gnn_dispatch          INFO       [round_robin] QExa20  ->  1149 circuits
2026-10-07 18:44:26,338  run_gnn_dispatch          INFO       [round_robin] overall mean fidelity: 0.4119  (load CV: 0.001)
2026-10-07 18:44:26,341  run_gnn_dispatch          INFO       [cross-policy oracle↔gnn] agreement: 46.7%  mean regret: 0.0208
2026-10-07 18:44:26,344  run_gnn_dispatch          INFO       [cross-policy gt_weighted↔gnn] agreement: 47.6%  mean regret: 0.0123
2026-10-07 18:44:26,345  run_gnn_dispatch          INFO     === Fidelity weight 0.40 ===
2026-10-07 18:44:26,378  run_gnn_dispatch          INFO       [oracle] EQE1_Top  ->  408 circuits
2026-10-07 18:44:26,378  run_gnn_dispatch          INFO       [oracle] EQE1_Bottom  ->  2259 circuits
2026-10-07 18:44:26,378  run_gnn_dispatch          INFO       [oracle] QExa20  ->  782 circuits
2026-10-07 18:44:26,384  run_gnn_dispatch          INFO       [oracle] overall mean fidelity: 0.4455  (load CV: 0.851)
2026-10-07 18:44:26,384  run_gnn_dispatch          INFO       [gt_weighted] EQE1_Top  ->  1107 circuits
2026-10-07 18:44:26,384  run_gnn_dispatch          INFO       [gt_weighted] EQE1_Bottom  ->  1220 circuits
2026-10-07 18:44:26,384  run_gnn_dispatch          INFO       [gt_weighted] QExa20  ->  1122 circuits
2026-10-07 18:44:26,390  run_gnn_dispatch          INFO       [gt_weighted] overall mean fidelity: 0.4379  (load CV: 0.053)
2026-10-07 18:44:26,390  run_gnn_dispatch          INFO       [gnn] EQE1_Top  ->  1116 circuits
2026-10-07 18:44:26,390  run_gnn_dispatch          INFO       [gnn] EQE1_Bottom  ->  1188 circuits
2026-10-07 18:44:26,390  run_gnn_dispatch          INFO       [gnn] QExa20  ->  1145 circuits
2026-10-07 18:44:26,396  run_gnn_dispatch          INFO       [gnn] overall mean fidelity: 0.4249  (load CV: 0.032)
2026-10-07 18:44:26,396  run_gnn_dispatch          INFO       [round_robin] EQE1_Top  ->  1150 circuits
2026-10-07 18:44:26,396  run_gnn_dispatch          INFO       [round_robin] EQE1_Bottom  ->  1150 circuits
2026-10-07 18:44:26,396  run_gnn_dispatch          INFO       [round_robin] QExa20  ->  1149 circuits
2026-10-07 18:44:26,403  run_gnn_dispatch          INFO       [round_robin] overall mean fidelity: 0.4119  (load CV: 0.001)
2026-10-07 18:44:26,406  run_gnn_dispatch          INFO       [cross-policy oracle↔gnn] agreement: 47.5%  mean regret: 0.0206
2026-10-07 18:44:26,409  run_gnn_dispatch          INFO       [cross-policy gt_weighted↔gnn] agreement: 46.6%  mean regret: 0.0130
2026-10-07 18:44:26,409  run_gnn_dispatch          INFO     === Fidelity weight 0.50 ===
2026-10-07 18:44:26,442  run_gnn_dispatch          INFO       [oracle] EQE1_Top  ->  408 circuits
2026-10-07 18:44:26,442  run_gnn_dispatch          INFO       [oracle] EQE1_Bottom  ->  2259 circuits
2026-10-07 18:44:26,442  run_gnn_dispatch          INFO       [oracle] QExa20  ->  782 circuits
2026-10-07 18:44:26,448  run_gnn_dispatch          INFO       [oracle] overall mean fidelity: 0.4455  (load CV: 0.851)
2026-10-07 18:44:26,448  run_gnn_dispatch          INFO       [gt_weighted] EQE1_Top  ->  1095 circuits
2026-10-07 18:44:26,448  run_gnn_dispatch          INFO       [gt_weighted] EQE1_Bottom  ->  1247 circuits
2026-10-07 18:44:26,448  run_gnn_dispatch          INFO       [gt_weighted] QExa20  ->  1107 circuits
2026-10-07 18:44:26,454  run_gnn_dispatch          INFO       [gt_weighted] overall mean fidelity: 0.4387  (load CV: 0.074)
2026-10-07 18:44:26,454  run_gnn_dispatch          INFO       [gnn] EQE1_Top  ->  1103 circuits
2026-10-07 18:44:26,454  run_gnn_dispatch          INFO       [gnn] EQE1_Bottom  ->  1210 circuits
2026-10-07 18:44:26,454  run_gnn_dispatch          INFO       [gnn] QExa20  ->  1136 circuits
2026-10-07 18:44:26,461  run_gnn_dispatch          INFO       [gnn] overall mean fidelity: 0.4252  (load CV: 0.048)
2026-10-07 18:44:26,461  run_gnn_dispatch          INFO       [round_robin] EQE1_Top  ->  1150 circuits
2026-10-07 18:44:26,461  run_gnn_dispatch          INFO       [round_robin] EQE1_Bottom  ->  1150 circuits
2026-10-07 18:44:26,461  run_gnn_dispatch          INFO       [round_robin] QExa20  ->  1149 circuits
2026-10-07 18:44:26,467  run_gnn_dispatch          INFO       [round_robin] overall mean fidelity: 0.4119  (load CV: 0.001)
2026-10-07 18:44:26,470  run_gnn_dispatch          INFO       [cross-policy oracle↔gnn] agreement: 48.5%  mean regret: 0.0203
2026-10-07 18:44:26,474  run_gnn_dispatch          INFO       [cross-policy gt_weighted↔gnn] agreement: 46.9%  mean regret: 0.0135
2026-10-07 18:44:26,474  run_gnn_dispatch          INFO     === Fidelity weight 0.60 ===
2026-10-07 18:44:26,599  run_gnn_dispatch          INFO       [oracle] EQE1_Top  ->  408 circuits
2026-10-07 18:44:26,599  run_gnn_dispatch          INFO       [oracle] EQE1_Bottom  ->  2259 circuits
2026-10-07 18:44:26,599  run_gnn_dispatch          INFO       [oracle] QExa20  ->  782 circuits
2026-10-07 18:44:26,605  run_gnn_dispatch          INFO       [oracle] overall mean fidelity: 0.4455  (load CV: 0.851)
2026-10-07 18:44:26,605  run_gnn_dispatch          INFO       [gt_weighted] EQE1_Top  ->  1088 circuits
2026-10-07 18:44:26,605  run_gnn_dispatch          INFO       [gt_weighted] EQE1_Bottom  ->  1281 circuits
2026-10-07 18:44:26,605  run_gnn_dispatch          INFO       [gt_weighted] QExa20  ->  1080 circuits
2026-10-07 18:44:26,611  run_gnn_dispatch          INFO       [gt_weighted] overall mean fidelity: 0.4394  (load CV: 0.099)
2026-10-07 18:44:26,611  run_gnn_dispatch          INFO       [gnn] EQE1_Top  ->  1083 circuits
2026-10-07 18:44:26,611  run_gnn_dispatch          INFO       [gnn] EQE1_Bottom  ->  1246 circuits
2026-10-07 18:44:26,611  run_gnn_dispatch          INFO       [gnn] QExa20  ->  1120 circuits
2026-10-07 18:44:26,618  run_gnn_dispatch          INFO       [gnn] overall mean fidelity: 0.4255  (load CV: 0.074)
2026-10-07 18:44:26,618  run_gnn_dispatch          INFO       [round_robin] EQE1_Top  ->  1150 circuits
2026-10-07 18:44:26,618  run_gnn_dispatch          INFO       [round_robin] EQE1_Bottom  ->  1150 circuits
2026-10-07 18:44:26,618  run_gnn_dispatch          INFO       [round_robin] QExa20  ->  1149 circuits
2026-10-07 18:44:26,624  run_gnn_dispatch          INFO       [round_robin] overall mean fidelity: 0.4119  (load CV: 0.001)
2026-10-07 18:44:26,627  run_gnn_dispatch          INFO       [cross-policy oracle↔gnn] agreement: 49.6%  mean regret: 0.0200
2026-10-07 18:44:26,630  run_gnn_dispatch          INFO       [cross-policy gt_weighted↔gnn] agreement: 46.8%  mean regret: 0.0139
2026-10-07 18:44:26,631  run_gnn_dispatch          INFO     === Fidelity weight 0.70 ===
2026-10-07 18:44:26,664  run_gnn_dispatch          INFO       [oracle] EQE1_Top  ->  408 circuits
2026-10-07 18:44:26,664  run_gnn_dispatch          INFO       [oracle] EQE1_Bottom  ->  2259 circuits
2026-10-07 18:44:26,664  run_gnn_dispatch          INFO       [oracle] QExa20  ->  782 circuits
2026-10-07 18:44:26,670  run_gnn_dispatch          INFO       [oracle] overall mean fidelity: 0.4455  (load CV: 0.851)
2026-10-07 18:44:26,670  run_gnn_dispatch          INFO       [gt_weighted] EQE1_Top  ->  1074 circuits
2026-10-07 18:44:26,670  run_gnn_dispatch          INFO       [gt_weighted] EQE1_Bottom  ->  1337 circuits
2026-10-07 18:44:26,670  run_gnn_dispatch          INFO       [gt_weighted] QExa20  ->  1038 circuits
2026-10-07 18:44:26,676  run_gnn_dispatch          INFO       [gt_weighted] overall mean fidelity: 0.4402  (load CV: 0.142)
2026-10-07 18:44:26,676  run_gnn_dispatch          INFO       [gnn] EQE1_Top  ->  1053 circuits
2026-10-07 18:44:26,676  run_gnn_dispatch          INFO       [gnn] EQE1_Bottom  ->  1305 circuits
2026-10-07 18:44:26,676  run_gnn_dispatch          INFO       [gnn] QExa20  ->  1091 circuits
2026-10-07 18:44:26,683  run_gnn_dispatch          INFO       [gnn] overall mean fidelity: 0.4262  (load CV: 0.118)
2026-10-07 18:44:26,683  run_gnn_dispatch          INFO       [round_robin] EQE1_Top  ->  1150 circuits
2026-10-07 18:44:26,683  run_gnn_dispatch          INFO       [round_robin] EQE1_Bottom  ->  1150 circuits
2026-10-07 18:44:26,683  run_gnn_dispatch          INFO       [round_robin] QExa20  ->  1149 circuits
2026-10-07 18:44:26,689  run_gnn_dispatch          INFO       [round_robin] overall mean fidelity: 0.4119  (load CV: 0.001)
2026-10-07 18:44:26,692  run_gnn_dispatch          INFO       [cross-policy oracle↔gnn] agreement: 51.2%  mean regret: 0.0194
2026-10-07 18:44:26,696  run_gnn_dispatch          INFO       [cross-policy gt_weighted↔gnn] agreement: 47.1%  mean regret: 0.0141
2026-10-07 18:44:26,696  run_gnn_dispatch          INFO     === Fidelity weight 0.80 ===
2026-10-07 18:44:26,729  run_gnn_dispatch          INFO       [oracle] EQE1_Top  ->  408 circuits
2026-10-07 18:44:26,729  run_gnn_dispatch          INFO       [oracle] EQE1_Bottom  ->  2259 circuits
2026-10-07 18:44:26,729  run_gnn_dispatch          INFO       [oracle] QExa20  ->  782 circuits
2026-10-07 18:44:26,735  run_gnn_dispatch          INFO       [oracle] overall mean fidelity: 0.4455  (load CV: 0.851)
2026-10-07 18:44:26,735  run_gnn_dispatch          INFO       [gt_weighted] EQE1_Top  ->  1055 circuits
2026-10-07 18:44:26,735  run_gnn_dispatch          INFO       [gt_weighted] EQE1_Bottom  ->  1430 circuits
2026-10-07 18:44:26,735  run_gnn_dispatch          INFO       [gt_weighted] QExa20  ->  964 circuits
2026-10-07 18:44:26,741  run_gnn_dispatch          INFO       [gt_weighted] overall mean fidelity: 0.4415  (load CV: 0.215)
2026-10-07 18:44:26,741  run_gnn_dispatch          INFO       [gnn] EQE1_Top  ->  998 circuits
2026-10-07 18:44:26,741  run_gnn_dispatch          INFO       [gnn] EQE1_Bottom  ->  1417 circuits
2026-10-07 18:44:26,741  run_gnn_dispatch          INFO       [gnn] QExa20  ->  1034 circuits
2026-10-07 18:44:26,748  run_gnn_dispatch          INFO       [gnn] overall mean fidelity: 0.4274  (load CV: 0.202)
2026-10-07 18:44:26,748  run_gnn_dispatch          INFO       [round_robin] EQE1_Top  ->  1150 circuits
2026-10-07 18:44:26,748  run_gnn_dispatch          INFO       [round_robin] EQE1_Bottom  ->  1150 circuits
2026-10-07 18:44:26,748  run_gnn_dispatch          INFO       [round_robin] QExa20  ->  1149 circuits
2026-10-07 18:44:26,754  run_gnn_dispatch          INFO       [round_robin] overall mean fidelity: 0.4119  (load CV: 0.001)
2026-10-07 18:44:26,757  run_gnn_dispatch          INFO       [cross-policy oracle↔gnn] agreement: 53.7%  mean regret: 0.0181
2026-10-07 18:44:26,760  run_gnn_dispatch          INFO       [cross-policy gt_weighted↔gnn] agreement: 48.8%  mean regret: 0.0141
2026-10-07 18:44:26,760  run_gnn_dispatch          INFO     === Fidelity weight 0.90 ===
2026-10-07 18:44:26,793  run_gnn_dispatch          INFO       [oracle] EQE1_Top  ->  408 circuits
2026-10-07 18:44:26,793  run_gnn_dispatch          INFO       [oracle] EQE1_Bottom  ->  2259 circuits
2026-10-07 18:44:26,793  run_gnn_dispatch          INFO       [oracle] QExa20  ->  782 circuits
2026-10-07 18:44:26,801  run_gnn_dispatch          INFO       [oracle] overall mean fidelity: 0.4455  (load CV: 0.851)
2026-10-07 18:44:26,801  run_gnn_dispatch          INFO       [gt_weighted] EQE1_Top  ->  1038 circuits
2026-10-07 18:44:26,801  run_gnn_dispatch          INFO       [gt_weighted] EQE1_Bottom  ->  1582 circuits
2026-10-07 18:44:26,801  run_gnn_dispatch          INFO       [gt_weighted] QExa20  ->  829 circuits
2026-10-07 18:44:26,807  run_gnn_dispatch          INFO       [gt_weighted] overall mean fidelity: 0.4432  (load CV: 0.338)
2026-10-07 18:44:26,807  run_gnn_dispatch          INFO       [gnn] EQE1_Top  ->  902 circuits
2026-10-07 18:44:26,807  run_gnn_dispatch          INFO       [gnn] EQE1_Bottom  ->  1624 circuits
2026-10-07 18:44:26,807  run_gnn_dispatch          INFO       [gnn] QExa20  ->  923 circuits
2026-10-07 18:44:26,814  run_gnn_dispatch          INFO       [gnn] overall mean fidelity: 0.4302  (load CV: 0.357)
2026-10-07 18:44:26,814  run_gnn_dispatch          INFO       [round_robin] EQE1_Top  ->  1150 circuits
2026-10-07 18:44:26,814  run_gnn_dispatch          INFO       [round_robin] EQE1_Bottom  ->  1150 circuits
2026-10-07 18:44:26,814  run_gnn_dispatch          INFO       [round_robin] QExa20  ->  1149 circuits
2026-10-07 18:44:26,820  run_gnn_dispatch          INFO       [round_robin] overall mean fidelity: 0.4119  (load CV: 0.001)
2026-10-07 18:44:26,823  run_gnn_dispatch          INFO       [cross-policy oracle↔gnn] agreement: 58.6%  mean regret: 0.0153
2026-10-07 18:44:26,826  run_gnn_dispatch          INFO       [cross-policy gt_weighted↔gnn] agreement: 52.9%  mean regret: 0.0130
2026-10-07 18:44:26,827  run_gnn_dispatch          INFO     === Fidelity weight 1.00 ===
2026-10-07 18:44:26,862  run_gnn_dispatch          INFO       [oracle] EQE1_Top  ->  408 circuits
2026-10-07 18:44:26,862  run_gnn_dispatch          INFO       [oracle] EQE1_Bottom  ->  2259 circuits
2026-10-07 18:44:26,862  run_gnn_dispatch          INFO       [oracle] QExa20  ->  782 circuits
2026-10-07 18:44:26,868  run_gnn_dispatch          INFO       [oracle] overall mean fidelity: 0.4455  (load CV: 0.851)
2026-10-07 18:44:26,868  run_gnn_dispatch          INFO       [gt_weighted] EQE1_Top  ->  408 circuits
2026-10-07 18:44:26,868  run_gnn_dispatch          INFO       [gt_weighted] EQE1_Bottom  ->  2259 circuits
2026-10-07 18:44:26,868  run_gnn_dispatch          INFO       [gt_weighted] QExa20  ->  782 circuits
2026-10-07 18:44:26,874  run_gnn_dispatch          INFO       [gt_weighted] overall mean fidelity: 0.4455  (load CV: 0.851)
2026-10-07 18:44:26,874  run_gnn_dispatch          INFO       [gnn] EQE1_Top  ->  170 circuits
2026-10-07 18:44:26,874  run_gnn_dispatch          INFO       [gnn] EQE1_Bottom  ->  2509 circuits
2026-10-07 18:44:26,874  run_gnn_dispatch          INFO       [gnn] QExa20  ->  770 circuits
2026-10-07 18:44:26,880  run_gnn_dispatch          INFO       [gnn] overall mean fidelity: 0.4374  (load CV: 1.057)
2026-10-07 18:44:26,880  run_gnn_dispatch          INFO       [round_robin] EQE1_Top  ->  1150 circuits
2026-10-07 18:44:26,880  run_gnn_dispatch          INFO       [round_robin] EQE1_Bottom  ->  1150 circuits
2026-10-07 18:44:26,880  run_gnn_dispatch          INFO       [round_robin] QExa20  ->  1149 circuits
2026-10-07 18:44:26,887  run_gnn_dispatch          INFO       [round_robin] overall mean fidelity: 0.4119  (load CV: 0.001)
2026-10-07 18:44:26,889  run_gnn_dispatch          INFO       [cross-policy oracle↔gnn] agreement: 77.3%  mean regret: 0.0081
2026-10-07 18:44:26,892  run_gnn_dispatch          INFO       [cross-policy gt_weighted↔gnn] agreement: 77.3%  mean regret: 0.0081
2026-10-07 18:44:26,909  run_gnn_dispatch          INFO     Ground-truth fidelities saved to /home/atudisco/pred-distr-tool/evaluations/generalization_v2/results/scheduling/leave_one_family_out/by_family/vqe_two_local/fidelity_ground_truth.json
2026-10-07 18:44:26,925  run_gnn_dispatch          INFO     GNN-predicted fidelities saved to /home/atudisco/pred-distr-tool/evaluations/generalization_v2/results/scheduling/leave_one_family_out/by_family/vqe_two_local/fidelity_gnn_predicted.json
2026-10-07 18:44:26,984  run_gnn_dispatch          INFO     Full results saved to /home/atudisco/pred-distr-tool/evaluations/generalization_v2/results/scheduling/leave_one_family_out/by_family/vqe_two_local/dispatch_results.json
2026-10-07 18:44:26,987  run_gnn_dispatch          INFO     Summary CSV saved to /home/atudisco/pred-distr-tool/evaluations/generalization_v2/results/scheduling/leave_one_family_out/by_family/vqe_two_local/dispatch_summary.csv
2026-10-07 18:44:26,989  run_gnn_dispatch          INFO     Cross-policy CSV saved to /home/atudisco/pred-distr-tool/evaluations/generalization_v2/results/scheduling/leave_one_family_out/by_family/vqe_two_local/cross_policy_summary.csv
2026-10-07 18:44:26,991  genstudy.io               INFO     Wrote /home/atudisco/pred-distr-tool/evaluations/generalization_v2/results/scheduling/leave_one_family_out/by_family/vqe_two_local/sweep_summary.csv (11 rows)
2026-10-07 18:44:26,995  genstudy.io               INFO     Wrote /home/atudisco/pred-distr-tool/evaluations/generalization_v2/results/scheduling/leave_one_family_out/sweep_summary_by_family.csv (110 rows)
2026-10-07 18:44:27,001  genstudy.io               INFO     Wrote /home/atudisco/pred-distr-tool/evaluations/generalization_v2/results/scheduling/leave_one_family_out/scheduling_summary.json
2026-10-07 18:44:27,001  run_scheduling_eval       INFO     Scheduling evaluation finished: /home/atudisco/pred-distr-tool/evaluations/generalization_v2/results/scheduling/leave_one_family_out
