2026-10-07 18:32:21,909  genstudy.io               INFO     Logging to evaluations/generalization_v3/results/pooled_stab_a00/leave_one_family_out/run.log
2026-10-07 18:32:21,910  run_experiment            INFO     Command line: evaluations/generalization_v3/scripts/run_experiment.py lofo --model pooled --balance-alpha 0 --lr 3e-4 --grad-clip 1.0 --results-dir evaluations/generalization_v3/results/pooled_stab_a00
2026-10-07 18:32:22,235  gsv2.gpu                  INFO     GPU: NVIDIA H200
2026-10-07 18:32:22,236  gsv3.model                INFO     Hyper-parameters (/home/atudisco/pred-distr-tool/src/model/best_params.json + v3 defaults): {'device_hidden': 64, 'device_layers': 3, 'fusion_dim': 128, 'qubit_layers': 2, 'attn_heads': 4, 'lap_pe': 8, 'cost_bias_init': -6.0, 'hidden_dim': 142, 'num_conv_wo_resnet': 3, 'num_resnet_layers': 1, 'dropout': 0.0, 'bidirectional': True, 'mlp': [512, 256, 128], 'lr': 0.001, 'readout': 'meanmaxsum'}
2026-10-07 18:32:22,245  genstudy.data             INFO     Loading graph dataset: /home/atudisco/compileCircuits/graph_dataset_expected_fidelity.pt
2026-10-07 18:32:25,504  genstudy.data             INFO     Loaded 17056 graphs
2026-10-07 18:32:25,533  genstudy.io               INFO     Wrote evaluations/generalization_v3/results/pooled_stab_a00/leave_one_family_out/dataset_summary.json
2026-10-07 18:32:25,534  genstudy.data             INFO     Holding out 10 families: vqe_two_local, vqe_real_amp, vqe_su2, qaoa, randomcircuit, qft, qnn, ae, qftentangled, iqpe
2026-10-07 18:32:25,547  run_experiment            INFO     [1/10] vqe_two_local
2026-10-07 18:32:25,550  gsv3.experiment           INFO     === family_holdout / vqe_two_local ===
2026-10-07 18:32:25,550  gsv3.experiment           INFO     Leave-one-family-out: test = all 3449 'vqe_two_local' circuits, train = 13607 circuits from 34 other families.
2026-10-07 18:32:25,552  gsv3.experiment           INFO     train=10710  val=2897 ({'mode': 'family', 'val_families': ['bmw_quark_copula', 'draper_qft_adder', 'dynamic_qft', 'ghz', 'graphstate', 'grover', 'qft', 'qftentangled', 'qpeinexact', 'randomcircuit']})  test=3449
2026-10-07 18:32:25,740  gsv3.training             INFO     [family_holdout:vqe_two_local] model=pooled (601177 params) train=10710 val=2897 lr=0.0003 clip=1.0 alpha=0.00
2026-10-07 18:32:40,542  gsv3.training             INFO     [family_holdout:vqe_two_local] epoch 0001  train_log_mse=8.32497  val_log_mse=10.46456  val_mse=0.067749  max_grad=101776.54  patience=0/30
2026-10-07 18:32:54,846  gsv3.training             INFO     [family_holdout:vqe_two_local] epoch 0002  train_log_mse=0.47351  val_log_mse=6.50277  val_mse=0.014741  max_grad=403.69  patience=0/30
2026-10-07 18:33:08,034  gsv3.training             INFO     [family_holdout:vqe_two_local] epoch 0003  train_log_mse=0.30764  val_log_mse=4.27489  val_mse=0.013163  max_grad=306.97  patience=0/30
2026-10-07 18:33:22,404  gsv3.training             INFO     [family_holdout:vqe_two_local] epoch 0004  train_log_mse=0.17072  val_log_mse=4.47237  val_mse=0.016915  max_grad=203.82  patience=1/30
2026-10-07 18:33:36,540  gsv3.training             INFO     [family_holdout:vqe_two_local] epoch 0005  train_log_mse=0.13665  val_log_mse=2.62687  val_mse=0.009965  max_grad=178.17  patience=0/30
2026-10-07 18:33:51,786  gsv3.training             INFO     [family_holdout:vqe_two_local] epoch 0006  train_log_mse=0.13433  val_log_mse=2.63864  val_mse=0.015240  max_grad=176.25  patience=1/30
2026-10-07 18:34:06,023  gsv3.training             INFO     [family_holdout:vqe_two_local] epoch 0007  train_log_mse=0.13091  val_log_mse=2.32572  val_mse=0.008592  max_grad=174.61  patience=0/30
2026-10-07 18:34:20,033  gsv3.training             INFO     [family_holdout:vqe_two_local] epoch 0008  train_log_mse=0.12220  val_log_mse=3.53677  val_mse=0.008909  max_grad=163.92  patience=1/30
2026-10-07 18:34:34,909  gsv3.training             INFO     [family_holdout:vqe_two_local] epoch 0009  train_log_mse=0.09444  val_log_mse=3.03121  val_mse=0.012231  max_grad=95.41  patience=2/30
2026-10-07 18:34:49,383  gsv3.training             INFO     [family_holdout:vqe_two_local] epoch 0010  train_log_mse=0.09139  val_log_mse=2.26458  val_mse=0.008018  max_grad=111.83  patience=0/30
2026-10-07 18:35:03,332  gsv3.training             INFO     [family_holdout:vqe_two_local] epoch 0011  train_log_mse=0.08520  val_log_mse=2.66610  val_mse=0.012807  max_grad=111.83  patience=1/30
2026-10-07 18:35:18,028  gsv3.training             INFO     [family_holdout:vqe_two_local] epoch 0012  train_log_mse=0.08477  val_log_mse=2.15634  val_mse=0.007677  max_grad=114.34  patience=0/30
2026-10-07 18:35:32,755  gsv3.training             INFO     [family_holdout:vqe_two_local] epoch 0013  train_log_mse=0.07192  val_log_mse=2.36262  val_mse=0.008834  max_grad=107.84  patience=1/30
2026-10-07 18:35:46,774  gsv3.training             INFO     [family_holdout:vqe_two_local] epoch 0014  train_log_mse=0.08324  val_log_mse=3.11169  val_mse=0.012345  max_grad=107.50  patience=2/30
2026-10-07 18:36:01,304  gsv3.training             INFO     [family_holdout:vqe_two_local] epoch 0015  train_log_mse=0.07768  val_log_mse=2.33030  val_mse=0.009945  max_grad=84.47  patience=3/30
2026-10-07 18:36:15,709  gsv3.training             INFO     [family_holdout:vqe_two_local] epoch 0016  train_log_mse=0.06726  val_log_mse=2.10468  val_mse=0.007704  max_grad=51.61  patience=4/30
2026-10-07 18:36:29,815  gsv3.training             INFO     [family_holdout:vqe_two_local] epoch 0017  train_log_mse=0.06460  val_log_mse=2.20066  val_mse=0.009467  max_grad=83.16  patience=5/30
2026-10-07 18:36:44,382  gsv3.training             INFO     [family_holdout:vqe_two_local] epoch 0018  train_log_mse=0.06143  val_log_mse=1.89222  val_mse=0.006142  max_grad=55.89  patience=0/30
2026-10-07 18:36:58,619  gsv3.training             INFO     [family_holdout:vqe_two_local] epoch 0019  train_log_mse=0.05606  val_log_mse=2.09382  val_mse=0.007618  max_grad=61.19  patience=1/30
2026-10-07 18:37:13,082  gsv3.training             INFO     [family_holdout:vqe_two_local] epoch 0020  train_log_mse=0.05447  val_log_mse=2.74399  val_mse=0.011022  max_grad=79.80  patience=2/30
2026-10-07 18:37:27,890  gsv3.training             INFO     [family_holdout:vqe_two_local] epoch 0021  train_log_mse=0.06237  val_log_mse=2.47573  val_mse=0.009779  max_grad=88.73  patience=3/30
2026-10-07 18:37:42,035  gsv3.training             INFO     [family_holdout:vqe_two_local] epoch 0022  train_log_mse=0.05589  val_log_mse=2.26102  val_mse=0.008358  max_grad=62.33  patience=4/30
2026-10-07 18:37:56,729  gsv3.training             INFO     [family_holdout:vqe_two_local] epoch 0023  train_log_mse=0.05691  val_log_mse=2.11111  val_mse=0.006785  max_grad=66.07  patience=5/30
2026-10-07 18:38:10,830  gsv3.training             INFO     [family_holdout:vqe_two_local] epoch 0024  train_log_mse=0.05634  val_log_mse=2.14517  val_mse=0.007946  max_grad=85.48  patience=6/30
2026-10-07 18:38:24,367  gsv3.training             INFO     [family_holdout:vqe_two_local] epoch 0025  train_log_mse=0.05780  val_log_mse=2.04615  val_mse=0.008083  max_grad=58.60  patience=7/30
2026-10-07 18:38:38,369  gsv3.training             INFO     [family_holdout:vqe_two_local] epoch 0026  train_log_mse=0.04945  val_log_mse=2.12412  val_mse=0.007043  max_grad=41.53  patience=8/30
2026-10-07 18:38:52,305  gsv3.training             INFO     [family_holdout:vqe_two_local] epoch 0027  train_log_mse=0.04869  val_log_mse=2.31748  val_mse=0.009883  max_grad=35.82  patience=9/30
2026-10-07 18:39:05,534  gsv3.training             INFO     [family_holdout:vqe_two_local] epoch 0028  train_log_mse=0.04533  val_log_mse=2.10970  val_mse=0.006856  max_grad=50.75  patience=10/30
2026-10-07 18:39:19,633  gsv3.training             INFO     [family_holdout:vqe_two_local] epoch 0029  train_log_mse=0.04646  val_log_mse=2.03325  val_mse=0.007189  max_grad=39.88  patience=11/30
2026-10-07 18:39:33,488  gsv3.training             INFO     [family_holdout:vqe_two_local] epoch 0030  train_log_mse=0.04402  val_log_mse=1.98729  val_mse=0.007490  max_grad=58.56  patience=12/30
2026-10-07 18:39:46,879  gsv3.training             INFO     [family_holdout:vqe_two_local] epoch 0031  train_log_mse=0.04722  val_log_mse=1.83992  val_mse=0.005701  max_grad=56.82  patience=0/30
2026-10-07 18:40:01,275  gsv3.training             INFO     [family_holdout:vqe_two_local] epoch 0032  train_log_mse=0.04234  val_log_mse=2.32788  val_mse=0.007760  max_grad=38.17  patience=1/30
2026-10-07 18:40:14,589  gsv3.training             INFO     [family_holdout:vqe_two_local] epoch 0033  train_log_mse=0.04416  val_log_mse=1.69437  val_mse=0.006517  max_grad=35.53  patience=2/30
2026-10-07 18:40:27,876  gsv3.training             INFO     [family_holdout:vqe_two_local] epoch 0034  train_log_mse=0.04580  val_log_mse=2.20916  val_mse=0.007701  max_grad=69.23  patience=3/30
2026-10-07 18:40:42,266  gsv3.training             INFO     [family_holdout:vqe_two_local] epoch 0035  train_log_mse=0.04758  val_log_mse=1.55363  val_mse=0.005673  max_grad=47.59  patience=0/30
2026-10-07 18:40:55,435  gsv3.training             INFO     [family_holdout:vqe_two_local] epoch 0036  train_log_mse=0.04031  val_log_mse=1.96038  val_mse=0.007704  max_grad=29.18  patience=1/30
2026-10-07 18:41:08,526  gsv3.training             INFO     [family_holdout:vqe_two_local] epoch 0037  train_log_mse=0.04063  val_log_mse=2.25567  val_mse=0.008533  max_grad=43.04  patience=2/30
2026-10-07 18:41:22,565  gsv3.training             INFO     [family_holdout:vqe_two_local] epoch 0038  train_log_mse=0.04101  val_log_mse=1.95733  val_mse=0.007090  max_grad=38.16  patience=3/30
2026-10-07 18:41:35,719  gsv3.training             INFO     [family_holdout:vqe_two_local] epoch 0039  train_log_mse=0.04078  val_log_mse=2.18807  val_mse=0.007115  max_grad=43.51  patience=4/30
2026-10-07 18:41:49,308  gsv3.training             INFO     [family_holdout:vqe_two_local] epoch 0040  train_log_mse=0.03812  val_log_mse=1.74551  val_mse=0.005669  max_grad=38.38  patience=0/30
2026-10-07 18:42:03,083  gsv3.training             INFO     [family_holdout:vqe_two_local] epoch 0041  train_log_mse=0.04026  val_log_mse=2.00208  val_mse=0.009457  max_grad=44.87  patience=1/30
2026-10-07 18:42:16,092  gsv3.training             INFO     [family_holdout:vqe_two_local] epoch 0042  train_log_mse=0.03669  val_log_mse=1.84702  val_mse=0.006134  max_grad=35.49  patience=2/30
2026-10-07 18:42:29,833  gsv3.training             INFO     [family_holdout:vqe_two_local] epoch 0043  train_log_mse=0.04270  val_log_mse=2.07978  val_mse=0.009964  max_grad=39.57  patience=3/30
2026-10-07 18:42:43,604  gsv3.training             INFO     [family_holdout:vqe_two_local] epoch 0044  train_log_mse=0.03942  val_log_mse=2.07598  val_mse=0.006254  max_grad=38.30  patience=4/30
2026-10-07 18:42:57,079  gsv3.training             INFO     [family_holdout:vqe_two_local] epoch 0045  train_log_mse=0.04003  val_log_mse=1.88326  val_mse=0.006729  max_grad=35.78  patience=5/30
2026-10-07 18:43:10,457  gsv3.training             INFO     [family_holdout:vqe_two_local] epoch 0046  train_log_mse=0.03868  val_log_mse=1.80071  val_mse=0.007079  max_grad=33.35  patience=6/30
2026-10-07 18:43:24,323  gsv3.training             INFO     [family_holdout:vqe_two_local] epoch 0047  train_log_mse=0.03713  val_log_mse=2.15436  val_mse=0.007811  max_grad=42.45  patience=7/30
2026-10-07 18:43:38,183  gsv3.training             INFO     [family_holdout:vqe_two_local] epoch 0048  train_log_mse=0.03889  val_log_mse=1.89888  val_mse=0.006334  max_grad=34.14  patience=8/30
2026-10-07 18:43:51,594  gsv3.training             INFO     [family_holdout:vqe_two_local] epoch 0049  train_log_mse=0.03832  val_log_mse=1.98531  val_mse=0.008135  max_grad=28.29  patience=9/30
2026-10-07 18:44:05,326  gsv3.training             INFO     [family_holdout:vqe_two_local] epoch 0050  train_log_mse=0.03362  val_log_mse=1.67208  val_mse=0.006593  max_grad=36.29  patience=10/30
2026-10-07 18:44:19,112  gsv3.training             INFO     [family_holdout:vqe_two_local] epoch 0051  train_log_mse=0.03486  val_log_mse=1.87584  val_mse=0.007013  max_grad=27.33  patience=11/30
2026-10-07 18:44:32,441  gsv3.training             INFO     [family_holdout:vqe_two_local] epoch 0052  train_log_mse=0.03548  val_log_mse=2.19374  val_mse=0.008236  max_grad=37.58  patience=12/30
2026-10-07 18:44:46,457  gsv3.training             INFO     [family_holdout:vqe_two_local] epoch 0053  train_log_mse=0.03860  val_log_mse=1.72586  val_mse=0.006379  max_grad=53.83  patience=13/30
2026-10-07 18:45:00,090  gsv3.training             INFO     [family_holdout:vqe_two_local] epoch 0054  train_log_mse=0.03470  val_log_mse=1.95634  val_mse=0.007346  max_grad=23.77  patience=14/30
2026-10-07 18:45:13,855  gsv3.training             INFO     [family_holdout:vqe_two_local] epoch 0055  train_log_mse=0.03748  val_log_mse=2.12794  val_mse=0.007991  max_grad=35.97  patience=15/30
2026-10-07 18:45:28,160  gsv3.training             INFO     [family_holdout:vqe_two_local] epoch 0056  train_log_mse=0.03558  val_log_mse=1.56324  val_mse=0.006323  max_grad=40.25  patience=16/30
2026-10-07 18:45:42,149  gsv3.training             INFO     [family_holdout:vqe_two_local] epoch 0057  train_log_mse=0.03362  val_log_mse=1.69777  val_mse=0.006949  max_grad=20.91  patience=17/30
2026-10-07 18:45:55,802  gsv3.training             INFO     [family_holdout:vqe_two_local] epoch 0058  train_log_mse=0.03292  val_log_mse=1.89834  val_mse=0.006811  max_grad=20.74  patience=18/30
2026-10-07 18:46:09,888  gsv3.training             INFO     [family_holdout:vqe_two_local] epoch 0059  train_log_mse=0.03276  val_log_mse=2.17716  val_mse=0.008532  max_grad=31.63  patience=19/30
2026-10-07 18:46:23,245  gsv3.training             INFO     [family_holdout:vqe_two_local] epoch 0060  train_log_mse=0.03312  val_log_mse=1.82892  val_mse=0.006540  max_grad=26.94  patience=20/30
2026-10-07 18:46:36,841  gsv3.training             INFO     [family_holdout:vqe_two_local] epoch 0061  train_log_mse=0.03329  val_log_mse=1.95471  val_mse=0.006594  max_grad=31.96  patience=21/30
2026-10-07 18:46:50,869  gsv3.training             INFO     [family_holdout:vqe_two_local] epoch 0062  train_log_mse=0.03311  val_log_mse=1.85291  val_mse=0.006800  max_grad=24.92  patience=22/30
2026-10-07 18:47:04,115  gsv3.training             INFO     [family_holdout:vqe_two_local] epoch 0063  train_log_mse=0.03434  val_log_mse=1.84183  val_mse=0.007000  max_grad=27.72  patience=23/30
2026-10-07 18:47:17,872  gsv3.training             INFO     [family_holdout:vqe_two_local] epoch 0064  train_log_mse=0.03455  val_log_mse=1.97365  val_mse=0.007549  max_grad=34.08  patience=24/30
2026-10-07 18:47:31,784  gsv3.training             INFO     [family_holdout:vqe_two_local] epoch 0065  train_log_mse=0.03308  val_log_mse=1.91189  val_mse=0.006520  max_grad=30.28  patience=25/30
2026-10-07 18:47:45,070  gsv3.training             INFO     [family_holdout:vqe_two_local] epoch 0066  train_log_mse=0.03204  val_log_mse=2.08024  val_mse=0.007036  max_grad=22.95  patience=26/30
2026-10-07 18:47:59,187  gsv3.training             INFO     [family_holdout:vqe_two_local] epoch 0067  train_log_mse=0.03263  val_log_mse=2.14851  val_mse=0.008643  max_grad=21.53  patience=27/30
2026-10-07 18:48:12,710  gsv3.training             INFO     [family_holdout:vqe_two_local] epoch 0068  train_log_mse=0.03155  val_log_mse=1.78716  val_mse=0.006815  max_grad=26.26  patience=28/30
2026-10-07 18:48:25,844  gsv3.training             INFO     [family_holdout:vqe_two_local] epoch 0069  train_log_mse=0.03238  val_log_mse=2.23594  val_mse=0.007405  max_grad=20.94  patience=29/30
2026-10-07 18:48:40,453  gsv3.training             INFO     [family_holdout:vqe_two_local] epoch 0070  train_log_mse=0.03036  val_log_mse=1.56446  val_mse=0.005883  max_grad=27.44  patience=30/30
2026-10-07 18:48:43,245  gsv3.experiment           INFO     [vqe_two_local] TEST  n=3449  MAE=0.0697  R2=0.8900  device-acc=0.465  regret=0.0180
2026-10-07 18:48:43,248  genstudy.io               INFO     Wrote evaluations/generalization_v3/results/pooled_stab_a00/leave_one_family_out/vqe_two_local/metrics.json
2026-10-07 18:48:43,268  genstudy.io               INFO     Wrote evaluations/generalization_v3/results/pooled_stab_a00/leave_one_family_out/vqe_two_local/predictions.json
2026-10-07 18:48:43,278  genstudy.io               INFO     Wrote evaluations/generalization_v3/results/pooled_stab_a00/leave_one_family_out/vqe_two_local/history.json
2026-10-07 18:48:43,314  run_experiment            INFO     [2/10] vqe_real_amp
2026-10-07 18:48:43,317  gsv3.experiment           INFO     === family_holdout / vqe_real_amp ===
2026-10-07 18:48:43,317  gsv3.experiment           INFO     Leave-one-family-out: test = all 2861 'vqe_real_amp' circuits, train = 14195 circuits from 34 other families.
2026-10-07 18:48:43,318  gsv3.experiment           INFO     train=11298  val=2897 ({'mode': 'family', 'val_families': ['bmw_quark_copula', 'draper_qft_adder', 'dynamic_qft', 'ghz', 'graphstate', 'grover', 'qft', 'qftentangled', 'qpeinexact', 'randomcircuit']})  test=2861
2026-10-07 18:48:43,363  gsv3.training             INFO     [family_holdout:vqe_real_amp] model=pooled (601177 params) train=11298 val=2897 lr=0.0003 clip=1.0 alpha=0.00
2026-10-07 18:48:57,832  gsv3.training             INFO     [family_holdout:vqe_real_amp] epoch 0001  train_log_mse=6.25585  val_log_mse=7.95925  val_mse=0.010901  max_grad=54087.88  patience=0/30
2026-10-07 18:49:11,801  gsv3.training             INFO     [family_holdout:vqe_real_amp] epoch 0002  train_log_mse=0.60613  val_log_mse=7.79154  val_mse=0.024385  max_grad=585.27  patience=1/30
2026-10-07 18:49:26,018  gsv3.training             INFO     [family_holdout:vqe_real_amp] epoch 0003  train_log_mse=0.33509  val_log_mse=3.45765  val_mse=0.008034  max_grad=570.48  patience=0/30
2026-10-07 18:49:40,599  gsv3.training             INFO     [family_holdout:vqe_real_amp] epoch 0004  train_log_mse=0.24338  val_log_mse=3.78911  val_mse=0.018911  max_grad=360.39  patience=1/30
2026-10-07 18:49:54,500  gsv3.training             INFO     [family_holdout:vqe_real_amp] epoch 0005  train_log_mse=0.18099  val_log_mse=3.43121  val_mse=0.013978  max_grad=256.47  patience=2/30
2026-10-07 18:50:08,645  gsv3.training             INFO     [family_holdout:vqe_real_amp] epoch 0006  train_log_mse=0.15154  val_log_mse=3.57961  val_mse=0.012952  max_grad=200.29  patience=3/30
2026-10-07 18:50:23,279  gsv3.training             INFO     [family_holdout:vqe_real_amp] epoch 0007  train_log_mse=0.11200  val_log_mse=3.50413  val_mse=0.008403  max_grad=155.15  patience=4/30
2026-10-07 18:50:37,119  gsv3.training             INFO     [family_holdout:vqe_real_amp] epoch 0008  train_log_mse=0.13017  val_log_mse=2.42916  val_mse=0.011531  max_grad=168.22  patience=5/30
2026-10-07 18:50:51,318  gsv3.training             INFO     [family_holdout:vqe_real_amp] epoch 0009  train_log_mse=0.10720  val_log_mse=2.77503  val_mse=0.010388  max_grad=127.22  patience=6/30
2026-10-07 18:51:05,775  gsv3.training             INFO     [family_holdout:vqe_real_amp] epoch 0010  train_log_mse=0.10225  val_log_mse=2.92878  val_mse=0.012401  max_grad=127.41  patience=7/30
2026-10-07 18:51:19,599  gsv3.training             INFO     [family_holdout:vqe_real_amp] epoch 0011  train_log_mse=0.08219  val_log_mse=1.91782  val_mse=0.007735  max_grad=80.94  patience=0/30
2026-10-07 18:51:33,864  gsv3.training             INFO     [family_holdout:vqe_real_amp] epoch 0012  train_log_mse=0.08147  val_log_mse=2.23869  val_mse=0.006349  max_grad=83.70  patience=0/30
2026-10-07 18:51:48,292  gsv3.training             INFO     [family_holdout:vqe_real_amp] epoch 0013  train_log_mse=0.07531  val_log_mse=2.06165  val_mse=0.009322  max_grad=63.86  patience=1/30
2026-10-07 18:52:02,244  gsv3.training             INFO     [family_holdout:vqe_real_amp] epoch 0014  train_log_mse=0.07529  val_log_mse=2.37572  val_mse=0.006838  max_grad=104.05  patience=2/30
2026-10-07 18:52:16,469  gsv3.training             INFO     [family_holdout:vqe_real_amp] epoch 0015  train_log_mse=0.07215  val_log_mse=1.94600  val_mse=0.008459  max_grad=99.65  patience=3/30
2026-10-07 18:52:31,186  gsv3.training             INFO     [family_holdout:vqe_real_amp] epoch 0016  train_log_mse=0.06098  val_log_mse=2.05427  val_mse=0.005949  max_grad=58.18  patience=0/30
2026-10-07 18:52:45,161  gsv3.training             INFO     [family_holdout:vqe_real_amp] epoch 0017  train_log_mse=0.05983  val_log_mse=1.91272  val_mse=0.009412  max_grad=67.69  patience=1/30
2026-10-07 18:52:59,344  gsv3.training             INFO     [family_holdout:vqe_real_amp] epoch 0018  train_log_mse=0.05768  val_log_mse=2.10343  val_mse=0.008415  max_grad=54.46  patience=2/30
2026-10-07 18:53:13,955  gsv3.training             INFO     [family_holdout:vqe_real_amp] epoch 0019  train_log_mse=0.05676  val_log_mse=2.46939  val_mse=0.006004  max_grad=49.24  patience=3/30
2026-10-07 18:53:28,047  gsv3.training             INFO     [family_holdout:vqe_real_amp] epoch 0020  train_log_mse=0.05518  val_log_mse=1.92271  val_mse=0.010111  max_grad=114.89  patience=4/30
2026-10-07 18:53:42,071  gsv3.training             INFO     [family_holdout:vqe_real_amp] epoch 0021  train_log_mse=0.05491  val_log_mse=1.63163  val_mse=0.006812  max_grad=54.01  patience=5/30
2026-10-07 18:53:56,969  gsv3.training             INFO     [family_holdout:vqe_real_amp] epoch 0022  train_log_mse=0.05101  val_log_mse=2.27289  val_mse=0.007635  max_grad=48.90  patience=6/30
2026-10-07 18:54:10,923  gsv3.training             INFO     [family_holdout:vqe_real_amp] epoch 0023  train_log_mse=0.05403  val_log_mse=1.66376  val_mse=0.007983  max_grad=64.94  patience=7/30
2026-10-07 18:54:25,181  gsv3.training             INFO     [family_holdout:vqe_real_amp] epoch 0024  train_log_mse=0.04983  val_log_mse=1.88314  val_mse=0.006943  max_grad=40.87  patience=8/30
2026-10-07 18:54:40,262  gsv3.training             INFO     [family_holdout:vqe_real_amp] epoch 0025  train_log_mse=0.05343  val_log_mse=1.58088  val_mse=0.006439  max_grad=74.29  patience=9/30
2026-10-07 18:54:54,275  gsv3.training             INFO     [family_holdout:vqe_real_amp] epoch 0026  train_log_mse=0.04304  val_log_mse=1.63652  val_mse=0.007195  max_grad=32.28  patience=10/30
2026-10-07 18:55:08,191  gsv3.training             INFO     [family_holdout:vqe_real_amp] epoch 0027  train_log_mse=0.04423  val_log_mse=1.64704  val_mse=0.008352  max_grad=33.31  patience=11/30
2026-10-07 18:55:23,408  gsv3.training             INFO     [family_holdout:vqe_real_amp] epoch 0028  train_log_mse=0.05215  val_log_mse=2.00466  val_mse=0.009843  max_grad=43.99  patience=12/30
2026-10-07 18:55:37,154  gsv3.training             INFO     [family_holdout:vqe_real_amp] epoch 0029  train_log_mse=0.05034  val_log_mse=1.87425  val_mse=0.008131  max_grad=61.72  patience=13/30
2026-10-07 18:55:51,031  gsv3.training             INFO     [family_holdout:vqe_real_amp] epoch 0030  train_log_mse=0.04746  val_log_mse=1.97915  val_mse=0.009174  max_grad=46.24  patience=14/30
2026-10-07 18:56:06,017  gsv3.training             INFO     [family_holdout:vqe_real_amp] epoch 0031  train_log_mse=0.04078  val_log_mse=2.13372  val_mse=0.009113  max_grad=29.27  patience=15/30
2026-10-07 18:56:20,250  gsv3.training             INFO     [family_holdout:vqe_real_amp] epoch 0032  train_log_mse=0.04149  val_log_mse=1.69373  val_mse=0.007537  max_grad=34.12  patience=16/30
2026-10-07 18:56:34,290  gsv3.training             INFO     [family_holdout:vqe_real_amp] epoch 0033  train_log_mse=0.03968  val_log_mse=1.64375  val_mse=0.006067  max_grad=51.98  patience=17/30
2026-10-07 18:56:49,108  gsv3.training             INFO     [family_holdout:vqe_real_amp] epoch 0034  train_log_mse=0.03949  val_log_mse=1.75954  val_mse=0.006058  max_grad=47.30  patience=18/30
2026-10-07 18:57:03,290  gsv3.training             INFO     [family_holdout:vqe_real_amp] epoch 0035  train_log_mse=0.04372  val_log_mse=1.80110  val_mse=0.006130  max_grad=32.73  patience=19/30
2026-10-07 18:57:17,268  gsv3.training             INFO     [family_holdout:vqe_real_amp] epoch 0036  train_log_mse=0.03780  val_log_mse=2.03429  val_mse=0.008384  max_grad=41.74  patience=20/30
2026-10-07 18:57:32,062  gsv3.training             INFO     [family_holdout:vqe_real_amp] epoch 0037  train_log_mse=0.03948  val_log_mse=1.91350  val_mse=0.007793  max_grad=36.79  patience=21/30
2026-10-07 18:57:46,330  gsv3.training             INFO     [family_holdout:vqe_real_amp] epoch 0038  train_log_mse=0.04026  val_log_mse=1.73600  val_mse=0.006667  max_grad=34.99  patience=22/30
2026-10-07 18:58:00,321  gsv3.training             INFO     [family_holdout:vqe_real_amp] epoch 0039  train_log_mse=0.04275  val_log_mse=1.93826  val_mse=0.007160  max_grad=103.95  patience=23/30
2026-10-07 18:58:14,856  gsv3.training             INFO     [family_holdout:vqe_real_amp] epoch 0040  train_log_mse=0.03590  val_log_mse=1.69460  val_mse=0.006229  max_grad=38.85  patience=24/30
2026-10-07 18:58:29,259  gsv3.training             INFO     [family_holdout:vqe_real_amp] epoch 0041  train_log_mse=0.03524  val_log_mse=1.51723  val_mse=0.005917  max_grad=30.33  patience=0/30
2026-10-07 18:58:43,086  gsv3.training             INFO     [family_holdout:vqe_real_amp] epoch 0042  train_log_mse=0.03786  val_log_mse=1.51018  val_mse=0.006529  max_grad=33.08  patience=1/30
2026-10-07 18:58:57,575  gsv3.training             INFO     [family_holdout:vqe_real_amp] epoch 0043  train_log_mse=0.03758  val_log_mse=1.68856  val_mse=0.007130  max_grad=30.97  patience=2/30
2026-10-07 18:59:12,169  gsv3.training             INFO     [family_holdout:vqe_real_amp] epoch 0044  train_log_mse=0.03567  val_log_mse=1.68882  val_mse=0.007505  max_grad=35.10  patience=3/30
2026-10-07 18:59:26,122  gsv3.training             INFO     [family_holdout:vqe_real_amp] epoch 0045  train_log_mse=0.03681  val_log_mse=1.80040  val_mse=0.006415  max_grad=30.61  patience=4/30
2026-10-07 18:59:40,599  gsv3.training             INFO     [family_holdout:vqe_real_amp] epoch 0046  train_log_mse=0.03512  val_log_mse=1.51506  val_mse=0.008168  max_grad=26.22  patience=5/30
2026-10-07 18:59:55,134  gsv3.training             INFO     [family_holdout:vqe_real_amp] epoch 0047  train_log_mse=0.03729  val_log_mse=1.75451  val_mse=0.006564  max_grad=27.69  patience=6/30
2026-10-07 19:00:09,063  gsv3.training             INFO     [family_holdout:vqe_real_amp] epoch 0048  train_log_mse=0.03940  val_log_mse=1.62555  val_mse=0.007853  max_grad=36.34  patience=7/30
2026-10-07 19:00:23,634  gsv3.training             INFO     [family_holdout:vqe_real_amp] epoch 0049  train_log_mse=0.03746  val_log_mse=1.46705  val_mse=0.006357  max_grad=30.61  patience=8/30
2026-10-07 19:00:38,288  gsv3.training             INFO     [family_holdout:vqe_real_amp] epoch 0050  train_log_mse=0.03513  val_log_mse=1.54818  val_mse=0.006180  max_grad=28.62  patience=9/30
2026-10-07 19:00:52,298  gsv3.training             INFO     [family_holdout:vqe_real_amp] epoch 0051  train_log_mse=0.03425  val_log_mse=1.83385  val_mse=0.006574  max_grad=26.71  patience=10/30
2026-10-07 19:01:06,783  gsv3.training             INFO     [family_holdout:vqe_real_amp] epoch 0052  train_log_mse=0.03581  val_log_mse=1.39718  val_mse=0.005086  max_grad=44.91  patience=0/30
2026-10-07 19:01:21,304  gsv3.training             INFO     [family_holdout:vqe_real_amp] epoch 0053  train_log_mse=0.03396  val_log_mse=2.01679  val_mse=0.007763  max_grad=28.42  patience=1/30
2026-10-07 19:01:35,400  gsv3.training             INFO     [family_holdout:vqe_real_amp] epoch 0054  train_log_mse=0.03512  val_log_mse=1.71578  val_mse=0.006766  max_grad=28.24  patience=2/30
2026-10-07 19:01:49,834  gsv3.training             INFO     [family_holdout:vqe_real_amp] epoch 0055  train_log_mse=0.03382  val_log_mse=1.94392  val_mse=0.008448  max_grad=22.22  patience=3/30
2026-10-07 19:02:04,162  gsv3.training             INFO     [family_holdout:vqe_real_amp] epoch 0056  train_log_mse=0.03216  val_log_mse=1.45498  val_mse=0.006712  max_grad=22.70  patience=4/30
2026-10-07 19:02:18,300  gsv3.training             INFO     [family_holdout:vqe_real_amp] epoch 0057  train_log_mse=0.03337  val_log_mse=1.62756  val_mse=0.006397  max_grad=22.60  patience=5/30
2026-10-07 19:02:32,734  gsv3.training             INFO     [family_holdout:vqe_real_amp] epoch 0058  train_log_mse=0.03503  val_log_mse=1.65039  val_mse=0.006353  max_grad=30.55  patience=6/30
2026-10-07 19:02:46,963  gsv3.training             INFO     [family_holdout:vqe_real_amp] epoch 0059  train_log_mse=0.03487  val_log_mse=1.52585  val_mse=0.007377  max_grad=27.94  patience=7/30
2026-10-07 19:03:01,223  gsv3.training             INFO     [family_holdout:vqe_real_amp] epoch 0060  train_log_mse=0.03234  val_log_mse=1.66399  val_mse=0.006467  max_grad=22.53  patience=8/30
2026-10-07 19:03:15,724  gsv3.training             INFO     [family_holdout:vqe_real_amp] epoch 0061  train_log_mse=0.03144  val_log_mse=1.74931  val_mse=0.006559  max_grad=26.84  patience=9/30
2026-10-07 19:03:29,891  gsv3.training             INFO     [family_holdout:vqe_real_amp] epoch 0062  train_log_mse=0.03087  val_log_mse=1.69924  val_mse=0.006800  max_grad=28.06  patience=10/30
2026-10-07 19:03:44,286  gsv3.training             INFO     [family_holdout:vqe_real_amp] epoch 0063  train_log_mse=0.03210  val_log_mse=1.81481  val_mse=0.007455  max_grad=24.59  patience=11/30
2026-10-07 19:03:58,683  gsv3.training             INFO     [family_holdout:vqe_real_amp] epoch 0064  train_log_mse=0.03182  val_log_mse=1.79166  val_mse=0.007279  max_grad=20.57  patience=12/30
2026-10-07 19:04:12,990  gsv3.training             INFO     [family_holdout:vqe_real_amp] epoch 0065  train_log_mse=0.03176  val_log_mse=1.76903  val_mse=0.005950  max_grad=26.77  patience=13/30
2026-10-07 19:04:27,614  gsv3.training             INFO     [family_holdout:vqe_real_amp] epoch 0066  train_log_mse=0.03076  val_log_mse=1.80593  val_mse=0.007661  max_grad=24.52  patience=14/30
2026-10-07 19:04:41,915  gsv3.training             INFO     [family_holdout:vqe_real_amp] epoch 0067  train_log_mse=0.03162  val_log_mse=1.79421  val_mse=0.008137  max_grad=28.94  patience=15/30
2026-10-07 19:04:56,140  gsv3.training             INFO     [family_holdout:vqe_real_amp] epoch 0068  train_log_mse=0.03121  val_log_mse=1.65354  val_mse=0.005890  max_grad=42.50  patience=16/30
2026-10-07 19:05:10,817  gsv3.training             INFO     [family_holdout:vqe_real_amp] epoch 0069  train_log_mse=0.03027  val_log_mse=1.62379  val_mse=0.006892  max_grad=23.38  patience=17/30
2026-10-07 19:05:25,220  gsv3.training             INFO     [family_holdout:vqe_real_amp] epoch 0070  train_log_mse=0.03024  val_log_mse=1.62377  val_mse=0.007493  max_grad=21.59  patience=18/30
2026-10-07 19:05:39,534  gsv3.training             INFO     [family_holdout:vqe_real_amp] epoch 0071  train_log_mse=0.02923  val_log_mse=1.62673  val_mse=0.006711  max_grad=20.00  patience=19/30
2026-10-07 19:05:53,925  gsv3.training             INFO     [family_holdout:vqe_real_amp] epoch 0072  train_log_mse=0.03033  val_log_mse=1.62616  val_mse=0.007465  max_grad=21.03  patience=20/30
2026-10-07 19:06:08,204  gsv3.training             INFO     [family_holdout:vqe_real_amp] epoch 0073  train_log_mse=0.03050  val_log_mse=1.36526  val_mse=0.005544  max_grad=22.17  patience=21/30
2026-10-07 19:06:22,512  gsv3.training             INFO     [family_holdout:vqe_real_amp] epoch 0074  train_log_mse=0.02972  val_log_mse=1.42176  val_mse=0.006008  max_grad=27.22  patience=22/30
2026-10-07 19:06:36,688  gsv3.training             INFO     [family_holdout:vqe_real_amp] epoch 0075  train_log_mse=0.02800  val_log_mse=1.60804  val_mse=0.006860  max_grad=22.31  patience=23/30
2026-10-07 19:06:51,091  gsv3.training             INFO     [family_holdout:vqe_real_amp] epoch 0076  train_log_mse=0.03170  val_log_mse=1.90085  val_mse=0.007392  max_grad=22.31  patience=24/30
2026-10-07 19:07:05,357  gsv3.training             INFO     [family_holdout:vqe_real_amp] epoch 0077  train_log_mse=0.02757  val_log_mse=1.86104  val_mse=0.007406  max_grad=34.44  patience=25/30
2026-10-07 19:07:19,466  gsv3.training             INFO     [family_holdout:vqe_real_amp] epoch 0078  train_log_mse=0.03008  val_log_mse=1.64347  val_mse=0.008449  max_grad=32.39  patience=26/30
2026-10-07 19:07:34,103  gsv3.training             INFO     [family_holdout:vqe_real_amp] epoch 0079  train_log_mse=0.02675  val_log_mse=1.54520  val_mse=0.006446  max_grad=24.57  patience=27/30
2026-10-07 19:07:48,573  gsv3.training             INFO     [family_holdout:vqe_real_amp] epoch 0080  train_log_mse=0.02702  val_log_mse=1.65743  val_mse=0.006827  max_grad=24.10  patience=28/30
2026-10-07 19:08:02,438  gsv3.training             INFO     [family_holdout:vqe_real_amp] epoch 0081  train_log_mse=0.02591  val_log_mse=1.40746  val_mse=0.005857  max_grad=21.50  patience=29/30
2026-10-07 19:08:17,091  gsv3.training             INFO     [family_holdout:vqe_real_amp] epoch 0082  train_log_mse=0.02844  val_log_mse=1.48979  val_mse=0.005804  max_grad=24.56  patience=30/30
2026-10-07 19:08:19,658  gsv3.experiment           INFO     [vqe_real_amp] TEST  n=2861  MAE=0.0148  R2=0.9936  device-acc=0.869  regret=0.0025
2026-10-07 19:08:19,686  genstudy.io               INFO     Wrote evaluations/generalization_v3/results/pooled_stab_a00/leave_one_family_out/vqe_real_amp/metrics.json
2026-10-07 19:08:19,711  genstudy.io               INFO     Wrote evaluations/generalization_v3/results/pooled_stab_a00/leave_one_family_out/vqe_real_amp/predictions.json
2026-10-07 19:08:19,724  genstudy.io               INFO     Wrote evaluations/generalization_v3/results/pooled_stab_a00/leave_one_family_out/vqe_real_amp/history.json
2026-10-07 19:08:19,755  run_experiment            INFO     [3/10] vqe_su2
2026-10-07 19:08:19,758  gsv3.experiment           INFO     === family_holdout / vqe_su2 ===
2026-10-07 19:08:19,758  gsv3.experiment           INFO     Leave-one-family-out: test = all 2858 'vqe_su2' circuits, train = 14198 circuits from 34 other families.
2026-10-07 19:08:19,759  gsv3.experiment           INFO     train=11301  val=2897 ({'mode': 'family', 'val_families': ['bmw_quark_copula', 'draper_qft_adder', 'dynamic_qft', 'ghz', 'graphstate', 'grover', 'qft', 'qftentangled', 'qpeinexact', 'randomcircuit']})  test=2858
2026-10-07 19:08:19,817  gsv3.training             INFO     [family_holdout:vqe_su2] model=pooled (601177 params) train=11301 val=2897 lr=0.0003 clip=1.0 alpha=0.00
2026-10-07 19:08:34,325  gsv3.training             INFO     [family_holdout:vqe_su2] epoch 0001  train_log_mse=4.40624  val_log_mse=7.12601  val_mse=0.022046  max_grad=28254.21  patience=0/30
2026-10-07 19:08:48,251  gsv3.training             INFO     [family_holdout:vqe_su2] epoch 0002  train_log_mse=0.50955  val_log_mse=6.37065  val_mse=0.014604  max_grad=581.79  patience=0/30
2026-10-07 19:09:02,353  gsv3.training             INFO     [family_holdout:vqe_su2] epoch 0003  train_log_mse=0.32365  val_log_mse=4.22051  val_mse=0.009637  max_grad=396.37  patience=0/30
2026-10-07 19:09:17,186  gsv3.training             INFO     [family_holdout:vqe_su2] epoch 0004  train_log_mse=0.18990  val_log_mse=3.25528  val_mse=0.012974  max_grad=201.38  patience=1/30
2026-10-07 19:09:31,186  gsv3.training             INFO     [family_holdout:vqe_su2] epoch 0005  train_log_mse=0.16273  val_log_mse=3.40592  val_mse=0.011555  max_grad=292.84  patience=2/30
2026-10-07 19:09:45,385  gsv3.training             INFO     [family_holdout:vqe_su2] epoch 0006  train_log_mse=0.13587  val_log_mse=2.58947  val_mse=0.011800  max_grad=222.10  patience=3/30
2026-10-07 19:10:00,280  gsv3.training             INFO     [family_holdout:vqe_su2] epoch 0007  train_log_mse=0.12981  val_log_mse=2.47980  val_mse=0.010227  max_grad=213.45  patience=4/30
2026-10-07 19:10:14,415  gsv3.training             INFO     [family_holdout:vqe_su2] epoch 0008  train_log_mse=0.12507  val_log_mse=2.55047  val_mse=0.008184  max_grad=193.19  patience=0/30
2026-10-07 19:10:28,418  gsv3.training             INFO     [family_holdout:vqe_su2] epoch 0009  train_log_mse=0.09253  val_log_mse=2.60927  val_mse=0.010345  max_grad=148.38  patience=1/30
2026-10-07 19:10:43,445  gsv3.training             INFO     [family_holdout:vqe_su2] epoch 0010  train_log_mse=0.10122  val_log_mse=2.24391  val_mse=0.011751  max_grad=129.95  patience=2/30
2026-10-07 19:10:57,697  gsv3.training             INFO     [family_holdout:vqe_su2] epoch 0011  train_log_mse=0.10903  val_log_mse=2.03085  val_mse=0.006855  max_grad=117.01  patience=0/30
2026-10-07 19:11:11,560  gsv3.training             INFO     [family_holdout:vqe_su2] epoch 0012  train_log_mse=0.08400  val_log_mse=2.05361  val_mse=0.010260  max_grad=105.01  patience=1/30
2026-10-07 19:11:26,420  gsv3.training             INFO     [family_holdout:vqe_su2] epoch 0013  train_log_mse=0.07775  val_log_mse=2.43795  val_mse=0.009237  max_grad=116.37  patience=2/30
2026-10-07 19:11:40,642  gsv3.training             INFO     [family_holdout:vqe_su2] epoch 0014  train_log_mse=0.06508  val_log_mse=1.75351  val_mse=0.008657  max_grad=75.73  patience=3/30
2026-10-07 19:11:54,670  gsv3.training             INFO     [family_holdout:vqe_su2] epoch 0015  train_log_mse=0.06776  val_log_mse=2.21733  val_mse=0.012616  max_grad=78.26  patience=4/30
2026-10-07 19:12:09,170  gsv3.training             INFO     [family_holdout:vqe_su2] epoch 0016  train_log_mse=0.05691  val_log_mse=2.37866  val_mse=0.012823  max_grad=63.59  patience=5/30
2026-10-07 19:12:23,445  gsv3.training             INFO     [family_holdout:vqe_su2] epoch 0017  train_log_mse=0.06485  val_log_mse=2.16777  val_mse=0.010659  max_grad=73.02  patience=6/30
2026-10-07 19:12:37,357  gsv3.training             INFO     [family_holdout:vqe_su2] epoch 0018  train_log_mse=0.06203  val_log_mse=1.91337  val_mse=0.008669  max_grad=99.56  patience=7/30
2026-10-07 19:12:51,899  gsv3.training             INFO     [family_holdout:vqe_su2] epoch 0019  train_log_mse=0.05075  val_log_mse=1.81127  val_mse=0.007290  max_grad=41.48  patience=8/30
2026-10-07 19:13:06,493  gsv3.training             INFO     [family_holdout:vqe_su2] epoch 0020  train_log_mse=0.06028  val_log_mse=2.05017  val_mse=0.006567  max_grad=83.92  patience=0/30
2026-10-07 19:13:20,429  gsv3.training             INFO     [family_holdout:vqe_su2] epoch 0021  train_log_mse=0.05107  val_log_mse=2.05208  val_mse=0.008295  max_grad=50.57  patience=1/30
2026-10-07 19:13:34,823  gsv3.training             INFO     [family_holdout:vqe_su2] epoch 0022  train_log_mse=0.05146  val_log_mse=1.32426  val_mse=0.006390  max_grad=51.67  patience=0/30
2026-10-07 19:13:49,482  gsv3.training             INFO     [family_holdout:vqe_su2] epoch 0023  train_log_mse=0.04941  val_log_mse=1.75237  val_mse=0.006915  max_grad=57.60  patience=1/30
2026-10-07 19:14:03,402  gsv3.training             INFO     [family_holdout:vqe_su2] epoch 0024  train_log_mse=0.04893  val_log_mse=1.41474  val_mse=0.007297  max_grad=50.60  patience=2/30
2026-10-07 19:14:17,605  gsv3.training             INFO     [family_holdout:vqe_su2] epoch 0025  train_log_mse=0.04841  val_log_mse=1.71213  val_mse=0.006772  max_grad=64.44  patience=3/30
2026-10-07 19:14:32,206  gsv3.training             INFO     [family_holdout:vqe_su2] epoch 0026  train_log_mse=0.04989  val_log_mse=1.59088  val_mse=0.008294  max_grad=51.36  patience=4/30
2026-10-07 19:14:46,221  gsv3.training             INFO     [family_holdout:vqe_su2] epoch 0027  train_log_mse=0.04326  val_log_mse=2.09543  val_mse=0.008096  max_grad=44.62  patience=5/30
2026-10-07 19:15:00,289  gsv3.training             INFO     [family_holdout:vqe_su2] epoch 0028  train_log_mse=0.04269  val_log_mse=1.52646  val_mse=0.007165  max_grad=50.28  patience=6/30
2026-10-07 19:15:14,872  gsv3.training             INFO     [family_holdout:vqe_su2] epoch 0029  train_log_mse=0.04411  val_log_mse=1.47805  val_mse=0.005919  max_grad=33.17  patience=0/30
2026-10-07 19:15:28,770  gsv3.training             INFO     [family_holdout:vqe_su2] epoch 0030  train_log_mse=0.04269  val_log_mse=1.63930  val_mse=0.007952  max_grad=48.81  patience=1/30
2026-10-07 19:15:42,807  gsv3.training             INFO     [family_holdout:vqe_su2] epoch 0031  train_log_mse=0.04263  val_log_mse=1.65948  val_mse=0.008001  max_grad=37.36  patience=2/30
2026-10-07 19:15:57,764  gsv3.training             INFO     [family_holdout:vqe_su2] epoch 0032  train_log_mse=0.04440  val_log_mse=1.53120  val_mse=0.006800  max_grad=45.57  patience=3/30
2026-10-07 19:16:11,739  gsv3.training             INFO     [family_holdout:vqe_su2] epoch 0033  train_log_mse=0.04025  val_log_mse=1.74138  val_mse=0.008701  max_grad=39.16  patience=4/30
2026-10-07 19:16:25,719  gsv3.training             INFO     [family_holdout:vqe_su2] epoch 0034  train_log_mse=0.04548  val_log_mse=1.46925  val_mse=0.006318  max_grad=59.88  patience=5/30
2026-10-07 19:16:40,603  gsv3.training             INFO     [family_holdout:vqe_su2] epoch 0035  train_log_mse=0.04155  val_log_mse=1.50697  val_mse=0.009814  max_grad=45.79  patience=6/30
2026-10-07 19:16:54,467  gsv3.training             INFO     [family_holdout:vqe_su2] epoch 0036  train_log_mse=0.03837  val_log_mse=1.50843  val_mse=0.006175  max_grad=35.84  patience=7/30
2026-10-07 19:17:08,323  gsv3.training             INFO     [family_holdout:vqe_su2] epoch 0037  train_log_mse=0.03697  val_log_mse=1.51764  val_mse=0.006400  max_grad=41.77  patience=8/30
2026-10-07 19:17:23,271  gsv3.training             INFO     [family_holdout:vqe_su2] epoch 0038  train_log_mse=0.03985  val_log_mse=1.84167  val_mse=0.007794  max_grad=46.62  patience=9/30
2026-10-07 19:17:37,213  gsv3.training             INFO     [family_holdout:vqe_su2] epoch 0039  train_log_mse=0.03892  val_log_mse=1.65505  val_mse=0.005449  max_grad=34.57  patience=0/30
2026-10-07 19:17:51,067  gsv3.training             INFO     [family_holdout:vqe_su2] epoch 0040  train_log_mse=0.03819  val_log_mse=1.48613  val_mse=0.007105  max_grad=51.09  patience=1/30
2026-10-07 19:18:06,105  gsv3.training             INFO     [family_holdout:vqe_su2] epoch 0041  train_log_mse=0.03624  val_log_mse=1.47718  val_mse=0.006773  max_grad=31.76  patience=2/30
2026-10-07 19:18:20,094  gsv3.training             INFO     [family_holdout:vqe_su2] epoch 0042  train_log_mse=0.03487  val_log_mse=1.62511  val_mse=0.008783  max_grad=31.25  patience=3/30
2026-10-07 19:18:33,999  gsv3.training             INFO     [family_holdout:vqe_su2] epoch 0043  train_log_mse=0.03637  val_log_mse=1.88143  val_mse=0.007440  max_grad=29.92  patience=4/30
2026-10-07 19:18:49,351  gsv3.training             INFO     [family_holdout:vqe_su2] epoch 0044  train_log_mse=0.03483  val_log_mse=1.89264  val_mse=0.007591  max_grad=33.31  patience=5/30
2026-10-07 19:19:03,542  gsv3.training             INFO     [family_holdout:vqe_su2] epoch 0045  train_log_mse=0.03888  val_log_mse=2.21409  val_mse=0.007434  max_grad=38.43  patience=6/30
2026-10-07 19:19:17,547  gsv3.training             INFO     [family_holdout:vqe_su2] epoch 0046  train_log_mse=0.03478  val_log_mse=1.70167  val_mse=0.006798  max_grad=27.06  patience=7/30
2026-10-07 19:19:32,576  gsv3.training             INFO     [family_holdout:vqe_su2] epoch 0047  train_log_mse=0.03419  val_log_mse=1.45788  val_mse=0.005783  max_grad=29.06  patience=8/30
2026-10-07 19:19:46,961  gsv3.training             INFO     [family_holdout:vqe_su2] epoch 0048  train_log_mse=0.04080  val_log_mse=1.60949  val_mse=0.006394  max_grad=53.84  patience=9/30
2026-10-07 19:20:00,894  gsv3.training             INFO     [family_holdout:vqe_su2] epoch 0049  train_log_mse=0.03394  val_log_mse=1.91414  val_mse=0.007733  max_grad=30.13  patience=10/30
2026-10-07 19:20:15,531  gsv3.training             INFO     [family_holdout:vqe_su2] epoch 0050  train_log_mse=0.03392  val_log_mse=2.08583  val_mse=0.007274  max_grad=37.23  patience=11/30
2026-10-07 19:20:30,050  gsv3.training             INFO     [family_holdout:vqe_su2] epoch 0051  train_log_mse=0.03269  val_log_mse=1.94302  val_mse=0.009326  max_grad=33.14  patience=12/30
2026-10-07 19:20:44,174  gsv3.training             INFO     [family_holdout:vqe_su2] epoch 0052  train_log_mse=0.03099  val_log_mse=1.64713  val_mse=0.006735  max_grad=24.26  patience=13/30
2026-10-07 19:20:58,595  gsv3.training             INFO     [family_holdout:vqe_su2] epoch 0053  train_log_mse=0.03332  val_log_mse=1.66617  val_mse=0.006250  max_grad=28.00  patience=14/30
2026-10-07 19:21:13,139  gsv3.training             INFO     [family_holdout:vqe_su2] epoch 0054  train_log_mse=0.03218  val_log_mse=1.69401  val_mse=0.006522  max_grad=29.72  patience=15/30
2026-10-07 19:21:27,161  gsv3.training             INFO     [family_holdout:vqe_su2] epoch 0055  train_log_mse=0.03149  val_log_mse=1.66138  val_mse=0.007541  max_grad=32.53  patience=16/30
2026-10-07 19:21:41,608  gsv3.training             INFO     [family_holdout:vqe_su2] epoch 0056  train_log_mse=0.03191  val_log_mse=1.54417  val_mse=0.006360  max_grad=25.17  patience=17/30
2026-10-07 19:21:56,302  gsv3.training             INFO     [family_holdout:vqe_su2] epoch 0057  train_log_mse=0.03000  val_log_mse=1.68881  val_mse=0.007940  max_grad=23.56  patience=18/30
2026-10-07 19:22:10,302  gsv3.training             INFO     [family_holdout:vqe_su2] epoch 0058  train_log_mse=0.03131  val_log_mse=1.44306  val_mse=0.005904  max_grad=31.39  patience=19/30
2026-10-07 19:22:24,928  gsv3.training             INFO     [family_holdout:vqe_su2] epoch 0059  train_log_mse=0.03056  val_log_mse=1.54253  val_mse=0.006459  max_grad=23.40  patience=20/30
2026-10-07 19:22:39,561  gsv3.training             INFO     [family_holdout:vqe_su2] epoch 0060  train_log_mse=0.03322  val_log_mse=1.52538  val_mse=0.006644  max_grad=35.08  patience=21/30
2026-10-07 19:22:53,560  gsv3.training             INFO     [family_holdout:vqe_su2] epoch 0061  train_log_mse=0.03413  val_log_mse=1.75282  val_mse=0.006141  max_grad=40.23  patience=22/30
2026-10-07 19:23:07,818  gsv3.training             INFO     [family_holdout:vqe_su2] epoch 0062  train_log_mse=0.03036  val_log_mse=1.92982  val_mse=0.007709  max_grad=34.83  patience=23/30
2026-10-07 19:23:22,301  gsv3.training             INFO     [family_holdout:vqe_su2] epoch 0063  train_log_mse=0.02839  val_log_mse=1.80000  val_mse=0.006656  max_grad=23.67  patience=24/30
2026-10-07 19:23:36,614  gsv3.training             INFO     [family_holdout:vqe_su2] epoch 0064  train_log_mse=0.03177  val_log_mse=1.62457  val_mse=0.006363  max_grad=28.89  patience=25/30
2026-10-07 19:23:50,890  gsv3.training             INFO     [family_holdout:vqe_su2] epoch 0065  train_log_mse=0.03004  val_log_mse=1.64847  val_mse=0.007792  max_grad=27.17  patience=26/30
2026-10-07 19:24:05,143  gsv3.training             INFO     [family_holdout:vqe_su2] epoch 0066  train_log_mse=0.03044  val_log_mse=1.78465  val_mse=0.006986  max_grad=27.59  patience=27/30
2026-10-07 19:24:19,594  gsv3.training             INFO     [family_holdout:vqe_su2] epoch 0067  train_log_mse=0.03295  val_log_mse=1.73148  val_mse=0.006305  max_grad=39.61  patience=28/30
2026-10-07 19:24:33,821  gsv3.training             INFO     [family_holdout:vqe_su2] epoch 0068  train_log_mse=0.02840  val_log_mse=1.79004  val_mse=0.006938  max_grad=23.12  patience=29/30
2026-10-07 19:24:47,797  gsv3.training             INFO     [family_holdout:vqe_su2] epoch 0069  train_log_mse=0.02982  val_log_mse=1.99764  val_mse=0.009307  max_grad=20.62  patience=30/30
2026-10-07 19:24:50,709  gsv3.experiment           INFO     [vqe_su2] TEST  n=2858  MAE=0.1201  R2=0.7276  device-acc=0.383  regret=0.0379
2026-10-07 19:24:50,713  genstudy.io               INFO     Wrote evaluations/generalization_v3/results/pooled_stab_a00/leave_one_family_out/vqe_su2/metrics.json
2026-10-07 19:24:50,729  genstudy.io               INFO     Wrote evaluations/generalization_v3/results/pooled_stab_a00/leave_one_family_out/vqe_su2/predictions.json
2026-10-07 19:24:50,740  genstudy.io               INFO     Wrote evaluations/generalization_v3/results/pooled_stab_a00/leave_one_family_out/vqe_su2/history.json
2026-10-07 19:24:50,772  run_experiment            INFO     [4/10] qaoa
2026-10-07 19:24:50,774  gsv3.experiment           INFO     === family_holdout / qaoa ===
2026-10-07 19:24:50,774  gsv3.experiment           INFO     Leave-one-family-out: test = all 2706 'qaoa' circuits, train = 14350 circuits from 34 other families.
2026-10-07 19:24:50,776  gsv3.experiment           INFO     train=11453  val=2897 ({'mode': 'family', 'val_families': ['bmw_quark_copula', 'draper_qft_adder', 'dynamic_qft', 'ghz', 'graphstate', 'grover', 'qft', 'qftentangled', 'qpeinexact', 'randomcircuit']})  test=2706
2026-10-07 19:24:50,837  gsv3.training             INFO     [family_holdout:qaoa] model=pooled (601177 params) train=11453 val=2897 lr=0.0003 clip=1.0 alpha=0.00
2026-10-07 19:25:05,303  gsv3.training             INFO     [family_holdout:qaoa] epoch 0001  train_log_mse=3.13362  val_log_mse=7.95812  val_mse=0.019697  max_grad=26741.84  patience=0/30
2026-10-07 19:25:19,446  gsv3.training             INFO     [family_holdout:qaoa] epoch 0002  train_log_mse=0.29264  val_log_mse=7.05802  val_mse=0.008117  max_grad=322.78  patience=0/30
2026-10-07 19:25:34,011  gsv3.training             INFO     [family_holdout:qaoa] epoch 0003  train_log_mse=0.20818  val_log_mse=6.47537  val_mse=0.009638  max_grad=308.95  patience=1/30
2026-10-07 19:25:48,222  gsv3.training             INFO     [family_holdout:qaoa] epoch 0004  train_log_mse=0.16808  val_log_mse=7.69664  val_mse=0.005743  max_grad=284.04  patience=0/30
2026-10-07 19:26:02,579  gsv3.training             INFO     [family_holdout:qaoa] epoch 0005  train_log_mse=0.11775  val_log_mse=6.34301  val_mse=0.011978  max_grad=179.35  patience=1/30
2026-10-07 19:26:17,206  gsv3.training             INFO     [family_holdout:qaoa] epoch 0006  train_log_mse=0.11373  val_log_mse=6.41079  val_mse=0.007616  max_grad=302.61  patience=2/30
2026-10-07 19:26:31,376  gsv3.training             INFO     [family_holdout:qaoa] epoch 0007  train_log_mse=0.10251  val_log_mse=6.10540  val_mse=0.007493  max_grad=169.04  patience=3/30
2026-10-07 19:26:46,202  gsv3.training             INFO     [family_holdout:qaoa] epoch 0008  train_log_mse=0.09417  val_log_mse=7.22079  val_mse=0.006765  max_grad=134.41  patience=4/30
2026-10-07 19:27:00,889  gsv3.training             INFO     [family_holdout:qaoa] epoch 0009  train_log_mse=0.08683  val_log_mse=7.36377  val_mse=0.006827  max_grad=171.05  patience=5/30
2026-10-07 19:27:14,977  gsv3.training             INFO     [family_holdout:qaoa] epoch 0010  train_log_mse=0.08512  val_log_mse=6.63099  val_mse=0.006529  max_grad=207.38  patience=6/30
2026-10-07 19:27:29,517  gsv3.training             INFO     [family_holdout:qaoa] epoch 0011  train_log_mse=0.07694  val_log_mse=6.26612  val_mse=0.006870  max_grad=108.15  patience=7/30
2026-10-07 19:27:43,956  gsv3.training             INFO     [family_holdout:qaoa] epoch 0012  train_log_mse=0.07274  val_log_mse=6.71596  val_mse=0.006431  max_grad=97.86  patience=8/30
2026-10-07 19:27:58,062  gsv3.training             INFO     [family_holdout:qaoa] epoch 0013  train_log_mse=0.06184  val_log_mse=5.20114  val_mse=0.009077  max_grad=115.66  patience=9/30
2026-10-07 19:28:12,569  gsv3.training             INFO     [family_holdout:qaoa] epoch 0014  train_log_mse=0.06832  val_log_mse=6.48670  val_mse=0.009711  max_grad=134.68  patience=10/30
2026-10-07 19:28:27,145  gsv3.training             INFO     [family_holdout:qaoa] epoch 0015  train_log_mse=0.06816  val_log_mse=6.52013  val_mse=0.005809  max_grad=107.11  patience=11/30
2026-10-07 19:28:41,459  gsv3.training             INFO     [family_holdout:qaoa] epoch 0016  train_log_mse=0.06625  val_log_mse=5.76423  val_mse=0.005673  max_grad=85.98  patience=0/30
2026-10-07 19:28:55,879  gsv3.training             INFO     [family_holdout:qaoa] epoch 0017  train_log_mse=0.05865  val_log_mse=5.06420  val_mse=0.006481  max_grad=86.41  patience=1/30
2026-10-07 19:29:10,448  gsv3.training             INFO     [family_holdout:qaoa] epoch 0018  train_log_mse=0.05113  val_log_mse=5.25884  val_mse=0.007531  max_grad=90.61  patience=2/30
2026-10-07 19:29:25,043  gsv3.training             INFO     [family_holdout:qaoa] epoch 0019  train_log_mse=0.05684  val_log_mse=6.64957  val_mse=0.005434  max_grad=77.32  patience=0/30
2026-10-07 19:29:39,210  gsv3.training             INFO     [family_holdout:qaoa] epoch 0020  train_log_mse=0.05137  val_log_mse=6.17263  val_mse=0.005701  max_grad=62.39  patience=1/30
2026-10-07 19:29:53,777  gsv3.training             INFO     [family_holdout:qaoa] epoch 0021  train_log_mse=0.04784  val_log_mse=4.54119  val_mse=0.006184  max_grad=65.66  patience=2/30
2026-10-07 19:30:08,455  gsv3.training             INFO     [family_holdout:qaoa] epoch 0022  train_log_mse=0.05478  val_log_mse=5.69357  val_mse=0.006167  max_grad=92.24  patience=3/30
2026-10-07 19:30:22,617  gsv3.training             INFO     [family_holdout:qaoa] epoch 0023  train_log_mse=0.04431  val_log_mse=4.58860  val_mse=0.006761  max_grad=61.15  patience=4/30
2026-10-07 19:30:37,138  gsv3.training             INFO     [family_holdout:qaoa] epoch 0024  train_log_mse=0.04662  val_log_mse=7.17895  val_mse=0.005625  max_grad=83.04  patience=5/30
2026-10-07 19:30:51,918  gsv3.training             INFO     [family_holdout:qaoa] epoch 0025  train_log_mse=0.04614  val_log_mse=5.49990  val_mse=0.005883  max_grad=51.48  patience=6/30
2026-10-07 19:31:05,994  gsv3.training             INFO     [family_holdout:qaoa] epoch 0026  train_log_mse=0.03820  val_log_mse=5.15454  val_mse=0.007589  max_grad=39.46  patience=7/30
2026-10-07 19:31:20,212  gsv3.training             INFO     [family_holdout:qaoa] epoch 0027  train_log_mse=0.04282  val_log_mse=6.22800  val_mse=0.006461  max_grad=51.15  patience=8/30
2026-10-07 19:31:35,233  gsv3.training             INFO     [family_holdout:qaoa] epoch 0028  train_log_mse=0.04330  val_log_mse=5.58194  val_mse=0.005903  max_grad=48.78  patience=9/30
2026-10-07 19:31:49,350  gsv3.training             INFO     [family_holdout:qaoa] epoch 0029  train_log_mse=0.03928  val_log_mse=5.48158  val_mse=0.006205  max_grad=52.79  patience=10/30
2026-10-07 19:32:03,430  gsv3.training             INFO     [family_holdout:qaoa] epoch 0030  train_log_mse=0.03754  val_log_mse=5.38709  val_mse=0.006715  max_grad=67.12  patience=11/30
2026-10-07 19:32:18,491  gsv3.training             INFO     [family_holdout:qaoa] epoch 0031  train_log_mse=0.03622  val_log_mse=4.87200  val_mse=0.006492  max_grad=53.85  patience=12/30
2026-10-07 19:32:32,748  gsv3.training             INFO     [family_holdout:qaoa] epoch 0032  train_log_mse=0.03530  val_log_mse=4.74661  val_mse=0.007247  max_grad=36.94  patience=13/30
2026-10-07 19:32:46,803  gsv3.training             INFO     [family_holdout:qaoa] epoch 0033  train_log_mse=0.03330  val_log_mse=4.19403  val_mse=0.007719  max_grad=44.14  patience=14/30
2026-10-07 19:33:01,746  gsv3.training             INFO     [family_holdout:qaoa] epoch 0034  train_log_mse=0.03245  val_log_mse=4.96921  val_mse=0.007260  max_grad=32.15  patience=15/30
2026-10-07 19:33:16,152  gsv3.training             INFO     [family_holdout:qaoa] epoch 0035  train_log_mse=0.03550  val_log_mse=5.14950  val_mse=0.006175  max_grad=41.44  patience=16/30
2026-10-07 19:33:30,328  gsv3.training             INFO     [family_holdout:qaoa] epoch 0036  train_log_mse=0.03390  val_log_mse=5.29507  val_mse=0.005396  max_grad=51.38  patience=0/30
2026-10-07 19:33:45,319  gsv3.training             INFO     [family_holdout:qaoa] epoch 0037  train_log_mse=0.03187  val_log_mse=5.35213  val_mse=0.005812  max_grad=33.97  patience=1/30
2026-10-07 19:34:00,207  gsv3.training             INFO     [family_holdout:qaoa] epoch 0038  train_log_mse=0.03373  val_log_mse=5.37942  val_mse=0.005799  max_grad=33.83  patience=2/30
2026-10-07 19:34:14,237  gsv3.training             INFO     [family_holdout:qaoa] epoch 0039  train_log_mse=0.03091  val_log_mse=5.09409  val_mse=0.006471  max_grad=40.43  patience=3/30
2026-10-07 19:34:28,159  gsv3.training             INFO     [family_holdout:qaoa] epoch 0040  train_log_mse=0.02943  val_log_mse=5.00306  val_mse=0.006149  max_grad=32.01  patience=4/30
2026-10-07 19:34:43,082  gsv3.training             INFO     [family_holdout:qaoa] epoch 0041  train_log_mse=0.02930  val_log_mse=5.74275  val_mse=0.005285  max_grad=26.93  patience=0/30
2026-10-07 19:34:57,005  gsv3.training             INFO     [family_holdout:qaoa] epoch 0042  train_log_mse=0.03179  val_log_mse=4.89456  val_mse=0.005911  max_grad=33.13  patience=1/30
2026-10-07 19:35:10,962  gsv3.training             INFO     [family_holdout:qaoa] epoch 0043  train_log_mse=0.02996  val_log_mse=4.32104  val_mse=0.006342  max_grad=34.25  patience=2/30
2026-10-07 19:35:26,035  gsv3.training             INFO     [family_holdout:qaoa] epoch 0044  train_log_mse=0.02779  val_log_mse=4.93922  val_mse=0.005728  max_grad=28.76  patience=3/30
2026-10-07 19:35:40,057  gsv3.training             INFO     [family_holdout:qaoa] epoch 0045  train_log_mse=0.02784  val_log_mse=4.61593  val_mse=0.006291  max_grad=26.25  patience=4/30
2026-10-07 19:35:54,136  gsv3.training             INFO     [family_holdout:qaoa] epoch 0046  train_log_mse=0.02688  val_log_mse=4.57958  val_mse=0.007805  max_grad=26.04  patience=5/30
2026-10-07 19:36:09,259  gsv3.training             INFO     [family_holdout:qaoa] epoch 0047  train_log_mse=0.03012  val_log_mse=5.29776  val_mse=0.006259  max_grad=28.05  patience=6/30
2026-10-07 19:36:23,443  gsv3.training             INFO     [family_holdout:qaoa] epoch 0048  train_log_mse=0.02619  val_log_mse=4.75526  val_mse=0.007530  max_grad=29.35  patience=7/30
2026-10-07 19:36:37,441  gsv3.training             INFO     [family_holdout:qaoa] epoch 0049  train_log_mse=0.02663  val_log_mse=4.62109  val_mse=0.006488  max_grad=31.63  patience=8/30
2026-10-07 19:36:52,377  gsv3.training             INFO     [family_holdout:qaoa] epoch 0050  train_log_mse=0.02884  val_log_mse=4.82773  val_mse=0.006449  max_grad=39.56  patience=9/30
2026-10-07 19:37:06,495  gsv3.training             INFO     [family_holdout:qaoa] epoch 0051  train_log_mse=0.02679  val_log_mse=4.39501  val_mse=0.006229  max_grad=34.47  patience=10/30
2026-10-07 19:37:20,515  gsv3.training             INFO     [family_holdout:qaoa] epoch 0052  train_log_mse=0.02762  val_log_mse=5.45714  val_mse=0.005620  max_grad=28.59  patience=11/30
2026-10-07 19:37:35,163  gsv3.training             INFO     [family_holdout:qaoa] epoch 0053  train_log_mse=0.02664  val_log_mse=4.72725  val_mse=0.006123  max_grad=25.77  patience=12/30
2026-10-07 19:37:49,468  gsv3.training             INFO     [family_holdout:qaoa] epoch 0054  train_log_mse=0.02886  val_log_mse=4.41752  val_mse=0.006314  max_grad=32.43  patience=13/30
2026-10-07 19:38:03,415  gsv3.training             INFO     [family_holdout:qaoa] epoch 0055  train_log_mse=0.02683  val_log_mse=4.65251  val_mse=0.005617  max_grad=24.27  patience=14/30
2026-10-07 19:38:18,082  gsv3.training             INFO     [family_holdout:qaoa] epoch 0056  train_log_mse=0.02513  val_log_mse=4.65384  val_mse=0.006899  max_grad=27.36  patience=15/30
2026-10-07 19:38:32,873  gsv3.training             INFO     [family_holdout:qaoa] epoch 0057  train_log_mse=0.02705  val_log_mse=4.80477  val_mse=0.006332  max_grad=25.08  patience=16/30
2026-10-07 19:38:47,017  gsv3.training             INFO     [family_holdout:qaoa] epoch 0058  train_log_mse=0.02758  val_log_mse=4.91285  val_mse=0.006977  max_grad=36.48  patience=17/30
2026-10-07 19:39:01,463  gsv3.training             INFO     [family_holdout:qaoa] epoch 0059  train_log_mse=0.02529  val_log_mse=4.71110  val_mse=0.006821  max_grad=19.04  patience=18/30
2026-10-07 19:39:16,189  gsv3.training             INFO     [family_holdout:qaoa] epoch 0060  train_log_mse=0.02570  val_log_mse=4.78004  val_mse=0.006123  max_grad=22.92  patience=19/30
2026-10-07 19:39:30,294  gsv3.training             INFO     [family_holdout:qaoa] epoch 0061  train_log_mse=0.02662  val_log_mse=4.39545  val_mse=0.005786  max_grad=25.03  patience=20/30
2026-10-07 19:39:44,514  gsv3.training             INFO     [family_holdout:qaoa] epoch 0062  train_log_mse=0.02403  val_log_mse=4.26988  val_mse=0.007198  max_grad=18.43  patience=21/30
2026-10-07 19:39:59,206  gsv3.training             INFO     [family_holdout:qaoa] epoch 0063  train_log_mse=0.02570  val_log_mse=4.37896  val_mse=0.006223  max_grad=28.10  patience=22/30
2026-10-07 19:40:11,201  gsv3.training             INFO     [family_holdout:qaoa] epoch 0064  train_log_mse=0.02355  val_log_mse=4.38347  val_mse=0.007368  max_grad=23.72  patience=23/30
2026-10-07 19:40:22,351  gsv3.training             INFO     [family_holdout:qaoa] epoch 0065  train_log_mse=0.02397  val_log_mse=5.35732  val_mse=0.006158  max_grad=18.43  patience=24/30
2026-10-07 19:40:38,039  gsv3.training             INFO     [family_holdout:qaoa] epoch 0066  train_log_mse=0.02409  val_log_mse=4.95561  val_mse=0.007022  max_grad=24.39  patience=25/30
2026-10-07 19:40:52,406  gsv3.training             INFO     [family_holdout:qaoa] epoch 0067  train_log_mse=0.02433  val_log_mse=4.59512  val_mse=0.006112  max_grad=23.39  patience=26/30
2026-10-07 19:41:06,928  gsv3.training             INFO     [family_holdout:qaoa] epoch 0068  train_log_mse=0.02176  val_log_mse=4.27494  val_mse=0.006612  max_grad=18.63  patience=27/30
2026-10-07 19:41:23,086  gsv3.training             INFO     [family_holdout:qaoa] epoch 0069  train_log_mse=0.02276  val_log_mse=4.88690  val_mse=0.006300  max_grad=19.62  patience=28/30
2026-10-07 19:41:38,361  gsv3.training             INFO     [family_holdout:qaoa] epoch 0070  train_log_mse=0.02319  val_log_mse=4.49633  val_mse=0.006110  max_grad=17.83  patience=29/30
2026-10-07 19:41:53,030  gsv3.training             INFO     [family_holdout:qaoa] epoch 0071  train_log_mse=0.02321  val_log_mse=4.80765  val_mse=0.006988  max_grad=32.29  patience=30/30
2026-10-07 19:41:55,847  gsv3.experiment           INFO     [qaoa] TEST  n=2706  MAE=0.0481  R2=0.9402  device-acc=0.162  regret=0.0225
2026-10-07 19:41:55,853  genstudy.io               INFO     Wrote evaluations/generalization_v3/results/pooled_stab_a00/leave_one_family_out/qaoa/metrics.json
2026-10-07 19:41:55,872  genstudy.io               INFO     Wrote evaluations/generalization_v3/results/pooled_stab_a00/leave_one_family_out/qaoa/predictions.json
2026-10-07 19:41:55,883  genstudy.io               INFO     Wrote evaluations/generalization_v3/results/pooled_stab_a00/leave_one_family_out/qaoa/history.json
2026-10-07 19:41:55,917  run_experiment            INFO     [5/10] randomcircuit
2026-10-07 19:41:55,922  gsv3.experiment           INFO     === family_holdout / randomcircuit ===
2026-10-07 19:41:55,922  gsv3.experiment           INFO     Leave-one-family-out: test = all 1234 'randomcircuit' circuits, train = 15822 circuits from 34 other families.
2026-10-07 19:41:55,924  gsv3.experiment           INFO     train=11927  val=3895 ({'mode': 'family', 'val_families': ['ae', 'bmw_quark_cardinality', 'bmw_quark_copula', 'bv', 'cdkm_ripple_carry_adder', 'dj', 'draper_qft_adder', 'dynamic_qft', 'ghz', 'ghz_dynamic', 'graphstate', 'grover', 'half_adder', 'hrs_cumulative_multiplier', 'iqpe', 'modular_adder', 'multiplier', 'qft', 'qftentangled', 'qnn', 'qpeexact', 'qpeinexact', 'qwalk', 'rg_qft_multiplier', 'seven_qubit_steane_code', 'shors_nine_qubit_code', 'vbe_ripple_carry_adder', 'wstate']})  test=1234
2026-10-07 19:41:55,994  gsv3.training             INFO     [family_holdout:randomcircuit] model=pooled (601177 params) train=11927 val=3895 lr=0.0003 clip=1.0 alpha=0.00
2026-10-07 19:42:11,636  gsv3.training             INFO     [family_holdout:randomcircuit] epoch 0001  train_log_mse=5.13119  val_log_mse=4.56587  val_mse=0.041237  max_grad=49325.29  patience=0/30
2026-10-07 19:42:28,570  gsv3.training             INFO     [family_holdout:randomcircuit] epoch 0002  train_log_mse=0.41257  val_log_mse=3.36110  val_mse=0.039801  max_grad=749.87  patience=0/30
2026-10-07 19:42:44,987  gsv3.training             INFO     [family_holdout:randomcircuit] epoch 0003  train_log_mse=0.17900  val_log_mse=3.31189  val_mse=0.043229  max_grad=238.21  patience=1/30
2026-10-07 19:43:01,350  gsv3.training             INFO     [family_holdout:randomcircuit] epoch 0004  train_log_mse=0.14686  val_log_mse=3.15453  val_mse=0.035896  max_grad=210.78  patience=0/30
2026-10-07 19:43:17,230  gsv3.training             INFO     [family_holdout:randomcircuit] epoch 0005  train_log_mse=0.12809  val_log_mse=3.01882  val_mse=0.038090  max_grad=125.08  patience=1/30
2026-10-07 19:43:34,063  gsv3.training             INFO     [family_holdout:randomcircuit] epoch 0006  train_log_mse=0.11996  val_log_mse=3.17490  val_mse=0.037761  max_grad=172.83  patience=2/30
2026-10-07 19:43:51,171  gsv3.training             INFO     [family_holdout:randomcircuit] epoch 0007  train_log_mse=0.09884  val_log_mse=2.84520  val_mse=0.034573  max_grad=166.21  patience=0/30
2026-10-07 19:44:07,149  gsv3.training             INFO     [family_holdout:randomcircuit] epoch 0008  train_log_mse=0.09170  val_log_mse=2.84010  val_mse=0.035974  max_grad=79.26  patience=1/30
2026-10-07 19:44:23,092  gsv3.training             INFO     [family_holdout:randomcircuit] epoch 0009  train_log_mse=0.08200  val_log_mse=3.01200  val_mse=0.036437  max_grad=90.79  patience=2/30
2026-10-07 19:44:39,345  gsv3.training             INFO     [family_holdout:randomcircuit] epoch 0010  train_log_mse=0.07234  val_log_mse=3.22077  val_mse=0.033079  max_grad=70.90  patience=0/30
2026-10-07 19:44:56,179  gsv3.training             INFO     [family_holdout:randomcircuit] epoch 0011  train_log_mse=0.06506  val_log_mse=2.99094  val_mse=0.032371  max_grad=72.82  patience=0/30
2026-10-07 19:45:12,182  gsv3.training             INFO     [family_holdout:randomcircuit] epoch 0012  train_log_mse=0.06479  val_log_mse=2.74045  val_mse=0.033841  max_grad=82.13  patience=1/30
2026-10-07 19:45:28,035  gsv3.training             INFO     [family_holdout:randomcircuit] epoch 0013  train_log_mse=0.06326  val_log_mse=2.72232  val_mse=0.037125  max_grad=61.95  patience=2/30
2026-10-07 19:45:44,255  gsv3.training             INFO     [family_holdout:randomcircuit] epoch 0014  train_log_mse=0.05820  val_log_mse=2.84707  val_mse=0.032655  max_grad=68.54  patience=3/30
2026-10-07 19:46:00,965  gsv3.training             INFO     [family_holdout:randomcircuit] epoch 0015  train_log_mse=0.06078  val_log_mse=3.07436  val_mse=0.030504  max_grad=77.61  patience=0/30
2026-10-07 19:46:17,099  gsv3.training             INFO     [family_holdout:randomcircuit] epoch 0016  train_log_mse=0.06313  val_log_mse=2.85154  val_mse=0.032341  max_grad=68.19  patience=1/30
2026-10-07 19:46:33,180  gsv3.training             INFO     [family_holdout:randomcircuit] epoch 0017  train_log_mse=0.04834  val_log_mse=2.79804  val_mse=0.032094  max_grad=42.81  patience=2/30
2026-10-07 19:46:49,677  gsv3.training             INFO     [family_holdout:randomcircuit] epoch 0018  train_log_mse=0.06123  val_log_mse=2.67669  val_mse=0.032614  max_grad=95.42  patience=3/30
2026-10-07 19:47:03,533  gsv3.training             INFO     [family_holdout:randomcircuit] epoch 0019  train_log_mse=0.05051  val_log_mse=2.89857  val_mse=0.029551  max_grad=82.70  patience=0/30
2026-10-07 19:47:17,868  gsv3.training             INFO     [family_holdout:randomcircuit] epoch 0020  train_log_mse=0.05037  val_log_mse=2.79672  val_mse=0.030609  max_grad=64.40  patience=1/30
2026-10-07 19:47:33,981  gsv3.training             INFO     [family_holdout:randomcircuit] epoch 0021  train_log_mse=0.05520  val_log_mse=2.56675  val_mse=0.031956  max_grad=71.73  patience=2/30
2026-10-07 19:47:50,298  gsv3.training             INFO     [family_holdout:randomcircuit] epoch 0022  train_log_mse=0.05107  val_log_mse=2.77088  val_mse=0.032077  max_grad=56.83  patience=3/30
2026-10-07 19:48:06,277  gsv3.training             INFO     [family_holdout:randomcircuit] epoch 0023  train_log_mse=0.05079  val_log_mse=2.64308  val_mse=0.033702  max_grad=81.09  patience=4/30
2026-10-07 19:48:22,837  gsv3.training             INFO     [family_holdout:randomcircuit] epoch 0024  train_log_mse=0.04349  val_log_mse=2.73956  val_mse=0.032320  max_grad=47.04  patience=5/30
2026-10-07 19:48:39,547  gsv3.training             INFO     [family_holdout:randomcircuit] epoch 0025  train_log_mse=0.04305  val_log_mse=2.53354  val_mse=0.031242  max_grad=62.88  patience=6/30
2026-10-07 19:48:55,473  gsv3.training             INFO     [family_holdout:randomcircuit] epoch 0026  train_log_mse=0.04215  val_log_mse=2.66018  val_mse=0.032208  max_grad=39.62  patience=7/30
2026-10-07 19:49:11,257  gsv3.training             INFO     [family_holdout:randomcircuit] epoch 0027  train_log_mse=0.04178  val_log_mse=2.64932  val_mse=0.032859  max_grad=53.13  patience=8/30
2026-10-07 19:49:28,119  gsv3.training             INFO     [family_holdout:randomcircuit] epoch 0028  train_log_mse=0.03980  val_log_mse=2.76731  val_mse=0.030208  max_grad=41.86  patience=9/30
2026-10-07 19:49:44,340  gsv3.training             INFO     [family_holdout:randomcircuit] epoch 0029  train_log_mse=0.03968  val_log_mse=2.70270  val_mse=0.032696  max_grad=36.64  patience=10/30
2026-10-07 19:50:00,315  gsv3.training             INFO     [family_holdout:randomcircuit] epoch 0030  train_log_mse=0.03566  val_log_mse=2.68898  val_mse=0.030544  max_grad=31.39  patience=11/30
2026-10-07 19:50:16,788  gsv3.training             INFO     [family_holdout:randomcircuit] epoch 0031  train_log_mse=0.04064  val_log_mse=2.70375  val_mse=0.031242  max_grad=35.33  patience=12/30
2026-10-07 19:50:33,117  gsv3.training             INFO     [family_holdout:randomcircuit] epoch 0032  train_log_mse=0.03913  val_log_mse=2.58768  val_mse=0.033590  max_grad=46.19  patience=13/30
2026-10-07 19:50:49,747  gsv3.training             INFO     [family_holdout:randomcircuit] epoch 0033  train_log_mse=0.03702  val_log_mse=2.68977  val_mse=0.032303  max_grad=38.13  patience=14/30
2026-10-07 19:51:06,598  gsv3.training             INFO     [family_holdout:randomcircuit] epoch 0034  train_log_mse=0.03663  val_log_mse=2.67610  val_mse=0.032451  max_grad=55.08  patience=15/30
2026-10-07 19:51:22,958  gsv3.training             INFO     [family_holdout:randomcircuit] epoch 0035  train_log_mse=0.03632  val_log_mse=2.61705  val_mse=0.032288  max_grad=34.51  patience=16/30
2026-10-07 19:51:38,681  gsv3.training             INFO     [family_holdout:randomcircuit] epoch 0036  train_log_mse=0.04049  val_log_mse=2.75319  val_mse=0.034141  max_grad=37.91  patience=17/30
2026-10-07 19:51:55,430  gsv3.training             INFO     [family_holdout:randomcircuit] epoch 0037  train_log_mse=0.03606  val_log_mse=2.70111  val_mse=0.030818  max_grad=33.10  patience=18/30
2026-10-07 19:52:11,858  gsv3.training             INFO     [family_holdout:randomcircuit] epoch 0038  train_log_mse=0.03463  val_log_mse=2.59043  val_mse=0.030877  max_grad=31.95  patience=19/30
2026-10-07 19:52:28,033  gsv3.training             INFO     [family_holdout:randomcircuit] epoch 0039  train_log_mse=0.03854  val_log_mse=2.72940  val_mse=0.030510  max_grad=40.17  patience=20/30
2026-10-07 19:52:43,991  gsv3.training             INFO     [family_holdout:randomcircuit] epoch 0040  train_log_mse=0.03646  val_log_mse=2.82400  val_mse=0.029174  max_grad=39.49  patience=0/30
2026-10-07 19:53:00,832  gsv3.training             INFO     [family_holdout:randomcircuit] epoch 0041  train_log_mse=0.03391  val_log_mse=2.73748  val_mse=0.031200  max_grad=31.27  patience=1/30
2026-10-07 19:53:17,008  gsv3.training             INFO     [family_holdout:randomcircuit] epoch 0042  train_log_mse=0.03738  val_log_mse=2.70065  val_mse=0.032097  max_grad=41.56  patience=2/30
2026-10-07 19:53:32,965  gsv3.training             INFO     [family_holdout:randomcircuit] epoch 0043  train_log_mse=0.03261  val_log_mse=2.77748  val_mse=0.031295  max_grad=32.98  patience=3/30
2026-10-07 19:53:49,416  gsv3.training             INFO     [family_holdout:randomcircuit] epoch 0044  train_log_mse=0.03172  val_log_mse=2.74700  val_mse=0.031701  max_grad=25.50  patience=4/30
2026-10-07 19:54:05,578  gsv3.training             INFO     [family_holdout:randomcircuit] epoch 0045  train_log_mse=0.03334  val_log_mse=2.67386  val_mse=0.030587  max_grad=35.69  patience=5/30
2026-10-07 19:54:22,059  gsv3.training             INFO     [family_holdout:randomcircuit] epoch 0046  train_log_mse=0.03226  val_log_mse=2.76629  val_mse=0.032762  max_grad=29.04  patience=6/30
2026-10-07 19:54:38,488  gsv3.training             INFO     [family_holdout:randomcircuit] epoch 0047  train_log_mse=0.03335  val_log_mse=2.72238  val_mse=0.030757  max_grad=29.34  patience=7/30
2026-10-07 19:54:54,516  gsv3.training             INFO     [family_holdout:randomcircuit] epoch 0048  train_log_mse=0.03320  val_log_mse=2.71124  val_mse=0.030226  max_grad=38.40  patience=8/30
2026-10-07 19:55:10,426  gsv3.training             INFO     [family_holdout:randomcircuit] epoch 0049  train_log_mse=0.02950  val_log_mse=2.81230  val_mse=0.030000  max_grad=26.12  patience=9/30
2026-10-07 19:55:27,385  gsv3.training             INFO     [family_holdout:randomcircuit] epoch 0050  train_log_mse=0.03021  val_log_mse=2.77613  val_mse=0.032241  max_grad=25.96  patience=10/30
2026-10-07 19:55:43,684  gsv3.training             INFO     [family_holdout:randomcircuit] epoch 0051  train_log_mse=0.03289  val_log_mse=2.72886  val_mse=0.030164  max_grad=26.46  patience=11/30
2026-10-07 19:55:59,523  gsv3.training             INFO     [family_holdout:randomcircuit] epoch 0052  train_log_mse=0.03176  val_log_mse=2.79049  val_mse=0.029962  max_grad=25.94  patience=12/30
2026-10-07 19:56:15,520  gsv3.training             INFO     [family_holdout:randomcircuit] epoch 0053  train_log_mse=0.03083  val_log_mse=2.78418  val_mse=0.030697  max_grad=30.15  patience=13/30
2026-10-07 19:56:32,518  gsv3.training             INFO     [family_holdout:randomcircuit] epoch 0054  train_log_mse=0.03063  val_log_mse=2.82285  val_mse=0.030836  max_grad=28.27  patience=14/30
2026-10-07 19:56:48,773  gsv3.training             INFO     [family_holdout:randomcircuit] epoch 0055  train_log_mse=0.03142  val_log_mse=2.74840  val_mse=0.033328  max_grad=45.90  patience=15/30
2026-10-07 19:57:04,626  gsv3.training             INFO     [family_holdout:randomcircuit] epoch 0056  train_log_mse=0.03245  val_log_mse=2.74998  val_mse=0.030761  max_grad=34.85  patience=16/30
2026-10-07 19:57:21,589  gsv3.training             INFO     [family_holdout:randomcircuit] epoch 0057  train_log_mse=0.03023  val_log_mse=2.69852  val_mse=0.032232  max_grad=21.38  patience=17/30
2026-10-07 19:57:37,796  gsv3.training             INFO     [family_holdout:randomcircuit] epoch 0058  train_log_mse=0.02778  val_log_mse=2.99472  val_mse=0.028202  max_grad=16.39  patience=0/30
2026-10-07 19:57:54,230  gsv3.training             INFO     [family_holdout:randomcircuit] epoch 0059  train_log_mse=0.03192  val_log_mse=2.65741  val_mse=0.030051  max_grad=36.42  patience=1/30
2026-10-07 19:58:10,649  gsv3.training             INFO     [family_holdout:randomcircuit] epoch 0060  train_log_mse=0.03011  val_log_mse=2.84928  val_mse=0.029583  max_grad=35.08  patience=2/30
2026-10-07 19:58:26,483  gsv3.training             INFO     [family_holdout:randomcircuit] epoch 0061  train_log_mse=0.02851  val_log_mse=2.71177  val_mse=0.029951  max_grad=23.21  patience=3/30
2026-10-07 19:58:42,472  gsv3.training             INFO     [family_holdout:randomcircuit] epoch 0062  train_log_mse=0.02791  val_log_mse=2.76152  val_mse=0.031406  max_grad=27.23  patience=4/30
2026-10-07 19:58:59,574  gsv3.training             INFO     [family_holdout:randomcircuit] epoch 0063  train_log_mse=0.02771  val_log_mse=2.69377  val_mse=0.032195  max_grad=20.48  patience=5/30
2026-10-07 19:59:15,631  gsv3.training             INFO     [family_holdout:randomcircuit] epoch 0064  train_log_mse=0.02855  val_log_mse=2.77926  val_mse=0.029948  max_grad=32.61  patience=6/30
2026-10-07 19:59:31,632  gsv3.training             INFO     [family_holdout:randomcircuit] epoch 0065  train_log_mse=0.02913  val_log_mse=2.90120  val_mse=0.029313  max_grad=22.46  patience=7/30
2026-10-07 19:59:47,662  gsv3.training             INFO     [family_holdout:randomcircuit] epoch 0066  train_log_mse=0.02955  val_log_mse=3.00277  val_mse=0.029098  max_grad=27.98  patience=8/30
2026-10-07 20:00:04,689  gsv3.training             INFO     [family_holdout:randomcircuit] epoch 0067  train_log_mse=0.02708  val_log_mse=2.78346  val_mse=0.030277  max_grad=28.31  patience=9/30
2026-10-07 20:00:20,602  gsv3.training             INFO     [family_holdout:randomcircuit] epoch 0068  train_log_mse=0.02912  val_log_mse=2.87551  val_mse=0.028329  max_grad=22.02  patience=10/30
2026-10-07 20:00:36,588  gsv3.training             INFO     [family_holdout:randomcircuit] epoch 0069  train_log_mse=0.02765  val_log_mse=2.80209  val_mse=0.028950  max_grad=22.99  patience=11/30
2026-10-07 20:00:53,071  gsv3.training             INFO     [family_holdout:randomcircuit] epoch 0070  train_log_mse=0.02814  val_log_mse=2.95198  val_mse=0.030760  max_grad=24.03  patience=12/30
2026-10-07 20:01:09,391  gsv3.training             INFO     [family_holdout:randomcircuit] epoch 0071  train_log_mse=0.02649  val_log_mse=2.70191  val_mse=0.031808  max_grad=34.40  patience=13/30
2026-10-07 20:01:25,405  gsv3.training             INFO     [family_holdout:randomcircuit] epoch 0072  train_log_mse=0.02729  val_log_mse=2.77518  val_mse=0.030902  max_grad=22.49  patience=14/30
2026-10-07 20:01:41,968  gsv3.training             INFO     [family_holdout:randomcircuit] epoch 0073  train_log_mse=0.02836  val_log_mse=2.81943  val_mse=0.033047  max_grad=21.15  patience=15/30
2026-10-07 20:01:57,923  gsv3.training             INFO     [family_holdout:randomcircuit] epoch 0074  train_log_mse=0.02820  val_log_mse=2.68913  val_mse=0.031110  max_grad=21.34  patience=16/30
2026-10-07 20:02:14,094  gsv3.training             INFO     [family_holdout:randomcircuit] epoch 0075  train_log_mse=0.02885  val_log_mse=2.76446  val_mse=0.029828  max_grad=26.39  patience=17/30
2026-10-07 20:02:31,198  gsv3.training             INFO     [family_holdout:randomcircuit] epoch 0076  train_log_mse=0.02847  val_log_mse=2.84128  val_mse=0.031844  max_grad=25.72  patience=18/30
2026-10-07 20:02:47,187  gsv3.training             INFO     [family_holdout:randomcircuit] epoch 0077  train_log_mse=0.02711  val_log_mse=2.72680  val_mse=0.033701  max_grad=21.42  patience=19/30
2026-10-07 20:03:03,209  gsv3.training             INFO     [family_holdout:randomcircuit] epoch 0078  train_log_mse=0.02614  val_log_mse=2.77754  val_mse=0.031892  max_grad=18.40  patience=20/30
2026-10-07 20:03:19,609  gsv3.training             INFO     [family_holdout:randomcircuit] epoch 0079  train_log_mse=0.02749  val_log_mse=2.79586  val_mse=0.029315  max_grad=23.96  patience=21/30
2026-10-07 20:03:36,491  gsv3.training             INFO     [family_holdout:randomcircuit] epoch 0080  train_log_mse=0.02790  val_log_mse=2.78120  val_mse=0.030460  max_grad=28.66  patience=22/30
2026-10-07 20:03:52,352  gsv3.training             INFO     [family_holdout:randomcircuit] epoch 0081  train_log_mse=0.02528  val_log_mse=2.69409  val_mse=0.028384  max_grad=19.07  patience=23/30
2026-10-07 20:04:08,466  gsv3.training             INFO     [family_holdout:randomcircuit] epoch 0082  train_log_mse=0.02684  val_log_mse=2.71536  val_mse=0.031007  max_grad=34.87  patience=24/30
2026-10-07 20:04:24,558  gsv3.training             INFO     [family_holdout:randomcircuit] epoch 0083  train_log_mse=0.02513  val_log_mse=2.67727  val_mse=0.030418  max_grad=27.40  patience=25/30
2026-10-07 20:04:41,278  gsv3.training             INFO     [family_holdout:randomcircuit] epoch 0084  train_log_mse=0.02565  val_log_mse=2.74170  val_mse=0.030102  max_grad=20.21  patience=26/30
2026-10-07 20:04:57,278  gsv3.training             INFO     [family_holdout:randomcircuit] epoch 0085  train_log_mse=0.02611  val_log_mse=2.68266  val_mse=0.029857  max_grad=18.18  patience=27/30
2026-10-07 20:05:13,067  gsv3.training             INFO     [family_holdout:randomcircuit] epoch 0086  train_log_mse=0.02645  val_log_mse=2.65812  val_mse=0.029286  max_grad=20.91  patience=28/30
2026-10-07 20:05:29,026  gsv3.training             INFO     [family_holdout:randomcircuit] epoch 0087  train_log_mse=0.02533  val_log_mse=2.63895  val_mse=0.029318  max_grad=15.06  patience=29/30
2026-10-07 20:05:46,021  gsv3.training             INFO     [family_holdout:randomcircuit] epoch 0088  train_log_mse=0.02478  val_log_mse=2.63078  val_mse=0.029972  max_grad=18.10  patience=30/30
2026-10-07 20:05:47,275  gsv3.experiment           INFO     [randomcircuit] TEST  n=1234  MAE=0.0570  R2=0.8752  device-acc=0.218  regret=0.0102
2026-10-07 20:05:47,278  genstudy.io               INFO     Wrote evaluations/generalization_v3/results/pooled_stab_a00/leave_one_family_out/randomcircuit/metrics.json
2026-10-07 20:05:47,287  genstudy.io               INFO     Wrote evaluations/generalization_v3/results/pooled_stab_a00/leave_one_family_out/randomcircuit/predictions.json
2026-10-07 20:05:47,298  genstudy.io               INFO     Wrote evaluations/generalization_v3/results/pooled_stab_a00/leave_one_family_out/randomcircuit/history.json
2026-10-07 20:05:47,329  run_experiment            INFO     [6/10] qft
2026-10-07 20:05:47,332  gsv3.experiment           INFO     === family_holdout / qft ===
2026-10-07 20:05:47,332  gsv3.experiment           INFO     Leave-one-family-out: test = all 760 'qft' circuits, train = 16296 circuits from 34 other families.
2026-10-07 20:05:47,334  gsv3.experiment           INFO     train=12774  val=3522 ({'mode': 'family', 'val_families': ['bmw_quark_cardinality', 'bmw_quark_copula', 'bv', 'draper_qft_adder', 'dynamic_qft', 'ghz', 'graphstate', 'grover', 'iqpe', 'modular_adder', 'qftentangled', 'qnn', 'qwalk', 'randomcircuit', 'rg_qft_multiplier', 'shors_nine_qubit_code', 'wstate']})  test=760
2026-10-07 20:05:47,376  gsv3.training             INFO     [family_holdout:qft] model=pooled (601177 params) train=12774 val=3522 lr=0.0003 clip=1.0 alpha=0.00
2026-10-07 20:06:04,301  gsv3.training             INFO     [family_holdout:qft] epoch 0001  train_log_mse=4.18848  val_log_mse=6.14416  val_mse=0.050256  max_grad=38616.25  patience=0/30
2026-10-07 20:06:20,812  gsv3.training             INFO     [family_holdout:qft] epoch 0002  train_log_mse=0.47912  val_log_mse=6.25355  val_mse=0.044205  max_grad=582.99  patience=0/30
2026-10-07 20:06:37,754  gsv3.training             INFO     [family_holdout:qft] epoch 0003  train_log_mse=0.25548  val_log_mse=7.88048  val_mse=0.050436  max_grad=401.59  patience=1/30
2026-10-07 20:06:54,281  gsv3.training             INFO     [family_holdout:qft] epoch 0004  train_log_mse=0.19438  val_log_mse=4.65937  val_mse=0.046682  max_grad=499.79  patience=2/30
2026-10-07 20:07:11,280  gsv3.training             INFO     [family_holdout:qft] epoch 0005  train_log_mse=0.13716  val_log_mse=5.11656  val_mse=0.053553  max_grad=133.16  patience=3/30
2026-10-07 20:07:28,435  gsv3.training             INFO     [family_holdout:qft] epoch 0006  train_log_mse=0.12416  val_log_mse=3.48617  val_mse=0.054056  max_grad=154.26  patience=4/30
2026-10-07 20:07:45,136  gsv3.training             INFO     [family_holdout:qft] epoch 0007  train_log_mse=0.10813  val_log_mse=2.62412  val_mse=0.033214  max_grad=109.39  patience=0/30
2026-10-07 20:08:01,819  gsv3.training             INFO     [family_holdout:qft] epoch 0008  train_log_mse=0.10180  val_log_mse=3.33165  val_mse=0.038787  max_grad=99.30  patience=1/30
2026-10-07 20:08:18,656  gsv3.training             INFO     [family_holdout:qft] epoch 0009  train_log_mse=0.09922  val_log_mse=2.80300  val_mse=0.041144  max_grad=93.15  patience=2/30
2026-10-07 20:08:36,293  gsv3.training             INFO     [family_holdout:qft] epoch 0010  train_log_mse=0.08097  val_log_mse=2.46847  val_mse=0.040064  max_grad=106.87  patience=3/30
2026-10-07 20:08:53,099  gsv3.training             INFO     [family_holdout:qft] epoch 0011  train_log_mse=0.07623  val_log_mse=2.29052  val_mse=0.035016  max_grad=52.77  patience=4/30
2026-10-07 20:09:09,675  gsv3.training             INFO     [family_holdout:qft] epoch 0012  train_log_mse=0.07157  val_log_mse=2.93825  val_mse=0.039547  max_grad=92.18  patience=5/30
2026-10-07 20:09:26,675  gsv3.training             INFO     [family_holdout:qft] epoch 0013  train_log_mse=0.07395  val_log_mse=2.63254  val_mse=0.038338  max_grad=62.44  patience=6/30
2026-10-07 20:09:43,388  gsv3.training             INFO     [family_holdout:qft] epoch 0014  train_log_mse=0.06746  val_log_mse=2.62750  val_mse=0.040973  max_grad=93.82  patience=7/30
2026-10-07 20:10:00,768  gsv3.training             INFO     [family_holdout:qft] epoch 0015  train_log_mse=0.05820  val_log_mse=2.60186  val_mse=0.041245  max_grad=46.62  patience=8/30
2026-10-07 20:10:18,105  gsv3.training             INFO     [family_holdout:qft] epoch 0016  train_log_mse=0.06057  val_log_mse=2.41416  val_mse=0.033413  max_grad=72.05  patience=9/30
2026-10-07 20:10:34,707  gsv3.training             INFO     [family_holdout:qft] epoch 0017  train_log_mse=0.05864  val_log_mse=2.65775  val_mse=0.042694  max_grad=46.95  patience=10/30
2026-10-07 20:10:51,160  gsv3.training             INFO     [family_holdout:qft] epoch 0018  train_log_mse=0.05693  val_log_mse=2.26347  val_mse=0.040150  max_grad=51.46  patience=11/30
2026-10-07 20:11:08,271  gsv3.training             INFO     [family_holdout:qft] epoch 0019  train_log_mse=0.05365  val_log_mse=2.49515  val_mse=0.036498  max_grad=45.56  patience=12/30
2026-10-07 20:11:25,324  gsv3.training             INFO     [family_holdout:qft] epoch 0020  train_log_mse=0.04844  val_log_mse=2.71582  val_mse=0.040845  max_grad=42.82  patience=13/30
2026-10-07 20:11:41,748  gsv3.training             INFO     [family_holdout:qft] epoch 0021  train_log_mse=0.04828  val_log_mse=2.47493  val_mse=0.033525  max_grad=36.99  patience=14/30
2026-10-07 20:11:58,900  gsv3.training             INFO     [family_holdout:qft] epoch 0022  train_log_mse=0.04710  val_log_mse=2.46239  val_mse=0.034719  max_grad=37.29  patience=15/30
2026-10-07 20:12:15,461  gsv3.training             INFO     [family_holdout:qft] epoch 0023  train_log_mse=0.04737  val_log_mse=2.78413  val_mse=0.044023  max_grad=37.13  patience=16/30
2026-10-07 20:12:32,295  gsv3.training             INFO     [family_holdout:qft] epoch 0024  train_log_mse=0.04690  val_log_mse=2.15720  val_mse=0.034560  max_grad=42.59  patience=17/30
2026-10-07 20:12:49,565  gsv3.training             INFO     [family_holdout:qft] epoch 0025  train_log_mse=0.04874  val_log_mse=2.29439  val_mse=0.033262  max_grad=58.23  patience=18/30
2026-10-07 20:13:06,652  gsv3.training             INFO     [family_holdout:qft] epoch 0026  train_log_mse=0.04496  val_log_mse=2.39702  val_mse=0.039769  max_grad=37.30  patience=19/30
2026-10-07 20:13:23,658  gsv3.training             INFO     [family_holdout:qft] epoch 0027  train_log_mse=0.04656  val_log_mse=2.37489  val_mse=0.034174  max_grad=40.83  patience=20/30
2026-10-07 20:13:40,419  gsv3.training             INFO     [family_holdout:qft] epoch 0028  train_log_mse=0.04152  val_log_mse=2.23957  val_mse=0.037707  max_grad=31.88  patience=21/30
2026-10-07 20:13:57,711  gsv3.training             INFO     [family_holdout:qft] epoch 0029  train_log_mse=0.04451  val_log_mse=2.16888  val_mse=0.038600  max_grad=48.05  patience=22/30
2026-10-07 20:14:14,493  gsv3.training             INFO     [family_holdout:qft] epoch 0030  train_log_mse=0.03905  val_log_mse=2.46194  val_mse=0.041958  max_grad=33.05  patience=23/30
2026-10-07 20:14:31,394  gsv3.training             INFO     [family_holdout:qft] epoch 0031  train_log_mse=0.04043  val_log_mse=1.90157  val_mse=0.035410  max_grad=42.26  patience=24/30
2026-10-07 20:14:48,463  gsv3.training             INFO     [family_holdout:qft] epoch 0032  train_log_mse=0.04050  val_log_mse=2.10276  val_mse=0.036371  max_grad=30.07  patience=25/30
2026-10-07 20:15:04,944  gsv3.training             INFO     [family_holdout:qft] epoch 0033  train_log_mse=0.04183  val_log_mse=2.32462  val_mse=0.038184  max_grad=35.08  patience=26/30
2026-10-07 20:15:22,129  gsv3.training             INFO     [family_holdout:qft] epoch 0034  train_log_mse=0.03885  val_log_mse=2.35702  val_mse=0.045503  max_grad=32.21  patience=27/30
2026-10-07 20:15:39,447  gsv3.training             INFO     [family_holdout:qft] epoch 0035  train_log_mse=0.03954  val_log_mse=1.87013  val_mse=0.035079  max_grad=30.93  patience=28/30
2026-10-07 20:15:55,913  gsv3.training             INFO     [family_holdout:qft] epoch 0036  train_log_mse=0.03796  val_log_mse=2.37391  val_mse=0.038404  max_grad=24.34  patience=29/30
2026-10-07 20:16:11,677  gsv3.training             INFO     [family_holdout:qft] epoch 0037  train_log_mse=0.03927  val_log_mse=2.44439  val_mse=0.041316  max_grad=35.60  patience=30/30
2026-10-07 20:16:12,505  gsv3.experiment           INFO     [qft] TEST  n=760  MAE=0.1020  R2=0.7753  device-acc=0.841  regret=0.0034
2026-10-07 20:16:12,514  genstudy.io               INFO     Wrote evaluations/generalization_v3/results/pooled_stab_a00/leave_one_family_out/qft/metrics.json
2026-10-07 20:16:12,521  genstudy.io               INFO     Wrote evaluations/generalization_v3/results/pooled_stab_a00/leave_one_family_out/qft/predictions.json
2026-10-07 20:16:12,533  genstudy.io               INFO     Wrote evaluations/generalization_v3/results/pooled_stab_a00/leave_one_family_out/qft/history.json
2026-10-07 20:16:12,576  run_experiment            INFO     [7/10] qnn
2026-10-07 20:16:12,582  gsv3.experiment           INFO     === family_holdout / qnn ===
2026-10-07 20:16:12,582  gsv3.experiment           INFO     Leave-one-family-out: test = all 760 'qnn' circuits, train = 16296 circuits from 34 other families.
2026-10-07 20:16:12,585  gsv3.experiment           INFO     train=12774  val=3522 ({'mode': 'family', 'val_families': ['bmw_quark_cardinality', 'bmw_quark_copula', 'bv', 'draper_qft_adder', 'dynamic_qft', 'ghz', 'graphstate', 'grover', 'iqpe', 'modular_adder', 'qft', 'qftentangled', 'qwalk', 'randomcircuit', 'rg_qft_multiplier', 'shors_nine_qubit_code', 'wstate']})  test=760
2026-10-07 20:16:12,648  gsv3.training             INFO     [family_holdout:qnn] model=pooled (601177 params) train=12774 val=3522 lr=0.0003 clip=1.0 alpha=0.00
2026-10-07 20:16:30,486  gsv3.training             INFO     [family_holdout:qnn] epoch 0001  train_log_mse=3.96585  val_log_mse=5.77424  val_mse=0.032344  max_grad=38614.05  patience=0/30
2026-10-07 20:16:46,985  gsv3.training             INFO     [family_holdout:qnn] epoch 0002  train_log_mse=0.36702  val_log_mse=4.31387  val_mse=0.027221  max_grad=482.98  patience=0/30
2026-10-07 20:17:03,556  gsv3.training             INFO     [family_holdout:qnn] epoch 0003  train_log_mse=0.27547  val_log_mse=6.11295  val_mse=0.027806  max_grad=249.47  patience=1/30
2026-10-07 20:17:20,604  gsv3.training             INFO     [family_holdout:qnn] epoch 0004  train_log_mse=0.20956  val_log_mse=4.41137  val_mse=0.027478  max_grad=338.35  patience=2/30
2026-10-07 20:17:37,979  gsv3.training             INFO     [family_holdout:qnn] epoch 0005  train_log_mse=0.16328  val_log_mse=4.14393  val_mse=0.027267  max_grad=231.55  patience=3/30
2026-10-07 20:17:54,161  gsv3.training             INFO     [family_holdout:qnn] epoch 0006  train_log_mse=0.13823  val_log_mse=4.58070  val_mse=0.028837  max_grad=180.45  patience=4/30
2026-10-07 20:18:11,290  gsv3.training             INFO     [family_holdout:qnn] epoch 0007  train_log_mse=0.10418  val_log_mse=3.72154  val_mse=0.026974  max_grad=166.94  patience=0/30
2026-10-07 20:18:28,023  gsv3.training             INFO     [family_holdout:qnn] epoch 0008  train_log_mse=0.10917  val_log_mse=3.37100  val_mse=0.028093  max_grad=164.94  patience=1/30
2026-10-07 20:18:45,019  gsv3.training             INFO     [family_holdout:qnn] epoch 0009  train_log_mse=0.10108  val_log_mse=3.30454  val_mse=0.026480  max_grad=111.07  patience=0/30
2026-10-07 20:19:02,492  gsv3.training             INFO     [family_holdout:qnn] epoch 0010  train_log_mse=0.08218  val_log_mse=3.52374  val_mse=0.026648  max_grad=86.32  patience=1/30
2026-10-07 20:19:19,009  gsv3.training             INFO     [family_holdout:qnn] epoch 0011  train_log_mse=0.07557  val_log_mse=3.08924  val_mse=0.026963  max_grad=72.25  patience=2/30
2026-10-07 20:19:35,524  gsv3.training             INFO     [family_holdout:qnn] epoch 0012  train_log_mse=0.06757  val_log_mse=2.66505  val_mse=0.026962  max_grad=66.31  patience=3/30
2026-10-07 20:19:52,728  gsv3.training             INFO     [family_holdout:qnn] epoch 0013  train_log_mse=0.07007  val_log_mse=3.44104  val_mse=0.025997  max_grad=69.69  patience=0/30
2026-10-07 20:20:09,757  gsv3.training             INFO     [family_holdout:qnn] epoch 0014  train_log_mse=0.06274  val_log_mse=2.67774  val_mse=0.024261  max_grad=88.18  patience=0/30
2026-10-07 20:20:25,982  gsv3.training             INFO     [family_holdout:qnn] epoch 0015  train_log_mse=0.06113  val_log_mse=2.86076  val_mse=0.026762  max_grad=66.65  patience=1/30
2026-10-07 20:20:42,936  gsv3.training             INFO     [family_holdout:qnn] epoch 0016  train_log_mse=0.05932  val_log_mse=3.02798  val_mse=0.025620  max_grad=57.74  patience=2/30
2026-10-07 20:20:59,795  gsv3.training             INFO     [family_holdout:qnn] epoch 0017  train_log_mse=0.05222  val_log_mse=2.89133  val_mse=0.025417  max_grad=68.15  patience=3/30
2026-10-07 20:21:17,168  gsv3.training             INFO     [family_holdout:qnn] epoch 0018  train_log_mse=0.05097  val_log_mse=2.37813  val_mse=0.024385  max_grad=42.78  patience=4/30
2026-10-07 20:21:33,702  gsv3.training             INFO     [family_holdout:qnn] epoch 0019  train_log_mse=0.05448  val_log_mse=2.50988  val_mse=0.023310  max_grad=53.51  patience=0/30
2026-10-07 20:21:50,704  gsv3.training             INFO     [family_holdout:qnn] epoch 0020  train_log_mse=0.05034  val_log_mse=2.27710  val_mse=0.024444  max_grad=51.84  patience=1/30
2026-10-07 20:22:07,173  gsv3.training             INFO     [family_holdout:qnn] epoch 0021  train_log_mse=0.05300  val_log_mse=2.99856  val_mse=0.024590  max_grad=55.02  patience=2/30
2026-10-07 20:22:24,410  gsv3.training             INFO     [family_holdout:qnn] epoch 0022  train_log_mse=0.05096  val_log_mse=2.23595  val_mse=0.024060  max_grad=50.92  patience=3/30
2026-10-07 20:22:41,668  gsv3.training             INFO     [family_holdout:qnn] epoch 0023  train_log_mse=0.05304  val_log_mse=2.44433  val_mse=0.023104  max_grad=55.61  patience=0/30
2026-10-07 20:22:58,184  gsv3.training             INFO     [family_holdout:qnn] epoch 0024  train_log_mse=0.04489  val_log_mse=2.79451  val_mse=0.026122  max_grad=45.50  patience=1/30
2026-10-07 20:23:14,685  gsv3.training             INFO     [family_holdout:qnn] epoch 0025  train_log_mse=0.05042  val_log_mse=2.22852  val_mse=0.024923  max_grad=47.28  patience=2/30
2026-10-07 20:23:32,150  gsv3.training             INFO     [family_holdout:qnn] epoch 0026  train_log_mse=0.04653  val_log_mse=2.46730  val_mse=0.025081  max_grad=52.51  patience=3/30
2026-10-07 20:23:48,956  gsv3.training             INFO     [family_holdout:qnn] epoch 0027  train_log_mse=0.04490  val_log_mse=2.41431  val_mse=0.026532  max_grad=35.41  patience=4/30
2026-10-07 20:24:05,302  gsv3.training             INFO     [family_holdout:qnn] epoch 0028  train_log_mse=0.04199  val_log_mse=2.55138  val_mse=0.025238  max_grad=43.03  patience=5/30
2026-10-07 20:24:22,255  gsv3.training             INFO     [family_holdout:qnn] epoch 0029  train_log_mse=0.04178  val_log_mse=2.31910  val_mse=0.023965  max_grad=38.92  patience=6/30
2026-10-07 20:24:39,223  gsv3.training             INFO     [family_holdout:qnn] epoch 0030  train_log_mse=0.04016  val_log_mse=2.55168  val_mse=0.025311  max_grad=51.63  patience=7/30
2026-10-07 20:24:56,438  gsv3.training             INFO     [family_holdout:qnn] epoch 0031  train_log_mse=0.04366  val_log_mse=2.66983  val_mse=0.023935  max_grad=34.93  patience=8/30
2026-10-07 20:25:13,317  gsv3.training             INFO     [family_holdout:qnn] epoch 0032  train_log_mse=0.03927  val_log_mse=2.44066  val_mse=0.024818  max_grad=34.09  patience=9/30
2026-10-07 20:25:30,023  gsv3.training             INFO     [family_holdout:qnn] epoch 0033  train_log_mse=0.04168  val_log_mse=2.43531  val_mse=0.023893  max_grad=44.55  patience=10/30
2026-10-07 20:25:46,707  gsv3.training             INFO     [family_holdout:qnn] epoch 0034  train_log_mse=0.03631  val_log_mse=2.30628  val_mse=0.023962  max_grad=30.27  patience=11/30
2026-10-07 20:26:03,938  gsv3.training             INFO     [family_holdout:qnn] epoch 0035  train_log_mse=0.03712  val_log_mse=2.04537  val_mse=0.022967  max_grad=26.40  patience=0/30
2026-10-07 20:26:20,818  gsv3.training             INFO     [family_holdout:qnn] epoch 0036  train_log_mse=0.03634  val_log_mse=1.97765  val_mse=0.022750  max_grad=27.69  patience=0/30
2026-10-07 20:26:37,291  gsv3.training             INFO     [family_holdout:qnn] epoch 0037  train_log_mse=0.03904  val_log_mse=2.33207  val_mse=0.024191  max_grad=36.71  patience=1/30
2026-10-07 20:26:53,888  gsv3.training             INFO     [family_holdout:qnn] epoch 0038  train_log_mse=0.04176  val_log_mse=2.16879  val_mse=0.025080  max_grad=40.23  patience=2/30
2026-10-07 20:27:11,477  gsv3.training             INFO     [family_holdout:qnn] epoch 0039  train_log_mse=0.03651  val_log_mse=2.33329  val_mse=0.023235  max_grad=30.87  patience=3/30
2026-10-07 20:27:28,004  gsv3.training             INFO     [family_holdout:qnn] epoch 0040  train_log_mse=0.03543  val_log_mse=2.29122  val_mse=0.023749  max_grad=29.06  patience=4/30
2026-10-07 20:27:44,512  gsv3.training             INFO     [family_holdout:qnn] epoch 0041  train_log_mse=0.03489  val_log_mse=2.41397  val_mse=0.023649  max_grad=29.25  patience=5/30
2026-10-07 20:28:01,543  gsv3.training             INFO     [family_holdout:qnn] epoch 0042  train_log_mse=0.03517  val_log_mse=1.97130  val_mse=0.022115  max_grad=39.32  patience=0/30
2026-10-07 20:28:19,129  gsv3.training             INFO     [family_holdout:qnn] epoch 0043  train_log_mse=0.03548  val_log_mse=2.33104  val_mse=0.024275  max_grad=38.23  patience=1/30
2026-10-07 20:28:35,633  gsv3.training             INFO     [family_holdout:qnn] epoch 0044  train_log_mse=0.03684  val_log_mse=2.46980  val_mse=0.024018  max_grad=39.44  patience=2/30
2026-10-07 20:28:52,734  gsv3.training             INFO     [family_holdout:qnn] epoch 0045  train_log_mse=0.03736  val_log_mse=2.25201  val_mse=0.024528  max_grad=32.46  patience=3/30
2026-10-07 20:29:09,126  gsv3.training             INFO     [family_holdout:qnn] epoch 0046  train_log_mse=0.03557  val_log_mse=2.38636  val_mse=0.023289  max_grad=30.91  patience=4/30
2026-10-07 20:29:26,199  gsv3.training             INFO     [family_holdout:qnn] epoch 0047  train_log_mse=0.03341  val_log_mse=2.38260  val_mse=0.023545  max_grad=26.36  patience=5/30
2026-10-07 20:29:43,237  gsv3.training             INFO     [family_holdout:qnn] epoch 0048  train_log_mse=0.03298  val_log_mse=2.33942  val_mse=0.024061  max_grad=37.02  patience=6/30
2026-10-07 20:29:59,580  gsv3.training             INFO     [family_holdout:qnn] epoch 0049  train_log_mse=0.03499  val_log_mse=2.56037  val_mse=0.024804  max_grad=34.30  patience=7/30
2026-10-07 20:30:16,005  gsv3.training             INFO     [family_holdout:qnn] epoch 0050  train_log_mse=0.03617  val_log_mse=2.14037  val_mse=0.023202  max_grad=38.63  patience=8/30
2026-10-07 20:30:33,526  gsv3.training             INFO     [family_holdout:qnn] epoch 0051  train_log_mse=0.03199  val_log_mse=2.35534  val_mse=0.023799  max_grad=22.79  patience=9/30
2026-10-07 20:30:49,906  gsv3.training             INFO     [family_holdout:qnn] epoch 0052  train_log_mse=0.03344  val_log_mse=2.37663  val_mse=0.023191  max_grad=33.22  patience=10/30
2026-10-07 20:31:06,320  gsv3.training             INFO     [family_holdout:qnn] epoch 0053  train_log_mse=0.03446  val_log_mse=2.20424  val_mse=0.023874  max_grad=32.82  patience=11/30
2026-10-07 20:31:23,070  gsv3.training             INFO     [family_holdout:qnn] epoch 0054  train_log_mse=0.03328  val_log_mse=2.26884  val_mse=0.022266  max_grad=32.56  patience=12/30
2026-10-07 20:31:40,304  gsv3.training             INFO     [family_holdout:qnn] epoch 0055  train_log_mse=0.03351  val_log_mse=2.13005  val_mse=0.023964  max_grad=34.69  patience=13/30
2026-10-07 20:31:56,839  gsv3.training             INFO     [family_holdout:qnn] epoch 0056  train_log_mse=0.03220  val_log_mse=2.14736  val_mse=0.022380  max_grad=23.93  patience=14/30
2026-10-07 20:32:13,535  gsv3.training             INFO     [family_holdout:qnn] epoch 0057  train_log_mse=0.03276  val_log_mse=2.09165  val_mse=0.022055  max_grad=30.61  patience=0/30
2026-10-07 20:32:30,139  gsv3.training             INFO     [family_holdout:qnn] epoch 0058  train_log_mse=0.03201  val_log_mse=2.18072  val_mse=0.022033  max_grad=27.62  patience=0/30
2026-10-07 20:32:47,257  gsv3.training             INFO     [family_holdout:qnn] epoch 0059  train_log_mse=0.03164  val_log_mse=2.18004  val_mse=0.024174  max_grad=23.90  patience=1/30
2026-10-07 20:33:03,939  gsv3.training             INFO     [family_holdout:qnn] epoch 0060  train_log_mse=0.03158  val_log_mse=2.31746  val_mse=0.022329  max_grad=23.33  patience=2/30
2026-10-07 20:33:20,908  gsv3.training             INFO     [family_holdout:qnn] epoch 0061  train_log_mse=0.03142  val_log_mse=2.16917  val_mse=0.023085  max_grad=28.75  patience=3/30
2026-10-07 20:33:37,430  gsv3.training             INFO     [family_holdout:qnn] epoch 0062  train_log_mse=0.03073  val_log_mse=2.14141  val_mse=0.022801  max_grad=24.51  patience=4/30
2026-10-07 20:33:54,412  gsv3.training             INFO     [family_holdout:qnn] epoch 0063  train_log_mse=0.03111  val_log_mse=2.14801  val_mse=0.023441  max_grad=36.15  patience=5/30
2026-10-07 20:34:11,878  gsv3.training             INFO     [family_holdout:qnn] epoch 0064  train_log_mse=0.02963  val_log_mse=1.99559  val_mse=0.022702  max_grad=27.37  patience=6/30
2026-10-07 20:34:28,501  gsv3.training             INFO     [family_holdout:qnn] epoch 0065  train_log_mse=0.03027  val_log_mse=2.28258  val_mse=0.022427  max_grad=28.32  patience=7/30
2026-10-07 20:34:45,009  gsv3.training             INFO     [family_holdout:qnn] epoch 0066  train_log_mse=0.03084  val_log_mse=2.00031  val_mse=0.022627  max_grad=23.94  patience=8/30
2026-10-07 20:35:02,512  gsv3.training             INFO     [family_holdout:qnn] epoch 0067  train_log_mse=0.02951  val_log_mse=1.91200  val_mse=0.023735  max_grad=28.18  patience=9/30
2026-10-07 20:35:19,528  gsv3.training             INFO     [family_holdout:qnn] epoch 0068  train_log_mse=0.02977  val_log_mse=2.13372  val_mse=0.022894  max_grad=28.79  patience=10/30
2026-10-07 20:35:36,132  gsv3.training             INFO     [family_holdout:qnn] epoch 0069  train_log_mse=0.02899  val_log_mse=1.94483  val_mse=0.022091  max_grad=23.36  patience=11/30
2026-10-07 20:35:53,203  gsv3.training             INFO     [family_holdout:qnn] epoch 0070  train_log_mse=0.03116  val_log_mse=2.32532  val_mse=0.023167  max_grad=29.15  patience=12/30
2026-10-07 20:36:09,998  gsv3.training             INFO     [family_holdout:qnn] epoch 0071  train_log_mse=0.02969  val_log_mse=2.21941  val_mse=0.022962  max_grad=27.80  patience=13/30
2026-10-07 20:36:27,515  gsv3.training             INFO     [family_holdout:qnn] epoch 0072  train_log_mse=0.03100  val_log_mse=1.94002  val_mse=0.023124  max_grad=23.88  patience=14/30
2026-10-07 20:36:44,228  gsv3.training             INFO     [family_holdout:qnn] epoch 0073  train_log_mse=0.03034  val_log_mse=2.19889  val_mse=0.022861  max_grad=38.50  patience=15/30
2026-10-07 20:37:00,978  gsv3.training             INFO     [family_holdout:qnn] epoch 0074  train_log_mse=0.02897  val_log_mse=2.15868  val_mse=0.022967  max_grad=22.60  patience=16/30
2026-10-07 20:37:17,496  gsv3.training             INFO     [family_holdout:qnn] epoch 0075  train_log_mse=0.02796  val_log_mse=2.15991  val_mse=0.023434  max_grad=21.35  patience=17/30
2026-10-07 20:37:34,786  gsv3.training             INFO     [family_holdout:qnn] epoch 0076  train_log_mse=0.02881  val_log_mse=2.10581  val_mse=0.022987  max_grad=23.77  patience=18/30
2026-10-07 20:37:51,708  gsv3.training             INFO     [family_holdout:qnn] epoch 0077  train_log_mse=0.02786  val_log_mse=2.05296  val_mse=0.023657  max_grad=20.45  patience=19/30
2026-10-07 20:38:08,191  gsv3.training             INFO     [family_holdout:qnn] epoch 0078  train_log_mse=0.02934  val_log_mse=2.25293  val_mse=0.022736  max_grad=29.01  patience=20/30
2026-10-07 20:38:24,497  gsv3.training             INFO     [family_holdout:qnn] epoch 0079  train_log_mse=0.02821  val_log_mse=1.99634  val_mse=0.023655  max_grad=22.74  patience=21/30
2026-10-07 20:38:42,243  gsv3.training             INFO     [family_holdout:qnn] epoch 0080  train_log_mse=0.02854  val_log_mse=2.15702  val_mse=0.022408  max_grad=24.53  patience=22/30
2026-10-07 20:38:58,643  gsv3.training             INFO     [family_holdout:qnn] epoch 0081  train_log_mse=0.02965  val_log_mse=2.24120  val_mse=0.022044  max_grad=29.11  patience=23/30
2026-10-07 20:39:14,973  gsv3.training             INFO     [family_holdout:qnn] epoch 0082  train_log_mse=0.02857  val_log_mse=2.02783  val_mse=0.023144  max_grad=25.79  patience=24/30
2026-10-07 20:39:32,156  gsv3.training             INFO     [family_holdout:qnn] epoch 0083  train_log_mse=0.02938  val_log_mse=1.98335  val_mse=0.022797  max_grad=19.05  patience=25/30
2026-10-07 20:39:49,526  gsv3.training             INFO     [family_holdout:qnn] epoch 0084  train_log_mse=0.02781  val_log_mse=2.22233  val_mse=0.023220  max_grad=19.02  patience=26/30
2026-10-07 20:40:06,401  gsv3.training             INFO     [family_holdout:qnn] epoch 0085  train_log_mse=0.02801  val_log_mse=2.00160  val_mse=0.022587  max_grad=25.18  patience=27/30
2026-10-07 20:40:23,470  gsv3.training             INFO     [family_holdout:qnn] epoch 0086  train_log_mse=0.02802  val_log_mse=2.29883  val_mse=0.023599  max_grad=25.67  patience=28/30
2026-10-07 20:40:39,960  gsv3.training             INFO     [family_holdout:qnn] epoch 0087  train_log_mse=0.02944  val_log_mse=1.89697  val_mse=0.020650  max_grad=41.50  patience=0/30
2026-10-07 20:40:56,921  gsv3.training             INFO     [family_holdout:qnn] epoch 0088  train_log_mse=0.02720  val_log_mse=2.44379  val_mse=0.022525  max_grad=25.75  patience=1/30
2026-10-07 20:41:14,142  gsv3.training             INFO     [family_holdout:qnn] epoch 0089  train_log_mse=0.02943  val_log_mse=2.06901  val_mse=0.022041  max_grad=27.16  patience=2/30
2026-10-07 20:41:30,769  gsv3.training             INFO     [family_holdout:qnn] epoch 0090  train_log_mse=0.02797  val_log_mse=2.13843  val_mse=0.021954  max_grad=28.73  patience=3/30
2026-10-07 20:41:47,304  gsv3.training             INFO     [family_holdout:qnn] epoch 0091  train_log_mse=0.02810  val_log_mse=2.11437  val_mse=0.022118  max_grad=28.46  patience=4/30
2026-10-07 20:42:04,281  gsv3.training             INFO     [family_holdout:qnn] epoch 0092  train_log_mse=0.02805  val_log_mse=2.07428  val_mse=0.021352  max_grad=19.83  patience=5/30
2026-10-07 20:42:21,398  gsv3.training             INFO     [family_holdout:qnn] epoch 0093  train_log_mse=0.02778  val_log_mse=2.26040  val_mse=0.022452  max_grad=29.66  patience=6/30
2026-10-07 20:42:37,950  gsv3.training             INFO     [family_holdout:qnn] epoch 0094  train_log_mse=0.02786  val_log_mse=2.20678  val_mse=0.021753  max_grad=24.95  patience=7/30
2026-10-07 20:42:54,528  gsv3.training             INFO     [family_holdout:qnn] epoch 0095  train_log_mse=0.02604  val_log_mse=2.14622  val_mse=0.022487  max_grad=19.77  patience=8/30
2026-10-07 20:43:11,566  gsv3.training             INFO     [family_holdout:qnn] epoch 0096  train_log_mse=0.02802  val_log_mse=2.08519  val_mse=0.021805  max_grad=36.63  patience=9/30
2026-10-07 20:43:28,103  gsv3.training             INFO     [family_holdout:qnn] epoch 0097  train_log_mse=0.02772  val_log_mse=1.96787  val_mse=0.022328  max_grad=37.31  patience=10/30
2026-10-07 20:43:44,815  gsv3.training             INFO     [family_holdout:qnn] epoch 0098  train_log_mse=0.02692  val_log_mse=2.16066  val_mse=0.022489  max_grad=18.04  patience=11/30
2026-10-07 20:44:01,144  gsv3.training             INFO     [family_holdout:qnn] epoch 0099  train_log_mse=0.02651  val_log_mse=1.99426  val_mse=0.022106  max_grad=22.75  patience=12/30
2026-10-07 20:44:17,346  gsv3.training             INFO     [family_holdout:qnn] epoch 0100  train_log_mse=0.02723  val_log_mse=2.09343  val_mse=0.022946  max_grad=25.29  patience=13/30
2026-10-07 20:44:34,592  gsv3.training             INFO     [family_holdout:qnn] epoch 0101  train_log_mse=0.02611  val_log_mse=2.32608  val_mse=0.022348  max_grad=23.46  patience=14/30
2026-10-07 20:44:51,189  gsv3.training             INFO     [family_holdout:qnn] epoch 0102  train_log_mse=0.02839  val_log_mse=2.35674  val_mse=0.022041  max_grad=21.24  patience=15/30
2026-10-07 20:45:07,644  gsv3.training             INFO     [family_holdout:qnn] epoch 0103  train_log_mse=0.02617  val_log_mse=2.13468  val_mse=0.021880  max_grad=22.43  patience=16/30
2026-10-07 20:45:24,364  gsv3.training             INFO     [family_holdout:qnn] epoch 0104  train_log_mse=0.02504  val_log_mse=2.05192  val_mse=0.022814  max_grad=18.39  patience=17/30
2026-10-07 20:45:41,629  gsv3.training             INFO     [family_holdout:qnn] epoch 0105  train_log_mse=0.02632  val_log_mse=2.16242  val_mse=0.022711  max_grad=22.21  patience=18/30
2026-10-07 20:45:58,050  gsv3.training             INFO     [family_holdout:qnn] epoch 0106  train_log_mse=0.02560  val_log_mse=2.19174  val_mse=0.023024  max_grad=20.10  patience=19/30
2026-10-07 20:46:14,398  gsv3.training             INFO     [family_holdout:qnn] epoch 0107  train_log_mse=0.02618  val_log_mse=2.11605  val_mse=0.023398  max_grad=22.55  patience=20/30
2026-10-07 20:46:31,314  gsv3.training             INFO     [family_holdout:qnn] epoch 0108  train_log_mse=0.02469  val_log_mse=2.07715  val_mse=0.022508  max_grad=18.29  patience=21/30
2026-10-07 20:46:48,030  gsv3.training             INFO     [family_holdout:qnn] epoch 0109  train_log_mse=0.02560  val_log_mse=2.15608  val_mse=0.022638  max_grad=26.72  patience=22/30
2026-10-07 20:47:04,731  gsv3.training             INFO     [family_holdout:qnn] epoch 0110  train_log_mse=0.02501  val_log_mse=2.12992  val_mse=0.022152  max_grad=17.62  patience=23/30
2026-10-07 20:47:21,543  gsv3.training             INFO     [family_holdout:qnn] epoch 0111  train_log_mse=0.02609  val_log_mse=2.00595  val_mse=0.021626  max_grad=16.04  patience=24/30
2026-10-07 20:47:37,869  gsv3.training             INFO     [family_holdout:qnn] epoch 0112  train_log_mse=0.02426  val_log_mse=2.06618  val_mse=0.022311  max_grad=20.78  patience=25/30
2026-10-07 20:47:54,433  gsv3.training             INFO     [family_holdout:qnn] epoch 0113  train_log_mse=0.02498  val_log_mse=2.17931  val_mse=0.022681  max_grad=18.92  patience=26/30
2026-10-07 20:48:11,612  gsv3.training             INFO     [family_holdout:qnn] epoch 0114  train_log_mse=0.02484  val_log_mse=2.29867  val_mse=0.023290  max_grad=20.97  patience=27/30
2026-10-07 20:48:27,914  gsv3.training             INFO     [family_holdout:qnn] epoch 0115  train_log_mse=0.02550  val_log_mse=1.89495  val_mse=0.022285  max_grad=24.64  patience=28/30
2026-10-07 20:48:44,008  gsv3.training             INFO     [family_holdout:qnn] epoch 0116  train_log_mse=0.02611  val_log_mse=2.09564  val_mse=0.023442  max_grad=30.90  patience=29/30
2026-10-07 20:49:00,984  gsv3.training             INFO     [family_holdout:qnn] epoch 0117  train_log_mse=0.02623  val_log_mse=2.14368  val_mse=0.022639  max_grad=22.25  patience=30/30
2026-10-07 20:49:01,673  gsv3.experiment           INFO     [qnn] TEST  n=760  MAE=0.1957  R2=-0.1448  device-acc=0.637  regret=0.0105
2026-10-07 20:49:01,681  genstudy.io               INFO     Wrote evaluations/generalization_v3/results/pooled_stab_a00/leave_one_family_out/qnn/metrics.json
2026-10-07 20:49:01,687  genstudy.io               INFO     Wrote evaluations/generalization_v3/results/pooled_stab_a00/leave_one_family_out/qnn/predictions.json
2026-10-07 20:49:01,698  genstudy.io               INFO     Wrote evaluations/generalization_v3/results/pooled_stab_a00/leave_one_family_out/qnn/history.json
2026-10-07 20:49:01,729  run_experiment            INFO     [8/10] ae
2026-10-07 20:49:01,732  gsv3.experiment           INFO     === family_holdout / ae ===
2026-10-07 20:49:01,732  gsv3.experiment           INFO     Leave-one-family-out: test = all 758 'ae' circuits, train = 16298 circuits from 34 other families.
2026-10-07 20:49:01,734  gsv3.experiment           INFO     train=12614  val=3684 ({'mode': 'family', 'val_families': ['bmw_quark_copula', 'bv', 'cdkm_ripple_carry_adder', 'dynamic_qft', 'full_adder', 'ghz_dynamic', 'grover', 'half_adder', 'modular_adder', 'multiplier', 'qft', 'qftentangled', 'qnn', 'qwalk', 'randomcircuit', 'rg_qft_multiplier', 'shors_nine_qubit_code', 'vbe_ripple_carry_adder', 'wstate']})  test=758
2026-10-07 20:49:01,792  gsv3.training             INFO     [family_holdout:ae] model=pooled (601177 params) train=12614 val=3684 lr=0.0003 clip=1.0 alpha=0.00
2026-10-07 20:49:18,836  gsv3.training             INFO     [family_holdout:ae] epoch 0001  train_log_mse=5.79912  val_log_mse=4.11985  val_mse=0.027137  max_grad=45994.59  patience=0/30
2026-10-07 20:49:35,122  gsv3.training             INFO     [family_holdout:ae] epoch 0002  train_log_mse=0.45298  val_log_mse=4.24185  val_mse=0.023727  max_grad=545.52  patience=0/30
2026-10-07 20:49:51,626  gsv3.training             INFO     [family_holdout:ae] epoch 0003  train_log_mse=0.31466  val_log_mse=3.89837  val_mse=0.027244  max_grad=750.28  patience=1/30
2026-10-07 20:50:08,106  gsv3.training             INFO     [family_holdout:ae] epoch 0004  train_log_mse=0.23839  val_log_mse=4.11827  val_mse=0.022430  max_grad=461.70  patience=0/30
2026-10-07 20:50:25,131  gsv3.training             INFO     [family_holdout:ae] epoch 0005  train_log_mse=0.18832  val_log_mse=2.90456  val_mse=0.023151  max_grad=390.32  patience=1/30
2026-10-07 20:50:41,751  gsv3.training             INFO     [family_holdout:ae] epoch 0006  train_log_mse=0.15727  val_log_mse=3.44293  val_mse=0.022522  max_grad=393.79  patience=2/30
2026-10-07 20:50:58,463  gsv3.training             INFO     [family_holdout:ae] epoch 0007  train_log_mse=0.12355  val_log_mse=2.82958  val_mse=0.020319  max_grad=163.22  patience=0/30
2026-10-07 20:51:15,110  gsv3.training             INFO     [family_holdout:ae] epoch 0008  train_log_mse=0.10606  val_log_mse=2.81164  val_mse=0.022157  max_grad=149.64  patience=1/30
2026-10-07 20:51:31,731  gsv3.training             INFO     [family_holdout:ae] epoch 0009  train_log_mse=0.09338  val_log_mse=2.39212  val_mse=0.022489  max_grad=119.23  patience=2/30
2026-10-07 20:51:48,894  gsv3.training             INFO     [family_holdout:ae] epoch 0010  train_log_mse=0.08269  val_log_mse=2.48106  val_mse=0.018295  max_grad=164.96  patience=0/30
2026-10-07 20:52:05,160  gsv3.training             INFO     [family_holdout:ae] epoch 0011  train_log_mse=0.07253  val_log_mse=2.06089  val_mse=0.020596  max_grad=87.63  patience=1/30
2026-10-07 20:52:21,404  gsv3.training             INFO     [family_holdout:ae] epoch 0012  train_log_mse=0.07313  val_log_mse=2.19629  val_mse=0.020382  max_grad=67.19  patience=2/30
2026-10-07 20:52:38,548  gsv3.training             INFO     [family_holdout:ae] epoch 0013  train_log_mse=0.06652  val_log_mse=2.28402  val_mse=0.019068  max_grad=86.46  patience=3/30
2026-10-07 20:52:55,325  gsv3.training             INFO     [family_holdout:ae] epoch 0014  train_log_mse=0.06984  val_log_mse=2.62357  val_mse=0.020980  max_grad=123.08  patience=4/30
2026-10-07 20:53:11,721  gsv3.training             INFO     [family_holdout:ae] epoch 0015  train_log_mse=0.05894  val_log_mse=2.24643  val_mse=0.018289  max_grad=66.63  patience=0/30
2026-10-07 20:53:28,606  gsv3.training             INFO     [family_holdout:ae] epoch 0016  train_log_mse=0.05631  val_log_mse=2.02346  val_mse=0.018810  max_grad=74.71  patience=1/30
2026-10-07 20:53:44,957  gsv3.training             INFO     [family_holdout:ae] epoch 0017  train_log_mse=0.05641  val_log_mse=1.94662  val_mse=0.019635  max_grad=58.54  patience=2/30
2026-10-07 20:54:01,937  gsv3.training             INFO     [family_holdout:ae] epoch 0018  train_log_mse=0.05447  val_log_mse=1.82352  val_mse=0.018065  max_grad=55.53  patience=0/30
2026-10-07 20:54:18,625  gsv3.training             INFO     [family_holdout:ae] epoch 0019  train_log_mse=0.04751  val_log_mse=1.97405  val_mse=0.020616  max_grad=54.74  patience=1/30
2026-10-07 20:54:35,076  gsv3.training             INFO     [family_holdout:ae] epoch 0020  train_log_mse=0.04585  val_log_mse=1.94992  val_mse=0.020337  max_grad=66.05  patience=2/30
2026-10-07 20:54:51,365  gsv3.training             INFO     [family_holdout:ae] epoch 0021  train_log_mse=0.04467  val_log_mse=1.76597  val_mse=0.017479  max_grad=35.70  patience=0/30
2026-10-07 20:55:08,604  gsv3.training             INFO     [family_holdout:ae] epoch 0022  train_log_mse=0.04527  val_log_mse=1.71830  val_mse=0.016830  max_grad=46.29  patience=0/30
2026-10-07 20:55:25,170  gsv3.training             INFO     [family_holdout:ae] epoch 0023  train_log_mse=0.04875  val_log_mse=1.55703  val_mse=0.017517  max_grad=72.75  patience=1/30
2026-10-07 20:55:41,422  gsv3.training             INFO     [family_holdout:ae] epoch 0024  train_log_mse=0.04301  val_log_mse=1.75247  val_mse=0.017897  max_grad=46.38  patience=2/30
2026-10-07 20:55:57,779  gsv3.training             INFO     [family_holdout:ae] epoch 0025  train_log_mse=0.04500  val_log_mse=1.76758  val_mse=0.015618  max_grad=52.02  patience=0/30
2026-10-07 20:56:14,903  gsv3.training             INFO     [family_holdout:ae] epoch 0026  train_log_mse=0.03920  val_log_mse=1.74730  val_mse=0.014260  max_grad=34.61  patience=0/30
2026-10-07 20:56:31,079  gsv3.training             INFO     [family_holdout:ae] epoch 0027  train_log_mse=0.04395  val_log_mse=1.60559  val_mse=0.018460  max_grad=40.88  patience=1/30
2026-10-07 20:56:48,462  gsv3.training             INFO     [family_holdout:ae] epoch 0028  train_log_mse=0.04253  val_log_mse=1.60186  val_mse=0.015002  max_grad=40.88  patience=2/30
2026-10-07 20:57:05,249  gsv3.training             INFO     [family_holdout:ae] epoch 0029  train_log_mse=0.03848  val_log_mse=1.69569  val_mse=0.016536  max_grad=42.05  patience=3/30
2026-10-07 20:57:22,278  gsv3.training             INFO     [family_holdout:ae] epoch 0030  train_log_mse=0.03792  val_log_mse=1.34381  val_mse=0.016778  max_grad=31.49  patience=4/30
2026-10-07 20:57:39,754  gsv3.training             INFO     [family_holdout:ae] epoch 0031  train_log_mse=0.04145  val_log_mse=1.54105  val_mse=0.015175  max_grad=28.67  patience=5/30
2026-10-07 20:57:56,817  gsv3.training             INFO     [family_holdout:ae] epoch 0032  train_log_mse=0.03804  val_log_mse=1.60724  val_mse=0.017490  max_grad=46.78  patience=6/30
2026-10-07 20:58:13,339  gsv3.training             INFO     [family_holdout:ae] epoch 0033  train_log_mse=0.03780  val_log_mse=1.54845  val_mse=0.017194  max_grad=33.61  patience=7/30
2026-10-07 20:58:30,372  gsv3.training             INFO     [family_holdout:ae] epoch 0034  train_log_mse=0.03678  val_log_mse=1.41194  val_mse=0.016257  max_grad=30.66  patience=8/30
2026-10-07 20:58:46,991  gsv3.training             INFO     [family_holdout:ae] epoch 0035  train_log_mse=0.03423  val_log_mse=1.45597  val_mse=0.016473  max_grad=33.04  patience=9/30
2026-10-07 20:59:03,432  gsv3.training             INFO     [family_holdout:ae] epoch 0036  train_log_mse=0.03154  val_log_mse=1.44147  val_mse=0.016637  max_grad=24.42  patience=10/30
2026-10-07 20:59:20,069  gsv3.training             INFO     [family_holdout:ae] epoch 0037  train_log_mse=0.03479  val_log_mse=1.49338  val_mse=0.015489  max_grad=33.56  patience=11/30
2026-10-07 20:59:37,553  gsv3.training             INFO     [family_holdout:ae] epoch 0038  train_log_mse=0.03318  val_log_mse=1.45447  val_mse=0.015979  max_grad=24.54  patience=12/30
2026-10-07 20:59:54,182  gsv3.training             INFO     [family_holdout:ae] epoch 0039  train_log_mse=0.03319  val_log_mse=1.49070  val_mse=0.015974  max_grad=33.92  patience=13/30
2026-10-07 21:00:11,043  gsv3.training             INFO     [family_holdout:ae] epoch 0040  train_log_mse=0.03395  val_log_mse=1.58243  val_mse=0.015704  max_grad=30.63  patience=14/30
2026-10-07 21:00:28,044  gsv3.training             INFO     [family_holdout:ae] epoch 0041  train_log_mse=0.03346  val_log_mse=1.45434  val_mse=0.016163  max_grad=26.33  patience=15/30
2026-10-07 21:00:44,914  gsv3.training             INFO     [family_holdout:ae] epoch 0042  train_log_mse=0.03278  val_log_mse=1.47327  val_mse=0.015156  max_grad=31.45  patience=16/30
2026-10-07 21:01:01,885  gsv3.training             INFO     [family_holdout:ae] epoch 0043  train_log_mse=0.03396  val_log_mse=1.47349  val_mse=0.016353  max_grad=38.99  patience=17/30
2026-10-07 21:01:19,151  gsv3.training             INFO     [family_holdout:ae] epoch 0044  train_log_mse=0.03101  val_log_mse=1.39759  val_mse=0.018937  max_grad=25.58  patience=18/30
2026-10-07 21:01:35,634  gsv3.training             INFO     [family_holdout:ae] epoch 0045  train_log_mse=0.03343  val_log_mse=1.41250  val_mse=0.014485  max_grad=28.54  patience=19/30
2026-10-07 21:01:52,035  gsv3.training             INFO     [family_holdout:ae] epoch 0046  train_log_mse=0.03369  val_log_mse=1.36882  val_mse=0.014680  max_grad=44.23  patience=20/30
2026-10-07 21:02:10,173  gsv3.training             INFO     [family_holdout:ae] epoch 0047  train_log_mse=0.03150  val_log_mse=1.53522  val_mse=0.014359  max_grad=25.88  patience=21/30
2026-10-07 21:02:26,733  gsv3.training             INFO     [family_holdout:ae] epoch 0048  train_log_mse=0.03192  val_log_mse=1.46571  val_mse=0.016451  max_grad=27.42  patience=22/30
2026-10-07 21:02:43,132  gsv3.training             INFO     [family_holdout:ae] epoch 0049  train_log_mse=0.02998  val_log_mse=1.42887  val_mse=0.015118  max_grad=25.81  patience=23/30
2026-10-07 21:03:00,274  gsv3.training             INFO     [family_holdout:ae] epoch 0050  train_log_mse=0.03043  val_log_mse=1.44240  val_mse=0.015405  max_grad=29.11  patience=24/30
2026-10-07 21:03:17,264  gsv3.training             INFO     [family_holdout:ae] epoch 0051  train_log_mse=0.03168  val_log_mse=1.55951  val_mse=0.015377  max_grad=40.02  patience=25/30
2026-10-07 21:03:33,895  gsv3.training             INFO     [family_holdout:ae] epoch 0052  train_log_mse=0.02784  val_log_mse=1.43909  val_mse=0.015638  max_grad=16.90  patience=26/30
2026-10-07 21:03:51,347  gsv3.training             INFO     [family_holdout:ae] epoch 0053  train_log_mse=0.02962  val_log_mse=1.48862  val_mse=0.013526  max_grad=33.80  patience=0/30
2026-10-07 21:04:07,853  gsv3.training             INFO     [family_holdout:ae] epoch 0054  train_log_mse=0.03065  val_log_mse=1.39703  val_mse=0.015053  max_grad=21.36  patience=1/30
2026-10-07 21:04:24,516  gsv3.training             INFO     [family_holdout:ae] epoch 0055  train_log_mse=0.02918  val_log_mse=1.44456  val_mse=0.014724  max_grad=21.46  patience=2/30
2026-10-07 21:04:42,053  gsv3.training             INFO     [family_holdout:ae] epoch 0056  train_log_mse=0.02877  val_log_mse=1.49469  val_mse=0.013503  max_grad=32.11  patience=0/30
2026-10-07 21:04:59,036  gsv3.training             INFO     [family_holdout:ae] epoch 0057  train_log_mse=0.02764  val_log_mse=1.41601  val_mse=0.014903  max_grad=19.00  patience=1/30
2026-10-07 21:05:16,015  gsv3.training             INFO     [family_holdout:ae] epoch 0058  train_log_mse=0.02869  val_log_mse=1.40856  val_mse=0.013766  max_grad=23.20  patience=2/30
2026-10-07 21:05:33,088  gsv3.training             INFO     [family_holdout:ae] epoch 0059  train_log_mse=0.02879  val_log_mse=1.41592  val_mse=0.012262  max_grad=27.85  patience=0/30
2026-10-07 21:05:50,423  gsv3.training             INFO     [family_holdout:ae] epoch 0060  train_log_mse=0.02702  val_log_mse=1.55815  val_mse=0.014619  max_grad=18.14  patience=1/30
2026-10-07 21:06:06,811  gsv3.training             INFO     [family_holdout:ae] epoch 0061  train_log_mse=0.02733  val_log_mse=1.47042  val_mse=0.014425  max_grad=25.94  patience=2/30
2026-10-07 21:06:23,734  gsv3.training             INFO     [family_holdout:ae] epoch 0062  train_log_mse=0.02817  val_log_mse=1.50696  val_mse=0.014609  max_grad=22.63  patience=3/30
2026-10-07 21:06:40,564  gsv3.training             INFO     [family_holdout:ae] epoch 0063  train_log_mse=0.02734  val_log_mse=1.48822  val_mse=0.013666  max_grad=28.80  patience=4/30
2026-10-07 21:06:57,846  gsv3.training             INFO     [family_holdout:ae] epoch 0064  train_log_mse=0.02768  val_log_mse=1.66993  val_mse=0.013913  max_grad=21.67  patience=5/30
2026-10-07 21:07:14,918  gsv3.training             INFO     [family_holdout:ae] epoch 0065  train_log_mse=0.02661  val_log_mse=1.48423  val_mse=0.012507  max_grad=19.63  patience=6/30
2026-10-07 21:07:32,074  gsv3.training             INFO     [family_holdout:ae] epoch 0066  train_log_mse=0.02577  val_log_mse=1.35090  val_mse=0.014428  max_grad=21.59  patience=7/30
2026-10-07 21:07:48,632  gsv3.training             INFO     [family_holdout:ae] epoch 0067  train_log_mse=0.02639  val_log_mse=1.38984  val_mse=0.016150  max_grad=20.07  patience=8/30
2026-10-07 21:08:05,231  gsv3.training             INFO     [family_holdout:ae] epoch 0068  train_log_mse=0.02565  val_log_mse=1.31266  val_mse=0.013934  max_grad=16.42  patience=9/30
2026-10-07 21:08:22,747  gsv3.training             INFO     [family_holdout:ae] epoch 0069  train_log_mse=0.02579  val_log_mse=1.34725  val_mse=0.012772  max_grad=25.60  patience=10/30
2026-10-07 21:08:39,220  gsv3.training             INFO     [family_holdout:ae] epoch 0070  train_log_mse=0.02721  val_log_mse=1.42736  val_mse=0.013687  max_grad=20.92  patience=11/30
2026-10-07 21:08:55,767  gsv3.training             INFO     [family_holdout:ae] epoch 0071  train_log_mse=0.02597  val_log_mse=1.33810  val_mse=0.012718  max_grad=26.66  patience=12/30
2026-10-07 21:09:12,976  gsv3.training             INFO     [family_holdout:ae] epoch 0072  train_log_mse=0.02566  val_log_mse=1.46892  val_mse=0.014293  max_grad=21.56  patience=13/30
2026-10-07 21:09:30,158  gsv3.training             INFO     [family_holdout:ae] epoch 0073  train_log_mse=0.02532  val_log_mse=1.47533  val_mse=0.013407  max_grad=19.28  patience=14/30
2026-10-07 21:09:46,693  gsv3.training             INFO     [family_holdout:ae] epoch 0074  train_log_mse=0.02644  val_log_mse=1.50139  val_mse=0.013349  max_grad=23.99  patience=15/30
2026-10-07 21:10:03,927  gsv3.training             INFO     [family_holdout:ae] epoch 0075  train_log_mse=0.02551  val_log_mse=1.52041  val_mse=0.012926  max_grad=15.62  patience=16/30
2026-10-07 21:10:20,332  gsv3.training             INFO     [family_holdout:ae] epoch 0076  train_log_mse=0.02685  val_log_mse=1.32708  val_mse=0.014727  max_grad=20.32  patience=17/30
2026-10-07 21:10:37,176  gsv3.training             INFO     [family_holdout:ae] epoch 0077  train_log_mse=0.02415  val_log_mse=1.42546  val_mse=0.013593  max_grad=17.92  patience=18/30
2026-10-07 21:10:55,091  gsv3.training             INFO     [family_holdout:ae] epoch 0078  train_log_mse=0.02476  val_log_mse=1.47124  val_mse=0.013295  max_grad=21.62  patience=19/30
2026-10-07 21:11:12,030  gsv3.training             INFO     [family_holdout:ae] epoch 0079  train_log_mse=0.02521  val_log_mse=1.53593  val_mse=0.012836  max_grad=19.73  patience=20/30
2026-10-07 21:11:28,565  gsv3.training             INFO     [family_holdout:ae] epoch 0080  train_log_mse=0.02442  val_log_mse=1.49245  val_mse=0.013779  max_grad=18.91  patience=21/30
2026-10-07 21:11:45,852  gsv3.training             INFO     [family_holdout:ae] epoch 0081  train_log_mse=0.02441  val_log_mse=1.35542  val_mse=0.013172  max_grad=19.22  patience=22/30
2026-10-07 21:12:02,981  gsv3.training             INFO     [family_holdout:ae] epoch 0082  train_log_mse=0.02380  val_log_mse=1.46125  val_mse=0.012951  max_grad=18.42  patience=23/30
2026-10-07 21:12:19,976  gsv3.training             INFO     [family_holdout:ae] epoch 0083  train_log_mse=0.02512  val_log_mse=1.32211  val_mse=0.013832  max_grad=17.24  patience=24/30
2026-10-07 21:12:36,888  gsv3.training             INFO     [family_holdout:ae] epoch 0084  train_log_mse=0.02357  val_log_mse=1.22941  val_mse=0.013670  max_grad=18.16  patience=25/30
2026-10-07 21:12:53,874  gsv3.training             INFO     [family_holdout:ae] epoch 0085  train_log_mse=0.02501  val_log_mse=1.38352  val_mse=0.013151  max_grad=20.75  patience=26/30
2026-10-07 21:13:11,011  gsv3.training             INFO     [family_holdout:ae] epoch 0086  train_log_mse=0.02489  val_log_mse=1.29773  val_mse=0.014108  max_grad=24.42  patience=27/30
2026-10-07 21:13:28,038  gsv3.training             INFO     [family_holdout:ae] epoch 0087  train_log_mse=0.02532  val_log_mse=1.35799  val_mse=0.014830  max_grad=19.93  patience=28/30
2026-10-07 21:13:44,890  gsv3.training             INFO     [family_holdout:ae] epoch 0088  train_log_mse=0.02474  val_log_mse=1.41076  val_mse=0.014892  max_grad=22.83  patience=29/30
2026-10-07 21:14:01,383  gsv3.training             INFO     [family_holdout:ae] epoch 0089  train_log_mse=0.02364  val_log_mse=1.42047  val_mse=0.013434  max_grad=16.79  patience=30/30
2026-10-07 21:14:02,340  gsv3.experiment           INFO     [ae] TEST  n=758  MAE=0.0257  R2=0.9834  device-acc=0.344  regret=0.0098
2026-10-07 21:14:02,344  genstudy.io               INFO     Wrote evaluations/generalization_v3/results/pooled_stab_a00/leave_one_family_out/ae/metrics.json
2026-10-07 21:14:02,349  genstudy.io               INFO     Wrote evaluations/generalization_v3/results/pooled_stab_a00/leave_one_family_out/ae/predictions.json
2026-10-07 21:14:02,360  genstudy.io               INFO     Wrote evaluations/generalization_v3/results/pooled_stab_a00/leave_one_family_out/ae/history.json
2026-10-07 21:14:02,391  run_experiment            INFO     [9/10] qftentangled
2026-10-07 21:14:02,394  gsv3.experiment           INFO     === family_holdout / qftentangled ===
2026-10-07 21:14:02,394  gsv3.experiment           INFO     Leave-one-family-out: test = all 746 'qftentangled' circuits, train = 16310 circuits from 34 other families.
2026-10-07 21:14:02,396  gsv3.experiment           INFO     train=12774  val=3536 ({'mode': 'family', 'val_families': ['bmw_quark_cardinality', 'bmw_quark_copula', 'bv', 'draper_qft_adder', 'dynamic_qft', 'ghz', 'graphstate', 'grover', 'iqpe', 'modular_adder', 'qft', 'qnn', 'qwalk', 'randomcircuit', 'rg_qft_multiplier', 'shors_nine_qubit_code', 'wstate']})  test=746
2026-10-07 21:14:02,466  gsv3.training             INFO     [family_holdout:qftentangled] model=pooled (601177 params) train=12774 val=3536 lr=0.0003 clip=1.0 alpha=0.00
2026-10-07 21:14:19,095  gsv3.training             INFO     [family_holdout:qftentangled] epoch 0001  train_log_mse=3.95500  val_log_mse=4.71546  val_mse=0.050990  max_grad=38616.24  patience=0/30
2026-10-07 21:14:36,524  gsv3.training             INFO     [family_holdout:qftentangled] epoch 0002  train_log_mse=0.36626  val_log_mse=3.01079  val_mse=0.041874  max_grad=359.03  patience=0/30
2026-10-07 21:14:52,988  gsv3.training             INFO     [family_holdout:qftentangled] epoch 0003  train_log_mse=0.24021  val_log_mse=2.84119  val_mse=0.037173  max_grad=506.85  patience=0/30
2026-10-07 21:15:09,480  gsv3.training             INFO     [family_holdout:qftentangled] epoch 0004  train_log_mse=0.18642  val_log_mse=3.75700  val_mse=0.037113  max_grad=237.53  patience=0/30
2026-10-07 21:15:26,569  gsv3.training             INFO     [family_holdout:qftentangled] epoch 0005  train_log_mse=0.12332  val_log_mse=4.04309  val_mse=0.045552  max_grad=131.11  patience=1/30
2026-10-07 21:15:43,719  gsv3.training             INFO     [family_holdout:qftentangled] epoch 0006  train_log_mse=0.13200  val_log_mse=3.84681  val_mse=0.046424  max_grad=217.55  patience=2/30
2026-10-07 21:16:00,320  gsv3.training             INFO     [family_holdout:qftentangled] epoch 0007  train_log_mse=0.10505  val_log_mse=3.52369  val_mse=0.044831  max_grad=156.15  patience=3/30
2026-10-07 21:16:17,597  gsv3.training             INFO     [family_holdout:qftentangled] epoch 0008  train_log_mse=0.09809  val_log_mse=2.93217  val_mse=0.041439  max_grad=135.75  patience=4/30
2026-10-07 21:16:34,049  gsv3.training             INFO     [family_holdout:qftentangled] epoch 0009  train_log_mse=0.09263  val_log_mse=2.97878  val_mse=0.038491  max_grad=118.30  patience=5/30
2026-10-07 21:16:50,814  gsv3.training             INFO     [family_holdout:qftentangled] epoch 0010  train_log_mse=0.07907  val_log_mse=2.86108  val_mse=0.036608  max_grad=86.41  patience=0/30
2026-10-07 21:17:08,432  gsv3.training             INFO     [family_holdout:qftentangled] epoch 0011  train_log_mse=0.07798  val_log_mse=3.11588  val_mse=0.041344  max_grad=76.25  patience=1/30
2026-10-07 21:17:24,863  gsv3.training             INFO     [family_holdout:qftentangled] epoch 0012  train_log_mse=0.07247  val_log_mse=2.96243  val_mse=0.044269  max_grad=90.09  patience=2/30
2026-10-07 21:17:41,179  gsv3.training             INFO     [family_holdout:qftentangled] epoch 0013  train_log_mse=0.07973  val_log_mse=2.90340  val_mse=0.041397  max_grad=85.17  patience=3/30
2026-10-07 21:17:58,795  gsv3.training             INFO     [family_holdout:qftentangled] epoch 0014  train_log_mse=0.07442  val_log_mse=3.32038  val_mse=0.039562  max_grad=75.35  patience=4/30
2026-10-07 21:18:15,649  gsv3.training             INFO     [family_holdout:qftentangled] epoch 0015  train_log_mse=0.06365  val_log_mse=2.63544  val_mse=0.038765  max_grad=53.61  patience=5/30
2026-10-07 21:18:32,034  gsv3.training             INFO     [family_holdout:qftentangled] epoch 0016  train_log_mse=0.06052  val_log_mse=2.84806  val_mse=0.038136  max_grad=95.56  patience=6/30
2026-10-07 21:18:49,334  gsv3.training             INFO     [family_holdout:qftentangled] epoch 0017  train_log_mse=0.06076  val_log_mse=2.37269  val_mse=0.034552  max_grad=76.44  patience=0/30
2026-10-07 21:19:05,976  gsv3.training             INFO     [family_holdout:qftentangled] epoch 0018  train_log_mse=0.05355  val_log_mse=2.61872  val_mse=0.040174  max_grad=47.92  patience=1/30
2026-10-07 21:19:22,898  gsv3.training             INFO     [family_holdout:qftentangled] epoch 0019  train_log_mse=0.06071  val_log_mse=2.77742  val_mse=0.042009  max_grad=57.18  patience=2/30
2026-10-07 21:19:40,061  gsv3.training             INFO     [family_holdout:qftentangled] epoch 0020  train_log_mse=0.05226  val_log_mse=2.37709  val_mse=0.038768  max_grad=60.08  patience=3/30
2026-10-07 21:19:56,442  gsv3.training             INFO     [family_holdout:qftentangled] epoch 0021  train_log_mse=0.05562  val_log_mse=2.77936  val_mse=0.034492  max_grad=46.61  patience=0/30
2026-10-07 21:20:12,870  gsv3.training             INFO     [family_holdout:qftentangled] epoch 0022  train_log_mse=0.05062  val_log_mse=2.67870  val_mse=0.035773  max_grad=52.56  patience=1/30
2026-10-07 21:20:30,703  gsv3.training             INFO     [family_holdout:qftentangled] epoch 0023  train_log_mse=0.04789  val_log_mse=2.32708  val_mse=0.037571  max_grad=46.42  patience=2/30
2026-10-07 21:20:47,197  gsv3.training             INFO     [family_holdout:qftentangled] epoch 0024  train_log_mse=0.04816  val_log_mse=2.54015  val_mse=0.039369  max_grad=39.03  patience=3/30
2026-10-07 21:21:03,675  gsv3.training             INFO     [family_holdout:qftentangled] epoch 0025  train_log_mse=0.04705  val_log_mse=2.53684  val_mse=0.034628  max_grad=51.26  patience=4/30
2026-10-07 21:21:20,879  gsv3.training             INFO     [family_holdout:qftentangled] epoch 0026  train_log_mse=0.04585  val_log_mse=2.82600  val_mse=0.039717  max_grad=42.77  patience=5/30
2026-10-07 21:21:37,643  gsv3.training             INFO     [family_holdout:qftentangled] epoch 0027  train_log_mse=0.04414  val_log_mse=2.15525  val_mse=0.034014  max_grad=62.89  patience=0/30
2026-10-07 21:21:54,341  gsv3.training             INFO     [family_holdout:qftentangled] epoch 0028  train_log_mse=0.04057  val_log_mse=2.19661  val_mse=0.035034  max_grad=36.07  patience=1/30
2026-10-07 21:22:11,243  gsv3.training             INFO     [family_holdout:qftentangled] epoch 0029  train_log_mse=0.04029  val_log_mse=2.40614  val_mse=0.037018  max_grad=33.89  patience=2/30
2026-10-07 21:22:27,548  gsv3.training             INFO     [family_holdout:qftentangled] epoch 0030  train_log_mse=0.04069  val_log_mse=2.76398  val_mse=0.050145  max_grad=38.32  patience=3/30
2026-10-07 21:22:45,029  gsv3.training             INFO     [family_holdout:qftentangled] epoch 0031  train_log_mse=0.04449  val_log_mse=2.16619  val_mse=0.035293  max_grad=36.96  patience=4/30
2026-10-07 21:23:01,585  gsv3.training             INFO     [family_holdout:qftentangled] epoch 0032  train_log_mse=0.03899  val_log_mse=2.52442  val_mse=0.044362  max_grad=36.02  patience=5/30
2026-10-07 21:23:18,026  gsv3.training             INFO     [family_holdout:qftentangled] epoch 0033  train_log_mse=0.03885  val_log_mse=2.53798  val_mse=0.036452  max_grad=33.29  patience=6/30
2026-10-07 21:23:35,047  gsv3.training             INFO     [family_holdout:qftentangled] epoch 0034  train_log_mse=0.03747  val_log_mse=2.51412  val_mse=0.040074  max_grad=38.72  patience=7/30
2026-10-07 21:23:51,580  gsv3.training             INFO     [family_holdout:qftentangled] epoch 0035  train_log_mse=0.03963  val_log_mse=2.04895  val_mse=0.033655  max_grad=51.03  patience=0/30
2026-10-07 21:24:08,915  gsv3.training             INFO     [family_holdout:qftentangled] epoch 0036  train_log_mse=0.03910  val_log_mse=2.42142  val_mse=0.038496  max_grad=32.70  patience=1/30
2026-10-07 21:24:25,177  gsv3.training             INFO     [family_holdout:qftentangled] epoch 0037  train_log_mse=0.04077  val_log_mse=2.37279  val_mse=0.037095  max_grad=39.48  patience=2/30
2026-10-07 21:24:41,672  gsv3.training             INFO     [family_holdout:qftentangled] epoch 0038  train_log_mse=0.03710  val_log_mse=2.25725  val_mse=0.032758  max_grad=30.42  patience=0/30
2026-10-07 21:24:58,533  gsv3.training             INFO     [family_holdout:qftentangled] epoch 0039  train_log_mse=0.03572  val_log_mse=2.81486  val_mse=0.039649  max_grad=26.80  patience=1/30
2026-10-07 21:25:15,253  gsv3.training             INFO     [family_holdout:qftentangled] epoch 0040  train_log_mse=0.03746  val_log_mse=2.46551  val_mse=0.043774  max_grad=26.13  patience=2/30
2026-10-07 21:25:32,218  gsv3.training             INFO     [family_holdout:qftentangled] epoch 0041  train_log_mse=0.03428  val_log_mse=2.45308  val_mse=0.039756  max_grad=26.17  patience=3/30
2026-10-07 21:25:48,490  gsv3.training             INFO     [family_holdout:qftentangled] epoch 0042  train_log_mse=0.03425  val_log_mse=2.61092  val_mse=0.037526  max_grad=24.15  patience=4/30
2026-10-07 21:26:05,021  gsv3.training             INFO     [family_holdout:qftentangled] epoch 0043  train_log_mse=0.03388  val_log_mse=2.29964  val_mse=0.036055  max_grad=28.96  patience=5/30
2026-10-07 21:26:22,740  gsv3.training             INFO     [family_holdout:qftentangled] epoch 0044  train_log_mse=0.03533  val_log_mse=2.61281  val_mse=0.036979  max_grad=35.56  patience=6/30
2026-10-07 21:26:39,241  gsv3.training             INFO     [family_holdout:qftentangled] epoch 0045  train_log_mse=0.03425  val_log_mse=2.59067  val_mse=0.042031  max_grad=32.51  patience=7/30
2026-10-07 21:26:56,243  gsv3.training             INFO     [family_holdout:qftentangled] epoch 0046  train_log_mse=0.03543  val_log_mse=2.49883  val_mse=0.034672  max_grad=28.99  patience=8/30
2026-10-07 21:27:12,477  gsv3.training             INFO     [family_holdout:qftentangled] epoch 0047  train_log_mse=0.03354  val_log_mse=2.30793  val_mse=0.033864  max_grad=25.06  patience=9/30
2026-10-07 21:27:29,400  gsv3.training             INFO     [family_holdout:qftentangled] epoch 0048  train_log_mse=0.03600  val_log_mse=2.34394  val_mse=0.034490  max_grad=26.71  patience=10/30
2026-10-07 21:27:45,879  gsv3.training             INFO     [family_holdout:qftentangled] epoch 0049  train_log_mse=0.03375  val_log_mse=2.40817  val_mse=0.039295  max_grad=31.27  patience=11/30
2026-10-07 21:28:01,945  gsv3.training             INFO     [family_holdout:qftentangled] epoch 0050  train_log_mse=0.03419  val_log_mse=2.32647  val_mse=0.036719  max_grad=25.57  patience=12/30
2026-10-07 21:28:18,674  gsv3.training             INFO     [family_holdout:qftentangled] epoch 0051  train_log_mse=0.03172  val_log_mse=2.45205  val_mse=0.040478  max_grad=24.01  patience=13/30
2026-10-07 21:28:35,258  gsv3.training             INFO     [family_holdout:qftentangled] epoch 0052  train_log_mse=0.03481  val_log_mse=2.10625  val_mse=0.033371  max_grad=33.20  patience=14/30
2026-10-07 21:28:51,212  gsv3.training             INFO     [family_holdout:qftentangled] epoch 0053  train_log_mse=0.03371  val_log_mse=2.21154  val_mse=0.034259  max_grad=36.66  patience=15/30
2026-10-07 21:29:07,826  gsv3.training             INFO     [family_holdout:qftentangled] epoch 0054  train_log_mse=0.03246  val_log_mse=2.43392  val_mse=0.037801  max_grad=24.70  patience=16/30
2026-10-07 21:29:23,719  gsv3.training             INFO     [family_holdout:qftentangled] epoch 0055  train_log_mse=0.03108  val_log_mse=2.42775  val_mse=0.037638  max_grad=25.32  patience=17/30
2026-10-07 21:29:40,730  gsv3.training             INFO     [family_holdout:qftentangled] epoch 0056  train_log_mse=0.03184  val_log_mse=2.36262  val_mse=0.035675  max_grad=23.47  patience=18/30
2026-10-07 21:29:56,793  gsv3.training             INFO     [family_holdout:qftentangled] epoch 0057  train_log_mse=0.03088  val_log_mse=2.38910  val_mse=0.035311  max_grad=25.28  patience=19/30
2026-10-07 21:30:12,690  gsv3.training             INFO     [family_holdout:qftentangled] epoch 0058  train_log_mse=0.03231  val_log_mse=2.48432  val_mse=0.038312  max_grad=28.21  patience=20/30
2026-10-07 21:30:29,303  gsv3.training             INFO     [family_holdout:qftentangled] epoch 0059  train_log_mse=0.03173  val_log_mse=2.39929  val_mse=0.041591  max_grad=32.01  patience=21/30
2026-10-07 21:30:45,789  gsv3.training             INFO     [family_holdout:qftentangled] epoch 0060  train_log_mse=0.03053  val_log_mse=2.13795  val_mse=0.035315  max_grad=23.91  patience=22/30
2026-10-07 21:31:02,519  gsv3.training             INFO     [family_holdout:qftentangled] epoch 0061  train_log_mse=0.02915  val_log_mse=2.08385  val_mse=0.033943  max_grad=24.67  patience=23/30
2026-10-07 21:31:18,538  gsv3.training             INFO     [family_holdout:qftentangled] epoch 0062  train_log_mse=0.03191  val_log_mse=2.48073  val_mse=0.036150  max_grad=46.73  patience=24/30
2026-10-07 21:31:34,456  gsv3.training             INFO     [family_holdout:qftentangled] epoch 0063  train_log_mse=0.02935  val_log_mse=2.43005  val_mse=0.036080  max_grad=23.74  patience=25/30
2026-10-07 21:31:51,296  gsv3.training             INFO     [family_holdout:qftentangled] epoch 0064  train_log_mse=0.02928  val_log_mse=2.56816  val_mse=0.036220  max_grad=18.87  patience=26/30
2026-10-07 21:32:07,648  gsv3.training             INFO     [family_holdout:qftentangled] epoch 0065  train_log_mse=0.02992  val_log_mse=2.37829  val_mse=0.032570  max_grad=25.72  patience=0/30
2026-10-07 21:32:24,171  gsv3.training             INFO     [family_holdout:qftentangled] epoch 0066  train_log_mse=0.03242  val_log_mse=2.42127  val_mse=0.038223  max_grad=28.93  patience=1/30
2026-10-07 21:32:40,194  gsv3.training             INFO     [family_holdout:qftentangled] epoch 0067  train_log_mse=0.02856  val_log_mse=2.45686  val_mse=0.039199  max_grad=25.97  patience=2/30
2026-10-07 21:32:56,126  gsv3.training             INFO     [family_holdout:qftentangled] epoch 0068  train_log_mse=0.02951  val_log_mse=2.31112  val_mse=0.035016  max_grad=25.92  patience=3/30
2026-10-07 21:33:13,306  gsv3.training             INFO     [family_holdout:qftentangled] epoch 0069  train_log_mse=0.02892  val_log_mse=2.18992  val_mse=0.033813  max_grad=17.42  patience=4/30
2026-10-07 21:33:29,269  gsv3.training             INFO     [family_holdout:qftentangled] epoch 0070  train_log_mse=0.02961  val_log_mse=2.31530  val_mse=0.036822  max_grad=20.98  patience=5/30
2026-10-07 21:33:45,913  gsv3.training             INFO     [family_holdout:qftentangled] epoch 0071  train_log_mse=0.02800  val_log_mse=2.22627  val_mse=0.035980  max_grad=19.46  patience=6/30
2026-10-07 21:34:02,238  gsv3.training             INFO     [family_holdout:qftentangled] epoch 0072  train_log_mse=0.02832  val_log_mse=2.29248  val_mse=0.034891  max_grad=23.50  patience=7/30
2026-10-07 21:34:18,668  gsv3.training             INFO     [family_holdout:qftentangled] epoch 0073  train_log_mse=0.03051  val_log_mse=2.35299  val_mse=0.033524  max_grad=28.29  patience=8/30
2026-10-07 21:34:35,484  gsv3.training             INFO     [family_holdout:qftentangled] epoch 0074  train_log_mse=0.02782  val_log_mse=2.35273  val_mse=0.035558  max_grad=21.46  patience=9/30
2026-10-07 21:34:51,530  gsv3.training             INFO     [family_holdout:qftentangled] epoch 0075  train_log_mse=0.02986  val_log_mse=2.40767  val_mse=0.038173  max_grad=24.04  patience=10/30
2026-10-07 21:35:08,123  gsv3.training             INFO     [family_holdout:qftentangled] epoch 0076  train_log_mse=0.03004  val_log_mse=2.31704  val_mse=0.034243  max_grad=28.11  patience=11/30
2026-10-07 21:35:24,514  gsv3.training             INFO     [family_holdout:qftentangled] epoch 0077  train_log_mse=0.02880  val_log_mse=2.24983  val_mse=0.034650  max_grad=19.88  patience=12/30
2026-10-07 21:35:40,677  gsv3.training             INFO     [family_holdout:qftentangled] epoch 0078  train_log_mse=0.03061  val_log_mse=2.35904  val_mse=0.034110  max_grad=20.27  patience=13/30
2026-10-07 21:35:57,391  gsv3.training             INFO     [family_holdout:qftentangled] epoch 0079  train_log_mse=0.02830  val_log_mse=2.30498  val_mse=0.036612  max_grad=21.60  patience=14/30
2026-10-07 21:36:13,299  gsv3.training             INFO     [family_holdout:qftentangled] epoch 0080  train_log_mse=0.02801  val_log_mse=2.66420  val_mse=0.037684  max_grad=21.91  patience=15/30
2026-10-07 21:36:29,950  gsv3.training             INFO     [family_holdout:qftentangled] epoch 0081  train_log_mse=0.02821  val_log_mse=2.29412  val_mse=0.032733  max_grad=19.54  patience=16/30
2026-10-07 21:36:46,532  gsv3.training             INFO     [family_holdout:qftentangled] epoch 0082  train_log_mse=0.02794  val_log_mse=2.40352  val_mse=0.036312  max_grad=23.29  patience=17/30
2026-10-07 21:37:02,491  gsv3.training             INFO     [family_holdout:qftentangled] epoch 0083  train_log_mse=0.02724  val_log_mse=2.37700  val_mse=0.037565  max_grad=20.27  patience=18/30
2026-10-07 21:37:19,058  gsv3.training             INFO     [family_holdout:qftentangled] epoch 0084  train_log_mse=0.02807  val_log_mse=2.49163  val_mse=0.037660  max_grad=33.88  patience=19/30
2026-10-07 21:37:35,153  gsv3.training             INFO     [family_holdout:qftentangled] epoch 0085  train_log_mse=0.02713  val_log_mse=2.46157  val_mse=0.035942  max_grad=16.96  patience=20/30
2026-10-07 21:37:52,221  gsv3.training             INFO     [family_holdout:qftentangled] epoch 0086  train_log_mse=0.02686  val_log_mse=2.23189  val_mse=0.034554  max_grad=18.19  patience=21/30
2026-10-07 21:38:08,329  gsv3.training             INFO     [family_holdout:qftentangled] epoch 0087  train_log_mse=0.02775  val_log_mse=2.26555  val_mse=0.034987  max_grad=23.62  patience=22/30
2026-10-07 21:38:24,268  gsv3.training             INFO     [family_holdout:qftentangled] epoch 0088  train_log_mse=0.02693  val_log_mse=2.47449  val_mse=0.035685  max_grad=20.72  patience=23/30
2026-10-07 21:38:41,025  gsv3.training             INFO     [family_holdout:qftentangled] epoch 0089  train_log_mse=0.02626  val_log_mse=2.38589  val_mse=0.038369  max_grad=14.75  patience=24/30
2026-10-07 21:38:57,414  gsv3.training             INFO     [family_holdout:qftentangled] epoch 0090  train_log_mse=0.02612  val_log_mse=2.26295  val_mse=0.034245  max_grad=17.27  patience=25/30
2026-10-07 21:39:14,155  gsv3.training             INFO     [family_holdout:qftentangled] epoch 0091  train_log_mse=0.02700  val_log_mse=2.65626  val_mse=0.038018  max_grad=39.57  patience=26/30
2026-10-07 21:39:30,366  gsv3.training             INFO     [family_holdout:qftentangled] epoch 0092  train_log_mse=0.02636  val_log_mse=2.37087  val_mse=0.036634  max_grad=22.16  patience=27/30
2026-10-07 21:39:46,311  gsv3.training             INFO     [family_holdout:qftentangled] epoch 0093  train_log_mse=0.02715  val_log_mse=2.49572  val_mse=0.037202  max_grad=25.78  patience=28/30
2026-10-07 21:40:03,150  gsv3.training             INFO     [family_holdout:qftentangled] epoch 0094  train_log_mse=0.02890  val_log_mse=2.43643  val_mse=0.033784  max_grad=27.74  patience=29/30
2026-10-07 21:40:19,442  gsv3.training             INFO     [family_holdout:qftentangled] epoch 0095  train_log_mse=0.02582  val_log_mse=2.33916  val_mse=0.035695  max_grad=16.76  patience=30/30
2026-10-07 21:40:20,361  gsv3.experiment           INFO     [qftentangled] TEST  n=746  MAE=0.0656  R2=0.8898  device-acc=0.763  regret=0.0080
2026-10-07 21:40:20,365  genstudy.io               INFO     Wrote evaluations/generalization_v3/results/pooled_stab_a00/leave_one_family_out/qftentangled/metrics.json
2026-10-07 21:40:20,371  genstudy.io               INFO     Wrote evaluations/generalization_v3/results/pooled_stab_a00/leave_one_family_out/qftentangled/predictions.json
2026-10-07 21:40:20,382  genstudy.io               INFO     Wrote evaluations/generalization_v3/results/pooled_stab_a00/leave_one_family_out/qftentangled/history.json
2026-10-07 21:40:20,413  run_experiment            INFO     [10/10] iqpe
2026-10-07 21:40:20,415  gsv3.experiment           INFO     === family_holdout / iqpe ===
2026-10-07 21:40:20,415  gsv3.experiment           INFO     Leave-one-family-out: test = all 570 'iqpe' circuits, train = 16486 circuits from 34 other families.
2026-10-07 21:40:20,417  gsv3.experiment           INFO     train=12765  val=3721 ({'mode': 'family', 'val_families': ['bmw_quark_cardinality', 'bmw_quark_copula', 'bv', 'draper_qft_adder', 'dynamic_qft', 'ghz', 'graphstate', 'grover', 'modular_adder', 'multiplier', 'qft', 'qftentangled', 'qnn', 'qwalk', 'randomcircuit', 'rg_qft_multiplier', 'shors_nine_qubit_code', 'vbe_ripple_carry_adder', 'wstate']})  test=570
2026-10-07 21:40:20,474  gsv3.training             INFO     [family_holdout:iqpe] model=pooled (601177 params) train=12765 val=3721 lr=0.0003 clip=1.0 alpha=0.00
2026-10-07 21:40:36,774  gsv3.training             INFO     [family_holdout:iqpe] epoch 0001  train_log_mse=5.97712  val_log_mse=5.50524  val_mse=0.032822  max_grad=77901.73  patience=0/30
2026-10-07 21:40:53,152  gsv3.training             INFO     [family_holdout:iqpe] epoch 0002  train_log_mse=0.28742  val_log_mse=4.21396  val_mse=0.027134  max_grad=224.59  patience=0/30
2026-10-07 21:41:09,249  gsv3.training             INFO     [family_holdout:iqpe] epoch 0003  train_log_mse=0.18555  val_log_mse=3.74552  val_mse=0.028407  max_grad=270.58  patience=1/30
2026-10-07 21:41:26,560  gsv3.training             INFO     [family_holdout:iqpe] epoch 0004  train_log_mse=0.13812  val_log_mse=3.43957  val_mse=0.020397  max_grad=209.77  patience=0/30
2026-10-07 21:41:42,708  gsv3.training             INFO     [family_holdout:iqpe] epoch 0005  train_log_mse=0.15883  val_log_mse=3.11979  val_mse=0.024316  max_grad=181.76  patience=1/30
2026-10-07 21:41:59,096  gsv3.training             INFO     [family_holdout:iqpe] epoch 0006  train_log_mse=0.09885  val_log_mse=3.31440  val_mse=0.028383  max_grad=92.87  patience=2/30
2026-10-07 21:42:15,514  gsv3.training             INFO     [family_holdout:iqpe] epoch 0007  train_log_mse=0.10262  val_log_mse=3.33039  val_mse=0.027420  max_grad=97.34  patience=3/30
2026-10-07 21:42:31,687  gsv3.training             INFO     [family_holdout:iqpe] epoch 0008  train_log_mse=0.07746  val_log_mse=3.04997  val_mse=0.025824  max_grad=81.08  patience=4/30
2026-10-07 21:42:48,706  gsv3.training             INFO     [family_holdout:iqpe] epoch 0009  train_log_mse=0.09142  val_log_mse=3.01839  val_mse=0.023642  max_grad=84.36  patience=5/30
2026-10-07 21:43:04,796  gsv3.training             INFO     [family_holdout:iqpe] epoch 0010  train_log_mse=0.06854  val_log_mse=2.43756  val_mse=0.019979  max_grad=51.97  patience=0/30
2026-10-07 21:43:21,209  gsv3.training             INFO     [family_holdout:iqpe] epoch 0011  train_log_mse=0.06732  val_log_mse=2.30114  val_mse=0.019208  max_grad=73.27  patience=0/30
2026-10-07 21:43:37,747  gsv3.training             INFO     [family_holdout:iqpe] epoch 0012  train_log_mse=0.06988  val_log_mse=2.16537  val_mse=0.021344  max_grad=51.57  patience=1/30
2026-10-07 21:43:54,329  gsv3.training             INFO     [family_holdout:iqpe] epoch 0013  train_log_mse=0.06838  val_log_mse=2.00505  val_mse=0.021331  max_grad=116.13  patience=2/30
2026-10-07 21:44:10,969  gsv3.training             INFO     [family_holdout:iqpe] epoch 0014  train_log_mse=0.05883  val_log_mse=1.95622  val_mse=0.018599  max_grad=61.77  patience=0/30
2026-10-07 21:44:27,090  gsv3.training             INFO     [family_holdout:iqpe] epoch 0015  train_log_mse=0.05484  val_log_mse=1.95482  val_mse=0.021777  max_grad=43.76  patience=1/30
2026-10-07 21:44:43,305  gsv3.training             INFO     [family_holdout:iqpe] epoch 0016  train_log_mse=0.05364  val_log_mse=2.14247  val_mse=0.018597  max_grad=49.67  patience=0/30
2026-10-07 21:45:00,410  gsv3.training             INFO     [family_holdout:iqpe] epoch 0017  train_log_mse=0.05054  val_log_mse=1.96648  val_mse=0.019483  max_grad=41.33  patience=1/30
2026-10-07 21:45:16,663  gsv3.training             INFO     [family_holdout:iqpe] epoch 0018  train_log_mse=0.05059  val_log_mse=1.98206  val_mse=0.022248  max_grad=36.17  patience=2/30
2026-10-07 21:45:33,423  gsv3.training             INFO     [family_holdout:iqpe] epoch 0019  train_log_mse=0.04841  val_log_mse=1.76521  val_mse=0.019834  max_grad=70.00  patience=3/30
2026-10-07 21:45:49,241  gsv3.training             INFO     [family_holdout:iqpe] epoch 0020  train_log_mse=0.04497  val_log_mse=2.13388  val_mse=0.018098  max_grad=29.91  patience=0/30
2026-10-07 21:46:01,292  gsv3.training             INFO     [family_holdout:iqpe] epoch 0021  train_log_mse=0.04647  val_log_mse=1.99052  val_mse=0.017635  max_grad=40.16  patience=0/30
2026-10-07 21:46:18,222  gsv3.training             INFO     [family_holdout:iqpe] epoch 0022  train_log_mse=0.04583  val_log_mse=2.02607  val_mse=0.018942  max_grad=41.42  patience=1/30
2026-10-07 21:46:34,018  gsv3.training             INFO     [family_holdout:iqpe] epoch 0023  train_log_mse=0.04331  val_log_mse=2.13906  val_mse=0.019722  max_grad=35.43  patience=2/30
2026-10-07 21:46:50,100  gsv3.training             INFO     [family_holdout:iqpe] epoch 0024  train_log_mse=0.04514  val_log_mse=1.99194  val_mse=0.019344  max_grad=36.51  patience=3/30
2026-10-07 21:47:05,789  gsv3.training             INFO     [family_holdout:iqpe] epoch 0025  train_log_mse=0.04299  val_log_mse=2.05769  val_mse=0.019134  max_grad=44.45  patience=4/30
2026-10-07 21:47:22,030  gsv3.training             INFO     [family_holdout:iqpe] epoch 0026  train_log_mse=0.04175  val_log_mse=1.97501  val_mse=0.018294  max_grad=32.52  patience=5/30
2026-10-07 21:47:39,045  gsv3.training             INFO     [family_holdout:iqpe] epoch 0027  train_log_mse=0.04068  val_log_mse=1.78497  val_mse=0.020692  max_grad=26.63  patience=6/30
2026-10-07 21:47:54,865  gsv3.training             INFO     [family_holdout:iqpe] epoch 0028  train_log_mse=0.04224  val_log_mse=1.85851  val_mse=0.017036  max_grad=46.79  patience=0/30
2026-10-07 21:48:10,680  gsv3.training             INFO     [family_holdout:iqpe] epoch 0029  train_log_mse=0.03831  val_log_mse=1.95471  val_mse=0.017730  max_grad=30.25  patience=1/30
2026-10-07 21:48:27,054  gsv3.training             INFO     [family_holdout:iqpe] epoch 0030  train_log_mse=0.04231  val_log_mse=1.74705  val_mse=0.017969  max_grad=32.83  patience=2/30
2026-10-07 21:48:42,920  gsv3.training             INFO     [family_holdout:iqpe] epoch 0031  train_log_mse=0.03781  val_log_mse=1.56753  val_mse=0.014824  max_grad=34.11  patience=0/30
2026-10-07 21:48:59,355  gsv3.training             INFO     [family_holdout:iqpe] epoch 0032  train_log_mse=0.03714  val_log_mse=2.01760  val_mse=0.019158  max_grad=25.31  patience=1/30
2026-10-07 21:49:14,985  gsv3.training             INFO     [family_holdout:iqpe] epoch 0033  train_log_mse=0.03948  val_log_mse=2.08527  val_mse=0.017495  max_grad=28.27  patience=2/30
2026-10-07 21:49:30,598  gsv3.training             INFO     [family_holdout:iqpe] epoch 0034  train_log_mse=0.03717  val_log_mse=1.98216  val_mse=0.016683  max_grad=30.04  patience=3/30
2026-10-07 21:49:46,956  gsv3.training             INFO     [family_holdout:iqpe] epoch 0035  train_log_mse=0.03959  val_log_mse=1.70305  val_mse=0.016800  max_grad=36.20  patience=4/30
2026-10-07 21:50:03,028  gsv3.training             INFO     [family_holdout:iqpe] epoch 0036  train_log_mse=0.03702  val_log_mse=1.81486  val_mse=0.017168  max_grad=28.00  patience=5/30
2026-10-07 21:50:19,461  gsv3.training             INFO     [family_holdout:iqpe] epoch 0037  train_log_mse=0.03750  val_log_mse=2.10900  val_mse=0.017835  max_grad=27.27  patience=6/30
2026-10-07 21:50:35,178  gsv3.training             INFO     [family_holdout:iqpe] epoch 0038  train_log_mse=0.03696  val_log_mse=1.98163  val_mse=0.015841  max_grad=35.36  patience=7/30
2026-10-07 21:50:51,251  gsv3.training             INFO     [family_holdout:iqpe] epoch 0039  train_log_mse=0.03359  val_log_mse=1.92165  val_mse=0.016585  max_grad=28.70  patience=8/30
2026-10-07 21:51:07,578  gsv3.training             INFO     [family_holdout:iqpe] epoch 0040  train_log_mse=0.03581  val_log_mse=2.08380  val_mse=0.014996  max_grad=21.94  patience=9/30
2026-10-07 21:51:23,487  gsv3.training             INFO     [family_holdout:iqpe] epoch 0041  train_log_mse=0.03622  val_log_mse=1.89136  val_mse=0.019120  max_grad=29.15  patience=10/30
2026-10-07 21:51:39,540  gsv3.training             INFO     [family_holdout:iqpe] epoch 0042  train_log_mse=0.03480  val_log_mse=1.92003  val_mse=0.019033  max_grad=29.31  patience=11/30
2026-10-07 21:51:55,453  gsv3.training             INFO     [family_holdout:iqpe] epoch 0043  train_log_mse=0.03257  val_log_mse=1.91961  val_mse=0.018217  max_grad=24.55  patience=12/30
2026-10-07 21:52:09,647  gsv3.training             INFO     [family_holdout:iqpe] epoch 0044  train_log_mse=0.03602  val_log_mse=1.73377  val_mse=0.017141  max_grad=27.70  patience=13/30
2026-10-07 21:52:23,306  gsv3.training             INFO     [family_holdout:iqpe] epoch 0045  train_log_mse=0.03523  val_log_mse=1.99068  val_mse=0.015319  max_grad=23.98  patience=14/30
2026-10-07 21:52:36,252  gsv3.training             INFO     [family_holdout:iqpe] epoch 0046  train_log_mse=0.03306  val_log_mse=1.97508  val_mse=0.018104  max_grad=33.11  patience=15/30
2026-10-07 21:52:48,933  gsv3.training             INFO     [family_holdout:iqpe] epoch 0047  train_log_mse=0.03495  val_log_mse=1.67310  val_mse=0.019088  max_grad=34.85  patience=16/30
2026-10-07 21:53:02,332  gsv3.training             INFO     [family_holdout:iqpe] epoch 0048  train_log_mse=0.03236  val_log_mse=1.99729  val_mse=0.017416  max_grad=26.79  patience=17/30
2026-10-07 21:53:15,054  gsv3.training             INFO     [family_holdout:iqpe] epoch 0049  train_log_mse=0.03358  val_log_mse=2.06086  val_mse=0.016854  max_grad=25.14  patience=18/30
2026-10-07 21:53:27,859  gsv3.training             INFO     [family_holdout:iqpe] epoch 0050  train_log_mse=0.03198  val_log_mse=2.07231  val_mse=0.015933  max_grad=22.88  patience=19/30
2026-10-07 21:53:40,979  gsv3.training             INFO     [family_holdout:iqpe] epoch 0051  train_log_mse=0.03170  val_log_mse=2.03451  val_mse=0.015823  max_grad=29.48  patience=20/30
2026-10-07 21:53:53,785  gsv3.training             INFO     [family_holdout:iqpe] epoch 0052  train_log_mse=0.03265  val_log_mse=1.69311  val_mse=0.015828  max_grad=25.42  patience=21/30
2026-10-07 21:54:06,977  gsv3.training             INFO     [family_holdout:iqpe] epoch 0053  train_log_mse=0.02998  val_log_mse=2.02944  val_mse=0.017898  max_grad=31.02  patience=22/30
2026-10-07 21:54:19,596  gsv3.training             INFO     [family_holdout:iqpe] epoch 0054  train_log_mse=0.03006  val_log_mse=1.83485  val_mse=0.018372  max_grad=26.33  patience=23/30
2026-10-07 21:54:32,267  gsv3.training             INFO     [family_holdout:iqpe] epoch 0055  train_log_mse=0.02968  val_log_mse=1.72348  val_mse=0.017881  max_grad=20.48  patience=24/30
2026-10-07 21:54:45,478  gsv3.training             INFO     [family_holdout:iqpe] epoch 0056  train_log_mse=0.03011  val_log_mse=1.91634  val_mse=0.017356  max_grad=17.49  patience=25/30
2026-10-07 21:54:58,250  gsv3.training             INFO     [family_holdout:iqpe] epoch 0057  train_log_mse=0.02938  val_log_mse=1.81174  val_mse=0.016175  max_grad=21.03  patience=26/30
2026-10-07 21:55:10,924  gsv3.training             INFO     [family_holdout:iqpe] epoch 0058  train_log_mse=0.03082  val_log_mse=1.90761  val_mse=0.017404  max_grad=24.88  patience=27/30
2026-10-07 21:55:24,042  gsv3.training             INFO     [family_holdout:iqpe] epoch 0059  train_log_mse=0.03133  val_log_mse=1.96717  val_mse=0.015444  max_grad=28.75  patience=28/30
2026-10-07 21:55:36,624  gsv3.training             INFO     [family_holdout:iqpe] epoch 0060  train_log_mse=0.03024  val_log_mse=1.80294  val_mse=0.018357  max_grad=25.31  patience=29/30
2026-10-07 21:55:49,527  gsv3.training             INFO     [family_holdout:iqpe] epoch 0061  train_log_mse=0.03022  val_log_mse=1.85037  val_mse=0.017598  max_grad=16.78  patience=30/30
2026-10-07 21:55:50,041  gsv3.experiment           INFO     [iqpe] TEST  n=570  MAE=0.2880  R2=-1.8978  device-acc=0.209  regret=0.1191
2026-10-07 21:55:50,045  genstudy.io               INFO     Wrote evaluations/generalization_v3/results/pooled_stab_a00/leave_one_family_out/iqpe/metrics.json
2026-10-07 21:55:50,050  genstudy.io               INFO     Wrote evaluations/generalization_v3/results/pooled_stab_a00/leave_one_family_out/iqpe/predictions.json
2026-10-07 21:55:50,060  genstudy.io               INFO     Wrote evaluations/generalization_v3/results/pooled_stab_a00/leave_one_family_out/iqpe/history.json
2026-10-07 21:55:50,092  genstudy.io               INFO     Wrote evaluations/generalization_v3/results/pooled_stab_a00/leave_one_family_out/folds.json
2026-10-07 21:55:50,294  genstudy.experiment       INFO     Merged held-out predictions for 16702 circuits
2026-10-07 21:55:50,362  genstudy.io               INFO     Wrote evaluations/generalization_v3/results/pooled_stab_a00/leave_one_family_out/heldout_predictions.json
2026-10-07 21:55:50,363  run_experiment            INFO     leave_one_family_out finished: 10 complete, 0 skipped
2026-10-08 04:03:01,816  genstudy.io               INFO     Logging to evaluations/generalization_v3/results/pooled_stab_a00/leave_one_family_out/run.log
2026-10-08 04:03:01,816  run_experiment            INFO     Command line: evaluations/generalization_v3/scripts/run_experiment.py lofo --model pooled --results-dir evaluations/generalization_v3/results/pooled_stab_a00
2026-10-08 04:03:01,816  gsv2.gpu                  WARNING  No CUDA device available — running on the CPU.
2026-10-08 04:03:01,816  gsv3.model                INFO     Hyper-parameters (/home/atudisco/pred-distr-tool/src/model/best_params.json + v3 defaults): {'device_hidden': 64, 'device_layers': 3, 'fusion_dim': 128, 'qubit_layers': 2, 'attn_heads': 4, 'lap_pe': 8, 'cost_bias_init': -6.0, 'hidden_dim': 142, 'num_conv_wo_resnet': 3, 'num_resnet_layers': 1, 'dropout': 0.0, 'bidirectional': True, 'mlp': [512, 256, 128], 'lr': 0.001, 'readout': 'meanmaxsum'}
2026-10-08 04:03:01,823  genstudy.data             INFO     Loading graph dataset: /home/atudisco/compileCircuits/graph_dataset_expected_fidelity.pt
2026-10-08 04:03:04,404  genstudy.data             INFO     Loaded 17056 graphs
2026-10-08 04:03:04,433  genstudy.io               INFO     Wrote evaluations/generalization_v3/results/pooled_stab_a00/leave_one_family_out/dataset_summary.json
2026-10-08 04:03:04,433  genstudy.data             INFO     Holding out 10 families: vqe_two_local, vqe_real_amp, vqe_su2, qaoa, randomcircuit, qft, qnn, ae, qftentangled, iqpe
2026-10-08 04:03:04,448  run_experiment            INFO     [1/10] vqe_two_local already done — skipping
2026-10-08 04:03:04,449  run_experiment            INFO     [2/10] vqe_real_amp already done — skipping
2026-10-08 04:03:04,449  run_experiment            INFO     [3/10] vqe_su2 already done — skipping
2026-10-08 04:03:04,450  run_experiment            INFO     [4/10] qaoa already done — skipping
2026-10-08 04:03:04,450  run_experiment            INFO     [5/10] randomcircuit already done — skipping
2026-10-08 04:03:04,450  run_experiment            INFO     [6/10] qft already done — skipping
2026-10-08 04:03:04,451  run_experiment            INFO     [7/10] qnn already done — skipping
2026-10-08 04:03:04,451  run_experiment            INFO     [8/10] ae already done — skipping
2026-10-08 04:03:04,451  run_experiment            INFO     [9/10] qftentangled already done — skipping
2026-10-08 04:03:04,452  run_experiment            INFO     [10/10] iqpe already done — skipping
2026-10-08 04:03:04,453  genstudy.io               INFO     Wrote evaluations/generalization_v3/results/pooled_stab_a00/leave_one_family_out/folds.json
2026-10-08 04:03:04,625  genstudy.experiment       INFO     Merged held-out predictions for 16702 circuits
2026-10-08 04:03:04,680  genstudy.io               INFO     Wrote evaluations/generalization_v3/results/pooled_stab_a00/leave_one_family_out/heldout_predictions.json
2026-10-08 04:03:04,681  run_experiment            INFO     leave_one_family_out finished: 10 complete, 0 skipped
